Command line invocation:
    /Applications/Xcode.app/Contents/Developer/usr/bin/xcodebuild test -scheme Sonar -destination "platform=iOS Simulator,id=FE36E59B-CA47-49E9-9784-CE5DA6C93F87" -parallel-testing-enabled NO

2026-08-10 00:31:45.462 xcodebuild[83467:2314787]  DVTDeviceOperation: Encountered a build number "" that is incompatible with DVTBuildVersion.
2026-08-10 00:31:45.529 xcodebuild[83467:2314782] [MT] DVTDeviceOperation: Encountered a build number "" that is incompatible with DVTBuildVersion.
Resolve Package Graph


Resolved source packages:
  swift-transformers: https://github.com/huggingface/swift-transformers.git @ 1.1.9
  LiveKitWebRTC: https://github.com/livekit/webrtc-xcframework.git @ 144.7559.3
  LiveKitUniFFI: https://github.com/livekit/livekit-uniffi-xcframework.git @ 0.0.5
  whisperkit: https://github.com/argmaxinc/argmax-oss-swift.git @ 0.18.0
  SwiftProtobuf: https://github.com/apple/swift-protobuf.git @ 1.37.0
  Jinja: https://github.com/huggingface/swift-jinja.git @ 2.3.5
  swift-collections: https://github.com/apple/swift-collections.git @ 1.4.1
  yyjson: https://github.com/ibireme/yyjson.git @ 0.12.0
  swift-argument-parser: https://github.com/apple/swift-argument-parser.git @ 1.7.1
  swift-crypto: https://github.com/apple/swift-crypto.git @ 4.5.0
  swift-asn1: https://github.com/apple/swift-asn1.git @ 1.7.0
  LiveKit: https://github.com/livekit/client-sdk-swift @ 2.13.0

ComputePackagePrebuildTargetDependencyGraph

Prepare packages

CreateBuildRequest

SendProjectDescription

CreateBuildOperation

ComputeTargetDependencyGraph
note: Building targets in dependency order
note: Target dependency graph (31 targets)
    Target 'SonarUITests' in project 'Sonar'
        ➜ Explicit dependency on target 'Sonar' in project 'Sonar'
    Target 'SonarTests' in project 'Sonar'
        ➜ Explicit dependency on target 'Sonar' in project 'Sonar'
    Target 'Sonar' in project 'Sonar'
        ➜ Explicit dependency on target 'LiveKit' in project 'LiveKit'
        ➜ Explicit dependency on target 'WhisperKit' in project 'whisperkit'
    Target 'WhisperKit' in project 'whisperkit'
        ➜ Explicit dependency on target 'WhisperKit' in project 'whisperkit'
        ➜ Explicit dependency on target 'ArgmaxCore' in project 'whisperkit'
        ➜ Explicit dependency on target 'Hub' in project 'swift-transformers'
        ➜ Explicit dependency on target 'Tokenizers' in project 'swift-transformers'
    Target 'WhisperKit' in project 'whisperkit'
        ➜ Explicit dependency on target 'ArgmaxCore' in project 'whisperkit'
        ➜ Explicit dependency on target 'Hub' in project 'swift-transformers'
        ➜ Explicit dependency on target 'Tokenizers' in project 'swift-transformers'
    Target 'Tokenizers' in project 'swift-transformers'
        ➜ Explicit dependency on target 'Tokenizers' in project 'swift-transformers'
        ➜ Explicit dependency on target 'Hub' in project 'swift-transformers'
        ➜ Explicit dependency on target 'Jinja' in project 'Jinja'
        ➜ Explicit dependency on target 'OrderedCollections' in project 'swift-collections'
        ➜ Explicit dependency on target 'Crypto' in project 'swift-crypto'
        ➜ Explicit dependency on target 'yyjson' in project 'yyjson'
    Target 'Tokenizers' in project 'swift-transformers'
        ➜ Explicit dependency on target 'Hub' in project 'swift-transformers'
        ➜ Explicit dependency on target 'Jinja' in project 'Jinja'
        ➜ Explicit dependency on target 'OrderedCollections' in project 'swift-collections'
        ➜ Explicit dependency on target 'Crypto' in project 'swift-crypto'
        ➜ Explicit dependency on target 'yyjson' in project 'yyjson'
    Target 'ArgmaxCore' in project 'whisperkit'
        ➜ Explicit dependency on target 'Hub' in project 'swift-transformers'
    Target 'Hub' in project 'swift-transformers'
        ➜ Explicit dependency on target 'Hub' in project 'swift-transformers'
        ➜ Explicit dependency on target 'swift-transformers_Hub' in project 'swift-transformers'
        ➜ Explicit dependency on target 'Jinja' in project 'Jinja'
        ➜ Explicit dependency on target 'OrderedCollections' in project 'swift-collections'
        ➜ Explicit dependency on target 'Crypto' in project 'swift-crypto'
        ➜ Explicit dependency on target 'yyjson' in project 'yyjson'
    Target 'Hub' in project 'swift-transformers'
        ➜ Explicit dependency on target 'swift-transformers_Hub' in project 'swift-transformers'
        ➜ Explicit dependency on target 'Jinja' in project 'Jinja'
        ➜ Explicit dependency on target 'OrderedCollections' in project 'swift-collections'
        ➜ Explicit dependency on target 'Crypto' in project 'swift-crypto'
        ➜ Explicit dependency on target 'yyjson' in project 'yyjson'
    Target 'yyjson' in project 'yyjson'
        ➜ Explicit dependency on target 'yyjson' in project 'yyjson'
    Target 'yyjson' in project 'yyjson' (no dependencies)
    Target 'Crypto' in project 'swift-crypto'
        ➜ Explicit dependency on target 'Crypto' in project 'swift-crypto'
        ➜ Explicit dependency on target 'swift-crypto_Crypto' in project 'swift-crypto'
    Target 'Crypto' in project 'swift-crypto'
        ➜ Explicit dependency on target 'swift-crypto_Crypto' in project 'swift-crypto'
    Target 'swift-crypto_Crypto' in project 'swift-crypto' (no dependencies)
    Target 'Jinja' in project 'Jinja'
        ➜ Explicit dependency on target 'Jinja' in project 'Jinja'
        ➜ Explicit dependency on target 'OrderedCollections' in project 'swift-collections'
    Target 'Jinja' in project 'Jinja'
        ➜ Explicit dependency on target 'OrderedCollections' in project 'swift-collections'
    Target 'OrderedCollections' in project 'swift-collections'
        ➜ Explicit dependency on target 'OrderedCollections' in project 'swift-collections'
        ➜ Explicit dependency on target 'InternalCollectionsUtilities' in project 'swift-collections'
    Target 'OrderedCollections' in project 'swift-collections'
        ➜ Explicit dependency on target 'InternalCollectionsUtilities' in project 'swift-collections'
    Target 'InternalCollectionsUtilities' in project 'swift-collections' (no dependencies)
    Target 'swift-transformers_Hub' in project 'swift-transformers' (no dependencies)
    Target 'LiveKit' in project 'LiveKit'
        ➜ Explicit dependency on target 'LiveKit' in project 'LiveKit'
        ➜ Explicit dependency on target 'LiveKit_LiveKit' in project 'LiveKit'
        ➜ Explicit dependency on target 'LKObjCHelpers' in project 'LiveKit'
        ➜ Explicit dependency on target 'LiveKitWebRTC' in project 'LiveKitWebRTC'
        ➜ Explicit dependency on target 'LiveKitUniFFI' in project 'LiveKitUniFFI'
        ➜ Explicit dependency on target 'SwiftProtobuf' in project 'SwiftProtobuf'
    Target 'LiveKit' in project 'LiveKit'
        ➜ Explicit dependency on target 'LiveKit_LiveKit' in project 'LiveKit'
        ➜ Explicit dependency on target 'LKObjCHelpers' in project 'LiveKit'
        ➜ Explicit dependency on target 'LiveKitWebRTC' in project 'LiveKitWebRTC'
        ➜ Explicit dependency on target 'LiveKitUniFFI' in project 'LiveKitUniFFI'
        ➜ Explicit dependency on target 'SwiftProtobuf' in project 'SwiftProtobuf'
    Target 'SwiftProtobuf' in project 'SwiftProtobuf'
        ➜ Explicit dependency on target 'SwiftProtobuf' in project 'SwiftProtobuf'
        ➜ Explicit dependency on target 'SwiftProtobuf_SwiftProtobuf' in project 'SwiftProtobuf'
    Target 'SwiftProtobuf' in project 'SwiftProtobuf'
        ➜ Explicit dependency on target 'SwiftProtobuf_SwiftProtobuf' in project 'SwiftProtobuf'
    Target 'SwiftProtobuf_SwiftProtobuf' in project 'SwiftProtobuf' (no dependencies)
    Target 'LiveKitUniFFI' in project 'LiveKitUniFFI'
        ➜ Explicit dependency on target 'LiveKitUniFFI' in project 'LiveKitUniFFI'
    Target 'LiveKitUniFFI' in project 'LiveKitUniFFI' (no dependencies)
    Target 'LiveKitWebRTC' in project 'LiveKitWebRTC' (no dependencies)
    Target 'LKObjCHelpers' in project 'LiveKit' (no dependencies)
    Target 'LiveKit_LiveKit' in project 'LiveKit' (no dependencies)

GatherProvisioningInputs

CreateBuildDescription

ExecuteExternalTool /Applications/Xcode.app/Contents/Developer/Toolchains/XcodeDefault.xctoolchain/usr/bin/clang -v -E -dM -arch arm64 -isysroot /Applications/Xcode.app/Contents/Developer/Platforms/iPhoneSimulator.platform/Developer/SDKs/iPhoneSimulator26.5.sdk -x objective-c -c /dev/null

ExecuteExternalTool /Applications/Xcode.app/Contents/Developer/Toolchains/XcodeDefault.xctoolchain/usr/bin/swiftc --version

ExecuteExternalTool /Applications/Xcode.app/Contents/Developer/Toolchains/XcodeDefault.xctoolchain/usr/bin/clang -v -E -dM -arch arm64 -isysroot /Applications/Xcode.app/Contents/Developer/Platforms/iPhoneSimulator.platform/Developer/SDKs/iPhoneSimulator26.5.sdk -x c -c /dev/null

ExecuteExternalTool /Applications/Xcode.app/Contents/Developer/Toolchains/XcodeDefault.xctoolchain/usr/bin/clang -v -E -dM -isysroot /Applications/Xcode.app/Contents/Developer/Platforms/iPhoneSimulator.platform/Developer/SDKs/iPhoneSimulator26.5.sdk -x c -c /dev/null

ExecuteExternalTool /Applications/Xcode.app/Contents/Developer/usr/bin/actool --print-asset-tag-combinations --output-format xml1 /Users/mh/orca/workspaces/sonar-live-audio/sonar/Resources/Assets.xcassets

ExecuteExternalTool /Applications/Xcode.app/Contents/Developer/Toolchains/XcodeDefault.xctoolchain/usr/bin/ld -version_details

ReadFileContents /Applications/Xcode.app/Contents/Developer/Toolchains/XcodeDefault.xctoolchain/usr/share/docc/features.json

ExecuteExternalTool /Applications/Xcode.app/Contents/Developer/usr/bin/actool --version --output-format xml1

Build description signature: b22b3aec3715df7c9964a207261a692a
Build description path: /Users/mh/Library/Developer/Xcode/DerivedData/Sonar-doqrqwtykddrsmapblpyjctvddmq/Build/Intermediates.noindex/XCBuildData/b22b3aec3715df7c9964a207261a692a.xcbuilddata
ClangStatCache /Applications/Xcode.app/Contents/Developer/Toolchains/XcodeDefault.xctoolchain/usr/bin/clang-stat-cache /Applications/Xcode.app/Contents/Developer/Platforms/iPhoneSimulator.platform/Developer/SDKs/iPhoneSimulator26.5.sdk /Users/mh/Library/Developer/Xcode/DerivedData/SDKStatCaches.noindex/iphonesimulator26.5-23F81a-6cfe768891a92b912361537c460fe42b.sdkstatcache
    cd /Users/mh/orca/workspaces/sonar-live-audio/Sonar.xcodeproj
    /Applications/Xcode.app/Contents/Developer/Toolchains/XcodeDefault.xctoolchain/usr/bin/clang-stat-cache /Applications/Xcode.app/Contents/Developer/Platforms/iPhoneSimulator.platform/Developer/SDKs/iPhoneSimulator26.5.sdk -o /Users/mh/Library/Developer/Xcode/DerivedData/SDKStatCaches.noindex/iphonesimulator26.5-23F81a-6cfe768891a92b912361537c460fe42b.sdkstatcache

ProcessInfoPlistFile /Users/mh/Library/Developer/Xcode/DerivedData/Sonar-doqrqwtykddrsmapblpyjctvddmq/Build/Products/Debug-iphonesimulator/swift-transformers_Hub.bundle/Info.plist /Users/mh/Library/Developer/Xcode/DerivedData/Sonar-doqrqwtykddrsmapblpyjctvddmq/Build/Intermediates.noindex/swift-transformers.build/Debug-iphonesimulator/swift-transformers_Hub.build/empty-swift-transformers_Hub.plist (in target 'swift-transformers_Hub' from project 'swift-transformers')
    cd /Users/mh/Library/Developer/Xcode/DerivedData/Sonar-doqrqwtykddrsmapblpyjctvddmq/SourcePackages/checkouts/swift-transformers
    builtin-infoPlistUtility /Users/mh/Library/Developer/Xcode/DerivedData/Sonar-doqrqwtykddrsmapblpyjctvddmq/Build/Intermediates.noindex/swift-transformers.build/Debug-iphonesimulator/swift-transformers_Hub.build/empty-swift-transformers_Hub.plist -producttype com.apple.product-type.bundle -expandbuildsettings -format binary -platform iphonesimulator -o /Users/mh/Library/Developer/Xcode/DerivedData/Sonar-doqrqwtykddrsmapblpyjctvddmq/Build/Products/Debug-iphonesimulator/swift-transformers_Hub.bundle/Info.plist

ProcessInfoPlistFile /Users/mh/Library/Developer/Xcode/DerivedData/Sonar-doqrqwtykddrsmapblpyjctvddmq/Build/Products/Debug-iphonesimulator/swift-crypto_Crypto.bundle/Info.plist /Users/mh/Library/Developer/Xcode/DerivedData/Sonar-doqrqwtykddrsmapblpyjctvddmq/Build/Intermediates.noindex/swift-crypto.build/Debug-iphonesimulator/swift-crypto_Crypto.build/empty-swift-crypto_Crypto.plist (in target 'swift-crypto_Crypto' from project 'swift-crypto')
    cd /Users/mh/Library/Developer/Xcode/DerivedData/Sonar-doqrqwtykddrsmapblpyjctvddmq/SourcePackages/checkouts/swift-crypto
    builtin-infoPlistUtility /Users/mh/Library/Developer/Xcode/DerivedData/Sonar-doqrqwtykddrsmapblpyjctvddmq/Build/Intermediates.noindex/swift-crypto.build/Debug-iphonesimulator/swift-crypto_Crypto.build/empty-swift-crypto_Crypto.plist -producttype com.apple.product-type.bundle -expandbuildsettings -format binary -platform iphonesimulator -o /Users/mh/Library/Developer/Xcode/DerivedData/Sonar-doqrqwtykddrsmapblpyjctvddmq/Build/Products/Debug-iphonesimulator/swift-crypto_Crypto.bundle/Info.plist

ProcessInfoPlistFile /Users/mh/Library/Developer/Xcode/DerivedData/Sonar-doqrqwtykddrsmapblpyjctvddmq/Build/Products/Debug-iphonesimulator/SwiftProtobuf_SwiftProtobuf.bundle/Info.plist /Users/mh/Library/Developer/Xcode/DerivedData/Sonar-doqrqwtykddrsmapblpyjctvddmq/Build/Intermediates.noindex/SwiftProtobuf.build/Debug-iphonesimulator/SwiftProtobuf_SwiftProtobuf.build/empty-SwiftProtobuf_SwiftProtobuf.plist (in target 'SwiftProtobuf_SwiftProtobuf' from project 'SwiftProtobuf')
    cd /Users/mh/Library/Developer/Xcode/DerivedData/Sonar-doqrqwtykddrsmapblpyjctvddmq/SourcePackages/checkouts/swift-protobuf
    builtin-infoPlistUtility /Users/mh/Library/Developer/Xcode/DerivedData/Sonar-doqrqwtykddrsmapblpyjctvddmq/Build/Intermediates.noindex/SwiftProtobuf.build/Debug-iphonesimulator/SwiftProtobuf_SwiftProtobuf.build/empty-SwiftProtobuf_SwiftProtobuf.plist -producttype com.apple.product-type.bundle -expandbuildsettings -format binary -platform iphonesimulator -o /Users/mh/Library/Developer/Xcode/DerivedData/Sonar-doqrqwtykddrsmapblpyjctvddmq/Build/Products/Debug-iphonesimulator/SwiftProtobuf_SwiftProtobuf.bundle/Info.plist

Ld /Users/mh/Library/Developer/Xcode/DerivedData/Sonar-doqrqwtykddrsmapblpyjctvddmq/Build/Products/Debug-iphonesimulator/LKObjCHelpers.o normal (in target 'LKObjCHelpers' from project 'LiveKit')
    cd /Users/mh/Library/Developer/Xcode/DerivedData/Sonar-doqrqwtykddrsmapblpyjctvddmq/SourcePackages/checkouts/client-sdk-swift
    /Applications/Xcode.app/Contents/Developer/Toolchains/XcodeDefault.xctoolchain/usr/bin/clang -Xlinker -reproducible -target arm64-apple-ios13.0-simulator -r -isysroot /Applications/Xcode.app/Contents/Developer/Platforms/iPhoneSimulator.platform/Developer/SDKs/iPhoneSimulator26.5.sdk -O0 -w -F/Users/mh/Library/Developer/Xcode/DerivedData/Sonar-doqrqwtykddrsmapblpyjctvddmq/Build/Intermediates.noindex/EagerLinkingTBDs/Debug-iphonesimulator -F/Users/mh/Library/Developer/Xcode/DerivedData/Sonar-doqrqwtykddrsmapblpyjctvddmq/Build/Products/Debug-iphonesimulator -iframework /Applications/Xcode.app/Contents/Developer/Platforms/iPhoneSimulator.platform/Developer/Library/Frameworks -iframework /Applications/Xcode.app/Contents/Developer/Platforms/iPhoneSimulator.platform/Developer/SDKs/iPhoneSimulator26.5.sdk/Developer/Library/Frameworks -filelist /Users/mh/Library/Developer/Xcode/DerivedData/Sonar-doqrqwtykddrsmapblpyjctvddmq/Build/Intermediates.noindex/LiveKit.build/Debug-iphonesimulator/LKObjCHelpers.build/Objects-normal/arm64/LKObjCHelpers.LinkFileList -nostdlib -Xlinker -object_path_lto -Xlinker /Users/mh/Library/Developer/Xcode/DerivedData/Sonar-doqrqwtykddrsmapblpyjctvddmq/Build/Intermediates.noindex/LiveKit.build/Debug-iphonesimulator/LKObjCHelpers.build/Objects-normal/arm64/LKObjCHelpers_lto.o -Xlinker -no_deduplicate -Xlinker -objc_abi_version -Xlinker 2 -Xlinker -dependency_info -Xlinker /Users/mh/Library/Developer/Xcode/DerivedData/Sonar-doqrqwtykddrsmapblpyjctvddmq/Build/Intermediates.noindex/LiveKit.build/Debug-iphonesimulator/LKObjCHelpers.build/Objects-normal/arm64/LKObjCHelpers_dependency_info.dat -fobjc-arc -fobjc-link-runtime -o /Users/mh/Library/Developer/Xcode/DerivedData/Sonar-doqrqwtykddrsmapblpyjctvddmq/Build/Products/Debug-iphonesimulator/LKObjCHelpers.o

Ld /Users/mh/Library/Developer/Xcode/DerivedData/Sonar-doqrqwtykddrsmapblpyjctvddmq/Build/Products/Debug-iphonesimulator/yyjson.o normal (in target 'yyjson' from project 'yyjson')
    cd /Users/mh/Library/Developer/Xcode/DerivedData/Sonar-doqrqwtykddrsmapblpyjctvddmq/SourcePackages/checkouts/yyjson
    /Applications/Xcode.app/Contents/Developer/Toolchains/XcodeDefault.xctoolchain/usr/bin/clang -Xlinker -reproducible -target arm64-apple-ios12.0-simulator -r -isysroot /Applications/Xcode.app/Contents/Developer/Platforms/iPhoneSimulator.platform/Developer/SDKs/iPhoneSimulator26.5.sdk -O0 -w -F/Users/mh/Library/Developer/Xcode/DerivedData/Sonar-doqrqwtykddrsmapblpyjctvddmq/Build/Intermediates.noindex/EagerLinkingTBDs/Debug-iphonesimulator -F/Users/mh/Library/Developer/Xcode/DerivedData/Sonar-doqrqwtykddrsmapblpyjctvddmq/Build/Products/Debug-iphonesimulator -iframework /Applications/Xcode.app/Contents/Developer/Platforms/iPhoneSimulator.platform/Developer/Library/Frameworks -iframework /Applications/Xcode.app/Contents/Developer/Platforms/iPhoneSimulator.platform/Developer/SDKs/iPhoneSimulator26.5.sdk/Developer/Library/Frameworks -filelist /Users/mh/Library/Developer/Xcode/DerivedData/Sonar-doqrqwtykddrsmapblpyjctvddmq/Build/Intermediates.noindex/yyjson.build/Debug-iphonesimulator/yyjson.build/Objects-normal/arm64/yyjson.LinkFileList -nostdlib -Xlinker -object_path_lto -Xlinker /Users/mh/Library/Developer/Xcode/DerivedData/Sonar-doqrqwtykddrsmapblpyjctvddmq/Build/Intermediates.noindex/yyjson.build/Debug-iphonesimulator/yyjson.build/Objects-normal/arm64/yyjson_lto.o -Xlinker -no_deduplicate -Xlinker -objc_abi_version -Xlinker 2 -Xlinker -dependency_info -Xlinker /Users/mh/Library/Developer/Xcode/DerivedData/Sonar-doqrqwtykddrsmapblpyjctvddmq/Build/Intermediates.noindex/yyjson.build/Debug-iphonesimulator/yyjson.build/Objects-normal/arm64/yyjson_dependency_info.dat -o /Users/mh/Library/Developer/Xcode/DerivedData/Sonar-doqrqwtykddrsmapblpyjctvddmq/Build/Products/Debug-iphonesimulator/yyjson.o

Ld /Users/mh/Library/Developer/Xcode/DerivedData/Sonar-doqrqwtykddrsmapblpyjctvddmq/Build/Products/Debug-iphonesimulator/InternalCollectionsUtilities.o normal (in target 'InternalCollectionsUtilities' from project 'swift-collections')
    cd /Users/mh/Library/Developer/Xcode/DerivedData/Sonar-doqrqwtykddrsmapblpyjctvddmq/SourcePackages/checkouts/swift-collections
    /Applications/Xcode.app/Contents/Developer/Toolchains/XcodeDefault.xctoolchain/usr/bin/clang -Xlinker -reproducible -target arm64-apple-ios12.0-simulator -r -isysroot /Applications/Xcode.app/Contents/Developer/Platforms/iPhoneSimulator.platform/Developer/SDKs/iPhoneSimulator26.5.sdk -O0 -w -F/Users/mh/Library/Developer/Xcode/DerivedData/Sonar-doqrqwtykddrsmapblpyjctvddmq/Build/Intermediates.noindex/EagerLinkingTBDs/Debug-iphonesimulator -F/Users/mh/Library/Developer/Xcode/DerivedData/Sonar-doqrqwtykddrsmapblpyjctvddmq/Build/Products/Debug-iphonesimulator -iframework /Applications/Xcode.app/Contents/Developer/Platforms/iPhoneSimulator.platform/Developer/Library/Frameworks -iframework /Applications/Xcode.app/Contents/Developer/Platforms/iPhoneSimulator.platform/Developer/SDKs/iPhoneSimulator26.5.sdk/Developer/Library/Frameworks -filelist /Users/mh/Library/Developer/Xcode/DerivedData/Sonar-doqrqwtykddrsmapblpyjctvddmq/Build/Intermediates.noindex/swift-collections.build/Debug-iphonesimulator/InternalCollectionsUtilities.build/Objects-normal/arm64/InternalCollectionsUtilities.LinkFileList -nostdlib -Xlinker -object_path_lto -Xlinker /Users/mh/Library/Developer/Xcode/DerivedData/Sonar-doqrqwtykddrsmapblpyjctvddmq/Build/Intermediates.noindex/swift-collections.build/Debug-iphonesimulator/InternalCollectionsUtilities.build/Objects-normal/arm64/InternalCollectionsUtilities_lto.o -Xlinker -no_deduplicate -Xlinker -objc_abi_version -Xlinker 2 -Xlinker -dependency_info -Xlinker /Users/mh/Library/Developer/Xcode/DerivedData/Sonar-doqrqwtykddrsmapblpyjctvddmq/Build/Intermediates.noindex/swift-collections.build/Debug-iphonesimulator/InternalCollectionsUtilities.build/Objects-normal/arm64/InternalCollectionsUtilities_dependency_info.dat -fobjc-link-runtime -L/Applications/Xcode.app/Contents/Developer/Toolchains/XcodeDefault.xctoolchain/usr/lib/swift/iphonesimulator -L/usr/lib/swift -Xlinker -add_ast_path -Xlinker /Users/mh/Library/Developer/Xcode/DerivedData/Sonar-doqrqwtykddrsmapblpyjctvddmq/Build/Intermediates.noindex/swift-collections.build/Debug-iphonesimulator/InternalCollectionsUtilities.build/Objects-normal/arm64/InternalCollectionsUtilities.swiftmodule @/Users/mh/Library/Developer/Xcode/DerivedData/Sonar-doqrqwtykddrsmapblpyjctvddmq/Build/Intermediates.noindex/swift-collections.build/Debug-iphonesimulator/InternalCollectionsUtilities.build/Objects-normal/arm64/InternalCollectionsUtilities-linker-args.resp -o /Users/mh/Library/Developer/Xcode/DerivedData/Sonar-doqrqwtykddrsmapblpyjctvddmq/Build/Products/Debug-iphonesimulator/InternalCollectionsUtilities.o

ProcessInfoPlistFile /Users/mh/Library/Developer/Xcode/DerivedData/Sonar-doqrqwtykddrsmapblpyjctvddmq/Build/Products/Debug-iphonesimulator/LiveKit_LiveKit.bundle/Info.plist /Users/mh/Library/Developer/Xcode/DerivedData/Sonar-doqrqwtykddrsmapblpyjctvddmq/Build/Intermediates.noindex/LiveKit.build/Debug-iphonesimulator/LiveKit_LiveKit.build/empty-LiveKit_LiveKit.plist (in target 'LiveKit_LiveKit' from project 'LiveKit')
    cd /Users/mh/Library/Developer/Xcode/DerivedData/Sonar-doqrqwtykddrsmapblpyjctvddmq/SourcePackages/checkouts/client-sdk-swift
    builtin-infoPlistUtility /Users/mh/Library/Developer/Xcode/DerivedData/Sonar-doqrqwtykddrsmapblpyjctvddmq/Build/Intermediates.noindex/LiveKit.build/Debug-iphonesimulator/LiveKit_LiveKit.build/empty-LiveKit_LiveKit.plist -producttype com.apple.product-type.bundle -expandbuildsettings -format binary -platform iphonesimulator -o /Users/mh/Library/Developer/Xcode/DerivedData/Sonar-doqrqwtykddrsmapblpyjctvddmq/Build/Products/Debug-iphonesimulator/LiveKit_LiveKit.bundle/Info.plist

Ld /Users/mh/Library/Developer/Xcode/DerivedData/Sonar-doqrqwtykddrsmapblpyjctvddmq/Build/Products/Debug-iphonesimulator/LiveKitUniFFI.o normal (in target 'LiveKitUniFFI' from project 'LiveKitUniFFI')
    cd /Users/mh/Library/Developer/Xcode/DerivedData/Sonar-doqrqwtykddrsmapblpyjctvddmq/SourcePackages/checkouts/livekit-uniffi-xcframework
    /Applications/Xcode.app/Contents/Developer/Toolchains/XcodeDefault.xctoolchain/usr/bin/clang -Xlinker -reproducible -target arm64-apple-ios13.0-simulator -r -isysroot /Applications/Xcode.app/Contents/Developer/Platforms/iPhoneSimulator.platform/Developer/SDKs/iPhoneSimulator26.5.sdk -O0 -w -F/Users/mh/Library/Developer/Xcode/DerivedData/Sonar-doqrqwtykddrsmapblpyjctvddmq/Build/Intermediates.noindex/EagerLinkingTBDs/Debug-iphonesimulator -F/Users/mh/Library/Developer/Xcode/DerivedData/Sonar-doqrqwtykddrsmapblpyjctvddmq/Build/Products/Debug-iphonesimulator -iframework /Applications/Xcode.app/Contents/Developer/Platforms/iPhoneSimulator.platform/Developer/Library/Frameworks -iframework /Applications/Xcode.app/Contents/Developer/Platforms/iPhoneSimulator.platform/Developer/SDKs/iPhoneSimulator26.5.sdk/Developer/Library/Frameworks -filelist /Users/mh/Library/Developer/Xcode/DerivedData/Sonar-doqrqwtykddrsmapblpyjctvddmq/Build/Intermediates.noindex/LiveKitUniFFI.build/Debug-iphonesimulator/LiveKitUniFFI.build/Objects-normal/arm64/LiveKitUniFFI.LinkFileList -nostdlib -Xlinker -object_path_lto -Xlinker /Users/mh/Library/Developer/Xcode/DerivedData/Sonar-doqrqwtykddrsmapblpyjctvddmq/Build/Intermediates.noindex/LiveKitUniFFI.build/Debug-iphonesimulator/LiveKitUniFFI.build/Objects-normal/arm64/LiveKitUniFFI_lto.o -Xlinker -no_deduplicate -Xlinker -objc_abi_version -Xlinker 2 -Xlinker -dependency_info -Xlinker /Users/mh/Library/Developer/Xcode/DerivedData/Sonar-doqrqwtykddrsmapblpyjctvddmq/Build/Intermediates.noindex/LiveKitUniFFI.build/Debug-iphonesimulator/LiveKitUniFFI.build/Objects-normal/arm64/LiveKitUniFFI_dependency_info.dat -fobjc-link-runtime -L/Applications/Xcode.app/Contents/Developer/Toolchains/XcodeDefault.xctoolchain/usr/lib/swift/iphonesimulator -L/usr/lib/swift -Xlinker -add_ast_path -Xlinker /Users/mh/Library/Developer/Xcode/DerivedData/Sonar-doqrqwtykddrsmapblpyjctvddmq/Build/Intermediates.noindex/LiveKitUniFFI.build/Debug-iphonesimulator/LiveKitUniFFI.build/Objects-normal/arm64/LiveKitUniFFI.swiftmodule @/Users/mh/Library/Developer/Xcode/DerivedData/Sonar-doqrqwtykddrsmapblpyjctvddmq/Build/Intermediates.noindex/LiveKitUniFFI.build/Debug-iphonesimulator/LiveKitUniFFI.build/Objects-normal/arm64/LiveKitUniFFI-linker-args.resp -o /Users/mh/Library/Developer/Xcode/DerivedData/Sonar-doqrqwtykddrsmapblpyjctvddmq/Build/Products/Debug-iphonesimulator/LiveKitUniFFI.o

WriteAuxiliaryFile /Users/mh/Library/Developer/Xcode/DerivedData/Sonar-doqrqwtykddrsmapblpyjctvddmq/Build/Intermediates.noindex/Sonar.build/Debug-iphonesimulator/SonarTests.build/Objects-normal/arm64/SonarTests.LinkFileList (in target 'SonarTests' from project 'Sonar')
    cd /Users/mh/orca/workspaces/sonar-live-audio
    write-file /Users/mh/Library/Developer/Xcode/DerivedData/Sonar-doqrqwtykddrsmapblpyjctvddmq/Build/Intermediates.noindex/Sonar.build/Debug-iphonesimulator/SonarTests.build/Objects-normal/arm64/SonarTests.LinkFileList

WriteAuxiliaryFile /Users/mh/Library/Developer/Xcode/DerivedData/Sonar-doqrqwtykddrsmapblpyjctvddmq/Build/Intermediates.noindex/Sonar.build/Debug-iphonesimulator/SonarTests.build/Objects-normal/arm64/SonarTests.SwiftConstValuesFileList (in target 'SonarTests' from project 'Sonar')
    cd /Users/mh/orca/workspaces/sonar-live-audio
    write-file /Users/mh/Library/Developer/Xcode/DerivedData/Sonar-doqrqwtykddrsmapblpyjctvddmq/Build/Intermediates.noindex/Sonar.build/Debug-iphonesimulator/SonarTests.build/Objects-normal/arm64/SonarTests.SwiftConstValuesFileList

WriteAuxiliaryFile /Users/mh/Library/Developer/Xcode/DerivedData/Sonar-doqrqwtykddrsmapblpyjctvddmq/Build/Intermediates.noindex/Sonar.build/Debug-iphonesimulator/SonarTests.build/Objects-normal/arm64/SonarTests.SwiftFileList (in target 'SonarTests' from project 'Sonar')
    cd /Users/mh/orca/workspaces/sonar-live-audio
    write-file /Users/mh/Library/Developer/Xcode/DerivedData/Sonar-doqrqwtykddrsmapblpyjctvddmq/Build/Intermediates.noindex/Sonar.build/Debug-iphonesimulator/SonarTests.build/Objects-normal/arm64/SonarTests.SwiftFileList

WriteAuxiliaryFile /Users/mh/Library/Developer/Xcode/DerivedData/Sonar-doqrqwtykddrsmapblpyjctvddmq/Build/Intermediates.noindex/Sonar.build/Debug-iphonesimulator/SonarTests.build/Objects-normal/arm64/SonarTests-OutputFileMap.json (in target 'SonarTests' from project 'Sonar')
    cd /Users/mh/orca/workspaces/sonar-live-audio
    write-file /Users/mh/Library/Developer/Xcode/DerivedData/Sonar-doqrqwtykddrsmapblpyjctvddmq/Build/Intermediates.noindex/Sonar.build/Debug-iphonesimulator/SonarTests.build/Objects-normal/arm64/SonarTests-OutputFileMap.json

WriteAuxiliaryFile /Users/mh/Library/Developer/Xcode/DerivedData/Sonar-doqrqwtykddrsmapblpyjctvddmq/Build/Intermediates.noindex/Sonar.build/Debug-iphonesimulator/Sonar.build/Objects-normal/arm64/Sonar.SwiftFileList (in target 'Sonar' from project 'Sonar')
    cd /Users/mh/orca/workspaces/sonar-live-audio
    write-file /Users/mh/Library/Developer/Xcode/DerivedData/Sonar-doqrqwtykddrsmapblpyjctvddmq/Build/Intermediates.noindex/Sonar.build/Debug-iphonesimulator/Sonar.build/Objects-normal/arm64/Sonar.SwiftFileList

WriteAuxiliaryFile /Users/mh/Library/Developer/Xcode/DerivedData/Sonar-doqrqwtykddrsmapblpyjctvddmq/Build/Intermediates.noindex/Sonar.build/Debug-iphonesimulator/Sonar.build/Objects-normal/arm64/Sonar.SwiftConstValuesFileList (in target 'Sonar' from project 'Sonar')
    cd /Users/mh/orca/workspaces/sonar-live-audio
    write-file /Users/mh/Library/Developer/Xcode/DerivedData/Sonar-doqrqwtykddrsmapblpyjctvddmq/Build/Intermediates.noindex/Sonar.build/Debug-iphonesimulator/Sonar.build/Objects-normal/arm64/Sonar.SwiftConstValuesFileList

WriteAuxiliaryFile /Users/mh/Library/Developer/Xcode/DerivedData/Sonar-doqrqwtykddrsmapblpyjctvddmq/Build/Intermediates.noindex/Sonar.build/Debug-iphonesimulator/Sonar.build/Objects-normal/arm64/Sonar.LinkFileList (in target 'Sonar' from project 'Sonar')
    cd /Users/mh/orca/workspaces/sonar-live-audio
    write-file /Users/mh/Library/Developer/Xcode/DerivedData/Sonar-doqrqwtykddrsmapblpyjctvddmq/Build/Intermediates.noindex/Sonar.build/Debug-iphonesimulator/Sonar.build/Objects-normal/arm64/Sonar.LinkFileList

WriteAuxiliaryFile /Users/mh/Library/Developer/Xcode/DerivedData/Sonar-doqrqwtykddrsmapblpyjctvddmq/Build/Intermediates.noindex/Sonar.build/Debug-iphonesimulator/Sonar.build/Objects-normal/arm64/Sonar-OutputFileMap.json (in target 'Sonar' from project 'Sonar')
    cd /Users/mh/orca/workspaces/sonar-live-audio
    write-file /Users/mh/Library/Developer/Xcode/DerivedData/Sonar-doqrqwtykddrsmapblpyjctvddmq/Build/Intermediates.noindex/Sonar.build/Debug-iphonesimulator/Sonar.build/Objects-normal/arm64/Sonar-OutputFileMap.json

SwiftDriver Sonar normal arm64 com.apple.xcode.tools.swift.compiler (in target 'Sonar' from project 'Sonar')
    cd /Users/mh/orca/workspaces/sonar-live-audio
    builtin-SwiftDriver -- /Applications/Xcode.app/Contents/Developer/Toolchains/XcodeDefault.xctoolchain/usr/bin/swiftc -module-name Sonar -Onone @/Users/mh/Library/Developer/Xcode/DerivedData/Sonar-doqrqwtykddrsmapblpyjctvddmq/Build/Intermediates.noindex/Sonar.build/Debug-iphonesimulator/Sonar.build/Objects-normal/arm64/Sonar.SwiftFileList -DDEBUG -DSONAR_VERBOSE_LOGGING -Xcc -fmodule-map-file\=/Users/mh/Library/Developer/Xcode/DerivedData/Sonar-doqrqwtykddrsmapblpyjctvddmq/Build/Intermediates.noindex/GeneratedModuleMaps-iphonesimulator/LKObjCHelpers.modulemap -Xcc -fmodule-map-file\=/Users/mh/Library/Developer/Xcode/DerivedData/Sonar-doqrqwtykddrsmapblpyjctvddmq/Build/Intermediates.noindex/GeneratedModuleMaps-iphonesimulator/yyjson.modulemap -enable-bare-slash-regex -enable-experimental-feature DebugDescriptionMacro -sdk /Applications/Xcode.app/Contents/Developer/Platforms/iPhoneSimulator.platform/Developer/SDKs/iPhoneSimulator26.5.sdk -target arm64-apple-ios18.0-simulator -g -module-cache-path /Users/mh/Library/Developer/Xcode/DerivedData/ModuleCache.noindex -Xfrontend -serialize-debugging-options -enable-testing -index-store-path /Users/mh/Library/Developer/Xcode/DerivedData/Sonar-doqrqwtykddrsmapblpyjctvddmq/Index.noindex/DataStore -Xcc -D_LIBCPP_HARDENING_MODE\=_LIBCPP_HARDENING_MODE_DEBUG -swift-version 5 -I /Users/mh/Library/Developer/Xcode/DerivedData/Sonar-doqrqwtykddrsmapblpyjctvddmq/Build/Products/Debug-iphonesimulator -F /Users/mh/Library/Developer/Xcode/DerivedData/Sonar-doqrqwtykddrsmapblpyjctvddmq/Build/Products/Debug-iphonesimulator/PackageFrameworks -F /Users/mh/Library/Developer/Xcode/DerivedData/Sonar-doqrqwtykddrsmapblpyjctvddmq/Build/Products/Debug-iphonesimulator/PackageFrameworks -F /Users/mh/Library/Developer/Xcode/DerivedData/Sonar-doqrqwtykddrsmapblpyjctvddmq/Build/Products/Debug-iphonesimulator/PackageFrameworks -F /Users/mh/Library/Developer/Xcode/DerivedData/Sonar-doqrqwtykddrsmapblpyjctvddmq/Build/Products/Debug-iphonesimulator/PackageFrameworks -F /Users/mh/Library/Developer/Xcode/DerivedData/Sonar-doqrqwtykddrsmapblpyjctvddmq/Build/Products/Debug-iphonesimulator/PackageFrameworks -F /Users/mh/Library/Developer/Xcode/DerivedData/Sonar-doqrqwtykddrsmapblpyjctvddmq/Build/Products/Debug-iphonesimulator/PackageFrameworks -F /Users/mh/Library/Developer/Xcode/DerivedData/Sonar-doqrqwtykddrsmapblpyjctvddmq/Build/Products/Debug-iphonesimulator/PackageFrameworks -F /Users/mh/Library/Developer/Xcode/DerivedData/Sonar-doqrqwtykddrsmapblpyjctvddmq/Build/Products/Debug-iphonesimulator/PackageFrameworks -F /Users/mh/Library/Developer/Xcode/DerivedData/Sonar-doqrqwtykddrsmapblpyjctvddmq/Build/Products/Debug-iphonesimulator/PackageFrameworks -F /Users/mh/Library/Developer/Xcode/DerivedData/Sonar-doqrqwtykddrsmapblpyjctvddmq/Build/Products/Debug-iphonesimulator/PackageFrameworks -F /Users/mh/Library/Developer/Xcode/DerivedData/Sonar-doqrqwtykddrsmapblpyjctvddmq/Build/Products/Debug-iphonesimulator/PackageFrameworks -F /Users/mh/Library/Developer/Xcode/DerivedData/Sonar-doqrqwtykddrsmapblpyjctvddmq/Build/Products/Debug-iphonesimulator/PackageFrameworks -F /Users/mh/Library/Developer/Xcode/DerivedData/Sonar-doqrqwtykddrsmapblpyjctvddmq/Build/Products/Debug-iphonesimulator/PackageFrameworks -F /Users/mh/Library/Developer/Xcode/DerivedData/Sonar-doqrqwtykddrsmapblpyjctvddmq/Build/Products/Debug-iphonesimulator -c -j14 -enable-batch-mode -incremental -Xcc -ivfsstatcache -Xcc /Users/mh/Library/Developer/Xcode/DerivedData/SDKStatCaches.noindex/iphonesimulator26.5-23F81a-6cfe768891a92b912361537c460fe42b.sdkstatcache -output-file-map /Users/mh/Library/Developer/Xcode/DerivedData/Sonar-doqrqwtykddrsmapblpyjctvddmq/Build/Intermediates.noindex/Sonar.build/Debug-iphonesimulator/Sonar.build/Objects-normal/arm64/Sonar-OutputFileMap.json -use-frontend-parseable-output -save-temps -no-color-diagnostics -explicit-module-build -module-cache-path /Users/mh/Library/Developer/Xcode/DerivedData/Sonar-doqrqwtykddrsmapblpyjctvddmq/Build/Intermediates.noindex/SwiftExplicitPrecompiledModules -clang-scanner-module-cache-path /Users/mh/Library/Developer/Xcode/DerivedData/ModuleCache.noindex -sdk-module-cache-path /Users/mh/Library/Developer/Xcode/DerivedData/ModuleCache.noindex -serialize-diagnostics -emit-dependencies -emit-module -emit-module-path /Users/mh/Library/Developer/Xcode/DerivedData/Sonar-doqrqwtykddrsmapblpyjctvddmq/Build/Intermediates.noindex/Sonar.build/Debug-iphonesimulator/Sonar.build/Objects-normal/arm64/Sonar.swiftmodule -validate-clang-modules-once -clang-build-session-file /Users/mh/Library/Developer/Xcode/DerivedData/ModuleCache.noindex/Session.modulevalidation -Xcc -I/Users/mh/Library/Developer/Xcode/DerivedData/Sonar-doqrqwtykddrsmapblpyjctvddmq/Build/Intermediates.noindex/Sonar.build/Debug-iphonesimulator/Sonar.build/swift-overrides.hmap -emit-const-values -Xfrontend -const-gather-protocols-file -Xfrontend /Users/mh/Library/Developer/Xcode/DerivedData/Sonar-doqrqwtykddrsmapblpyjctvddmq/Build/Intermediates.noindex/Sonar.build/Debug-iphonesimulator/Sonar.build/Objects-normal/arm64/Sonar_const_extract_protocols.json -Xcc -iquote -Xcc /Users/mh/Library/Developer/Xcode/DerivedData/Sonar-doqrqwtykddrsmapblpyjctvddmq/Build/Intermediates.noindex/Sonar.build/Debug-iphonesimulator/Sonar.build/Sonar-generated-files.hmap -Xcc -I/Users/mh/Library/Developer/Xcode/DerivedData/Sonar-doqrqwtykddrsmapblpyjctvddmq/Build/Intermediates.noindex/Sonar.build/Debug-iphonesimulator/Sonar.build/Sonar-own-target-headers.hmap -Xcc -I/Users/mh/Library/Developer/Xcode/DerivedData/Sonar-doqrqwtykddrsmapblpyjctvddmq/Build/Intermediates.noindex/Sonar.build/Debug-iphonesimulator/Sonar.build/Sonar-all-non-framework-target-headers.hmap -Xcc -ivfsoverlay -Xcc /Users/mh/Library/Developer/Xcode/DerivedData/Sonar-doqrqwtykddrsmapblpyjctvddmq/Build/Intermediates.noindex/Sonar.build/Debug-iphonesimulator/Sonar-db34dd30bb8c7f546ae4ba4641eb9b62-VFS-iphonesimulator/all-product-headers.yaml -Xcc -iquote -Xcc /Users/mh/Library/Developer/Xcode/DerivedData/Sonar-doqrqwtykddrsmapblpyjctvddmq/Build/Intermediates.noindex/Sonar.build/Debug-iphonesimulator/Sonar.build/Sonar-project-headers.hmap -Xcc -I/Users/mh/Library/Developer/Xcode/DerivedData/Sonar-doqrqwtykddrsmapblpyjctvddmq/SourcePackages/checkouts/client-sdk-swift/Sources/LKObjCHelpers/include -Xcc -I/Users/mh/Library/Developer/Xcode/DerivedData/Sonar-doqrqwtykddrsmapblpyjctvddmq/SourcePackages/checkouts/yyjson/src -Xcc -I/Users/mh/Library/Developer/Xcode/DerivedData/Sonar-doqrqwtykddrsmapblpyjctvddmq/Build/Products/Debug-iphonesimulator/include -Xcc -I/Users/mh/Library/Developer/Xcode/DerivedData/Sonar-doqrqwtykddrsmapblpyjctvddmq/Build/Intermediates.noindex/Sonar.build/Debug-iphonesimulator/Sonar.build/DerivedSources-normal/arm64 -Xcc -I/Users/mh/Library/Developer/Xcode/DerivedData/Sonar-doqrqwtykddrsmapblpyjctvddmq/Build/Intermediates.noindex/Sonar.build/Debug-iphonesimulator/Sonar.build/DerivedSources/arm64 -Xcc -I/Users/mh/Library/Developer/Xcode/DerivedData/Sonar-doqrqwtykddrsmapblpyjctvddmq/Build/Intermediates.noindex/Sonar.build/Debug-iphonesimulator/Sonar.build/DerivedSources -Xcc -DDEBUG\=1 -emit-objc-header -emit-objc-header-path /Users/mh/Library/Developer/Xcode/DerivedData/Sonar-doqrqwtykddrsmapblpyjctvddmq/Build/Intermediates.noindex/Sonar.build/Debug-iphonesimulator/Sonar.build/Objects-normal/arm64/Sonar-Swift.h -working-directory /Users/mh/orca/workspaces/sonar-live-audio -experimental-emit-module-separately -disable-cmo

Ld /Users/mh/Library/Developer/Xcode/DerivedData/Sonar-doqrqwtykddrsmapblpyjctvddmq/Build/Products/Debug-iphonesimulator/SwiftProtobuf.o normal (in target 'SwiftProtobuf' from project 'SwiftProtobuf')
    cd /Users/mh/Library/Developer/Xcode/DerivedData/Sonar-doqrqwtykddrsmapblpyjctvddmq/SourcePackages/checkouts/swift-protobuf
    /Applications/Xcode.app/Contents/Developer/Toolchains/XcodeDefault.xctoolchain/usr/bin/clang -Xlinker -reproducible -target arm64-apple-ios12.0-simulator -r -isysroot /Applications/Xcode.app/Contents/Developer/Platforms/iPhoneSimulator.platform/Developer/SDKs/iPhoneSimulator26.5.sdk -O0 -w -F/Users/mh/Library/Developer/Xcode/DerivedData/Sonar-doqrqwtykddrsmapblpyjctvddmq/Build/Intermediates.noindex/EagerLinkingTBDs/Debug-iphonesimulator -F/Users/mh/Library/Developer/Xcode/DerivedData/Sonar-doqrqwtykddrsmapblpyjctvddmq/Build/Products/Debug-iphonesimulator -iframework /Applications/Xcode.app/Contents/Developer/Platforms/iPhoneSimulator.platform/Developer/Library/Frameworks -iframework /Applications/Xcode.app/Contents/Developer/Platforms/iPhoneSimulator.platform/Developer/SDKs/iPhoneSimulator26.5.sdk/Developer/Library/Frameworks -filelist /Users/mh/Library/Developer/Xcode/DerivedData/Sonar-doqrqwtykddrsmapblpyjctvddmq/Build/Intermediates.noindex/SwiftProtobuf.build/Debug-iphonesimulator/SwiftProtobuf.build/Objects-normal/arm64/SwiftProtobuf.LinkFileList -nostdlib -Xlinker -object_path_lto -Xlinker /Users/mh/Library/Developer/Xcode/DerivedData/Sonar-doqrqwtykddrsmapblpyjctvddmq/Build/Intermediates.noindex/SwiftProtobuf.build/Debug-iphonesimulator/SwiftProtobuf.build/Objects-normal/arm64/SwiftProtobuf_lto.o -Xlinker -no_deduplicate -Xlinker -objc_abi_version -Xlinker 2 -Xlinker -dependency_info -Xlinker /Users/mh/Library/Developer/Xcode/DerivedData/Sonar-doqrqwtykddrsmapblpyjctvddmq/Build/Intermediates.noindex/SwiftProtobuf.build/Debug-iphonesimulator/SwiftProtobuf.build/Objects-normal/arm64/SwiftProtobuf_dependency_info.dat -fobjc-link-runtime -L/Applications/Xcode.app/Contents/Developer/Toolchains/XcodeDefault.xctoolchain/usr/lib/swift/iphonesimulator -L/usr/lib/swift -Xlinker -add_ast_path -Xlinker /Users/mh/Library/Developer/Xcode/DerivedData/Sonar-doqrqwtykddrsmapblpyjctvddmq/Build/Intermediates.noindex/SwiftProtobuf.build/Debug-iphonesimulator/SwiftProtobuf.build/Objects-normal/arm64/SwiftProtobuf.swiftmodule @/Users/mh/Library/Developer/Xcode/DerivedData/Sonar-doqrqwtykddrsmapblpyjctvddmq/Build/Intermediates.noindex/SwiftProtobuf.build/Debug-iphonesimulator/SwiftProtobuf.build/Objects-normal/arm64/SwiftProtobuf-linker-args.resp -o /Users/mh/Library/Developer/Xcode/DerivedData/Sonar-doqrqwtykddrsmapblpyjctvddmq/Build/Products/Debug-iphonesimulator/SwiftProtobuf.o

Ld /Users/mh/Library/Developer/Xcode/DerivedData/Sonar-doqrqwtykddrsmapblpyjctvddmq/Build/Products/Debug-iphonesimulator/Crypto.o normal (in target 'Crypto' from project 'swift-crypto')
    cd /Users/mh/Library/Developer/Xcode/DerivedData/Sonar-doqrqwtykddrsmapblpyjctvddmq/SourcePackages/checkouts/swift-crypto
    /Applications/Xcode.app/Contents/Developer/Toolchains/XcodeDefault.xctoolchain/usr/bin/clang -Xlinker -reproducible -target arm64-apple-ios12.0-simulator -r -isysroot /Applications/Xcode.app/Contents/Developer/Platforms/iPhoneSimulator.platform/Developer/SDKs/iPhoneSimulator26.5.sdk -O0 -w -F/Users/mh/Library/Developer/Xcode/DerivedData/Sonar-doqrqwtykddrsmapblpyjctvddmq/Build/Intermediates.noindex/EagerLinkingTBDs/Debug-iphonesimulator -F/Users/mh/Library/Developer/Xcode/DerivedData/Sonar-doqrqwtykddrsmapblpyjctvddmq/Build/Products/Debug-iphonesimulator -iframework /Applications/Xcode.app/Contents/Developer/Platforms/iPhoneSimulator.platform/Developer/Library/Frameworks -iframework /Applications/Xcode.app/Contents/Developer/Platforms/iPhoneSimulator.platform/Developer/SDKs/iPhoneSimulator26.5.sdk/Developer/Library/Frameworks -filelist /Users/mh/Library/Developer/Xcode/DerivedData/Sonar-doqrqwtykddrsmapblpyjctvddmq/Build/Intermediates.noindex/swift-crypto.build/Debug-iphonesimulator/Crypto.build/Objects-normal/arm64/Crypto.LinkFileList -nostdlib -Xlinker -object_path_lto -Xlinker /Users/mh/Library/Developer/Xcode/DerivedData/Sonar-doqrqwtykddrsmapblpyjctvddmq/Build/Intermediates.noindex/swift-crypto.build/Debug-iphonesimulator/Crypto.build/Objects-normal/arm64/Crypto_lto.o -Xlinker -no_deduplicate -Xlinker -objc_abi_version -Xlinker 2 -Xlinker -dependency_info -Xlinker /Users/mh/Library/Developer/Xcode/DerivedData/Sonar-doqrqwtykddrsmapblpyjctvddmq/Build/Intermediates.noindex/swift-crypto.build/Debug-iphonesimulator/Crypto.build/Objects-normal/arm64/Crypto_dependency_info.dat -fobjc-link-runtime -L/Applications/Xcode.app/Contents/Developer/Toolchains/XcodeDefault.xctoolchain/usr/lib/swift/iphonesimulator -L/usr/lib/swift -Xlinker -add_ast_path -Xlinker /Users/mh/Library/Developer/Xcode/DerivedData/Sonar-doqrqwtykddrsmapblpyjctvddmq/Build/Intermediates.noindex/swift-crypto.build/Debug-iphonesimulator/Crypto.build/Objects-normal/arm64/Crypto.swiftmodule @/Users/mh/Library/Developer/Xcode/DerivedData/Sonar-doqrqwtykddrsmapblpyjctvddmq/Build/Intermediates.noindex/swift-crypto.build/Debug-iphonesimulator/Crypto.build/Objects-normal/arm64/Crypto-linker-args.resp -o /Users/mh/Library/Developer/Xcode/DerivedData/Sonar-doqrqwtykddrsmapblpyjctvddmq/Build/Products/Debug-iphonesimulator/Crypto.o

RegisterExecutionPolicyException /Users/mh/Library/Developer/Xcode/DerivedData/Sonar-doqrqwtykddrsmapblpyjctvddmq/Build/Products/Debug-iphonesimulator/LKObjCHelpers.o (in target 'LKObjCHelpers' from project 'LiveKit')
    cd /Users/mh/Library/Developer/Xcode/DerivedData/Sonar-doqrqwtykddrsmapblpyjctvddmq/SourcePackages/checkouts/client-sdk-swift
    builtin-RegisterExecutionPolicyException /Users/mh/Library/Developer/Xcode/DerivedData/Sonar-doqrqwtykddrsmapblpyjctvddmq/Build/Products/Debug-iphonesimulator/LKObjCHelpers.o

ExtractAppIntentsMetadata (in target 'InternalCollectionsUtilities' from project 'swift-collections')
    cd /Users/mh/Library/Developer/Xcode/DerivedData/Sonar-doqrqwtykddrsmapblpyjctvddmq/SourcePackages/checkouts/swift-collections
    /Applications/Xcode.app/Contents/Developer/Toolchains/XcodeDefault.xctoolchain/usr/bin/appintentsmetadataprocessor --toolchain-dir /Applications/Xcode.app/Contents/Developer/Toolchains/XcodeDefault.xctoolchain --module-name InternalCollectionsUtilities --sdk-root /Applications/Xcode.app/Contents/Developer/Platforms/iPhoneSimulator.platform/Developer/SDKs/iPhoneSimulator26.5.sdk --xcode-version 17F113 --platform-family iOS --deployment-target 12.0 --bundle-identifier swift-collections.InternalCollectionsUtilities --output /Users/mh/Library/Developer/Xcode/DerivedData/Sonar-doqrqwtykddrsmapblpyjctvddmq/Build/Products/Debug-iphonesimulator/InternalCollectionsUtilities.appintents --target-triple arm64-apple-ios12.0-simulator --binary-file /Users/mh/Library/Developer/Xcode/DerivedData/Sonar-doqrqwtykddrsmapblpyjctvddmq/Build/Products/Debug-iphonesimulator/InternalCollectionsUtilities.o --dependency-file /Users/mh/Library/Developer/Xcode/DerivedData/Sonar-doqrqwtykddrsmapblpyjctvddmq/Build/Intermediates.noindex/swift-collections.build/Debug-iphonesimulator/InternalCollectionsUtilities.build/Objects-normal/arm64/InternalCollectionsUtilities_dependency_info.dat --stringsdata-file /Users/mh/Library/Developer/Xcode/DerivedData/Sonar-doqrqwtykddrsmapblpyjctvddmq/Build/Intermediates.noindex/swift-collections.build/Debug-iphonesimulator/InternalCollectionsUtilities.build/Objects-normal/arm64/ExtractedAppShortcutsMetadata.stringsdata --source-file-list /Users/mh/Library/Developer/Xcode/DerivedData/Sonar-doqrqwtykddrsmapblpyjctvddmq/Build/Intermediates.noindex/swift-collections.build/Debug-iphonesimulator/InternalCollectionsUtilities.build/Objects-normal/arm64/InternalCollectionsUtilities.SwiftFileList --metadata-file-list /Users/mh/Library/Developer/Xcode/DerivedData/Sonar-doqrqwtykddrsmapblpyjctvddmq/Build/Intermediates.noindex/swift-collections.build/Debug-iphonesimulator/InternalCollectionsUtilities.build/InternalCollectionsUtilities.DependencyMetadataFileList --static-metadata-file-list /Users/mh/Library/Developer/Xcode/DerivedData/Sonar-doqrqwtykddrsmapblpyjctvddmq/Build/Intermediates.noindex/swift-collections.build/Debug-iphonesimulator/InternalCollectionsUtilities.build/InternalCollectionsUtilities.DependencyStaticMetadataFileList --swift-const-vals-list /Users/mh/Library/Developer/Xcode/DerivedData/Sonar-doqrqwtykddrsmapblpyjctvddmq/Build/Intermediates.noindex/swift-collections.build/Debug-iphonesimulator/InternalCollectionsUtilities.build/Objects-normal/arm64/InternalCollectionsUtilities.SwiftConstValuesFileList --force --compile-time-extraction --deployment-aware-processing --validate-assistant-intents --no-app-shortcuts-localization
2026-08-10 00:31:51.844 appintentsmetadataprocessor[83843:2316167] Starting appintentsmetadataprocessor export
2026-08-10 00:31:51.874 appintentsmetadataprocessor[83843:2316167] Extracted no relevant App Intents symbols, skipping writing output

ExtractAppIntentsMetadata (in target 'LiveKitUniFFI' from project 'LiveKitUniFFI')
    cd /Users/mh/Library/Developer/Xcode/DerivedData/Sonar-doqrqwtykddrsmapblpyjctvddmq/SourcePackages/checkouts/livekit-uniffi-xcframework
    /Applications/Xcode.app/Contents/Developer/Toolchains/XcodeDefault.xctoolchain/usr/bin/appintentsmetadataprocessor --toolchain-dir /Applications/Xcode.app/Contents/Developer/Toolchains/XcodeDefault.xctoolchain --module-name LiveKitUniFFI --sdk-root /Applications/Xcode.app/Contents/Developer/Platforms/iPhoneSimulator.platform/Developer/SDKs/iPhoneSimulator26.5.sdk --xcode-version 17F113 --platform-family iOS --deployment-target 13.0 --bundle-identifier livekit-uniffi-xcframework.LiveKitUniFFI --output /Users/mh/Library/Developer/Xcode/DerivedData/Sonar-doqrqwtykddrsmapblpyjctvddmq/Build/Products/Debug-iphonesimulator/LiveKitUniFFI.appintents --target-triple arm64-apple-ios13.0-simulator --binary-file /Users/mh/Library/Developer/Xcode/DerivedData/Sonar-doqrqwtykddrsmapblpyjctvddmq/Build/Products/Debug-iphonesimulator/LiveKitUniFFI.o --dependency-file /Users/mh/Library/Developer/Xcode/DerivedData/Sonar-doqrqwtykddrsmapblpyjctvddmq/Build/Intermediates.noindex/LiveKitUniFFI.build/Debug-iphonesimulator/LiveKitUniFFI.build/Objects-normal/arm64/LiveKitUniFFI_dependency_info.dat --stringsdata-file /Users/mh/Library/Developer/Xcode/DerivedData/Sonar-doqrqwtykddrsmapblpyjctvddmq/Build/Intermediates.noindex/LiveKitUniFFI.build/Debug-iphonesimulator/LiveKitUniFFI.build/Objects-normal/arm64/ExtractedAppShortcutsMetadata.stringsdata --source-file-list /Users/mh/Library/Developer/Xcode/DerivedData/Sonar-doqrqwtykddrsmapblpyjctvddmq/Build/Intermediates.noindex/LiveKitUniFFI.build/Debug-iphonesimulator/LiveKitUniFFI.build/Objects-normal/arm64/LiveKitUniFFI.SwiftFileList --metadata-file-list /Users/mh/Library/Developer/Xcode/DerivedData/Sonar-doqrqwtykddrsmapblpyjctvddmq/Build/Intermediates.noindex/LiveKitUniFFI.build/Debug-iphonesimulator/LiveKitUniFFI.build/LiveKitUniFFI.DependencyMetadataFileList --static-metadata-file-list /Users/mh/Library/Developer/Xcode/DerivedData/Sonar-doqrqwtykddrsmapblpyjctvddmq/Build/Intermediates.noindex/LiveKitUniFFI.build/Debug-iphonesimulator/LiveKitUniFFI.build/LiveKitUniFFI.DependencyStaticMetadataFileList --swift-const-vals-list /Users/mh/Library/Developer/Xcode/DerivedData/Sonar-doqrqwtykddrsmapblpyjctvddmq/Build/Intermediates.noindex/LiveKitUniFFI.build/Debug-iphonesimulator/LiveKitUniFFI.build/Objects-normal/arm64/LiveKitUniFFI.SwiftConstValuesFileList --force --compile-time-extraction --deployment-aware-processing --validate-assistant-intents --no-app-shortcuts-localization
2026-08-10 00:31:51.844 appintentsmetadataprocessor[83846:2316187] Starting appintentsmetadataprocessor export
2026-08-10 00:31:51.874 appintentsmetadataprocessor[83846:2316187] Extracted no relevant App Intents symbols, skipping writing output

RegisterExecutionPolicyException /Users/mh/Library/Developer/Xcode/DerivedData/Sonar-doqrqwtykddrsmapblpyjctvddmq/Build/Products/Debug-iphonesimulator/yyjson.o (in target 'yyjson' from project 'yyjson')
    cd /Users/mh/Library/Developer/Xcode/DerivedData/Sonar-doqrqwtykddrsmapblpyjctvddmq/SourcePackages/checkouts/yyjson
    builtin-RegisterExecutionPolicyException /Users/mh/Library/Developer/Xcode/DerivedData/Sonar-doqrqwtykddrsmapblpyjctvddmq/Build/Products/Debug-iphonesimulator/yyjson.o

ExtractAppIntentsMetadata (in target 'Crypto' from project 'swift-crypto')
    cd /Users/mh/Library/Developer/Xcode/DerivedData/Sonar-doqrqwtykddrsmapblpyjctvddmq/SourcePackages/checkouts/swift-crypto
    /Applications/Xcode.app/Contents/Developer/Toolchains/XcodeDefault.xctoolchain/usr/bin/appintentsmetadataprocessor --toolchain-dir /Applications/Xcode.app/Contents/Developer/Toolchains/XcodeDefault.xctoolchain --module-name Crypto --sdk-root /Applications/Xcode.app/Contents/Developer/Platforms/iPhoneSimulator.platform/Developer/SDKs/iPhoneSimulator26.5.sdk --xcode-version 17F113 --platform-family iOS --deployment-target 12.0 --bundle-identifier swift-crypto.Crypto --output /Users/mh/Library/Developer/Xcode/DerivedData/Sonar-doqrqwtykddrsmapblpyjctvddmq/Build/Products/Debug-iphonesimulator/Crypto.appintents --target-triple arm64-apple-ios12.0-simulator --binary-file /Users/mh/Library/Developer/Xcode/DerivedData/Sonar-doqrqwtykddrsmapblpyjctvddmq/Build/Products/Debug-iphonesimulator/Crypto.o --dependency-file /Users/mh/Library/Developer/Xcode/DerivedData/Sonar-doqrqwtykddrsmapblpyjctvddmq/Build/Intermediates.noindex/swift-crypto.build/Debug-iphonesimulator/Crypto.build/Objects-normal/arm64/Crypto_dependency_info.dat --stringsdata-file /Users/mh/Library/Developer/Xcode/DerivedData/Sonar-doqrqwtykddrsmapblpyjctvddmq/Build/Intermediates.noindex/swift-crypto.build/Debug-iphonesimulator/Crypto.build/Objects-normal/arm64/ExtractedAppShortcutsMetadata.stringsdata --source-file-list /Users/mh/Library/Developer/Xcode/DerivedData/Sonar-doqrqwtykddrsmapblpyjctvddmq/Build/Intermediates.noindex/swift-crypto.build/Debug-iphonesimulator/Crypto.build/Objects-normal/arm64/Crypto.SwiftFileList --metadata-file-list /Users/mh/Library/Developer/Xcode/DerivedData/Sonar-doqrqwtykddrsmapblpyjctvddmq/Build/Intermediates.noindex/swift-crypto.build/Debug-iphonesimulator/Crypto.build/Crypto.DependencyMetadataFileList --static-metadata-file-list /Users/mh/Library/Developer/Xcode/DerivedData/Sonar-doqrqwtykddrsmapblpyjctvddmq/Build/Intermediates.noindex/swift-crypto.build/Debug-iphonesimulator/Crypto.build/Crypto.DependencyStaticMetadataFileList --swift-const-vals-list /Users/mh/Library/Developer/Xcode/DerivedData/Sonar-doqrqwtykddrsmapblpyjctvddmq/Build/Intermediates.noindex/swift-crypto.build/Debug-iphonesimulator/Crypto.build/Objects-normal/arm64/Crypto.SwiftConstValuesFileList --force --compile-time-extraction --deployment-aware-processing --validate-assistant-intents --no-app-shortcuts-localization
2026-08-10 00:31:51.844 appintentsmetadataprocessor[83848:2316191] Starting appintentsmetadataprocessor export
2026-08-10 00:31:51.880 appintentsmetadataprocessor[83848:2316191] Extracted no relevant App Intents symbols, skipping writing output

ExtractAppIntentsMetadata (in target 'SwiftProtobuf' from project 'SwiftProtobuf')
    cd /Users/mh/Library/Developer/Xcode/DerivedData/Sonar-doqrqwtykddrsmapblpyjctvddmq/SourcePackages/checkouts/swift-protobuf
    /Applications/Xcode.app/Contents/Developer/Toolchains/XcodeDefault.xctoolchain/usr/bin/appintentsmetadataprocessor --toolchain-dir /Applications/Xcode.app/Contents/Developer/Toolchains/XcodeDefault.xctoolchain --module-name SwiftProtobuf --sdk-root /Applications/Xcode.app/Contents/Developer/Platforms/iPhoneSimulator.platform/Developer/SDKs/iPhoneSimulator26.5.sdk --xcode-version 17F113 --platform-family iOS --deployment-target 12.0 --bundle-identifier swift-protobuf.SwiftProtobuf --output /Users/mh/Library/Developer/Xcode/DerivedData/Sonar-doqrqwtykddrsmapblpyjctvddmq/Build/Products/Debug-iphonesimulator/SwiftProtobuf.appintents --target-triple arm64-apple-ios12.0-simulator --binary-file /Users/mh/Library/Developer/Xcode/DerivedData/Sonar-doqrqwtykddrsmapblpyjctvddmq/Build/Products/Debug-iphonesimulator/SwiftProtobuf.o --dependency-file /Users/mh/Library/Developer/Xcode/DerivedData/Sonar-doqrqwtykddrsmapblpyjctvddmq/Build/Intermediates.noindex/SwiftProtobuf.build/Debug-iphonesimulator/SwiftProtobuf.build/Objects-normal/arm64/SwiftProtobuf_dependency_info.dat --stringsdata-file /Users/mh/Library/Developer/Xcode/DerivedData/Sonar-doqrqwtykddrsmapblpyjctvddmq/Build/Intermediates.noindex/SwiftProtobuf.build/Debug-iphonesimulator/SwiftProtobuf.build/Objects-normal/arm64/ExtractedAppShortcutsMetadata.stringsdata --source-file-list /Users/mh/Library/Developer/Xcode/DerivedData/Sonar-doqrqwtykddrsmapblpyjctvddmq/Build/Intermediates.noindex/SwiftProtobuf.build/Debug-iphonesimulator/SwiftProtobuf.build/Objects-normal/arm64/SwiftProtobuf.SwiftFileList --metadata-file-list /Users/mh/Library/Developer/Xcode/DerivedData/Sonar-doqrqwtykddrsmapblpyjctvddmq/Build/Intermediates.noindex/SwiftProtobuf.build/Debug-iphonesimulator/SwiftProtobuf.build/SwiftProtobuf.DependencyMetadataFileList --static-metadata-file-list /Users/mh/Library/Developer/Xcode/DerivedData/Sonar-doqrqwtykddrsmapblpyjctvddmq/Build/Intermediates.noindex/SwiftProtobuf.build/Debug-iphonesimulator/SwiftProtobuf.build/SwiftProtobuf.DependencyStaticMetadataFileList --swift-const-vals-list /Users/mh/Library/Developer/Xcode/DerivedData/Sonar-doqrqwtykddrsmapblpyjctvddmq/Build/Intermediates.noindex/SwiftProtobuf.build/Debug-iphonesimulator/SwiftProtobuf.build/Objects-normal/arm64/SwiftProtobuf.SwiftConstValuesFileList --force --compile-time-extraction --deployment-aware-processing --validate-assistant-intents --no-app-shortcuts-localization
2026-08-10 00:31:51.870 appintentsmetadataprocessor[83850:2316203] Starting appintentsmetadataprocessor export
2026-08-10 00:31:51.886 appintentsmetadataprocessor[83850:2316203] Extracted no relevant App Intents symbols, skipping writing output

RegisterExecutionPolicyException /Users/mh/Library/Developer/Xcode/DerivedData/Sonar-doqrqwtykddrsmapblpyjctvddmq/Build/Products/Debug-iphonesimulator/LiveKitUniFFI.o (in target 'LiveKitUniFFI' from project 'LiveKitUniFFI')
    cd /Users/mh/Library/Developer/Xcode/DerivedData/Sonar-doqrqwtykddrsmapblpyjctvddmq/SourcePackages/checkouts/livekit-uniffi-xcframework
    builtin-RegisterExecutionPolicyException /Users/mh/Library/Developer/Xcode/DerivedData/Sonar-doqrqwtykddrsmapblpyjctvddmq/Build/Products/Debug-iphonesimulator/LiveKitUniFFI.o

RegisterExecutionPolicyException /Users/mh/Library/Developer/Xcode/DerivedData/Sonar-doqrqwtykddrsmapblpyjctvddmq/Build/Products/Debug-iphonesimulator/InternalCollectionsUtilities.o (in target 'InternalCollectionsUtilities' from project 'swift-collections')
    cd /Users/mh/Library/Developer/Xcode/DerivedData/Sonar-doqrqwtykddrsmapblpyjctvddmq/SourcePackages/checkouts/swift-collections
    builtin-RegisterExecutionPolicyException /Users/mh/Library/Developer/Xcode/DerivedData/Sonar-doqrqwtykddrsmapblpyjctvddmq/Build/Products/Debug-iphonesimulator/InternalCollectionsUtilities.o

RegisterExecutionPolicyException /Users/mh/Library/Developer/Xcode/DerivedData/Sonar-doqrqwtykddrsmapblpyjctvddmq/Build/Products/Debug-iphonesimulator/Crypto.o (in target 'Crypto' from project 'swift-crypto')
    cd /Users/mh/Library/Developer/Xcode/DerivedData/Sonar-doqrqwtykddrsmapblpyjctvddmq/SourcePackages/checkouts/swift-crypto
    builtin-RegisterExecutionPolicyException /Users/mh/Library/Developer/Xcode/DerivedData/Sonar-doqrqwtykddrsmapblpyjctvddmq/Build/Products/Debug-iphonesimulator/Crypto.o

Ld /Users/mh/Library/Developer/Xcode/DerivedData/Sonar-doqrqwtykddrsmapblpyjctvddmq/Build/Products/Debug-iphonesimulator/OrderedCollections.o normal (in target 'OrderedCollections' from project 'swift-collections')
    cd /Users/mh/Library/Developer/Xcode/DerivedData/Sonar-doqrqwtykddrsmapblpyjctvddmq/SourcePackages/checkouts/swift-collections
    /Applications/Xcode.app/Contents/Developer/Toolchains/XcodeDefault.xctoolchain/usr/bin/clang -Xlinker -reproducible -target arm64-apple-ios12.0-simulator -r -isysroot /Applications/Xcode.app/Contents/Developer/Platforms/iPhoneSimulator.platform/Developer/SDKs/iPhoneSimulator26.5.sdk -O0 -w -F/Users/mh/Library/Developer/Xcode/DerivedData/Sonar-doqrqwtykddrsmapblpyjctvddmq/Build/Intermediates.noindex/EagerLinkingTBDs/Debug-iphonesimulator -F/Users/mh/Library/Developer/Xcode/DerivedData/Sonar-doqrqwtykddrsmapblpyjctvddmq/Build/Products/Debug-iphonesimulator/PackageFrameworks -F/Users/mh/Library/Developer/Xcode/DerivedData/Sonar-doqrqwtykddrsmapblpyjctvddmq/Build/Products/Debug-iphonesimulator -iframework /Applications/Xcode.app/Contents/Developer/Platforms/iPhoneSimulator.platform/Developer/Library/Frameworks -iframework /Applications/Xcode.app/Contents/Developer/Platforms/iPhoneSimulator.platform/Developer/SDKs/iPhoneSimulator26.5.sdk/Developer/Library/Frameworks -filelist /Users/mh/Library/Developer/Xcode/DerivedData/Sonar-doqrqwtykddrsmapblpyjctvddmq/Build/Intermediates.noindex/swift-collections.build/Debug-iphonesimulator/OrderedCollections.build/Objects-normal/arm64/OrderedCollections.LinkFileList -nostdlib -Xlinker -object_path_lto -Xlinker /Users/mh/Library/Developer/Xcode/DerivedData/Sonar-doqrqwtykddrsmapblpyjctvddmq/Build/Intermediates.noindex/swift-collections.build/Debug-iphonesimulator/OrderedCollections.build/Objects-normal/arm64/OrderedCollections_lto.o -Xlinker -no_deduplicate -Xlinker -objc_abi_version -Xlinker 2 -Xlinker -dependency_info -Xlinker /Users/mh/Library/Developer/Xcode/DerivedData/Sonar-doqrqwtykddrsmapblpyjctvddmq/Build/Intermediates.noindex/swift-collections.build/Debug-iphonesimulator/OrderedCollections.build/Objects-normal/arm64/OrderedCollections_dependency_info.dat -fobjc-link-runtime -L/Applications/Xcode.app/Contents/Developer/Toolchains/XcodeDefault.xctoolchain/usr/lib/swift/iphonesimulator -L/usr/lib/swift -Xlinker -add_ast_path -Xlinker /Users/mh/Library/Developer/Xcode/DerivedData/Sonar-doqrqwtykddrsmapblpyjctvddmq/Build/Intermediates.noindex/swift-collections.build/Debug-iphonesimulator/OrderedCollections.build/Objects-normal/arm64/OrderedCollections.swiftmodule @/Users/mh/Library/Developer/Xcode/DerivedData/Sonar-doqrqwtykddrsmapblpyjctvddmq/Build/Intermediates.noindex/swift-collections.build/Debug-iphonesimulator/OrderedCollections.build/Objects-normal/arm64/OrderedCollections-linker-args.resp -o /Users/mh/Library/Developer/Xcode/DerivedData/Sonar-doqrqwtykddrsmapblpyjctvddmq/Build/Products/Debug-iphonesimulator/OrderedCollections.o

RegisterExecutionPolicyException /Users/mh/Library/Developer/Xcode/DerivedData/Sonar-doqrqwtykddrsmapblpyjctvddmq/Build/Products/Debug-iphonesimulator/SwiftProtobuf.o (in target 'SwiftProtobuf' from project 'SwiftProtobuf')
    cd /Users/mh/Library/Developer/Xcode/DerivedData/Sonar-doqrqwtykddrsmapblpyjctvddmq/SourcePackages/checkouts/swift-protobuf
    builtin-RegisterExecutionPolicyException /Users/mh/Library/Developer/Xcode/DerivedData/Sonar-doqrqwtykddrsmapblpyjctvddmq/Build/Products/Debug-iphonesimulator/SwiftProtobuf.o

ExtractAppIntentsMetadata (in target 'OrderedCollections' from project 'swift-collections')
    cd /Users/mh/Library/Developer/Xcode/DerivedData/Sonar-doqrqwtykddrsmapblpyjctvddmq/SourcePackages/checkouts/swift-collections
    /Applications/Xcode.app/Contents/Developer/Toolchains/XcodeDefault.xctoolchain/usr/bin/appintentsmetadataprocessor --toolchain-dir /Applications/Xcode.app/Contents/Developer/Toolchains/XcodeDefault.xctoolchain --module-name OrderedCollections --sdk-root /Applications/Xcode.app/Contents/Developer/Platforms/iPhoneSimulator.platform/Developer/SDKs/iPhoneSimulator26.5.sdk --xcode-version 17F113 --platform-family iOS --deployment-target 12.0 --bundle-identifier swift-collections.OrderedCollections --output /Users/mh/Library/Developer/Xcode/DerivedData/Sonar-doqrqwtykddrsmapblpyjctvddmq/Build/Products/Debug-iphonesimulator/OrderedCollections.appintents --target-triple arm64-apple-ios12.0-simulator --binary-file /Users/mh/Library/Developer/Xcode/DerivedData/Sonar-doqrqwtykddrsmapblpyjctvddmq/Build/Products/Debug-iphonesimulator/OrderedCollections.o --dependency-file /Users/mh/Library/Developer/Xcode/DerivedData/Sonar-doqrqwtykddrsmapblpyjctvddmq/Build/Intermediates.noindex/swift-collections.build/Debug-iphonesimulator/OrderedCollections.build/Objects-normal/arm64/OrderedCollections_dependency_info.dat --stringsdata-file /Users/mh/Library/Developer/Xcode/DerivedData/Sonar-doqrqwtykddrsmapblpyjctvddmq/Build/Intermediates.noindex/swift-collections.build/Debug-iphonesimulator/OrderedCollections.build/Objects-normal/arm64/ExtractedAppShortcutsMetadata.stringsdata --source-file-list /Users/mh/Library/Developer/Xcode/DerivedData/Sonar-doqrqwtykddrsmapblpyjctvddmq/Build/Intermediates.noindex/swift-collections.build/Debug-iphonesimulator/OrderedCollections.build/Objects-normal/arm64/OrderedCollections.SwiftFileList --metadata-file-list /Users/mh/Library/Developer/Xcode/DerivedData/Sonar-doqrqwtykddrsmapblpyjctvddmq/Build/Intermediates.noindex/swift-collections.build/Debug-iphonesimulator/OrderedCollections.build/OrderedCollections.DependencyMetadataFileList --static-metadata-file-list /Users/mh/Library/Developer/Xcode/DerivedData/Sonar-doqrqwtykddrsmapblpyjctvddmq/Build/Intermediates.noindex/swift-collections.build/Debug-iphonesimulator/OrderedCollections.build/OrderedCollections.DependencyStaticMetadataFileList --swift-const-vals-list /Users/mh/Library/Developer/Xcode/DerivedData/Sonar-doqrqwtykddrsmapblpyjctvddmq/Build/Intermediates.noindex/swift-collections.build/Debug-iphonesimulator/OrderedCollections.build/Objects-normal/arm64/OrderedCollections.SwiftConstValuesFileList --force --compile-time-extraction --deployment-aware-processing --validate-assistant-intents --no-app-shortcuts-localization
2026-08-10 00:31:51.920 appintentsmetadataprocessor[83860:2316232] Starting appintentsmetadataprocessor export
2026-08-10 00:31:51.934 appintentsmetadataprocessor[83860:2316232] Extracted no relevant App Intents symbols, skipping writing output

Ld /Users/mh/Library/Developer/Xcode/DerivedData/Sonar-doqrqwtykddrsmapblpyjctvddmq/Build/Products/Debug-iphonesimulator/LiveKit.o normal (in target 'LiveKit' from project 'LiveKit')
    cd /Users/mh/Library/Developer/Xcode/DerivedData/Sonar-doqrqwtykddrsmapblpyjctvddmq/SourcePackages/checkouts/client-sdk-swift
    /Applications/Xcode.app/Contents/Developer/Toolchains/XcodeDefault.xctoolchain/usr/bin/clang -Xlinker -reproducible -target arm64-apple-ios13.0-simulator -r -isysroot /Applications/Xcode.app/Contents/Developer/Platforms/iPhoneSimulator.platform/Developer/SDKs/iPhoneSimulator26.5.sdk -O0 -w -F/Users/mh/Library/Developer/Xcode/DerivedData/Sonar-doqrqwtykddrsmapblpyjctvddmq/Build/Intermediates.noindex/EagerLinkingTBDs/Debug-iphonesimulator -F/Users/mh/Library/Developer/Xcode/DerivedData/Sonar-doqrqwtykddrsmapblpyjctvddmq/Build/Products/Debug-iphonesimulator/PackageFrameworks -F/Users/mh/Library/Developer/Xcode/DerivedData/Sonar-doqrqwtykddrsmapblpyjctvddmq/Build/Products/Debug-iphonesimulator/PackageFrameworks -F/Users/mh/Library/Developer/Xcode/DerivedData/Sonar-doqrqwtykddrsmapblpyjctvddmq/Build/Products/Debug-iphonesimulator/PackageFrameworks -F/Users/mh/Library/Developer/Xcode/DerivedData/Sonar-doqrqwtykddrsmapblpyjctvddmq/Build/Products/Debug-iphonesimulator -iframework /Applications/Xcode.app/Contents/Developer/Platforms/iPhoneSimulator.platform/Developer/Library/Frameworks -iframework /Applications/Xcode.app/Contents/Developer/Platforms/iPhoneSimulator.platform/Developer/SDKs/iPhoneSimulator26.5.sdk/Developer/Library/Frameworks -filelist /Users/mh/Library/Developer/Xcode/DerivedData/Sonar-doqrqwtykddrsmapblpyjctvddmq/Build/Intermediates.noindex/LiveKit.build/Debug-iphonesimulator/LiveKit.build/Objects-normal/arm64/LiveKit.LinkFileList -nostdlib -Xlinker -object_path_lto -Xlinker /Users/mh/Library/Developer/Xcode/DerivedData/Sonar-doqrqwtykddrsmapblpyjctvddmq/Build/Intermediates.noindex/LiveKit.build/Debug-iphonesimulator/LiveKit.build/Objects-normal/arm64/LiveKit_lto.o -Xlinker -no_deduplicate -Xlinker -objc_abi_version -Xlinker 2 -Xlinker -dependency_info -Xlinker /Users/mh/Library/Developer/Xcode/DerivedData/Sonar-doqrqwtykddrsmapblpyjctvddmq/Build/Intermediates.noindex/LiveKit.build/Debug-iphonesimulator/LiveKit.build/Objects-normal/arm64/LiveKit_dependency_info.dat -fobjc-link-runtime -L/Applications/Xcode.app/Contents/Developer/Toolchains/XcodeDefault.xctoolchain/usr/lib/swift/iphonesimulator -L/usr/lib/swift -Xlinker -add_ast_path -Xlinker /Users/mh/Library/Developer/Xcode/DerivedData/Sonar-doqrqwtykddrsmapblpyjctvddmq/Build/Intermediates.noindex/LiveKit.build/Debug-iphonesimulator/LiveKit.build/Objects-normal/arm64/LiveKit.swiftmodule @/Users/mh/Library/Developer/Xcode/DerivedData/Sonar-doqrqwtykddrsmapblpyjctvddmq/Build/Intermediates.noindex/LiveKit.build/Debug-iphonesimulator/LiveKit.build/Objects-normal/arm64/LiveKit-linker-args.resp -o /Users/mh/Library/Developer/Xcode/DerivedData/Sonar-doqrqwtykddrsmapblpyjctvddmq/Build/Products/Debug-iphonesimulator/LiveKit.o

RegisterExecutionPolicyException /Users/mh/Library/Developer/Xcode/DerivedData/Sonar-doqrqwtykddrsmapblpyjctvddmq/Build/Products/Debug-iphonesimulator/OrderedCollections.o (in target 'OrderedCollections' from project 'swift-collections')
    cd /Users/mh/Library/Developer/Xcode/DerivedData/Sonar-doqrqwtykddrsmapblpyjctvddmq/SourcePackages/checkouts/swift-collections
    builtin-RegisterExecutionPolicyException /Users/mh/Library/Developer/Xcode/DerivedData/Sonar-doqrqwtykddrsmapblpyjctvddmq/Build/Products/Debug-iphonesimulator/OrderedCollections.o

Ld /Users/mh/Library/Developer/Xcode/DerivedData/Sonar-doqrqwtykddrsmapblpyjctvddmq/Build/Products/Debug-iphonesimulator/Jinja.o normal (in target 'Jinja' from project 'Jinja')
    cd /Users/mh/Library/Developer/Xcode/DerivedData/Sonar-doqrqwtykddrsmapblpyjctvddmq/SourcePackages/checkouts/swift-jinja
    /Applications/Xcode.app/Contents/Developer/Toolchains/XcodeDefault.xctoolchain/usr/bin/clang -Xlinker -reproducible -target arm64-apple-ios16.0-simulator -r -isysroot /Applications/Xcode.app/Contents/Developer/Platforms/iPhoneSimulator.platform/Developer/SDKs/iPhoneSimulator26.5.sdk -O0 -w -F/Users/mh/Library/Developer/Xcode/DerivedData/Sonar-doqrqwtykddrsmapblpyjctvddmq/Build/Intermediates.noindex/EagerLinkingTBDs/Debug-iphonesimulator -F/Users/mh/Library/Developer/Xcode/DerivedData/Sonar-doqrqwtykddrsmapblpyjctvddmq/Build/Products/Debug-iphonesimulator/PackageFrameworks -F/Users/mh/Library/Developer/Xcode/DerivedData/Sonar-doqrqwtykddrsmapblpyjctvddmq/Build/Products/Debug-iphonesimulator/PackageFrameworks -F/Users/mh/Library/Developer/Xcode/DerivedData/Sonar-doqrqwtykddrsmapblpyjctvddmq/Build/Products/Debug-iphonesimulator -iframework /Applications/Xcode.app/Contents/Developer/Platforms/iPhoneSimulator.platform/Developer/Library/Frameworks -iframework /Applications/Xcode.app/Contents/Developer/Platforms/iPhoneSimulator.platform/Developer/SDKs/iPhoneSimulator26.5.sdk/Developer/Library/Frameworks -filelist /Users/mh/Library/Developer/Xcode/DerivedData/Sonar-doqrqwtykddrsmapblpyjctvddmq/Build/Intermediates.noindex/Jinja.build/Debug-iphonesimulator/Jinja.build/Objects-normal/arm64/Jinja.LinkFileList -nostdlib -Xlinker -object_path_lto -Xlinker /Users/mh/Library/Developer/Xcode/DerivedData/Sonar-doqrqwtykddrsmapblpyjctvddmq/Build/Intermediates.noindex/Jinja.build/Debug-iphonesimulator/Jinja.build/Objects-normal/arm64/Jinja_lto.o -Xlinker -no_deduplicate -Xlinker -objc_abi_version -Xlinker 2 -Xlinker -dependency_info -Xlinker /Users/mh/Library/Developer/Xcode/DerivedData/Sonar-doqrqwtykddrsmapblpyjctvddmq/Build/Intermediates.noindex/Jinja.build/Debug-iphonesimulator/Jinja.build/Objects-normal/arm64/Jinja_dependency_info.dat -fobjc-link-runtime -L/Applications/Xcode.app/Contents/Developer/Toolchains/XcodeDefault.xctoolchain/usr/lib/swift/iphonesimulator -L/usr/lib/swift -Xlinker -add_ast_path -Xlinker /Users/mh/Library/Developer/Xcode/DerivedData/Sonar-doqrqwtykddrsmapblpyjctvddmq/Build/Intermediates.noindex/Jinja.build/Debug-iphonesimulator/Jinja.build/Objects-normal/arm64/Jinja.swiftmodule @/Users/mh/Library/Developer/Xcode/DerivedData/Sonar-doqrqwtykddrsmapblpyjctvddmq/Build/Intermediates.noindex/Jinja.build/Debug-iphonesimulator/Jinja.build/Objects-normal/arm64/Jinja-linker-args.resp -o /Users/mh/Library/Developer/Xcode/DerivedData/Sonar-doqrqwtykddrsmapblpyjctvddmq/Build/Products/Debug-iphonesimulator/Jinja.o

ExtractAppIntentsMetadata (in target 'Jinja' from project 'Jinja')
    cd /Users/mh/Library/Developer/Xcode/DerivedData/Sonar-doqrqwtykddrsmapblpyjctvddmq/SourcePackages/checkouts/swift-jinja
    /Applications/Xcode.app/Contents/Developer/Toolchains/XcodeDefault.xctoolchain/usr/bin/appintentsmetadataprocessor --toolchain-dir /Applications/Xcode.app/Contents/Developer/Toolchains/XcodeDefault.xctoolchain --module-name Jinja --sdk-root /Applications/Xcode.app/Contents/Developer/Platforms/iPhoneSimulator.platform/Developer/SDKs/iPhoneSimulator26.5.sdk --xcode-version 17F113 --platform-family iOS --deployment-target 16.0 --bundle-identifier swift-jinja.Jinja --output /Users/mh/Library/Developer/Xcode/DerivedData/Sonar-doqrqwtykddrsmapblpyjctvddmq/Build/Products/Debug-iphonesimulator/Jinja.appintents --target-triple arm64-apple-ios16.0-simulator --binary-file /Users/mh/Library/Developer/Xcode/DerivedData/Sonar-doqrqwtykddrsmapblpyjctvddmq/Build/Products/Debug-iphonesimulator/Jinja.o --dependency-file /Users/mh/Library/Developer/Xcode/DerivedData/Sonar-doqrqwtykddrsmapblpyjctvddmq/Build/Intermediates.noindex/Jinja.build/Debug-iphonesimulator/Jinja.build/Objects-normal/arm64/Jinja_dependency_info.dat --stringsdata-file /Users/mh/Library/Developer/Xcode/DerivedData/Sonar-doqrqwtykddrsmapblpyjctvddmq/Build/Intermediates.noindex/Jinja.build/Debug-iphonesimulator/Jinja.build/Objects-normal/arm64/ExtractedAppShortcutsMetadata.stringsdata --source-file-list /Users/mh/Library/Developer/Xcode/DerivedData/Sonar-doqrqwtykddrsmapblpyjctvddmq/Build/Intermediates.noindex/Jinja.build/Debug-iphonesimulator/Jinja.build/Objects-normal/arm64/Jinja.SwiftFileList --metadata-file-list /Users/mh/Library/Developer/Xcode/DerivedData/Sonar-doqrqwtykddrsmapblpyjctvddmq/Build/Intermediates.noindex/Jinja.build/Debug-iphonesimulator/Jinja.build/Jinja.DependencyMetadataFileList --static-metadata-file-list /Users/mh/Library/Developer/Xcode/DerivedData/Sonar-doqrqwtykddrsmapblpyjctvddmq/Build/Intermediates.noindex/Jinja.build/Debug-iphonesimulator/Jinja.build/Jinja.DependencyStaticMetadataFileList --swift-const-vals-list /Users/mh/Library/Developer/Xcode/DerivedData/Sonar-doqrqwtykddrsmapblpyjctvddmq/Build/Intermediates.noindex/Jinja.build/Debug-iphonesimulator/Jinja.build/Objects-normal/arm64/Jinja.SwiftConstValuesFileList --force --compile-time-extraction --deployment-aware-processing --validate-assistant-intents --no-app-shortcuts-localization
2026-08-10 00:31:51.991 appintentsmetadataprocessor[83881:2316291] Starting appintentsmetadataprocessor export
2026-08-10 00:31:52.000 appintentsmetadataprocessor[83881:2316291] Extracted no relevant App Intents symbols, skipping writing output

RegisterExecutionPolicyException /Users/mh/Library/Developer/Xcode/DerivedData/Sonar-doqrqwtykddrsmapblpyjctvddmq/Build/Products/Debug-iphonesimulator/Jinja.o (in target 'Jinja' from project 'Jinja')
    cd /Users/mh/Library/Developer/Xcode/DerivedData/Sonar-doqrqwtykddrsmapblpyjctvddmq/SourcePackages/checkouts/swift-jinja
    builtin-RegisterExecutionPolicyException /Users/mh/Library/Developer/Xcode/DerivedData/Sonar-doqrqwtykddrsmapblpyjctvddmq/Build/Products/Debug-iphonesimulator/Jinja.o

Ld /Users/mh/Library/Developer/Xcode/DerivedData/Sonar-doqrqwtykddrsmapblpyjctvddmq/Build/Products/Debug-iphonesimulator/Hub.o normal (in target 'Hub' from project 'swift-transformers')
    cd /Users/mh/Library/Developer/Xcode/DerivedData/Sonar-doqrqwtykddrsmapblpyjctvddmq/SourcePackages/checkouts/swift-transformers
    /Applications/Xcode.app/Contents/Developer/Toolchains/XcodeDefault.xctoolchain/usr/bin/clang -Xlinker -reproducible -target arm64-apple-ios16.0-simulator -r -isysroot /Applications/Xcode.app/Contents/Developer/Platforms/iPhoneSimulator.platform/Developer/SDKs/iPhoneSimulator26.5.sdk -O0 -w -F/Users/mh/Library/Developer/Xcode/DerivedData/Sonar-doqrqwtykddrsmapblpyjctvddmq/Build/Intermediates.noindex/EagerLinkingTBDs/Debug-iphonesimulator -F/Users/mh/Library/Developer/Xcode/DerivedData/Sonar-doqrqwtykddrsmapblpyjctvddmq/Build/Products/Debug-iphonesimulator/PackageFrameworks -F/Users/mh/Library/Developer/Xcode/DerivedData/Sonar-doqrqwtykddrsmapblpyjctvddmq/Build/Products/Debug-iphonesimulator/PackageFrameworks -F/Users/mh/Library/Developer/Xcode/DerivedData/Sonar-doqrqwtykddrsmapblpyjctvddmq/Build/Products/Debug-iphonesimulator/PackageFrameworks -F/Users/mh/Library/Developer/Xcode/DerivedData/Sonar-doqrqwtykddrsmapblpyjctvddmq/Build/Products/Debug-iphonesimulator/PackageFrameworks -F/Users/mh/Library/Developer/Xcode/DerivedData/Sonar-doqrqwtykddrsmapblpyjctvddmq/Build/Products/Debug-iphonesimulator/PackageFrameworks -F/Users/mh/Library/Developer/Xcode/DerivedData/Sonar-doqrqwtykddrsmapblpyjctvddmq/Build/Products/Debug-iphonesimulator -iframework /Applications/Xcode.app/Contents/Developer/Platforms/iPhoneSimulator.platform/Developer/Library/Frameworks -iframework /Applications/Xcode.app/Contents/Developer/Platforms/iPhoneSimulator.platform/Developer/SDKs/iPhoneSimulator26.5.sdk/Developer/Library/Frameworks -filelist /Users/mh/Library/Developer/Xcode/DerivedData/Sonar-doqrqwtykddrsmapblpyjctvddmq/Build/Intermediates.noindex/swift-transformers.build/Debug-iphonesimulator/Hub.build/Objects-normal/arm64/Hub.LinkFileList -nostdlib -Xlinker -object_path_lto -Xlinker /Users/mh/Library/Developer/Xcode/DerivedData/Sonar-doqrqwtykddrsmapblpyjctvddmq/Build/Intermediates.noindex/swift-transformers.build/Debug-iphonesimulator/Hub.build/Objects-normal/arm64/Hub_lto.o -Xlinker -no_deduplicate -Xlinker -objc_abi_version -Xlinker 2 -Xlinker -dependency_info -Xlinker /Users/mh/Library/Developer/Xcode/DerivedData/Sonar-doqrqwtykddrsmapblpyjctvddmq/Build/Intermediates.noindex/swift-transformers.build/Debug-iphonesimulator/Hub.build/Objects-normal/arm64/Hub_dependency_info.dat -fobjc-link-runtime -L/Applications/Xcode.app/Contents/Developer/Toolchains/XcodeDefault.xctoolchain/usr/lib/swift/iphonesimulator -L/usr/lib/swift -Xlinker -add_ast_path -Xlinker /Users/mh/Library/Developer/Xcode/DerivedData/Sonar-doqrqwtykddrsmapblpyjctvddmq/Build/Intermediates.noindex/swift-transformers.build/Debug-iphonesimulator/Hub.build/Objects-normal/arm64/Hub.swiftmodule @/Users/mh/Library/Developer/Xcode/DerivedData/Sonar-doqrqwtykddrsmapblpyjctvddmq/Build/Intermediates.noindex/swift-transformers.build/Debug-iphonesimulator/Hub.build/Objects-normal/arm64/Hub-linker-args.resp -o /Users/mh/Library/Developer/Xcode/DerivedData/Sonar-doqrqwtykddrsmapblpyjctvddmq/Build/Products/Debug-iphonesimulator/Hub.o

ExtractAppIntentsMetadata (in target 'LiveKit' from project 'LiveKit')
    cd /Users/mh/Library/Developer/Xcode/DerivedData/Sonar-doqrqwtykddrsmapblpyjctvddmq/SourcePackages/checkouts/client-sdk-swift
    /Applications/Xcode.app/Contents/Developer/Toolchains/XcodeDefault.xctoolchain/usr/bin/appintentsmetadataprocessor --toolchain-dir /Applications/Xcode.app/Contents/Developer/Toolchains/XcodeDefault.xctoolchain --module-name LiveKit --sdk-root /Applications/Xcode.app/Contents/Developer/Platforms/iPhoneSimulator.platform/Developer/SDKs/iPhoneSimulator26.5.sdk --xcode-version 17F113 --platform-family iOS --deployment-target 13.0 --bundle-identifier client-sdk-swift.LiveKit --output /Users/mh/Library/Developer/Xcode/DerivedData/Sonar-doqrqwtykddrsmapblpyjctvddmq/Build/Products/Debug-iphonesimulator/LiveKit.appintents --target-triple arm64-apple-ios13.0-simulator --binary-file /Users/mh/Library/Developer/Xcode/DerivedData/Sonar-doqrqwtykddrsmapblpyjctvddmq/Build/Products/Debug-iphonesimulator/LiveKit.o --dependency-file /Users/mh/Library/Developer/Xcode/DerivedData/Sonar-doqrqwtykddrsmapblpyjctvddmq/Build/Intermediates.noindex/LiveKit.build/Debug-iphonesimulator/LiveKit.build/Objects-normal/arm64/LiveKit_dependency_info.dat --stringsdata-file /Users/mh/Library/Developer/Xcode/DerivedData/Sonar-doqrqwtykddrsmapblpyjctvddmq/Build/Intermediates.noindex/LiveKit.build/Debug-iphonesimulator/LiveKit.build/Objects-normal/arm64/ExtractedAppShortcutsMetadata.stringsdata --source-file-list /Users/mh/Library/Developer/Xcode/DerivedData/Sonar-doqrqwtykddrsmapblpyjctvddmq/Build/Intermediates.noindex/LiveKit.build/Debug-iphonesimulator/LiveKit.build/Objects-normal/arm64/LiveKit.SwiftFileList --metadata-file-list /Users/mh/Library/Developer/Xcode/DerivedData/Sonar-doqrqwtykddrsmapblpyjctvddmq/Build/Intermediates.noindex/LiveKit.build/Debug-iphonesimulator/LiveKit.build/LiveKit.DependencyMetadataFileList --static-metadata-file-list /Users/mh/Library/Developer/Xcode/DerivedData/Sonar-doqrqwtykddrsmapblpyjctvddmq/Build/Intermediates.noindex/LiveKit.build/Debug-iphonesimulator/LiveKit.build/LiveKit.DependencyStaticMetadataFileList --swift-const-vals-list /Users/mh/Library/Developer/Xcode/DerivedData/Sonar-doqrqwtykddrsmapblpyjctvddmq/Build/Intermediates.noindex/LiveKit.build/Debug-iphonesimulator/LiveKit.build/Objects-normal/arm64/LiveKit.SwiftConstValuesFileList --force --compile-time-extraction --deployment-aware-processing --validate-assistant-intents --no-app-shortcuts-localization
2026-08-10 00:31:52.054 appintentsmetadataprocessor[83885:2316305] Starting appintentsmetadataprocessor export
2026-08-10 00:31:52.085 appintentsmetadataprocessor[83885:2316305] Extracted no relevant App Intents symbols, skipping writing output

ExtractAppIntentsMetadata (in target 'Hub' from project 'swift-transformers')
    cd /Users/mh/Library/Developer/Xcode/DerivedData/Sonar-doqrqwtykddrsmapblpyjctvddmq/SourcePackages/checkouts/swift-transformers
    /Applications/Xcode.app/Contents/Developer/Toolchains/XcodeDefault.xctoolchain/usr/bin/appintentsmetadataprocessor --toolchain-dir /Applications/Xcode.app/Contents/Developer/Toolchains/XcodeDefault.xctoolchain --module-name Hub --sdk-root /Applications/Xcode.app/Contents/Developer/Platforms/iPhoneSimulator.platform/Developer/SDKs/iPhoneSimulator26.5.sdk --xcode-version 17F113 --platform-family iOS --deployment-target 16.0 --bundle-identifier swift-transformers.Hub --output /Users/mh/Library/Developer/Xcode/DerivedData/Sonar-doqrqwtykddrsmapblpyjctvddmq/Build/Products/Debug-iphonesimulator/Hub.appintents --target-triple arm64-apple-ios16.0-simulator --binary-file /Users/mh/Library/Developer/Xcode/DerivedData/Sonar-doqrqwtykddrsmapblpyjctvddmq/Build/Products/Debug-iphonesimulator/Hub.o --dependency-file /Users/mh/Library/Developer/Xcode/DerivedData/Sonar-doqrqwtykddrsmapblpyjctvddmq/Build/Intermediates.noindex/swift-transformers.build/Debug-iphonesimulator/Hub.build/Objects-normal/arm64/Hub_dependency_info.dat --stringsdata-file /Users/mh/Library/Developer/Xcode/DerivedData/Sonar-doqrqwtykddrsmapblpyjctvddmq/Build/Intermediates.noindex/swift-transformers.build/Debug-iphonesimulator/Hub.build/Objects-normal/arm64/ExtractedAppShortcutsMetadata.stringsdata --source-file-list /Users/mh/Library/Developer/Xcode/DerivedData/Sonar-doqrqwtykddrsmapblpyjctvddmq/Build/Intermediates.noindex/swift-transformers.build/Debug-iphonesimulator/Hub.build/Objects-normal/arm64/Hub.SwiftFileList --metadata-file-list /Users/mh/Library/Developer/Xcode/DerivedData/Sonar-doqrqwtykddrsmapblpyjctvddmq/Build/Intermediates.noindex/swift-transformers.build/Debug-iphonesimulator/Hub.build/Hub.DependencyMetadataFileList --static-metadata-file-list /Users/mh/Library/Developer/Xcode/DerivedData/Sonar-doqrqwtykddrsmapblpyjctvddmq/Build/Intermediates.noindex/swift-transformers.build/Debug-iphonesimulator/Hub.build/Hub.DependencyStaticMetadataFileList --swift-const-vals-list /Users/mh/Library/Developer/Xcode/DerivedData/Sonar-doqrqwtykddrsmapblpyjctvddmq/Build/Intermediates.noindex/swift-transformers.build/Debug-iphonesimulator/Hub.build/Objects-normal/arm64/Hub.SwiftConstValuesFileList --force --compile-time-extraction --deployment-aware-processing --validate-assistant-intents --no-app-shortcuts-localization
2026-08-10 00:31:52.063 appintentsmetadataprocessor[83887:2316317] Starting appintentsmetadataprocessor export
2026-08-10 00:31:52.069 appintentsmetadataprocessor[83887:2316317] Extracted no relevant App Intents symbols, skipping writing output

RegisterExecutionPolicyException /Users/mh/Library/Developer/Xcode/DerivedData/Sonar-doqrqwtykddrsmapblpyjctvddmq/Build/Products/Debug-iphonesimulator/Hub.o (in target 'Hub' from project 'swift-transformers')
    cd /Users/mh/Library/Developer/Xcode/DerivedData/Sonar-doqrqwtykddrsmapblpyjctvddmq/SourcePackages/checkouts/swift-transformers
    builtin-RegisterExecutionPolicyException /Users/mh/Library/Developer/Xcode/DerivedData/Sonar-doqrqwtykddrsmapblpyjctvddmq/Build/Products/Debug-iphonesimulator/Hub.o

Ld /Users/mh/Library/Developer/Xcode/DerivedData/Sonar-doqrqwtykddrsmapblpyjctvddmq/Build/Products/Debug-iphonesimulator/Tokenizers.o normal (in target 'Tokenizers' from project 'swift-transformers')
    cd /Users/mh/Library/Developer/Xcode/DerivedData/Sonar-doqrqwtykddrsmapblpyjctvddmq/SourcePackages/checkouts/swift-transformers
    /Applications/Xcode.app/Contents/Developer/Toolchains/XcodeDefault.xctoolchain/usr/bin/clang -Xlinker -reproducible -target arm64-apple-ios16.0-simulator -r -isysroot /Applications/Xcode.app/Contents/Developer/Platforms/iPhoneSimulator.platform/Developer/SDKs/iPhoneSimulator26.5.sdk -O0 -w -F/Users/mh/Library/Developer/Xcode/DerivedData/Sonar-doqrqwtykddrsmapblpyjctvddmq/Build/Intermediates.noindex/EagerLinkingTBDs/Debug-iphonesimulator -F/Users/mh/Library/Developer/Xcode/DerivedData/Sonar-doqrqwtykddrsmapblpyjctvddmq/Build/Products/Debug-iphonesimulator/PackageFrameworks -F/Users/mh/Library/Developer/Xcode/DerivedData/Sonar-doqrqwtykddrsmapblpyjctvddmq/Build/Products/Debug-iphonesimulator/PackageFrameworks -F/Users/mh/Library/Developer/Xcode/DerivedData/Sonar-doqrqwtykddrsmapblpyjctvddmq/Build/Products/Debug-iphonesimulator/PackageFrameworks -F/Users/mh/Library/Developer/Xcode/DerivedData/Sonar-doqrqwtykddrsmapblpyjctvddmq/Build/Products/Debug-iphonesimulator/PackageFrameworks -F/Users/mh/Library/Developer/Xcode/DerivedData/Sonar-doqrqwtykddrsmapblpyjctvddmq/Build/Products/Debug-iphonesimulator/PackageFrameworks -F/Users/mh/Library/Developer/Xcode/DerivedData/Sonar-doqrqwtykddrsmapblpyjctvddmq/Build/Products/Debug-iphonesimulator/PackageFrameworks -F/Users/mh/Library/Developer/Xcode/DerivedData/Sonar-doqrqwtykddrsmapblpyjctvddmq/Build/Products/Debug-iphonesimulator -iframework /Applications/Xcode.app/Contents/Developer/Platforms/iPhoneSimulator.platform/Developer/Library/Frameworks -iframework /Applications/Xcode.app/Contents/Developer/Platforms/iPhoneSimulator.platform/Developer/SDKs/iPhoneSimulator26.5.sdk/Developer/Library/Frameworks -filelist /Users/mh/Library/Developer/Xcode/DerivedData/Sonar-doqrqwtykddrsmapblpyjctvddmq/Build/Intermediates.noindex/swift-transformers.build/Debug-iphonesimulator/Tokenizers.build/Objects-normal/arm64/Tokenizers.LinkFileList -nostdlib -Xlinker -object_path_lto -Xlinker /Users/mh/Library/Developer/Xcode/DerivedData/Sonar-doqrqwtykddrsmapblpyjctvddmq/Build/Intermediates.noindex/swift-transformers.build/Debug-iphonesimulator/Tokenizers.build/Objects-normal/arm64/Tokenizers_lto.o -Xlinker -no_deduplicate -Xlinker -objc_abi_version -Xlinker 2 -Xlinker -dependency_info -Xlinker /Users/mh/Library/Developer/Xcode/DerivedData/Sonar-doqrqwtykddrsmapblpyjctvddmq/Build/Intermediates.noindex/swift-transformers.build/Debug-iphonesimulator/Tokenizers.build/Objects-normal/arm64/Tokenizers_dependency_info.dat -fobjc-link-runtime -L/Applications/Xcode.app/Contents/Developer/Toolchains/XcodeDefault.xctoolchain/usr/lib/swift/iphonesimulator -L/usr/lib/swift -Xlinker -add_ast_path -Xlinker /Users/mh/Library/Developer/Xcode/DerivedData/Sonar-doqrqwtykddrsmapblpyjctvddmq/Build/Intermediates.noindex/swift-transformers.build/Debug-iphonesimulator/Tokenizers.build/Objects-normal/arm64/Tokenizers.swiftmodule @/Users/mh/Library/Developer/Xcode/DerivedData/Sonar-doqrqwtykddrsmapblpyjctvddmq/Build/Intermediates.noindex/swift-transformers.build/Debug-iphonesimulator/Tokenizers.build/Objects-normal/arm64/Tokenizers-linker-args.resp -o /Users/mh/Library/Developer/Xcode/DerivedData/Sonar-doqrqwtykddrsmapblpyjctvddmq/Build/Products/Debug-iphonesimulator/Tokenizers.o

Ld /Users/mh/Library/Developer/Xcode/DerivedData/Sonar-doqrqwtykddrsmapblpyjctvddmq/Build/Products/Debug-iphonesimulator/ArgmaxCore.o normal (in target 'ArgmaxCore' from project 'whisperkit')
    cd /Users/mh/Library/Developer/Xcode/DerivedData/Sonar-doqrqwtykddrsmapblpyjctvddmq/SourcePackages/checkouts/argmax-oss-swift
    /Applications/Xcode.app/Contents/Developer/Toolchains/XcodeDefault.xctoolchain/usr/bin/clang -Xlinker -reproducible -target arm64-apple-ios16.0-simulator -r -isysroot /Applications/Xcode.app/Contents/Developer/Platforms/iPhoneSimulator.platform/Developer/SDKs/iPhoneSimulator26.5.sdk -O0 -w -F/Users/mh/Library/Developer/Xcode/DerivedData/Sonar-doqrqwtykddrsmapblpyjctvddmq/Build/Intermediates.noindex/EagerLinkingTBDs/Debug-iphonesimulator -F/Users/mh/Library/Developer/Xcode/DerivedData/Sonar-doqrqwtykddrsmapblpyjctvddmq/Build/Products/Debug-iphonesimulator/PackageFrameworks -F/Users/mh/Library/Developer/Xcode/DerivedData/Sonar-doqrqwtykddrsmapblpyjctvddmq/Build/Products/Debug-iphonesimulator/PackageFrameworks -F/Users/mh/Library/Developer/Xcode/DerivedData/Sonar-doqrqwtykddrsmapblpyjctvddmq/Build/Products/Debug-iphonesimulator/PackageFrameworks -F/Users/mh/Library/Developer/Xcode/DerivedData/Sonar-doqrqwtykddrsmapblpyjctvddmq/Build/Products/Debug-iphonesimulator/PackageFrameworks -F/Users/mh/Library/Developer/Xcode/DerivedData/Sonar-doqrqwtykddrsmapblpyjctvddmq/Build/Products/Debug-iphonesimulator/PackageFrameworks -F/Users/mh/Library/Developer/Xcode/DerivedData/Sonar-doqrqwtykddrsmapblpyjctvddmq/Build/Products/Debug-iphonesimulator/PackageFrameworks -F/Users/mh/Library/Developer/Xcode/DerivedData/Sonar-doqrqwtykddrsmapblpyjctvddmq/Build/Products/Debug-iphonesimulator -iframework /Applications/Xcode.app/Contents/Developer/Platforms/iPhoneSimulator.platform/Developer/Library/Frameworks -iframework /Applications/Xcode.app/Contents/Developer/Platforms/iPhoneSimulator.platform/Developer/SDKs/iPhoneSimulator26.5.sdk/Developer/Library/Frameworks -filelist /Users/mh/Library/Developer/Xcode/DerivedData/Sonar-doqrqwtykddrsmapblpyjctvddmq/Build/Intermediates.noindex/whisperkit.build/Debug-iphonesimulator/ArgmaxCore.build/Objects-normal/arm64/ArgmaxCore.LinkFileList -nostdlib -Xlinker -object_path_lto -Xlinker /Users/mh/Library/Developer/Xcode/DerivedData/Sonar-doqrqwtykddrsmapblpyjctvddmq/Build/Intermediates.noindex/whisperkit.build/Debug-iphonesimulator/ArgmaxCore.build/Objects-normal/arm64/ArgmaxCore_lto.o -Xlinker -no_deduplicate -Xlinker -objc_abi_version -Xlinker 2 -Xlinker -dependency_info -Xlinker /Users/mh/Library/Developer/Xcode/DerivedData/Sonar-doqrqwtykddrsmapblpyjctvddmq/Build/Intermediates.noindex/whisperkit.build/Debug-iphonesimulator/ArgmaxCore.build/Objects-normal/arm64/ArgmaxCore_dependency_info.dat -fobjc-link-runtime -L/Applications/Xcode.app/Contents/Developer/Toolchains/XcodeDefault.xctoolchain/usr/lib/swift/iphonesimulator -L/usr/lib/swift -Xlinker -add_ast_path -Xlinker /Users/mh/Library/Developer/Xcode/DerivedData/Sonar-doqrqwtykddrsmapblpyjctvddmq/Build/Intermediates.noindex/whisperkit.build/Debug-iphonesimulator/ArgmaxCore.build/Objects-normal/arm64/ArgmaxCore.swiftmodule @/Users/mh/Library/Developer/Xcode/DerivedData/Sonar-doqrqwtykddrsmapblpyjctvddmq/Build/Intermediates.noindex/whisperkit.build/Debug-iphonesimulator/ArgmaxCore.build/Objects-normal/arm64/ArgmaxCore-linker-args.resp -o /Users/mh/Library/Developer/Xcode/DerivedData/Sonar-doqrqwtykddrsmapblpyjctvddmq/Build/Products/Debug-iphonesimulator/ArgmaxCore.o

RegisterExecutionPolicyException /Users/mh/Library/Developer/Xcode/DerivedData/Sonar-doqrqwtykddrsmapblpyjctvddmq/Build/Products/Debug-iphonesimulator/LiveKit.o (in target 'LiveKit' from project 'LiveKit')
    cd /Users/mh/Library/Developer/Xcode/DerivedData/Sonar-doqrqwtykddrsmapblpyjctvddmq/SourcePackages/checkouts/client-sdk-swift
    builtin-RegisterExecutionPolicyException /Users/mh/Library/Developer/Xcode/DerivedData/Sonar-doqrqwtykddrsmapblpyjctvddmq/Build/Products/Debug-iphonesimulator/LiveKit.o

ExtractAppIntentsMetadata (in target 'ArgmaxCore' from project 'whisperkit')
    cd /Users/mh/Library/Developer/Xcode/DerivedData/Sonar-doqrqwtykddrsmapblpyjctvddmq/SourcePackages/checkouts/argmax-oss-swift
    /Applications/Xcode.app/Contents/Developer/Toolchains/XcodeDefault.xctoolchain/usr/bin/appintentsmetadataprocessor --toolchain-dir /Applications/Xcode.app/Contents/Developer/Toolchains/XcodeDefault.xctoolchain --module-name ArgmaxCore --sdk-root /Applications/Xcode.app/Contents/Developer/Platforms/iPhoneSimulator.platform/Developer/SDKs/iPhoneSimulator26.5.sdk --xcode-version 17F113 --platform-family iOS --deployment-target 16.0 --bundle-identifier argmax-oss-swift.ArgmaxCore --output /Users/mh/Library/Developer/Xcode/DerivedData/Sonar-doqrqwtykddrsmapblpyjctvddmq/Build/Products/Debug-iphonesimulator/ArgmaxCore.appintents --target-triple arm64-apple-ios16.0-simulator --binary-file /Users/mh/Library/Developer/Xcode/DerivedData/Sonar-doqrqwtykddrsmapblpyjctvddmq/Build/Products/Debug-iphonesimulator/ArgmaxCore.o --dependency-file /Users/mh/Library/Developer/Xcode/DerivedData/Sonar-doqrqwtykddrsmapblpyjctvddmq/Build/Intermediates.noindex/whisperkit.build/Debug-iphonesimulator/ArgmaxCore.build/Objects-normal/arm64/ArgmaxCore_dependency_info.dat --stringsdata-file /Users/mh/Library/Developer/Xcode/DerivedData/Sonar-doqrqwtykddrsmapblpyjctvddmq/Build/Intermediates.noindex/whisperkit.build/Debug-iphonesimulator/ArgmaxCore.build/Objects-normal/arm64/ExtractedAppShortcutsMetadata.stringsdata --source-file-list /Users/mh/Library/Developer/Xcode/DerivedData/Sonar-doqrqwtykddrsmapblpyjctvddmq/Build/Intermediates.noindex/whisperkit.build/Debug-iphonesimulator/ArgmaxCore.build/Objects-normal/arm64/ArgmaxCore.SwiftFileList --metadata-file-list /Users/mh/Library/Developer/Xcode/DerivedData/Sonar-doqrqwtykddrsmapblpyjctvddmq/Build/Intermediates.noindex/whisperkit.build/Debug-iphonesimulator/ArgmaxCore.build/ArgmaxCore.DependencyMetadataFileList --static-metadata-file-list /Users/mh/Library/Developer/Xcode/DerivedData/Sonar-doqrqwtykddrsmapblpyjctvddmq/Build/Intermediates.noindex/whisperkit.build/Debug-iphonesimulator/ArgmaxCore.build/ArgmaxCore.DependencyStaticMetadataFileList --swift-const-vals-list /Users/mh/Library/Developer/Xcode/DerivedData/Sonar-doqrqwtykddrsmapblpyjctvddmq/Build/Intermediates.noindex/whisperkit.build/Debug-iphonesimulator/ArgmaxCore.build/Objects-normal/arm64/ArgmaxCore.SwiftConstValuesFileList --force --compile-time-extraction --deployment-aware-processing --validate-assistant-intents --no-app-shortcuts-localization
2026-08-10 00:31:52.114 appintentsmetadataprocessor[83893:2316357] Starting appintentsmetadataprocessor export
2026-08-10 00:31:52.122 appintentsmetadataprocessor[83893:2316357] Extracted no relevant App Intents symbols, skipping writing output

ExtractAppIntentsMetadata (in target 'Tokenizers' from project 'swift-transformers')
    cd /Users/mh/Library/Developer/Xcode/DerivedData/Sonar-doqrqwtykddrsmapblpyjctvddmq/SourcePackages/checkouts/swift-transformers
    /Applications/Xcode.app/Contents/Developer/Toolchains/XcodeDefault.xctoolchain/usr/bin/appintentsmetadataprocessor --toolchain-dir /Applications/Xcode.app/Contents/Developer/Toolchains/XcodeDefault.xctoolchain --module-name Tokenizers --sdk-root /Applications/Xcode.app/Contents/Developer/Platforms/iPhoneSimulator.platform/Developer/SDKs/iPhoneSimulator26.5.sdk --xcode-version 17F113 --platform-family iOS --deployment-target 16.0 --bundle-identifier swift-transformers.Tokenizers --output /Users/mh/Library/Developer/Xcode/DerivedData/Sonar-doqrqwtykddrsmapblpyjctvddmq/Build/Products/Debug-iphonesimulator/Tokenizers.appintents --target-triple arm64-apple-ios16.0-simulator --binary-file /Users/mh/Library/Developer/Xcode/DerivedData/Sonar-doqrqwtykddrsmapblpyjctvddmq/Build/Products/Debug-iphonesimulator/Tokenizers.o --dependency-file /Users/mh/Library/Developer/Xcode/DerivedData/Sonar-doqrqwtykddrsmapblpyjctvddmq/Build/Intermediates.noindex/swift-transformers.build/Debug-iphonesimulator/Tokenizers.build/Objects-normal/arm64/Tokenizers_dependency_info.dat --stringsdata-file /Users/mh/Library/Developer/Xcode/DerivedData/Sonar-doqrqwtykddrsmapblpyjctvddmq/Build/Intermediates.noindex/swift-transformers.build/Debug-iphonesimulator/Tokenizers.build/Objects-normal/arm64/ExtractedAppShortcutsMetadata.stringsdata --source-file-list /Users/mh/Library/Developer/Xcode/DerivedData/Sonar-doqrqwtykddrsmapblpyjctvddmq/Build/Intermediates.noindex/swift-transformers.build/Debug-iphonesimulator/Tokenizers.build/Objects-normal/arm64/Tokenizers.SwiftFileList --metadata-file-list /Users/mh/Library/Developer/Xcode/DerivedData/Sonar-doqrqwtykddrsmapblpyjctvddmq/Build/Intermediates.noindex/swift-transformers.build/Debug-iphonesimulator/Tokenizers.build/Tokenizers.DependencyMetadataFileList --static-metadata-file-list /Users/mh/Library/Developer/Xcode/DerivedData/Sonar-doqrqwtykddrsmapblpyjctvddmq/Build/Intermediates.noindex/swift-transformers.build/Debug-iphonesimulator/Tokenizers.build/Tokenizers.DependencyStaticMetadataFileList --swift-const-vals-list /Users/mh/Library/Developer/Xcode/DerivedData/Sonar-doqrqwtykddrsmapblpyjctvddmq/Build/Intermediates.noindex/swift-transformers.build/Debug-iphonesimulator/Tokenizers.build/Objects-normal/arm64/Tokenizers.SwiftConstValuesFileList --force --compile-time-extraction --deployment-aware-processing --validate-assistant-intents --no-app-shortcuts-localization
2026-08-10 00:31:52.116 appintentsmetadataprocessor[83895:2316374] Starting appintentsmetadataprocessor export
2026-08-10 00:31:52.124 appintentsmetadataprocessor[83895:2316374] Extracted no relevant App Intents symbols, skipping writing output

RegisterExecutionPolicyException /Users/mh/Library/Developer/Xcode/DerivedData/Sonar-doqrqwtykddrsmapblpyjctvddmq/Build/Products/Debug-iphonesimulator/ArgmaxCore.o (in target 'ArgmaxCore' from project 'whisperkit')
    cd /Users/mh/Library/Developer/Xcode/DerivedData/Sonar-doqrqwtykddrsmapblpyjctvddmq/SourcePackages/checkouts/argmax-oss-swift
    builtin-RegisterExecutionPolicyException /Users/mh/Library/Developer/Xcode/DerivedData/Sonar-doqrqwtykddrsmapblpyjctvddmq/Build/Products/Debug-iphonesimulator/ArgmaxCore.o

RegisterExecutionPolicyException /Users/mh/Library/Developer/Xcode/DerivedData/Sonar-doqrqwtykddrsmapblpyjctvddmq/Build/Products/Debug-iphonesimulator/Tokenizers.o (in target 'Tokenizers' from project 'swift-transformers')
    cd /Users/mh/Library/Developer/Xcode/DerivedData/Sonar-doqrqwtykddrsmapblpyjctvddmq/SourcePackages/checkouts/swift-transformers
    builtin-RegisterExecutionPolicyException /Users/mh/Library/Developer/Xcode/DerivedData/Sonar-doqrqwtykddrsmapblpyjctvddmq/Build/Products/Debug-iphonesimulator/Tokenizers.o

Ld /Users/mh/Library/Developer/Xcode/DerivedData/Sonar-doqrqwtykddrsmapblpyjctvddmq/Build/Products/Debug-iphonesimulator/WhisperKit.o normal (in target 'WhisperKit' from project 'whisperkit')
    cd /Users/mh/Library/Developer/Xcode/DerivedData/Sonar-doqrqwtykddrsmapblpyjctvddmq/SourcePackages/checkouts/argmax-oss-swift
    /Applications/Xcode.app/Contents/Developer/Toolchains/XcodeDefault.xctoolchain/usr/bin/clang -Xlinker -reproducible -target arm64-apple-ios16.0-simulator -r -isysroot /Applications/Xcode.app/Contents/Developer/Platforms/iPhoneSimulator.platform/Developer/SDKs/iPhoneSimulator26.5.sdk -O0 -w -F/Users/mh/Library/Developer/Xcode/DerivedData/Sonar-doqrqwtykddrsmapblpyjctvddmq/Build/Intermediates.noindex/EagerLinkingTBDs/Debug-iphonesimulator -F/Users/mh/Library/Developer/Xcode/DerivedData/Sonar-doqrqwtykddrsmapblpyjctvddmq/Build/Products/Debug-iphonesimulator/PackageFrameworks -F/Users/mh/Library/Developer/Xcode/DerivedData/Sonar-doqrqwtykddrsmapblpyjctvddmq/Build/Products/Debug-iphonesimulator/PackageFrameworks -F/Users/mh/Library/Developer/Xcode/DerivedData/Sonar-doqrqwtykddrsmapblpyjctvddmq/Build/Products/Debug-iphonesimulator/PackageFrameworks -F/Users/mh/Library/Developer/Xcode/DerivedData/Sonar-doqrqwtykddrsmapblpyjctvddmq/Build/Products/Debug-iphonesimulator/PackageFrameworks -F/Users/mh/Library/Developer/Xcode/DerivedData/Sonar-doqrqwtykddrsmapblpyjctvddmq/Build/Products/Debug-iphonesimulator/PackageFrameworks -F/Users/mh/Library/Developer/Xcode/DerivedData/Sonar-doqrqwtykddrsmapblpyjctvddmq/Build/Products/Debug-iphonesimulator/PackageFrameworks -F/Users/mh/Library/Developer/Xcode/DerivedData/Sonar-doqrqwtykddrsmapblpyjctvddmq/Build/Products/Debug-iphonesimulator/PackageFrameworks -F/Users/mh/Library/Developer/Xcode/DerivedData/Sonar-doqrqwtykddrsmapblpyjctvddmq/Build/Products/Debug-iphonesimulator/PackageFrameworks -F/Users/mh/Library/Developer/Xcode/DerivedData/Sonar-doqrqwtykddrsmapblpyjctvddmq/Build/Products/Debug-iphonesimulator -iframework /Applications/Xcode.app/Contents/Developer/Platforms/iPhoneSimulator.platform/Developer/Library/Frameworks -iframework /Applications/Xcode.app/Contents/Developer/Platforms/iPhoneSimulator.platform/Developer/SDKs/iPhoneSimulator26.5.sdk/Developer/Library/Frameworks -filelist /Users/mh/Library/Developer/Xcode/DerivedData/Sonar-doqrqwtykddrsmapblpyjctvddmq/Build/Intermediates.noindex/whisperkit.build/Debug-iphonesimulator/WhisperKit.build/Objects-normal/arm64/WhisperKit.LinkFileList -nostdlib -Xlinker -object_path_lto -Xlinker /Users/mh/Library/Developer/Xcode/DerivedData/Sonar-doqrqwtykddrsmapblpyjctvddmq/Build/Intermediates.noindex/whisperkit.build/Debug-iphonesimulator/WhisperKit.build/Objects-normal/arm64/WhisperKit_lto.o -Xlinker -no_deduplicate -Xlinker -objc_abi_version -Xlinker 2 -Xlinker -dependency_info -Xlinker /Users/mh/Library/Developer/Xcode/DerivedData/Sonar-doqrqwtykddrsmapblpyjctvddmq/Build/Intermediates.noindex/whisperkit.build/Debug-iphonesimulator/WhisperKit.build/Objects-normal/arm64/WhisperKit_dependency_info.dat -fobjc-link-runtime -L/Applications/Xcode.app/Contents/Developer/Toolchains/XcodeDefault.xctoolchain/usr/lib/swift/iphonesimulator -L/usr/lib/swift -Xlinker -add_ast_path -Xlinker /Users/mh/Library/Developer/Xcode/DerivedData/Sonar-doqrqwtykddrsmapblpyjctvddmq/Build/Intermediates.noindex/whisperkit.build/Debug-iphonesimulator/WhisperKit.build/Objects-normal/arm64/WhisperKit.swiftmodule @/Users/mh/Library/Developer/Xcode/DerivedData/Sonar-doqrqwtykddrsmapblpyjctvddmq/Build/Intermediates.noindex/whisperkit.build/Debug-iphonesimulator/WhisperKit.build/Objects-normal/arm64/WhisperKit-linker-args.resp -o /Users/mh/Library/Developer/Xcode/DerivedData/Sonar-doqrqwtykddrsmapblpyjctvddmq/Build/Products/Debug-iphonesimulator/WhisperKit.o

ExtractAppIntentsMetadata (in target 'WhisperKit' from project 'whisperkit')
    cd /Users/mh/Library/Developer/Xcode/DerivedData/Sonar-doqrqwtykddrsmapblpyjctvddmq/SourcePackages/checkouts/argmax-oss-swift
    /Applications/Xcode.app/Contents/Developer/Toolchains/XcodeDefault.xctoolchain/usr/bin/appintentsmetadataprocessor --toolchain-dir /Applications/Xcode.app/Contents/Developer/Toolchains/XcodeDefault.xctoolchain --module-name WhisperKit --sdk-root /Applications/Xcode.app/Contents/Developer/Platforms/iPhoneSimulator.platform/Developer/SDKs/iPhoneSimulator26.5.sdk --xcode-version 17F113 --platform-family iOS --deployment-target 16.0 --bundle-identifier argmax-oss-swift.WhisperKit --output /Users/mh/Library/Developer/Xcode/DerivedData/Sonar-doqrqwtykddrsmapblpyjctvddmq/Build/Products/Debug-iphonesimulator/WhisperKit.appintents --target-triple arm64-apple-ios16.0-simulator --binary-file /Users/mh/Library/Developer/Xcode/DerivedData/Sonar-doqrqwtykddrsmapblpyjctvddmq/Build/Products/Debug-iphonesimulator/WhisperKit.o --dependency-file /Users/mh/Library/Developer/Xcode/DerivedData/Sonar-doqrqwtykddrsmapblpyjctvddmq/Build/Intermediates.noindex/whisperkit.build/Debug-iphonesimulator/WhisperKit.build/Objects-normal/arm64/WhisperKit_dependency_info.dat --stringsdata-file /Users/mh/Library/Developer/Xcode/DerivedData/Sonar-doqrqwtykddrsmapblpyjctvddmq/Build/Intermediates.noindex/whisperkit.build/Debug-iphonesimulator/WhisperKit.build/Objects-normal/arm64/ExtractedAppShortcutsMetadata.stringsdata --source-file-list /Users/mh/Library/Developer/Xcode/DerivedData/Sonar-doqrqwtykddrsmapblpyjctvddmq/Build/Intermediates.noindex/whisperkit.build/Debug-iphonesimulator/WhisperKit.build/Objects-normal/arm64/WhisperKit.SwiftFileList --metadata-file-list /Users/mh/Library/Developer/Xcode/DerivedData/Sonar-doqrqwtykddrsmapblpyjctvddmq/Build/Intermediates.noindex/whisperkit.build/Debug-iphonesimulator/WhisperKit.build/WhisperKit.DependencyMetadataFileList --static-metadata-file-list /Users/mh/Library/Developer/Xcode/DerivedData/Sonar-doqrqwtykddrsmapblpyjctvddmq/Build/Intermediates.noindex/whisperkit.build/Debug-iphonesimulator/WhisperKit.build/WhisperKit.DependencyStaticMetadataFileList --swift-const-vals-list /Users/mh/Library/Developer/Xcode/DerivedData/Sonar-doqrqwtykddrsmapblpyjctvddmq/Build/Intermediates.noindex/whisperkit.build/Debug-iphonesimulator/WhisperKit.build/Objects-normal/arm64/WhisperKit.SwiftConstValuesFileList --force --compile-time-extraction --deployment-aware-processing --validate-assistant-intents --no-app-shortcuts-localization
2026-08-10 00:31:52.187 appintentsmetadataprocessor[83898:2316396] Starting appintentsmetadataprocessor export
2026-08-10 00:31:52.197 appintentsmetadataprocessor[83898:2316396] Extracted no relevant App Intents symbols, skipping writing output

RegisterExecutionPolicyException /Users/mh/Library/Developer/Xcode/DerivedData/Sonar-doqrqwtykddrsmapblpyjctvddmq/Build/Products/Debug-iphonesimulator/WhisperKit.o (in target 'WhisperKit' from project 'whisperkit')
    cd /Users/mh/Library/Developer/Xcode/DerivedData/Sonar-doqrqwtykddrsmapblpyjctvddmq/SourcePackages/checkouts/argmax-oss-swift
    builtin-RegisterExecutionPolicyException /Users/mh/Library/Developer/Xcode/DerivedData/Sonar-doqrqwtykddrsmapblpyjctvddmq/Build/Products/Debug-iphonesimulator/WhisperKit.o

Ld /Users/mh/Library/Developer/Xcode/DerivedData/Sonar-doqrqwtykddrsmapblpyjctvddmq/Build/Products/Debug-iphonesimulator/Sonar.app/__preview.dylib normal (in target 'Sonar' from project 'Sonar')
    cd /Users/mh/orca/workspaces/sonar-live-audio
    /Applications/Xcode.app/Contents/Developer/Toolchains/XcodeDefault.xctoolchain/usr/bin/clang -Xlinker -reproducible -target arm64-apple-ios18.0-simulator -dynamiclib -isysroot /Applications/Xcode.app/Contents/Developer/Platforms/iPhoneSimulator.platform/Developer/SDKs/iPhoneSimulator26.5.sdk -O0 -L/Users/mh/Library/Developer/Xcode/DerivedData/Sonar-doqrqwtykddrsmapblpyjctvddmq/Build/Products/Debug-iphonesimulator -F/Users/mh/Library/Developer/Xcode/DerivedData/Sonar-doqrqwtykddrsmapblpyjctvddmq/Build/Products/Debug-iphonesimulator/PackageFrameworks -F/Users/mh/Library/Developer/Xcode/DerivedData/Sonar-doqrqwtykddrsmapblpyjctvddmq/Build/Products/Debug-iphonesimulator/PackageFrameworks -F/Users/mh/Library/Developer/Xcode/DerivedData/Sonar-doqrqwtykddrsmapblpyjctvddmq/Build/Products/Debug-iphonesimulator/PackageFrameworks -F/Users/mh/Library/Developer/Xcode/DerivedData/Sonar-doqrqwtykddrsmapblpyjctvddmq/Build/Products/Debug-iphonesimulator/PackageFrameworks -F/Users/mh/Library/Developer/Xcode/DerivedData/Sonar-doqrqwtykddrsmapblpyjctvddmq/Build/Products/Debug-iphonesimulator/PackageFrameworks -F/Users/mh/Library/Developer/Xcode/DerivedData/Sonar-doqrqwtykddrsmapblpyjctvddmq/Build/Products/Debug-iphonesimulator/PackageFrameworks -F/Users/mh/Library/Developer/Xcode/DerivedData/Sonar-doqrqwtykddrsmapblpyjctvddmq/Build/Products/Debug-iphonesimulator/PackageFrameworks -F/Users/mh/Library/Developer/Xcode/DerivedData/Sonar-doqrqwtykddrsmapblpyjctvddmq/Build/Products/Debug-iphonesimulator/PackageFrameworks -F/Users/mh/Library/Developer/Xcode/DerivedData/Sonar-doqrqwtykddrsmapblpyjctvddmq/Build/Products/Debug-iphonesimulator/PackageFrameworks -F/Users/mh/Library/Developer/Xcode/DerivedData/Sonar-doqrqwtykddrsmapblpyjctvddmq/Build/Products/Debug-iphonesimulator/PackageFrameworks -F/Users/mh/Library/Developer/Xcode/DerivedData/Sonar-doqrqwtykddrsmapblpyjctvddmq/Build/Products/Debug-iphonesimulator/PackageFrameworks -F/Users/mh/Library/Developer/Xcode/DerivedData/Sonar-doqrqwtykddrsmapblpyjctvddmq/Build/Products/Debug-iphonesimulator/PackageFrameworks -F/Users/mh/Library/Developer/Xcode/DerivedData/Sonar-doqrqwtykddrsmapblpyjctvddmq/Build/Products/Debug-iphonesimulator/PackageFrameworks -F/Users/mh/Library/Developer/Xcode/DerivedData/Sonar-doqrqwtykddrsmapblpyjctvddmq/Build/Products/Debug-iphonesimulator -install_name @rpath/Sonar.debug.dylib -Xlinker -dead_strip -rdynamic -Xlinker -no_deduplicate -Xlinker -objc_abi_version -Xlinker 2 -Xlinker -dependency_info -Xlinker /Users/mh/Library/Developer/Xcode/DerivedData/Sonar-doqrqwtykddrsmapblpyjctvddmq/Build/Intermediates.noindex/Sonar.build/Debug-iphonesimulator/Sonar.build/Objects-normal/arm64/Sonar_dependency_info.dat -Xlinker -sectcreate -Xlinker __TEXT -Xlinker __entitlements -Xlinker /Users/mh/Library/Developer/Xcode/DerivedData/Sonar-doqrqwtykddrsmapblpyjctvddmq/Build/Intermediates.noindex/Sonar.build/Debug-iphonesimulator/Sonar.build/Sonar.app-Simulated.xcent -Xlinker -sectcreate -Xlinker __TEXT -Xlinker __ents_der -Xlinker /Users/mh/Library/Developer/Xcode/DerivedData/Sonar-doqrqwtykddrsmapblpyjctvddmq/Build/Intermediates.noindex/Sonar.build/Debug-iphonesimulator/Sonar.build/Sonar.app-Simulated.xcent.der -Xlinker -no_adhoc_codesign -o /Users/mh/Library/Developer/Xcode/DerivedData/Sonar-doqrqwtykddrsmapblpyjctvddmq/Build/Products/Debug-iphonesimulator/Sonar.app/__preview.dylib

ProcessInfoPlistFile /Users/mh/Library/Developer/Xcode/DerivedData/Sonar-doqrqwtykddrsmapblpyjctvddmq/Build/Products/Debug-iphonesimulator/Sonar.app/Info.plist /Users/mh/orca/workspaces/sonar-live-audio/sonar/Resources/Info.plist (in target 'Sonar' from project 'Sonar')
    cd /Users/mh/orca/workspaces/sonar-live-audio
    builtin-infoPlistUtility /Users/mh/orca/workspaces/sonar-live-audio/sonar/Resources/Info.plist -producttype com.apple.product-type.application -genpkginfo /Users/mh/Library/Developer/Xcode/DerivedData/Sonar-doqrqwtykddrsmapblpyjctvddmq/Build/Products/Debug-iphonesimulator/Sonar.app/PkgInfo -expandbuildsettings -format binary -platform iphonesimulator -additionalcontentfile /Users/mh/Library/Developer/Xcode/DerivedData/Sonar-doqrqwtykddrsmapblpyjctvddmq/Build/Intermediates.noindex/Sonar.build/Debug-iphonesimulator/Sonar.build/assetcatalog_generated_info.plist -scanforprivacyfile /Users/mh/Library/Developer/Xcode/DerivedData/Sonar-doqrqwtykddrsmapblpyjctvddmq/Build/Products/Debug-iphonesimulator/Sonar.app/Frameworks/LiveKitWebRTC.framework -scanforprivacyfile /Users/mh/Library/Developer/Xcode/DerivedData/Sonar-doqrqwtykddrsmapblpyjctvddmq/Build/Products/Debug-iphonesimulator/Sonar.app/LiveKit_LiveKit.bundle -scanforprivacyfile /Users/mh/Library/Developer/Xcode/DerivedData/Sonar-doqrqwtykddrsmapblpyjctvddmq/Build/Products/Debug-iphonesimulator/Sonar.app/SwiftProtobuf_SwiftProtobuf.bundle -scanforprivacyfile /Users/mh/Library/Developer/Xcode/DerivedData/Sonar-doqrqwtykddrsmapblpyjctvddmq/Build/Products/Debug-iphonesimulator/Sonar.app/swift-crypto_Crypto.bundle -scanforprivacyfile /Users/mh/Library/Developer/Xcode/DerivedData/Sonar-doqrqwtykddrsmapblpyjctvddmq/Build/Products/Debug-iphonesimulator/Sonar.app/swift-transformers_Hub.bundle -o /Users/mh/Library/Developer/Xcode/DerivedData/Sonar-doqrqwtykddrsmapblpyjctvddmq/Build/Products/Debug-iphonesimulator/Sonar.app/Info.plist

SwiftCompile normal arm64 Compiling\ Metrics.swift /Users/mh/orca/workspaces/sonar-live-audio/sonar/Core/Utilities/Metrics.swift (in target 'Sonar' from project 'Sonar')

SwiftCompile normal arm64 /Users/mh/orca/workspaces/sonar-live-audio/sonar/Core/Utilities/Metrics.swift (in target 'Sonar' from project 'Sonar')
    cd /Users/mh/orca/workspaces/sonar-live-audio
    

SwiftCompile normal arm64 Compiling\ LiveDataSheet.swift /Users/mh/orca/workspaces/sonar-live-audio/sonar/UI/LiveDataSheet.swift (in target 'Sonar' from project 'Sonar')
SwiftCompile normal arm64 /Users/mh/orca/workspaces/sonar-live-audio/sonar/UI/LiveDataSheet.swift (in target 'Sonar' from project 'Sonar')
    cd /Users/mh/orca/workspaces/sonar-live-audio
    

SwiftCompile normal arm64 Compiling\ AppState.swift /Users/mh/orca/workspaces/sonar-live-audio/sonar/App/AppState.swift (in target 'Sonar' from project 'Sonar')

SwiftCompile normal arm64 /Users/mh/orca/workspaces/sonar-live-audio/sonar/App/AppState.swift (in target 'Sonar' from project 'Sonar')
    cd /Users/mh/orca/workspaces/sonar-live-audio
    

SwiftCompile normal arm64 Compiling\ NearTransport.swift /Users/mh/orca/workspaces/sonar-live-audio/sonar/Core/Transport/NearTransport.swift (in target 'Sonar' from project 'Sonar')

SwiftCompile normal arm64 /Users/mh/orca/workspaces/sonar-live-audio/sonar/Core/Transport/NearTransport.swift (in target 'Sonar' from project 'Sonar')
    cd /Users/mh/orca/workspaces/sonar-live-audio
    
/Users/mh/orca/workspaces/sonar-live-audio/sonar/Core/Transport/NearTransport.swift:23:17: warning: stored property 'connectedSubject' of 'Sendable'-conforming class 'NearTransport' has non-Sendable type 'CurrentValueSubject<Bool, Never>'; this is an error in the Swift 6 language mode
    private let connectedSubject = CurrentValueSubject<Bool, Never>(false)
                ^
Combine.CurrentValueSubject:2:20: note: generic class 'CurrentValueSubject' does not conform to the 'Sendable' protocol
final public class CurrentValueSubject<Output, Failure> : Subject where Failure : Error {
                   ^
/Users/mh/orca/workspaces/sonar-live-audio/sonar/Core/Transport/NearTransport.swift:2:1: warning: add '@preconcurrency' to suppress 'Sendable'-related warnings from module 'Combine'
import Combine
^
@preconcurrency 
/Users/mh/orca/workspaces/sonar-live-audio/sonar/Core/Transport/NearTransport.swift:24:17: warning: stored property 'inboundPCMSubject' of 'Sendable'-conforming class 'NearTransport' has non-Sendable type 'PassthroughSubject<AVAudioPCMBuffer, Never>'; this is an error in the Swift 6 language mode
    private let inboundPCMSubject = PassthroughSubject<AVAudioPCMBuffer, Never>()
                ^
Combine.PassthroughSubject:2:20: note: generic class 'PassthroughSubject' does not conform to the 'Sendable' protocol
final public class PassthroughSubject<Output, Failure> : Subject where Failure : Error {
                   ^
/Users/mh/orca/workspaces/sonar-live-audio/sonar/Core/Transport/NearTransport.swift:25:17: warning: stored property 'inboundFrameSubject' of 'Sendable'-conforming class 'NearTransport' has non-Sendable type 'PassthroughSubject<AudioFrame, Never>'; this is an error in the Swift 6 language mode
    private let inboundFrameSubject = PassthroughSubject<AudioFrame, Never>()
                ^
Combine.PassthroughSubject:2:20: note: generic class 'PassthroughSubject' does not conform to the 'Sendable' protocol
final public class PassthroughSubject<Output, Failure> : Subject where Failure : Error {
                   ^
/Users/mh/orca/workspaces/sonar-live-audio/sonar/Core/Transport/NearTransport.swift:26:17: warning: stored property 'qualitySubject' of 'Sendable'-conforming class 'NearTransport' has non-Sendable type 'CurrentValueSubject<Double, Never>'; this is an error in the Swift 6 language mode
    private let qualitySubject = CurrentValueSubject<Double, Never>(0)
                ^
Combine.CurrentValueSubject:2:20: note: generic class 'CurrentValueSubject' does not conform to the 'Sendable' protocol
final public class CurrentValueSubject<Output, Failure> : Subject where Failure : Error {
                   ^
/Users/mh/orca/workspaces/sonar-live-audio/sonar/Core/Transport/NearTransport.swift:27:17: warning: stored property 'liveSubject' of 'Sendable'-conforming class 'NearTransport' has non-Sendable type 'CurrentValueSubject<Array<NearTransport.LiveMPCPeer>, Never>'; this is an error in the Swift 6 language mode
    private let liveSubject = CurrentValueSubject<[LiveMPCPeer], Never>([])
                ^
Combine.CurrentValueSubject:2:20: note: generic class 'CurrentValueSubject' does not conform to the 'Sendable' protocol
final public class CurrentValueSubject<Output, Failure> : Subject where Failure : Error {
                   ^
/Users/mh/orca/workspaces/sonar-live-audio/sonar/Core/Transport/NearTransport.swift:65:9: warning: stored property 'onReceivedNIToken' of 'Sendable'-conforming class 'NearTransport' is mutable; this is an error in the Swift 6 language mode
    var onReceivedNIToken: ((NIDiscoveryToken) -> Void)?
        ^

SwiftCompile normal arm64 Compiling\ LiveTranscriptionEngine.swift /Users/mh/orca/workspaces/sonar-live-audio/sonar/Core/Transcription/LiveTranscriptionEngine.swift (in target 'Sonar' from project 'Sonar')

SwiftCompile normal arm64 /Users/mh/orca/workspaces/sonar-live-audio/sonar/Core/Transcription/LiveTranscriptionEngine.swift (in target 'Sonar' from project 'Sonar')
    cd /Users/mh/orca/workspaces/sonar-live-audio
    

SwiftCompile normal arm64 Compiling\ SessionView.swift /Users/mh/orca/workspaces/sonar-live-audio/sonar/UI/SessionView.swift (in target 'Sonar' from project 'Sonar')
SwiftCompile normal arm64 /Users/mh/orca/workspaces/sonar-live-audio/sonar/UI/SessionView.swift (in target 'Sonar' from project 'Sonar')
    cd /Users/mh/orca/workspaces/sonar-live-audio
    

SwiftCompile normal arm64 Compiling\ SessionCoordinator.swift /Users/mh/orca/workspaces/sonar-live-audio/sonar/Core/Coordinator/SessionCoordinator.swift (in target 'Sonar' from project 'Sonar')

SwiftCompile normal arm64 /Users/mh/orca/workspaces/sonar-live-audio/sonar/Core/Coordinator/SessionCoordinator.swift (in target 'Sonar' from project 'Sonar')
    cd /Users/mh/orca/workspaces/sonar-live-audio
    

SwiftCompile normal arm64 Compiling\ SonioxSessionGovernor.swift /Users/mh/orca/workspaces/sonar-live-audio/sonar/Core/Transcription/SonioxSessionGovernor.swift (in target 'Sonar' from project 'Sonar')

SwiftCompile normal arm64 /Users/mh/orca/workspaces/sonar-live-audio/sonar/Core/Transcription/SonioxSessionGovernor.swift (in target 'Sonar' from project 'Sonar')
    cd /Users/mh/orca/workspaces/sonar-live-audio
    

SwiftCompile normal arm64 Compiling\ SonioxRealtimeTranscriber.swift /Users/mh/orca/workspaces/sonar-live-audio/sonar/Core/Transcription/SonioxRealtimeTranscriber.swift (in target 'Sonar' from project 'Sonar')

SwiftCompile normal arm64 /Users/mh/orca/workspaces/sonar-live-audio/sonar/Core/Transcription/SonioxRealtimeTranscriber.swift (in target 'Sonar' from project 'Sonar')
    cd /Users/mh/orca/workspaces/sonar-live-audio
    

SwiftEmitModule normal arm64 Emitting\ module\ for\ Sonar (in target 'Sonar' from project 'Sonar')

EmitSwiftModule normal arm64 (in target 'Sonar' from project 'Sonar')
    cd /Users/mh/orca/workspaces/sonar-live-audio
    
/Users/mh/orca/workspaces/sonar-live-audio/sonar/Core/Transport/BluetoothMeshTransport.swift:10:17: warning: stored property 'connectedSubject' of 'Sendable'-conforming class 'BluetoothMeshTransport' has non-Sendable type 'CurrentValueSubject<Bool, Never>'; this is an error in the Swift 6 language mode
    private let connectedSubject = CurrentValueSubject<Bool, Never>(false)
                ^
Combine.CurrentValueSubject:2:20: note: generic class 'CurrentValueSubject' does not conform to the 'Sendable' protocol
final public class CurrentValueSubject<Output, Failure> : Subject where Failure : Error {
                   ^
/Users/mh/orca/workspaces/sonar-live-audio/sonar/Core/Transport/BluetoothMeshTransport.swift:1:1: warning: add '@preconcurrency' to suppress 'Sendable'-related warnings from module 'Combine'
import Combine
^
@preconcurrency 
/Users/mh/orca/workspaces/sonar-live-audio/sonar/Core/Transport/BluetoothMeshTransport.swift:11:17: warning: stored property 'inboundSubject' of 'Sendable'-conforming class 'BluetoothMeshTransport' has non-Sendable type 'PassthroughSubject<AudioFrame, Never>'; this is an error in the Swift 6 language mode
    private let inboundSubject = PassthroughSubject<AudioFrame, Never>()
                ^
Combine.PassthroughSubject:2:20: note: generic class 'PassthroughSubject' does not conform to the 'Sendable' protocol
final public class PassthroughSubject<Output, Failure> : Subject where Failure : Error {
                   ^
/Users/mh/orca/workspaces/sonar-live-audio/sonar/Core/Transport/BluetoothMeshTransport.swift:12:17: warning: stored property 'liveSubject' of 'Sendable'-conforming class 'BluetoothMeshTransport' has non-Sendable type 'CurrentValueSubject<Array<BluetoothMeshTransport.LiveBLEPeer>, Never>'; this is an error in the Swift 6 language mode
    private let liveSubject = CurrentValueSubject<[LiveBLEPeer], Never>([])
                ^
Combine.CurrentValueSubject:2:20: note: generic class 'CurrentValueSubject' does not conform to the 'Sendable' protocol
final public class CurrentValueSubject<Output, Failure> : Subject where Failure : Error {
                   ^
/Users/mh/orca/workspaces/sonar-live-audio/sonar/Core/Transport/BluetoothMeshTransport.swift:34:17: warning: stored property 'discoveredPeripheralCache' of 'Sendable'-conforming class 'BluetoothMeshTransport' is mutable; this is an error in the Swift 6 language mode
    private var discoveredPeripheralCache: [String: LiveBLEPeer] = [:]
                ^
/Users/mh/orca/workspaces/sonar-live-audio/sonar/Core/Transport/FarTransport.swift:12:27: warning: conformance of 'FarTransport' to protocol 'Transport' crosses into main actor-isolated code and can cause data races; this is an error in the Swift 6 language mode
final class FarTransport: Transport, BondedPath {
                          ^
/Users/mh/orca/workspaces/sonar-live-audio/sonar/Core/Transport/FarTransport.swift:12:27: note: isolate this conformance to the main actor with '@MainActor'
final class FarTransport: Transport, BondedPath {
                          ^
                          @MainActor 
/Users/mh/orca/workspaces/sonar-live-audio/sonar/Core/Transport/FarTransport.swift:12:27: note: turn data races into runtime errors with '@preconcurrency'
final class FarTransport: Transport, BondedPath {
                          ^
                          @preconcurrency 
/Users/mh/orca/workspaces/sonar-live-audio/sonar/Core/Transport/FarTransport.swift:34:9: note: main actor-isolated property 'isConnected' cannot satisfy nonisolated requirement
    var isConnected: AnyPublisher<Bool, Never> {
        ^
/Users/mh/orca/workspaces/sonar-live-audio/sonar/Core/Transport/FarTransport.swift:38:9: note: main actor-isolated property 'inboundPCMFrames' cannot satisfy nonisolated requirement
    var inboundPCMFrames: AnyPublisher<AVAudioPCMBuffer, Never> {
        ^
/Users/mh/orca/workspaces/sonar-live-audio/sonar/Core/Transport/FarTransport.swift:46:9: note: main actor-isolated property 'qualityScore' cannot satisfy nonisolated requirement
    var qualityScore: AnyPublisher<Double, Never> {
        ^
/Users/mh/orca/workspaces/sonar-live-audio/sonar/Core/Transport/FarTransport.swift:12:38: warning: conformance of 'FarTransport' to protocol 'BondedPath' crosses into main actor-isolated code and can cause data races; this is an error in the Swift 6 language mode
final class FarTransport: Transport, BondedPath {
                                     ^
/Users/mh/orca/workspaces/sonar-live-audio/sonar/Core/Transport/FarTransport.swift:12:38: note: isolate this conformance to the main actor with '@MainActor'
final class FarTransport: Transport, BondedPath {
                                     ^
                                     @MainActor 
/Users/mh/orca/workspaces/sonar-live-audio/sonar/Core/Transport/FarTransport.swift:12:38: note: turn data races into runtime errors with '@preconcurrency'
final class FarTransport: Transport, BondedPath {
                                     ^
                                     @preconcurrency 
/Users/mh/orca/workspaces/sonar-live-audio/sonar/Core/Transport/FarTransport.swift:34:9: note: main actor-isolated property 'isConnected' cannot satisfy nonisolated requirement
    var isConnected: AnyPublisher<Bool, Never> {
        ^
/Users/mh/orca/workspaces/sonar-live-audio/sonar/Core/Transport/FarTransport.swift:42:9: note: main actor-isolated property 'inboundFrames' cannot satisfy nonisolated requirement
    var inboundFrames: AnyPublisher<AudioFrame, Never> {
        ^
/Users/mh/orca/workspaces/sonar-live-audio/sonar/Core/Transport/FarTransport.swift:25:9: note: main actor-isolated property 'estimatedCostPerByte' cannot satisfy nonisolated requirement
    var estimatedCostPerByte: Double {
        ^
/Users/mh/orca/workspaces/sonar-live-audio/sonar/Core/Transport/MPQUICTransport.swift:12:17: warning: stored property 'connectedSubject' of 'Sendable'-conforming class 'MPQUICTransport' has non-Sendable type 'CurrentValueSubject<Bool, Never>'; this is an error in the Swift 6 language mode
    private let connectedSubject = CurrentValueSubject<Bool, Never>(false)
                ^
Combine.CurrentValueSubject:2:20: note: generic class 'CurrentValueSubject' does not conform to the 'Sendable' protocol
final public class CurrentValueSubject<Output, Failure> : Subject where Failure : Error {
                   ^
/Users/mh/orca/workspaces/sonar-live-audio/sonar/Core/Transport/MPQUICTransport.swift:1:1: warning: add '@preconcurrency' to suppress 'Sendable'-related warnings from module 'Combine'
import Combine
^
@preconcurrency 
/Users/mh/orca/workspaces/sonar-live-audio/sonar/Core/Transport/MPQUICTransport.swift:13:17: warning: stored property 'inboundSubject' of 'Sendable'-conforming class 'MPQUICTransport' has non-Sendable type 'PassthroughSubject<AudioFrame, Never>'; this is an error in the Swift 6 language mode
    private let inboundSubject = PassthroughSubject<AudioFrame, Never>()
                ^
Combine.PassthroughSubject:2:20: note: generic class 'PassthroughSubject' does not conform to the 'Sendable' protocol
final public class PassthroughSubject<Output, Failure> : Subject where Failure : Error {
                   ^
/Users/mh/orca/workspaces/sonar-live-audio/sonar/Core/Transport/MPQUICTransport.swift:28:17: warning: stored property 'connection' of 'Sendable'-conforming class 'MPQUICTransport' is mutable; this is an error in the Swift 6 language mode
    private var connection: NWConnection?
                ^
/Users/mh/orca/workspaces/sonar-live-audio/sonar/Core/Transport/NearTransport.swift:23:17: warning: stored property 'connectedSubject' of 'Sendable'-conforming class 'NearTransport' has non-Sendable type 'CurrentValueSubject<Bool, Never>'; this is an error in the Swift 6 language mode
    private let connectedSubject = CurrentValueSubject<Bool, Never>(false)
                ^
Combine.CurrentValueSubject:2:20: note: generic class 'CurrentValueSubject' does not conform to the 'Sendable' protocol
final public class CurrentValueSubject<Output, Failure> : Subject where Failure : Error {
                   ^
/Users/mh/orca/workspaces/sonar-live-audio/sonar/Core/Transport/NearTransport.swift:2:1: warning: add '@preconcurrency' to suppress 'Sendable'-related warnings from module 'Combine'
import Combine
^
@preconcurrency 
/Users/mh/orca/workspaces/sonar-live-audio/sonar/Core/Transport/NearTransport.swift:24:17: warning: stored property 'inboundPCMSubject' of 'Sendable'-conforming class 'NearTransport' has non-Sendable type 'PassthroughSubject<AVAudioPCMBuffer, Never>'; this is an error in the Swift 6 language mode
    private let inboundPCMSubject = PassthroughSubject<AVAudioPCMBuffer, Never>()
                ^
Combine.PassthroughSubject:2:20: note: generic class 'PassthroughSubject' does not conform to the 'Sendable' protocol
final public class PassthroughSubject<Output, Failure> : Subject where Failure : Error {
                   ^
/Users/mh/orca/workspaces/sonar-live-audio/sonar/Core/Transport/NearTransport.swift:25:17: warning: stored property 'inboundFrameSubject' of 'Sendable'-conforming class 'NearTransport' has non-Sendable type 'PassthroughSubject<AudioFrame, Never>'; this is an error in the Swift 6 language mode
    private let inboundFrameSubject = PassthroughSubject<AudioFrame, Never>()
                ^
Combine.PassthroughSubject:2:20: note: generic class 'PassthroughSubject' does not conform to the 'Sendable' protocol
final public class PassthroughSubject<Output, Failure> : Subject where Failure : Error {
                   ^
/Users/mh/orca/workspaces/sonar-live-audio/sonar/Core/Transport/NearTransport.swift:26:17: warning: stored property 'qualitySubject' of 'Sendable'-conforming class 'NearTransport' has non-Sendable type 'CurrentValueSubject<Double, Never>'; this is an error in the Swift 6 language mode
    private let qualitySubject = CurrentValueSubject<Double, Never>(0)
                ^
Combine.CurrentValueSubject:2:20: note: generic class 'CurrentValueSubject' does not conform to the 'Sendable' protocol
final public class CurrentValueSubject<Output, Failure> : Subject where Failure : Error {
                   ^
/Users/mh/orca/workspaces/sonar-live-audio/sonar/Core/Transport/NearTransport.swift:27:17: warning: stored property 'liveSubject' of 'Sendable'-conforming class 'NearTransport' has non-Sendable type 'CurrentValueSubject<Array<NearTransport.LiveMPCPeer>, Never>'; this is an error in the Swift 6 language mode
    private let liveSubject = CurrentValueSubject<[LiveMPCPeer], Never>([])
                ^
Combine.CurrentValueSubject:2:20: note: generic class 'CurrentValueSubject' does not conform to the 'Sendable' protocol
final public class CurrentValueSubject<Output, Failure> : Subject where Failure : Error {
                   ^
/Users/mh/orca/workspaces/sonar-live-audio/sonar/Core/Transport/NearTransport.swift:65:9: warning: stored property 'onReceivedNIToken' of 'Sendable'-conforming class 'NearTransport' is mutable; this is an error in the Swift 6 language mode
    var onReceivedNIToken: ((NIDiscoveryToken) -> Void)?
        ^
/Users/mh/orca/workspaces/sonar-live-audio/sonar/Core/Transport/SimulatorRelayTransport.swift:31:38: warning: conformance of 'SimulatorRelayTransport' to protocol 'Transport' crosses into main actor-isolated code and can cause data races; this is an error in the Swift 6 language mode
final class SimulatorRelayTransport: Transport, BondedPath {
                                     ^
/Users/mh/orca/workspaces/sonar-live-audio/sonar/Core/Transport/SimulatorRelayTransport.swift:31:38: note: isolate this conformance to the main actor with '@MainActor'
final class SimulatorRelayTransport: Transport, BondedPath {
                                     ^
                                     @MainActor 
/Users/mh/orca/workspaces/sonar-live-audio/sonar/Core/Transport/SimulatorRelayTransport.swift:31:38: note: turn data races into runtime errors with '@preconcurrency'
final class SimulatorRelayTransport: Transport, BondedPath {
                                     ^
                                     @preconcurrency 
/Users/mh/orca/workspaces/sonar-live-audio/sonar/Core/Transport/SimulatorRelayTransport.swift:51:9: note: main actor-isolated property 'isConnected' cannot satisfy nonisolated requirement
    var isConnected: AnyPublisher<Bool, Never> {
        ^
/Users/mh/orca/workspaces/sonar-live-audio/sonar/Core/Transport/SimulatorRelayTransport.swift:55:9: note: main actor-isolated property 'inboundPCMFrames' cannot satisfy nonisolated requirement
    var inboundPCMFrames: AnyPublisher<AVAudioPCMBuffer, Never> {
        ^
/Users/mh/orca/workspaces/sonar-live-audio/sonar/Core/Transport/SimulatorRelayTransport.swift:63:9: note: main actor-isolated property 'qualityScore' cannot satisfy nonisolated requirement
    var qualityScore: AnyPublisher<Double, Never> {
        ^
/Users/mh/orca/workspaces/sonar-live-audio/sonar/Core/Transport/SimulatorRelayTransport.swift:31:49: warning: conformance of 'SimulatorRelayTransport' to protocol 'BondedPath' crosses into main actor-isolated code and can cause data races; this is an error in the Swift 6 language mode
final class SimulatorRelayTransport: Transport, BondedPath {
                                                ^
/Users/mh/orca/workspaces/sonar-live-audio/sonar/Core/Transport/SimulatorRelayTransport.swift:31:49: note: isolate this conformance to the main actor with '@MainActor'
final class SimulatorRelayTransport: Transport, BondedPath {
                                                ^
                                                @MainActor 
/Users/mh/orca/workspaces/sonar-live-audio/sonar/Core/Transport/SimulatorRelayTransport.swift:31:49: note: turn data races into runtime errors with '@preconcurrency'
final class SimulatorRelayTransport: Transport, BondedPath {
                                                ^
                                                @preconcurrency 
/Users/mh/orca/workspaces/sonar-live-audio/sonar/Core/Transport/SimulatorRelayTransport.swift:51:9: note: main actor-isolated property 'isConnected' cannot satisfy nonisolated requirement
    var isConnected: AnyPublisher<Bool, Never> {
        ^
/Users/mh/orca/workspaces/sonar-live-audio/sonar/Core/Transport/SimulatorRelayTransport.swift:59:9: note: main actor-isolated property 'inboundFrames' cannot satisfy nonisolated requirement
    var inboundFrames: AnyPublisher<AudioFrame, Never> {
        ^
/Users/mh/orca/workspaces/sonar-live-audio/sonar/Core/Transport/TailscaleTransport.swift:21:17: warning: stored property 'connectedSubject' of 'Sendable'-conforming class 'TailscaleTransport' has non-Sendable type 'CurrentValueSubject<Bool, Never>'; this is an error in the Swift 6 language mode
    private let connectedSubject = CurrentValueSubject<Bool, Never>(false)
                ^
Combine.CurrentValueSubject:2:20: note: generic class 'CurrentValueSubject' does not conform to the 'Sendable' protocol
final public class CurrentValueSubject<Output, Failure> : Subject where Failure : Error {
                   ^
/Users/mh/orca/workspaces/sonar-live-audio/sonar/Core/Transport/TailscaleTransport.swift:1:1: warning: add '@preconcurrency' to suppress 'Sendable'-related warnings from module 'Combine'
import Combine
^
@preconcurrency 
/Users/mh/orca/workspaces/sonar-live-audio/sonar/Core/Transport/TailscaleTransport.swift:22:17: warning: stored property 'inboundSubject' of 'Sendable'-conforming class 'TailscaleTransport' has non-Sendable type 'PassthroughSubject<AudioFrame, Never>'; this is an error in the Swift 6 language mode
    private let inboundSubject = PassthroughSubject<AudioFrame, Never>()
                ^
Combine.PassthroughSubject:2:20: note: generic class 'PassthroughSubject' does not conform to the 'Sendable' protocol
final public class PassthroughSubject<Output, Failure> : Subject where Failure : Error {
                   ^
/Users/mh/orca/workspaces/sonar-live-audio/sonar/Core/Transport/TailscaleTransport.swift:34:17: warning: stored property 'listener' of 'Sendable'-conforming class 'TailscaleTransport' is mutable; this is an error in the Swift 6 language mode
    private var listener: NWListener?
                ^

SwiftDriverJobDiscovery normal arm64 Compiling Metrics.swift (in target 'Sonar' from project 'Sonar')

SwiftCompile normal arm64 Compiling\ SettingsView.swift /Users/mh/orca/workspaces/sonar-live-audio/sonar/UI/SettingsView.swift (in target 'Sonar' from project 'Sonar')

SwiftCompile normal arm64 /Users/mh/orca/workspaces/sonar-live-audio/sonar/UI/SettingsView.swift (in target 'Sonar' from project 'Sonar')
    cd /Users/mh/orca/workspaces/sonar-live-audio
    

SwiftCompile normal arm64 Compiling\ AudioEngine.swift /Users/mh/orca/workspaces/sonar-live-audio/sonar/Core/Audio/AudioEngine.swift (in target 'Sonar' from project 'Sonar')

SwiftCompile normal arm64 /Users/mh/orca/workspaces/sonar-live-audio/sonar/Core/Audio/AudioEngine.swift (in target 'Sonar' from project 'Sonar')
    cd /Users/mh/orca/workspaces/sonar-live-audio
    
/Users/mh/orca/workspaces/sonar-live-audio/sonar/Core/Audio/AudioEngine.swift:60:14: warning: 'allowBluetooth' was deprecated in iOS 8.0: renamed to 'AVAudioSession.CategoryOptions.allowBluetoothHFP'
            .allowBluetooth,
             ^
/Users/mh/orca/workspaces/sonar-live-audio/sonar/Core/Audio/AudioEngine.swift:60:14: note: use 'AVAudioSession.CategoryOptions.allowBluetoothHFP' instead
            .allowBluetooth,
             ^~~~~~~~~~~~~~
             AVAudioSession.CategoryOptions.allowBluetoothHFP
/Users/mh/orca/workspaces/sonar-live-audio/sonar/Core/Audio/AudioEngine.swift:219:19: warning: call to main actor-isolated instance method 'handleInterruption' in a synchronous nonisolated context
            self?.handleInterruption(note)
                  ^
/Users/mh/orca/workspaces/sonar-live-audio/sonar/Core/Audio/AudioEngine.swift:238:18: note: calls to instance method 'handleInterruption' from outside of its actor context are implicitly asynchronous
    private func handleInterruption(_ note: Notification) {
                 ^
/Users/mh/orca/workspaces/sonar-live-audio/sonar/Core/Audio/AudioEngine.swift:226:19: warning: call to main actor-isolated instance method 'handleRouteChange' in a synchronous nonisolated context
            self?.handleRouteChange(note)
                  ^
/Users/mh/orca/workspaces/sonar-live-audio/sonar/Core/Audio/AudioEngine.swift:260:18: note: calls to instance method 'handleRouteChange' from outside of its actor context are implicitly asynchronous
    private func handleRouteChange(_ note: Notification) {
                 ^

SwiftDriverJobDiscovery normal arm64 Compiling SonioxSessionGovernor.swift (in target 'Sonar' from project 'Sonar')

SwiftDriverJobDiscovery normal arm64 Compiling AppState.swift (in target 'Sonar' from project 'Sonar')

SwiftCompile normal arm64 Compiling\ DistanceRingView.swift /Users/mh/orca/workspaces/sonar-live-audio/sonar/UI/DistanceRingView.swift (in target 'Sonar' from project 'Sonar')

SwiftCompile normal arm64 /Users/mh/orca/workspaces/sonar-live-audio/sonar/UI/DistanceRingView.swift (in target 'Sonar' from project 'Sonar')
    cd /Users/mh/orca/workspaces/sonar-live-audio
    

SwiftCompile normal arm64 Compiling\ WaveformView.swift /Users/mh/orca/workspaces/sonar-live-audio/sonar/UI/Components/WaveformView.swift (in target 'Sonar' from project 'Sonar')

SwiftCompile normal arm64 /Users/mh/orca/workspaces/sonar-live-audio/sonar/UI/Components/WaveformView.swift (in target 'Sonar' from project 'Sonar')
    cd /Users/mh/orca/workspaces/sonar-live-audio
    

SwiftCompile normal arm64 Compiling\ ConnectionGuideView.swift /Users/mh/orca/workspaces/sonar-live-audio/sonar/UI/ConnectionGuideView.swift (in target 'Sonar' from project 'Sonar')

SwiftCompile normal arm64 /Users/mh/orca/workspaces/sonar-live-audio/sonar/UI/ConnectionGuideView.swift (in target 'Sonar' from project 'Sonar')
    cd /Users/mh/orca/workspaces/sonar-live-audio
    

SwiftCompile normal arm64 Compiling\ ProfilePickerView.swift /Users/mh/orca/workspaces/sonar-live-audio/sonar/UI/ProfilePickerView.swift (in target 'Sonar' from project 'Sonar')

SwiftCompile normal arm64 /Users/mh/orca/workspaces/sonar-live-audio/sonar/UI/ProfilePickerView.swift (in target 'Sonar' from project 'Sonar')
    cd /Users/mh/orca/workspaces/sonar-live-audio
    

SwiftCompile normal arm64 Compiling\ DevicesView.swift /Users/mh/orca/workspaces/sonar-live-audio/sonar/UI/DevicesView.swift (in target 'Sonar' from project 'Sonar')

SwiftCompile normal arm64 /Users/mh/orca/workspaces/sonar-live-audio/sonar/UI/DevicesView.swift (in target 'Sonar' from project 'Sonar')
    cd /Users/mh/orca/workspaces/sonar-live-audio
    

SwiftCompile normal arm64 Compiling\ PairingService.swift /Users/mh/orca/workspaces/sonar-live-audio/sonar/Core/Pairing/PairingService.swift (in target 'Sonar' from project 'Sonar')

SwiftCompile normal arm64 /Users/mh/orca/workspaces/sonar-live-audio/sonar/Core/Pairing/PairingService.swift (in target 'Sonar' from project 'Sonar')
    cd /Users/mh/orca/workspaces/sonar-live-audio
    

SwiftDriverJobDiscovery normal arm64 Compiling NearTransport.swift (in target 'Sonar' from project 'Sonar')

SwiftCompile normal arm64 Compiling\ ConnectionStatusBadge.swift /Users/mh/orca/workspaces/sonar-live-audio/sonar/UI/ConnectionStatusBadge.swift (in target 'Sonar' from project 'Sonar')

SwiftCompile normal arm64 /Users/mh/orca/workspaces/sonar-live-audio/sonar/UI/ConnectionStatusBadge.swift (in target 'Sonar' from project 'Sonar')
    cd /Users/mh/orca/workspaces/sonar-live-audio
    

SwiftDriverJobDiscovery normal arm64 Compiling LiveTranscriptionEngine.swift (in target 'Sonar' from project 'Sonar')

SwiftCompile normal arm64 Compiling\ SonarApp.swift /Users/mh/orca/workspaces/sonar-live-audio/sonar/App/SonarApp.swift (in target 'Sonar' from project 'Sonar')

SwiftCompile normal arm64 /Users/mh/orca/workspaces/sonar-live-audio/sonar/App/SonarApp.swift (in target 'Sonar' from project 'Sonar')
    cd /Users/mh/orca/workspaces/sonar-live-audio
    

SwiftDriverJobDiscovery normal arm64 Compiling SonioxRealtimeTranscriber.swift (in target 'Sonar' from project 'Sonar')

SwiftCompile normal arm64 Compiling\ OnboardingView.swift /Users/mh/orca/workspaces/sonar-live-audio/sonar/UI/OnboardingView.swift (in target 'Sonar' from project 'Sonar')
SwiftCompile normal arm64 /Users/mh/orca/workspaces/sonar-live-audio/sonar/UI/OnboardingView.swift (in target 'Sonar' from project 'Sonar')
    cd /Users/mh/orca/workspaces/sonar-live-audio
    

SwiftDriverJobDiscovery normal arm64 Compiling SessionCoordinator.swift (in target 'Sonar' from project 'Sonar')

SwiftCompile normal arm64 Compiling\ PairingView.swift /Users/mh/orca/workspaces/sonar-live-audio/sonar/UI/PairingView.swift (in target 'Sonar' from project 'Sonar')

SwiftCompile normal arm64 /Users/mh/orca/workspaces/sonar-live-audio/sonar/UI/PairingView.swift (in target 'Sonar' from project 'Sonar')
    cd /Users/mh/orca/workspaces/sonar-live-audio
    

SwiftDriverJobDiscovery normal arm64 Compiling LiveDataSheet.swift (in target 'Sonar' from project 'Sonar')

SwiftCompile normal arm64 Compiling\ MainTabView.swift /Users/mh/orca/workspaces/sonar-live-audio/sonar/UI/MainTabView.swift (in target 'Sonar' from project 'Sonar')

SwiftCompile normal arm64 /Users/mh/orca/workspaces/sonar-live-audio/sonar/UI/MainTabView.swift (in target 'Sonar' from project 'Sonar')
    cd /Users/mh/orca/workspaces/sonar-live-audio
    

SwiftDriverJobDiscovery normal arm64 Compiling AudioEngine.swift (in target 'Sonar' from project 'Sonar')

SwiftCompile normal arm64 Compiling\ PairingTokenGenerator.swift /Users/mh/orca/workspaces/sonar-live-audio/sonar/Core/Pairing/PairingTokenGenerator.swift (in target 'Sonar' from project 'Sonar')

SwiftCompile normal arm64 /Users/mh/orca/workspaces/sonar-live-audio/sonar/Core/Pairing/PairingTokenGenerator.swift (in target 'Sonar' from project 'Sonar')
    cd /Users/mh/orca/workspaces/sonar-live-audio
    

SwiftDriverJobDiscovery normal arm64 Compiling PairingService.swift (in target 'Sonar' from project 'Sonar')

SwiftCompile normal arm64 Compiling\ AIAvatarBadge.swift /Users/mh/orca/workspaces/sonar-live-audio/sonar/UI/AIAvatarBadge.swift (in target 'Sonar' from project 'Sonar')

SwiftCompile normal arm64 /Users/mh/orca/workspaces/sonar-live-audio/sonar/UI/AIAvatarBadge.swift (in target 'Sonar' from project 'Sonar')
    cd /Users/mh/orca/workspaces/sonar-live-audio
    

SwiftDriverJobDiscovery normal arm64 Compiling WaveformView.swift (in target 'Sonar' from project 'Sonar')

SwiftDriverJobDiscovery normal arm64 Compiling DevicesView.swift (in target 'Sonar' from project 'Sonar')

SwiftDriverJobDiscovery normal arm64 Compiling DistanceRingView.swift (in target 'Sonar' from project 'Sonar')

SwiftDriverJobDiscovery normal arm64 Emitting module for Sonar (in target 'Sonar' from project 'Sonar')

SwiftDriver\ Compilation\ Requirements Sonar normal arm64 com.apple.xcode.tools.swift.compiler (in target 'Sonar' from project 'Sonar')
    cd /Users/mh/orca/workspaces/sonar-live-audio
    builtin-Swift-Compilation-Requirements -- /Applications/Xcode.app/Contents/Developer/Toolchains/XcodeDefault.xctoolchain/usr/bin/swiftc -module-name Sonar -Onone @/Users/mh/Library/Developer/Xcode/DerivedData/Sonar-doqrqwtykddrsmapblpyjctvddmq/Build/Intermediates.noindex/Sonar.build/Debug-iphonesimulator/Sonar.build/Objects-normal/arm64/Sonar.SwiftFileList -DDEBUG -DSONAR_VERBOSE_LOGGING -Xcc -fmodule-map-file\=/Users/mh/Library/Developer/Xcode/DerivedData/Sonar-doqrqwtykddrsmapblpyjctvddmq/Build/Intermediates.noindex/GeneratedModuleMaps-iphonesimulator/LKObjCHelpers.modulemap -Xcc -fmodule-map-file\=/Users/mh/Library/Developer/Xcode/DerivedData/Sonar-doqrqwtykddrsmapblpyjctvddmq/Build/Intermediates.noindex/GeneratedModuleMaps-iphonesimulator/yyjson.modulemap -enable-bare-slash-regex -enable-experimental-feature DebugDescriptionMacro -sdk /Applications/Xcode.app/Contents/Developer/Platforms/iPhoneSimulator.platform/Developer/SDKs/iPhoneSimulator26.5.sdk -target arm64-apple-ios18.0-simulator -g -module-cache-path /Users/mh/Library/Developer/Xcode/DerivedData/ModuleCache.noindex -Xfrontend -serialize-debugging-options -enable-testing -index-store-path /Users/mh/Library/Developer/Xcode/DerivedData/Sonar-doqrqwtykddrsmapblpyjctvddmq/Index.noindex/DataStore -Xcc -D_LIBCPP_HARDENING_MODE\=_LIBCPP_HARDENING_MODE_DEBUG -swift-version 5 -I /Users/mh/Library/Developer/Xcode/DerivedData/Sonar-doqrqwtykddrsmapblpyjctvddmq/Build/Products/Debug-iphonesimulator -F /Users/mh/Library/Developer/Xcode/DerivedData/Sonar-doqrqwtykddrsmapblpyjctvddmq/Build/Products/Debug-iphonesimulator/PackageFrameworks -F /Users/mh/Library/Developer/Xcode/DerivedData/Sonar-doqrqwtykddrsmapblpyjctvddmq/Build/Products/Debug-iphonesimulator/PackageFrameworks -F /Users/mh/Library/Developer/Xcode/DerivedData/Sonar-doqrqwtykddrsmapblpyjctvddmq/Build/Products/Debug-iphonesimulator/PackageFrameworks -F /Users/mh/Library/Developer/Xcode/DerivedData/Sonar-doqrqwtykddrsmapblpyjctvddmq/Build/Products/Debug-iphonesimulator/PackageFrameworks -F /Users/mh/Library/Developer/Xcode/DerivedData/Sonar-doqrqwtykddrsmapblpyjctvddmq/Build/Products/Debug-iphonesimulator/PackageFrameworks -F /Users/mh/Library/Developer/Xcode/DerivedData/Sonar-doqrqwtykddrsmapblpyjctvddmq/Build/Products/Debug-iphonesimulator/PackageFrameworks -F /Users/mh/Library/Developer/Xcode/DerivedData/Sonar-doqrqwtykddrsmapblpyjctvddmq/Build/Products/Debug-iphonesimulator/PackageFrameworks -F /Users/mh/Library/Developer/Xcode/DerivedData/Sonar-doqrqwtykddrsmapblpyjctvddmq/Build/Products/Debug-iphonesimulator/PackageFrameworks -F /Users/mh/Library/Developer/Xcode/DerivedData/Sonar-doqrqwtykddrsmapblpyjctvddmq/Build/Products/Debug-iphonesimulator/PackageFrameworks -F /Users/mh/Library/Developer/Xcode/DerivedData/Sonar-doqrqwtykddrsmapblpyjctvddmq/Build/Products/Debug-iphonesimulator/PackageFrameworks -F /Users/mh/Library/Developer/Xcode/DerivedData/Sonar-doqrqwtykddrsmapblpyjctvddmq/Build/Products/Debug-iphonesimulator/PackageFrameworks -F /Users/mh/Library/Developer/Xcode/DerivedData/Sonar-doqrqwtykddrsmapblpyjctvddmq/Build/Products/Debug-iphonesimulator/PackageFrameworks -F /Users/mh/Library/Developer/Xcode/DerivedData/Sonar-doqrqwtykddrsmapblpyjctvddmq/Build/Products/Debug-iphonesimulator/PackageFrameworks -F /Users/mh/Library/Developer/Xcode/DerivedData/Sonar-doqrqwtykddrsmapblpyjctvddmq/Build/Products/Debug-iphonesimulator -c -j14 -enable-batch-mode -incremental -Xcc -ivfsstatcache -Xcc /Users/mh/Library/Developer/Xcode/DerivedData/SDKStatCaches.noindex/iphonesimulator26.5-23F81a-6cfe768891a92b912361537c460fe42b.sdkstatcache -output-file-map /Users/mh/Library/Developer/Xcode/DerivedData/Sonar-doqrqwtykddrsmapblpyjctvddmq/Build/Intermediates.noindex/Sonar.build/Debug-iphonesimulator/Sonar.build/Objects-normal/arm64/Sonar-OutputFileMap.json -use-frontend-parseable-output -save-temps -no-color-diagnostics -explicit-module-build -module-cache-path /Users/mh/Library/Developer/Xcode/DerivedData/Sonar-doqrqwtykddrsmapblpyjctvddmq/Build/Intermediates.noindex/SwiftExplicitPrecompiledModules -clang-scanner-module-cache-path /Users/mh/Library/Developer/Xcode/DerivedData/ModuleCache.noindex -sdk-module-cache-path /Users/mh/Library/Developer/Xcode/DerivedData/ModuleCache.noindex -serialize-diagnostics -emit-dependencies -emit-module -emit-module-path /Users/mh/Library/Developer/Xcode/DerivedData/Sonar-doqrqwtykddrsmapblpyjctvddmq/Build/Intermediates.noindex/Sonar.build/Debug-iphonesimulator/Sonar.build/Objects-normal/arm64/Sonar.swiftmodule -validate-clang-modules-once -clang-build-session-file /Users/mh/Library/Developer/Xcode/DerivedData/ModuleCache.noindex/Session.modulevalidation -Xcc -I/Users/mh/Library/Developer/Xcode/DerivedData/Sonar-doqrqwtykddrsmapblpyjctvddmq/Build/Intermediates.noindex/Sonar.build/Debug-iphonesimulator/Sonar.build/swift-overrides.hmap -emit-const-values -Xfrontend -const-gather-protocols-file -Xfrontend /Users/mh/Library/Developer/Xcode/DerivedData/Sonar-doqrqwtykddrsmapblpyjctvddmq/Build/Intermediates.noindex/Sonar.build/Debug-iphonesimulator/Sonar.build/Objects-normal/arm64/Sonar_const_extract_protocols.json -Xcc -iquote -Xcc /Users/mh/Library/Developer/Xcode/DerivedData/Sonar-doqrqwtykddrsmapblpyjctvddmq/Build/Intermediates.noindex/Sonar.build/Debug-iphonesimulator/Sonar.build/Sonar-generated-files.hmap -Xcc -I/Users/mh/Library/Developer/Xcode/DerivedData/Sonar-doqrqwtykddrsmapblpyjctvddmq/Build/Intermediates.noindex/Sonar.build/Debug-iphonesimulator/Sonar.build/Sonar-own-target-headers.hmap -Xcc -I/Users/mh/Library/Developer/Xcode/DerivedData/Sonar-doqrqwtykddrsmapblpyjctvddmq/Build/Intermediates.noindex/Sonar.build/Debug-iphonesimulator/Sonar.build/Sonar-all-non-framework-target-headers.hmap -Xcc -ivfsoverlay -Xcc /Users/mh/Library/Developer/Xcode/DerivedData/Sonar-doqrqwtykddrsmapblpyjctvddmq/Build/Intermediates.noindex/Sonar.build/Debug-iphonesimulator/Sonar-db34dd30bb8c7f546ae4ba4641eb9b62-VFS-iphonesimulator/all-product-headers.yaml -Xcc -iquote -Xcc /Users/mh/Library/Developer/Xcode/DerivedData/Sonar-doqrqwtykddrsmapblpyjctvddmq/Build/Intermediates.noindex/Sonar.build/Debug-iphonesimulator/Sonar.build/Sonar-project-headers.hmap -Xcc -I/Users/mh/Library/Developer/Xcode/DerivedData/Sonar-doqrqwtykddrsmapblpyjctvddmq/SourcePackages/checkouts/client-sdk-swift/Sources/LKObjCHelpers/include -Xcc -I/Users/mh/Library/Developer/Xcode/DerivedData/Sonar-doqrqwtykddrsmapblpyjctvddmq/SourcePackages/checkouts/yyjson/src -Xcc -I/Users/mh/Library/Developer/Xcode/DerivedData/Sonar-doqrqwtykddrsmapblpyjctvddmq/Build/Products/Debug-iphonesimulator/include -Xcc -I/Users/mh/Library/Developer/Xcode/DerivedData/Sonar-doqrqwtykddrsmapblpyjctvddmq/Build/Intermediates.noindex/Sonar.build/Debug-iphonesimulator/Sonar.build/DerivedSources-normal/arm64 -Xcc -I/Users/mh/Library/Developer/Xcode/DerivedData/Sonar-doqrqwtykddrsmapblpyjctvddmq/Build/Intermediates.noindex/Sonar.build/Debug-iphonesimulator/Sonar.build/DerivedSources/arm64 -Xcc -I/Users/mh/Library/Developer/Xcode/DerivedData/Sonar-doqrqwtykddrsmapblpyjctvddmq/Build/Intermediates.noindex/Sonar.build/Debug-iphonesimulator/Sonar.build/DerivedSources -Xcc -DDEBUG\=1 -emit-objc-header -emit-objc-header-path /Users/mh/Library/Developer/Xcode/DerivedData/Sonar-doqrqwtykddrsmapblpyjctvddmq/Build/Intermediates.noindex/Sonar.build/Debug-iphonesimulator/Sonar.build/Objects-normal/arm64/Sonar-Swift.h -working-directory /Users/mh/orca/workspaces/sonar-live-audio -experimental-emit-module-separately -disable-cmo

Copy /Users/mh/Library/Developer/Xcode/DerivedData/Sonar-doqrqwtykddrsmapblpyjctvddmq/Build/Products/Debug-iphonesimulator/Sonar.swiftmodule/arm64-apple-ios-simulator.swiftmodule /Users/mh/Library/Developer/Xcode/DerivedData/Sonar-doqrqwtykddrsmapblpyjctvddmq/Build/Intermediates.noindex/Sonar.build/Debug-iphonesimulator/Sonar.build/Objects-normal/arm64/Sonar.swiftmodule (in target 'Sonar' from project 'Sonar')
    cd /Users/mh/orca/workspaces/sonar-live-audio
    builtin-copy -exclude .DS_Store -exclude CVS -exclude .svn -exclude .git -exclude .hg -resolve-src-symlinks -rename /Users/mh/Library/Developer/Xcode/DerivedData/Sonar-doqrqwtykddrsmapblpyjctvddmq/Build/Intermediates.noindex/Sonar.build/Debug-iphonesimulator/Sonar.build/Objects-normal/arm64/Sonar.swiftmodule /Users/mh/Library/Developer/Xcode/DerivedData/Sonar-doqrqwtykddrsmapblpyjctvddmq/Build/Products/Debug-iphonesimulator/Sonar.swiftmodule/arm64-apple-ios-simulator.swiftmodule

Copy /Users/mh/Library/Developer/Xcode/DerivedData/Sonar-doqrqwtykddrsmapblpyjctvddmq/Build/Products/Debug-iphonesimulator/Sonar.swiftmodule/arm64-apple-ios-simulator.swiftdoc /Users/mh/Library/Developer/Xcode/DerivedData/Sonar-doqrqwtykddrsmapblpyjctvddmq/Build/Intermediates.noindex/Sonar.build/Debug-iphonesimulator/Sonar.build/Objects-normal/arm64/Sonar.swiftdoc (in target 'Sonar' from project 'Sonar')
    cd /Users/mh/orca/workspaces/sonar-live-audio
    builtin-copy -exclude .DS_Store -exclude CVS -exclude .svn -exclude .git -exclude .hg -resolve-src-symlinks -rename /Users/mh/Library/Developer/Xcode/DerivedData/Sonar-doqrqwtykddrsmapblpyjctvddmq/Build/Intermediates.noindex/Sonar.build/Debug-iphonesimulator/Sonar.build/Objects-normal/arm64/Sonar.swiftdoc /Users/mh/Library/Developer/Xcode/DerivedData/Sonar-doqrqwtykddrsmapblpyjctvddmq/Build/Products/Debug-iphonesimulator/Sonar.swiftmodule/arm64-apple-ios-simulator.swiftdoc

Copy /Users/mh/Library/Developer/Xcode/DerivedData/Sonar-doqrqwtykddrsmapblpyjctvddmq/Build/Products/Debug-iphonesimulator/Sonar.swiftmodule/arm64-apple-ios-simulator.abi.json /Users/mh/Library/Developer/Xcode/DerivedData/Sonar-doqrqwtykddrsmapblpyjctvddmq/Build/Intermediates.noindex/Sonar.build/Debug-iphonesimulator/Sonar.build/Objects-normal/arm64/Sonar.abi.json (in target 'Sonar' from project 'Sonar')
    cd /Users/mh/orca/workspaces/sonar-live-audio
    builtin-copy -exclude .DS_Store -exclude CVS -exclude .svn -exclude .git -exclude .hg -resolve-src-symlinks -rename /Users/mh/Library/Developer/Xcode/DerivedData/Sonar-doqrqwtykddrsmapblpyjctvddmq/Build/Intermediates.noindex/Sonar.build/Debug-iphonesimulator/Sonar.build/Objects-normal/arm64/Sonar.abi.json /Users/mh/Library/Developer/Xcode/DerivedData/Sonar-doqrqwtykddrsmapblpyjctvddmq/Build/Products/Debug-iphonesimulator/Sonar.swiftmodule/arm64-apple-ios-simulator.abi.json

Copy /Users/mh/Library/Developer/Xcode/DerivedData/Sonar-doqrqwtykddrsmapblpyjctvddmq/Build/Products/Debug-iphonesimulator/Sonar.swiftmodule/Project/arm64-apple-ios-simulator.swiftsourceinfo /Users/mh/Library/Developer/Xcode/DerivedData/Sonar-doqrqwtykddrsmapblpyjctvddmq/Build/Intermediates.noindex/Sonar.build/Debug-iphonesimulator/Sonar.build/Objects-normal/arm64/Sonar.swiftsourceinfo (in target 'Sonar' from project 'Sonar')
    cd /Users/mh/orca/workspaces/sonar-live-audio
    builtin-copy -exclude .DS_Store -exclude CVS -exclude .svn -exclude .git -exclude .hg -resolve-src-symlinks -rename /Users/mh/Library/Developer/Xcode/DerivedData/Sonar-doqrqwtykddrsmapblpyjctvddmq/Build/Intermediates.noindex/Sonar.build/Debug-iphonesimulator/Sonar.build/Objects-normal/arm64/Sonar.swiftsourceinfo /Users/mh/Library/Developer/Xcode/DerivedData/Sonar-doqrqwtykddrsmapblpyjctvddmq/Build/Products/Debug-iphonesimulator/Sonar.swiftmodule/Project/arm64-apple-ios-simulator.swiftsourceinfo

SwiftDriverJobDiscovery normal arm64 Compiling ConnectionStatusBadge.swift (in target 'Sonar' from project 'Sonar')

SwiftDriverJobDiscovery normal arm64 Compiling SonarApp.swift (in target 'Sonar' from project 'Sonar')

SwiftDriver SonarTests normal arm64 com.apple.xcode.tools.swift.compiler (in target 'SonarTests' from project 'Sonar')
    cd /Users/mh/orca/workspaces/sonar-live-audio
    builtin-SwiftDriver -- /Applications/Xcode.app/Contents/Developer/Toolchains/XcodeDefault.xctoolchain/usr/bin/swiftc -module-name SonarTests -Onone @/Users/mh/Library/Developer/Xcode/DerivedData/Sonar-doqrqwtykddrsmapblpyjctvddmq/Build/Intermediates.noindex/Sonar.build/Debug-iphonesimulator/SonarTests.build/Objects-normal/arm64/SonarTests.SwiftFileList -DDEBUG -DSONAR_VERBOSE_LOGGING -Xcc -fmodule-map-file\=/Users/mh/Library/Developer/Xcode/DerivedData/Sonar-doqrqwtykddrsmapblpyjctvddmq/Build/Intermediates.noindex/GeneratedModuleMaps-iphonesimulator/LKObjCHelpers.modulemap -Xcc -fmodule-map-file\=/Users/mh/Library/Developer/Xcode/DerivedData/Sonar-doqrqwtykddrsmapblpyjctvddmq/Build/Intermediates.noindex/GeneratedModuleMaps-iphonesimulator/yyjson.modulemap -plugin-path /Applications/Xcode.app/Contents/Developer/Toolchains/XcodeDefault.xctoolchain/usr/lib/swift/host/plugins/testing -enable-bare-slash-regex -enable-experimental-feature DebugDescriptionMacro -sdk /Applications/Xcode.app/Contents/Developer/Platforms/iPhoneSimulator.platform/Developer/SDKs/iPhoneSimulator26.5.sdk -target arm64-apple-ios18.0-simulator -g -module-cache-path /Users/mh/Library/Developer/Xcode/DerivedData/ModuleCache.noindex -Xfrontend -serialize-debugging-options -enable-testing -index-store-path /Users/mh/Library/Developer/Xcode/DerivedData/Sonar-doqrqwtykddrsmapblpyjctvddmq/Index.noindex/DataStore -Xcc -D_LIBCPP_HARDENING_MODE\=_LIBCPP_HARDENING_MODE_DEBUG -swift-version 5 -I /Users/mh/Library/Developer/Xcode/DerivedData/Sonar-doqrqwtykddrsmapblpyjctvddmq/Build/Products/Debug-iphonesimulator -Isystem /Applications/Xcode.app/Contents/Developer/Platforms/iPhoneSimulator.platform/Developer/usr/lib -F /Users/mh/Library/Developer/Xcode/DerivedData/Sonar-doqrqwtykddrsmapblpyjctvddmq/Build/Products/Debug-iphonesimulator/PackageFrameworks -F /Users/mh/Library/Developer/Xcode/DerivedData/Sonar-doqrqwtykddrsmapblpyjctvddmq/Build/Products/Debug-iphonesimulator/PackageFrameworks -F /Users/mh/Library/Developer/Xcode/DerivedData/Sonar-doqrqwtykddrsmapblpyjctvddmq/Build/Products/Debug-iphonesimulator/PackageFrameworks -F /Users/mh/Library/Developer/Xcode/DerivedData/Sonar-doqrqwtykddrsmapblpyjctvddmq/Build/Products/Debug-iphonesimulator/PackageFrameworks -F /Users/mh/Library/Developer/Xcode/DerivedData/Sonar-doqrqwtykddrsmapblpyjctvddmq/Build/Products/Debug-iphonesimulator/PackageFrameworks -F /Users/mh/Library/Developer/Xcode/DerivedData/Sonar-doqrqwtykddrsmapblpyjctvddmq/Build/Products/Debug-iphonesimulator/PackageFrameworks -F /Users/mh/Library/Developer/Xcode/DerivedData/Sonar-doqrqwtykddrsmapblpyjctvddmq/Build/Products/Debug-iphonesimulator/PackageFrameworks -F /Users/mh/Library/Developer/Xcode/DerivedData/Sonar-doqrqwtykddrsmapblpyjctvddmq/Build/Products/Debug-iphonesimulator/PackageFrameworks -F /Users/mh/Library/Developer/Xcode/DerivedData/Sonar-doqrqwtykddrsmapblpyjctvddmq/Build/Products/Debug-iphonesimulator/PackageFrameworks -F /Users/mh/Library/Developer/Xcode/DerivedData/Sonar-doqrqwtykddrsmapblpyjctvddmq/Build/Products/Debug-iphonesimulator/PackageFrameworks -F /Users/mh/Library/Developer/Xcode/DerivedData/Sonar-doqrqwtykddrsmapblpyjctvddmq/Build/Products/Debug-iphonesimulator/PackageFrameworks -F /Users/mh/Library/Developer/Xcode/DerivedData/Sonar-doqrqwtykddrsmapblpyjctvddmq/Build/Products/Debug-iphonesimulator/PackageFrameworks -F /Users/mh/Library/Developer/Xcode/DerivedData/Sonar-doqrqwtykddrsmapblpyjctvddmq/Build/Products/Debug-iphonesimulator/PackageFrameworks -F /Users/mh/Library/Developer/Xcode/DerivedData/Sonar-doqrqwtykddrsmapblpyjctvddmq/Build/Products/Debug-iphonesimulator -F /Applications/Xcode.app/Contents/Developer/Platforms/iPhoneSimulator.platform/Developer/Library/Frameworks -F /Applications/Xcode.app/Contents/Developer/Platforms/iPhoneSimulator.platform/Developer/SDKs/iPhoneSimulator26.5.sdk/Developer/Library/Frameworks -c -j14 -enable-batch-mode -incremental -Xcc -ivfsstatcache -Xcc /Users/mh/Library/Developer/Xcode/DerivedData/SDKStatCaches.noindex/iphonesimulator26.5-23F81a-6cfe768891a92b912361537c460fe42b.sdkstatcache -output-file-map /Users/mh/Library/Developer/Xcode/DerivedData/Sonar-doqrqwtykddrsmapblpyjctvddmq/Build/Intermediates.noindex/Sonar.build/Debug-iphonesimulator/SonarTests.build/Objects-normal/arm64/SonarTests-OutputFileMap.json -use-frontend-parseable-output -save-temps -no-color-diagnostics -explicit-module-build -module-cache-path /Users/mh/Library/Developer/Xcode/DerivedData/Sonar-doqrqwtykddrsmapblpyjctvddmq/Build/Intermediates.noindex/SwiftExplicitPrecompiledModules -clang-scanner-module-cache-path /Users/mh/Library/Developer/Xcode/DerivedData/ModuleCache.noindex -sdk-module-cache-path /Users/mh/Library/Developer/Xcode/DerivedData/ModuleCache.noindex -serialize-diagnostics -emit-dependencies -emit-module -emit-module-path /Users/mh/Library/Developer/Xcode/DerivedData/Sonar-doqrqwtykddrsmapblpyjctvddmq/Build/Intermediates.noindex/Sonar.build/Debug-iphonesimulator/SonarTests.build/Objects-normal/arm64/SonarTests.swiftmodule -validate-clang-modules-once -clang-build-session-file /Users/mh/Library/Developer/Xcode/DerivedData/ModuleCache.noindex/Session.modulevalidation -Xcc -I/Users/mh/Library/Developer/Xcode/DerivedData/Sonar-doqrqwtykddrsmapblpyjctvddmq/Build/Intermediates.noindex/Sonar.build/Debug-iphonesimulator/SonarTests.build/swift-overrides.hmap -emit-const-values -Xfrontend -const-gather-protocols-file -Xfrontend /Users/mh/Library/Developer/Xcode/DerivedData/Sonar-doqrqwtykddrsmapblpyjctvddmq/Build/Intermediates.noindex/Sonar.build/Debug-iphonesimulator/SonarTests.build/Objects-normal/arm64/SonarTests_const_extract_protocols.json -Xcc -iquote -Xcc /Users/mh/Library/Developer/Xcode/DerivedData/Sonar-doqrqwtykddrsmapblpyjctvddmq/Build/Intermediates.noindex/Sonar.build/Debug-iphonesimulator/SonarTests.build/SonarTests-generated-files.hmap -Xcc -I/Users/mh/Library/Developer/Xcode/DerivedData/Sonar-doqrqwtykddrsmapblpyjctvddmq/Build/Intermediates.noindex/Sonar.build/Debug-iphonesimulator/SonarTests.build/SonarTests-own-target-headers.hmap -Xcc -I/Users/mh/Library/Developer/Xcode/DerivedData/Sonar-doqrqwtykddrsmapblpyjctvddmq/Build/Intermediates.noindex/Sonar.build/Debug-iphonesimulator/SonarTests.build/SonarTests-all-non-framework-target-headers.hmap -Xcc -ivfsoverlay -Xcc /Users/mh/Library/Developer/Xcode/DerivedData/Sonar-doqrqwtykddrsmapblpyjctvddmq/Build/Intermediates.noindex/Sonar.build/Debug-iphonesimulator/Sonar-db34dd30bb8c7f546ae4ba4641eb9b62-VFS-iphonesimulator/all-product-headers.yaml -Xcc -iquote -Xcc /Users/mh/Library/Developer/Xcode/DerivedData/Sonar-doqrqwtykddrsmapblpyjctvddmq/Build/Intermediates.noindex/Sonar.build/Debug-iphonesimulator/SonarTests.build/SonarTests-project-headers.hmap -Xcc -I/Users/mh/Library/Developer/Xcode/DerivedData/Sonar-doqrqwtykddrsmapblpyjctvddmq/SourcePackages/checkouts/client-sdk-swift/Sources/LKObjCHelpers/include -Xcc -I/Users/mh/Library/Developer/Xcode/DerivedData/Sonar-doqrqwtykddrsmapblpyjctvddmq/SourcePackages/checkouts/yyjson/src -Xcc -I/Users/mh/Library/Developer/Xcode/DerivedData/Sonar-doqrqwtykddrsmapblpyjctvddmq/Build/Products/Debug-iphonesimulator/include -Xcc -I/Users/mh/Library/Developer/Xcode/DerivedData/Sonar-doqrqwtykddrsmapblpyjctvddmq/Build/Intermediates.noindex/Sonar.build/Debug-iphonesimulator/SonarTests.build/DerivedSources-normal/arm64 -Xcc -I/Users/mh/Library/Developer/Xcode/DerivedData/Sonar-doqrqwtykddrsmapblpyjctvddmq/Build/Intermediates.noindex/Sonar.build/Debug-iphonesimulator/SonarTests.build/DerivedSources/arm64 -Xcc -I/Users/mh/Library/Developer/Xcode/DerivedData/Sonar-doqrqwtykddrsmapblpyjctvddmq/Build/Intermediates.noindex/Sonar.build/Debug-iphonesimulator/SonarTests.build/DerivedSources -Xcc -DDEBUG\=1 -emit-objc-header -emit-objc-header-path /Users/mh/Library/Developer/Xcode/DerivedData/Sonar-doqrqwtykddrsmapblpyjctvddmq/Build/Intermediates.noindex/Sonar.build/Debug-iphonesimulator/SonarTests.build/Objects-normal/arm64/SonarTests-Swift.h -working-directory /Users/mh/orca/workspaces/sonar-live-audio -experimental-emit-module-separately -disable-cmo

SwiftDriverJobDiscovery normal arm64 Compiling ProfilePickerView.swift (in target 'Sonar' from project 'Sonar')

SwiftDriverJobDiscovery normal arm64 Compiling PairingTokenGenerator.swift (in target 'Sonar' from project 'Sonar')

SwiftDriverJobDiscovery normal arm64 Compiling ConnectionGuideView.swift (in target 'Sonar' from project 'Sonar')

SwiftDriverJobDiscovery normal arm64 Compiling AIAvatarBadge.swift (in target 'Sonar' from project 'Sonar')

SwiftDriverJobDiscovery normal arm64 Compiling SettingsView.swift (in target 'Sonar' from project 'Sonar')

SwiftDriverJobDiscovery normal arm64 Compiling MainTabView.swift (in target 'Sonar' from project 'Sonar')

SwiftCompile normal arm64 Compiling\ DeviceCapabilitiesTests.swift,\ DistancePublisherTests.swift,\ DuplicateVoiceSuppressorMathTests.swift,\ E2ETransportTests.swift /Users/mh/orca/workspaces/sonar-live-audio/sonarTests/DeviceCapabilitiesTests.swift /Users/mh/orca/workspaces/sonar-live-audio/sonarTests/DistancePublisherTests.swift /Users/mh/orca/workspaces/sonar-live-audio/sonarTests/DuplicateVoiceSuppressorMathTests.swift /Users/mh/orca/workspaces/sonar-live-audio/sonarTests/E2ETransportTests.swift (in target 'SonarTests' from project 'Sonar')
SwiftCompile normal arm64 /Users/mh/orca/workspaces/sonar-live-audio/sonarTests/DeviceCapabilitiesTests.swift (in target 'SonarTests' from project 'Sonar')
    cd /Users/mh/orca/workspaces/sonar-live-audio
    

SwiftCompile normal arm64 /Users/mh/orca/workspaces/sonar-live-audio/sonarTests/DistancePublisherTests.swift (in target 'SonarTests' from project 'Sonar')
    cd /Users/mh/orca/workspaces/sonar-live-audio
    

SwiftCompile normal arm64 /Users/mh/orca/workspaces/sonar-live-audio/sonarTests/DuplicateVoiceSuppressorMathTests.swift (in target 'SonarTests' from project 'Sonar')
    cd /Users/mh/orca/workspaces/sonar-live-audio
    

SwiftCompile normal arm64 /Users/mh/orca/workspaces/sonar-live-audio/sonarTests/E2ETransportTests.swift (in target 'SonarTests' from project 'Sonar')
    cd /Users/mh/orca/workspaces/sonar-live-audio
    

SwiftCompile normal arm64 Compiling\ FECHonestyTests.swift,\ FarTransportTests.swift,\ FrameDeduplicatorTests.swift,\ JitterBufferTests.swift /Users/mh/orca/workspaces/sonar-live-audio/sonarTests/FECHonestyTests.swift /Users/mh/orca/workspaces/sonar-live-audio/sonarTests/FarTransportTests.swift /Users/mh/orca/workspaces/sonar-live-audio/sonarTests/FrameDeduplicatorTests.swift /Users/mh/orca/workspaces/sonar-live-audio/sonarTests/JitterBufferTests.swift (in target 'SonarTests' from project 'Sonar')

SwiftCompile normal arm64 /Users/mh/orca/workspaces/sonar-live-audio/sonarTests/FECHonestyTests.swift (in target 'SonarTests' from project 'Sonar')
    cd /Users/mh/orca/workspaces/sonar-live-audio
    

SwiftCompile normal arm64 /Users/mh/orca/workspaces/sonar-live-audio/sonarTests/FarTransportTests.swift (in target 'SonarTests' from project 'Sonar')
    cd /Users/mh/orca/workspaces/sonar-live-audio
    

SwiftCompile normal arm64 /Users/mh/orca/workspaces/sonar-live-audio/sonarTests/FrameDeduplicatorTests.swift (in target 'SonarTests' from project 'Sonar')
    cd /Users/mh/orca/workspaces/sonar-live-audio
    

SwiftCompile normal arm64 /Users/mh/orca/workspaces/sonar-live-audio/sonarTests/JitterBufferTests.swift (in target 'SonarTests' from project 'Sonar')
    cd /Users/mh/orca/workspaces/sonar-live-audio
    

SwiftCompile normal arm64 Compiling\ AILogicTests.swift,\ AppStateConnectionTypeTests.swift,\ AppStateTests.swift,\ AudioFrameTests.swift /Users/mh/orca/workspaces/sonar-live-audio/sonarTests/AILogicTests.swift /Users/mh/orca/workspaces/sonar-live-audio/sonarTests/AppStateConnectionTypeTests.swift /Users/mh/orca/workspaces/sonar-live-audio/sonarTests/AppStateTests.swift /Users/mh/orca/workspaces/sonar-live-audio/sonarTests/AudioFrameTests.swift (in target 'SonarTests' from project 'Sonar')

SwiftCompile normal arm64 /Users/mh/orca/workspaces/sonar-live-audio/sonarTests/AILogicTests.swift (in target 'SonarTests' from project 'Sonar')
    cd /Users/mh/orca/workspaces/sonar-live-audio
    

SwiftCompile normal arm64 /Users/mh/orca/workspaces/sonar-live-audio/sonarTests/AppStateConnectionTypeTests.swift (in target 'SonarTests' from project 'Sonar')
    cd /Users/mh/orca/workspaces/sonar-live-audio
    

SwiftCompile normal arm64 /Users/mh/orca/workspaces/sonar-live-audio/sonarTests/AppStateTests.swift (in target 'SonarTests' from project 'Sonar')
    cd /Users/mh/orca/workspaces/sonar-live-audio
    
/Users/mh/orca/workspaces/sonar-live-audio/sonarTests/AppStateTests.swift:151:25: warning: conformance of 'SessionCoordinatorTests.SpyFarTransport' to protocol 'BondedPath' crosses into main actor-isolated code and can cause data races; this is an error in the Swift 6 language mode
    private final class SpyFarTransport: FarTransporting, @unchecked Sendable {
                        ^
/Users/mh/orca/workspaces/sonar-live-audio/sonarTests/AppStateTests.swift:151:25: note: isolate this conformance to the main actor with '@MainActor'
    private final class SpyFarTransport: FarTransporting, @unchecked Sendable {
                        ^
                                         @MainActor 
/Users/mh/orca/workspaces/sonar-live-audio/sonarTests/AppStateTests.swift:151:25: note: turn data races into runtime errors with '@preconcurrency'
    private final class SpyFarTransport: FarTransporting, @unchecked Sendable {
                        ^
                                         @preconcurrency 
/Users/mh/orca/workspaces/sonar-live-audio/sonarTests/AppStateTests.swift:158:13: note: main actor-isolated property 'isConnected' cannot satisfy nonisolated requirement
        var isConnected: AnyPublisher<Bool, Never> {
            ^
/Users/mh/orca/workspaces/sonar-live-audio/sonarTests/AppStateTests.swift:162:13: note: main actor-isolated property 'inboundFrames' cannot satisfy nonisolated requirement
        var inboundFrames: AnyPublisher<AudioFrame, Never> {
            ^

SwiftCompile normal arm64 /Users/mh/orca/workspaces/sonar-live-audio/sonarTests/AudioFrameTests.swift (in target 'SonarTests' from project 'Sonar')
    cd /Users/mh/orca/workspaces/sonar-live-audio
    

SwiftCompile normal arm64 Compiling\ NearTransportPairingTests.swift,\ NvidiaRivaASRClientTests.swift,\ OpusCodingTests.swift,\ PairingServiceTests.swift /Users/mh/orca/workspaces/sonar-live-audio/sonarTests/NearTransportPairingTests.swift /Users/mh/orca/workspaces/sonar-live-audio/sonarTests/NvidiaRivaASRClientTests.swift /Users/mh/orca/workspaces/sonar-live-audio/sonarTests/OpusCodingTests.swift /Users/mh/orca/workspaces/sonar-live-audio/sonarTests/PairingServiceTests.swift (in target 'SonarTests' from project 'Sonar')

SwiftCompile normal arm64 /Users/mh/orca/workspaces/sonar-live-audio/sonarTests/NearTransportPairingTests.swift (in target 'SonarTests' from project 'Sonar')
    cd /Users/mh/orca/workspaces/sonar-live-audio
    

SwiftCompile normal arm64 /Users/mh/orca/workspaces/sonar-live-audio/sonarTests/NvidiaRivaASRClientTests.swift (in target 'SonarTests' from project 'Sonar')
    cd /Users/mh/orca/workspaces/sonar-live-audio
    

SwiftCompile normal arm64 /Users/mh/orca/workspaces/sonar-live-audio/sonarTests/OpusCodingTests.swift (in target 'SonarTests' from project 'Sonar')
    cd /Users/mh/orca/workspaces/sonar-live-audio
    

SwiftCompile normal arm64 /Users/mh/orca/workspaces/sonar-live-audio/sonarTests/PairingServiceTests.swift (in target 'SonarTests' from project 'Sonar')
    cd /Users/mh/orca/workspaces/sonar-live-audio
    

SwiftCompile normal arm64 Compiling\ KnownPeerStoreTests.swift,\ LatencyTests.swift,\ LivePeerDirectoryTests.swift,\ LiveTranscriptionEngineTests.swift /Users/mh/orca/workspaces/sonar-live-audio/sonarTests/KnownPeerStoreTests.swift /Users/mh/orca/workspaces/sonar-live-audio/sonarTests/LatencyTests.swift /Users/mh/orca/workspaces/sonar-live-audio/sonarTests/LivePeerDirectoryTests.swift /Users/mh/orca/workspaces/sonar-live-audio/sonarTests/LiveTranscriptionEngineTests.swift (in target 'SonarTests' from project 'Sonar')
SwiftCompile normal arm64 /Users/mh/orca/workspaces/sonar-live-audio/sonarTests/KnownPeerStoreTests.swift (in target 'SonarTests' from project 'Sonar')
    cd /Users/mh/orca/workspaces/sonar-live-audio
    

SwiftCompile normal arm64 /Users/mh/orca/workspaces/sonar-live-audio/sonarTests/LatencyTests.swift (in target 'SonarTests' from project 'Sonar')
    cd /Users/mh/orca/workspaces/sonar-live-audio
    

SwiftCompile normal arm64 /Users/mh/orca/workspaces/sonar-live-audio/sonarTests/LivePeerDirectoryTests.swift (in target 'SonarTests' from project 'Sonar')
    cd /Users/mh/orca/workspaces/sonar-live-audio
    

SwiftCompile normal arm64 /Users/mh/orca/workspaces/sonar-live-audio/sonarTests/LiveTranscriptionEngineTests.swift (in target 'SonarTests' from project 'Sonar')
    cd /Users/mh/orca/workspaces/sonar-live-audio
    

SwiftCompile normal arm64 Compiling\ PairingTokenTests.swift,\ PreCaptureBufferTests.swift,\ PrivacyHardeningTests.swift /Users/mh/orca/workspaces/sonar-live-audio/sonarTests/PairingTokenTests.swift /Users/mh/orca/workspaces/sonar-live-audio/sonarTests/PreCaptureBufferTests.swift /Users/mh/orca/workspaces/sonar-live-audio/sonarTests/PrivacyHardeningTests.swift (in target 'SonarTests' from project 'Sonar')

SwiftCompile normal arm64 /Users/mh/orca/workspaces/sonar-live-audio/sonarTests/PairingTokenTests.swift (in target 'SonarTests' from project 'Sonar')
    cd /Users/mh/orca/workspaces/sonar-live-audio
    

SwiftCompile normal arm64 /Users/mh/orca/workspaces/sonar-live-audio/sonarTests/PreCaptureBufferTests.swift (in target 'SonarTests' from project 'Sonar')
    cd /Users/mh/orca/workspaces/sonar-live-audio
    

SwiftCompile normal arm64 /Users/mh/orca/workspaces/sonar-live-audio/sonarTests/PrivacyHardeningTests.swift (in target 'SonarTests' from project 'Sonar')
    cd /Users/mh/orca/workspaces/sonar-live-audio
    

SwiftCompile normal arm64 Compiling\ PrivacyModeTests.swift,\ ProfileTests.swift,\ RSSIFallbackMathTests.swift /Users/mh/orca/workspaces/sonar-live-audio/sonarTests/PrivacyModeTests.swift /Users/mh/orca/workspaces/sonar-live-audio/sonarTests/ProfileTests.swift /Users/mh/orca/workspaces/sonar-live-audio/sonarTests/RSSIFallbackMathTests.swift (in target 'SonarTests' from project 'Sonar')

SwiftCompile normal arm64 /Users/mh/orca/workspaces/sonar-live-audio/sonarTests/PrivacyModeTests.swift (in target 'SonarTests' from project 'Sonar')
    cd /Users/mh/orca/workspaces/sonar-live-audio
    

SwiftCompile normal arm64 /Users/mh/orca/workspaces/sonar-live-audio/sonarTests/ProfileTests.swift (in target 'SonarTests' from project 'Sonar')
    cd /Users/mh/orca/workspaces/sonar-live-audio
    

SwiftCompile normal arm64 /Users/mh/orca/workspaces/sonar-live-audio/sonarTests/RSSIFallbackMathTests.swift (in target 'SonarTests' from project 'Sonar')
    cd /Users/mh/orca/workspaces/sonar-live-audio
    

SwiftCompile normal arm64 Compiling\ AudioRoutePolicyTests.swift,\ BatteryManagerTests.swift,\ BluetoothMeshTransportTests.swift,\ CaptureFrameConformerTests.swift /Users/mh/orca/workspaces/sonar-live-audio/sonarTests/AudioRoutePolicyTests.swift /Users/mh/orca/workspaces/sonar-live-audio/sonarTests/BatteryManagerTests.swift /Users/mh/orca/workspaces/sonar-live-audio/sonarTests/BluetoothMeshTransportTests.swift /Users/mh/orca/workspaces/sonar-live-audio/sonarTests/CaptureFrameConformerTests.swift (in target 'SonarTests' from project 'Sonar')

SwiftCompile normal arm64 /Users/mh/orca/workspaces/sonar-live-audio/sonarTests/AudioRoutePolicyTests.swift (in target 'SonarTests' from project 'Sonar')
    cd /Users/mh/orca/workspaces/sonar-live-audio
    
/Users/mh/orca/workspaces/sonar-live-audio/sonarTests/AudioRoutePolicyTests.swift:22:56: warning: 'allowBluetooth' was deprecated in iOS 8.0: renamed to 'AVAudioSession.CategoryOptions.allowBluetoothHFP'
        XCTAssertTrue(policy.categoryOptions.contains(.allowBluetooth))
                                                       ^
/Users/mh/orca/workspaces/sonar-live-audio/sonarTests/AudioRoutePolicyTests.swift:22:56: note: use 'AVAudioSession.CategoryOptions.allowBluetoothHFP' instead
        XCTAssertTrue(policy.categoryOptions.contains(.allowBluetooth))
                                                       ^~~~~~~~~~~~~~
                                                       AVAudioSession.CategoryOptions.allowBluetoothHFP

SwiftCompile normal arm64 /Users/mh/orca/workspaces/sonar-live-audio/sonarTests/BatteryManagerTests.swift (in target 'SonarTests' from project 'Sonar')
    cd /Users/mh/orca/workspaces/sonar-live-audio
    

SwiftCompile normal arm64 /Users/mh/orca/workspaces/sonar-live-audio/sonarTests/BluetoothMeshTransportTests.swift (in target 'SonarTests' from project 'Sonar')
    cd /Users/mh/orca/workspaces/sonar-live-audio
    

SwiftCompile normal arm64 /Users/mh/orca/workspaces/sonar-live-audio/sonarTests/CaptureFrameConformerTests.swift (in target 'SonarTests' from project 'Sonar')
    cd /Users/mh/orca/workspaces/sonar-live-audio
    

SwiftCompile normal arm64 Compiling\ SonioxSessionGovernorTests.swift,\ TailscaleDetectorTests.swift,\ TailscaleTransportTests.swift /Users/mh/orca/workspaces/sonar-live-audio/sonarTests/SonioxSessionGovernorTests.swift /Users/mh/orca/workspaces/sonar-live-audio/sonarTests/TailscaleDetectorTests.swift /Users/mh/orca/workspaces/sonar-live-audio/sonarTests/TailscaleTransportTests.swift (in target 'SonarTests' from project 'Sonar')
SwiftCompile normal arm64 /Users/mh/orca/workspaces/sonar-live-audio/sonarTests/SonioxSessionGovernorTests.swift (in target 'SonarTests' from project 'Sonar')
    cd /Users/mh/orca/workspaces/sonar-live-audio
    

SwiftCompile normal arm64 /Users/mh/orca/workspaces/sonar-live-audio/sonarTests/TailscaleDetectorTests.swift (in target 'SonarTests' from project 'Sonar')
    cd /Users/mh/orca/workspaces/sonar-live-audio
    

SwiftCompile normal arm64 /Users/mh/orca/workspaces/sonar-live-audio/sonarTests/TailscaleTransportTests.swift (in target 'SonarTests' from project 'Sonar')
    cd /Users/mh/orca/workspaces/sonar-live-audio
    

SwiftEmitModule normal arm64 Emitting\ module\ for\ SonarTests (in target 'SonarTests' from project 'Sonar')

EmitSwiftModule normal arm64 (in target 'SonarTests' from project 'Sonar')
    cd /Users/mh/orca/workspaces/sonar-live-audio
    
/Users/mh/orca/workspaces/sonar-live-audio/sonarTests/AppStateTests.swift:151:25: warning: conformance of 'SessionCoordinatorTests.SpyFarTransport' to protocol 'BondedPath' crosses into main actor-isolated code and can cause data races; this is an error in the Swift 6 language mode
    private final class SpyFarTransport: FarTransporting, @unchecked Sendable {
                        ^
/Users/mh/orca/workspaces/sonar-live-audio/sonarTests/AppStateTests.swift:151:25: note: isolate this conformance to the main actor with '@MainActor'
    private final class SpyFarTransport: FarTransporting, @unchecked Sendable {
                        ^
                                         @MainActor 
/Users/mh/orca/workspaces/sonar-live-audio/sonarTests/AppStateTests.swift:151:25: note: turn data races into runtime errors with '@preconcurrency'
    private final class SpyFarTransport: FarTransporting, @unchecked Sendable {
                        ^
                                         @preconcurrency 
/Users/mh/orca/workspaces/sonar-live-audio/sonarTests/AppStateTests.swift:158:13: note: main actor-isolated property 'isConnected' cannot satisfy nonisolated requirement
        var isConnected: AnyPublisher<Bool, Never> {
            ^
/Users/mh/orca/workspaces/sonar-live-audio/sonarTests/AppStateTests.swift:162:13: note: main actor-isolated property 'inboundFrames' cannot satisfy nonisolated requirement
        var inboundFrames: AnyPublisher<AudioFrame, Never> {
            ^

SwiftCompile normal arm64 Compiling\ TransportSwitchingTests.swift,\ WakeWordDetectorTests.swift,\ WhisperDetectorTests.swift /Users/mh/orca/workspaces/sonar-live-audio/sonarTests/TransportSwitchingTests.swift /Users/mh/orca/workspaces/sonar-live-audio/sonarTests/WakeWordDetectorTests.swift /Users/mh/orca/workspaces/sonar-live-audio/sonarTests/WhisperDetectorTests.swift (in target 'SonarTests' from project 'Sonar')

SwiftCompile normal arm64 /Users/mh/orca/workspaces/sonar-live-audio/sonarTests/TransportSwitchingTests.swift (in target 'SonarTests' from project 'Sonar')
    cd /Users/mh/orca/workspaces/sonar-live-audio
    

SwiftCompile normal arm64 /Users/mh/orca/workspaces/sonar-live-audio/sonarTests/WakeWordDetectorTests.swift (in target 'SonarTests' from project 'Sonar')
    cd /Users/mh/orca/workspaces/sonar-live-audio
    

SwiftCompile normal arm64 /Users/mh/orca/workspaces/sonar-live-audio/sonarTests/WhisperDetectorTests.swift (in target 'SonarTests' from project 'Sonar')
    cd /Users/mh/orca/workspaces/sonar-live-audio
    

SwiftCompile normal arm64 Compiling\ SonarTestIdentityTests.swift,\ SonioxBetaUIWiringTests.swift,\ SonioxRealtimeTranscriberTests.swift /Users/mh/orca/workspaces/sonar-live-audio/sonarTests/SonarTestIdentityTests.swift /Users/mh/orca/workspaces/sonar-live-audio/sonarTests/SonioxBetaUIWiringTests.swift /Users/mh/orca/workspaces/sonar-live-audio/sonarTests/SonioxRealtimeTranscriberTests.swift (in target 'SonarTests' from project 'Sonar')
SwiftCompile normal arm64 /Users/mh/orca/workspaces/sonar-live-audio/sonarTests/SonarTestIdentityTests.swift (in target 'SonarTests' from project 'Sonar')
    cd /Users/mh/orca/workspaces/sonar-live-audio
    

SwiftCompile normal arm64 /Users/mh/orca/workspaces/sonar-live-audio/sonarTests/SonioxBetaUIWiringTests.swift (in target 'SonarTests' from project 'Sonar')
    cd /Users/mh/orca/workspaces/sonar-live-audio
    

SwiftCompile normal arm64 /Users/mh/orca/workspaces/sonar-live-audio/sonarTests/SonioxRealtimeTranscriberTests.swift (in target 'SonarTests' from project 'Sonar')
    cd /Users/mh/orca/workspaces/sonar-live-audio
    

SwiftDriverJobDiscovery normal arm64 Compiling SessionView.swift (in target 'Sonar' from project 'Sonar')

SwiftCompile normal arm64 Compiling\ LocalModelManagerTests.swift,\ MessageFramingTests.swift,\ MicrophoneMonitorTests.swift,\ MultipathBonderTests.swift /Users/mh/orca/workspaces/sonar-live-audio/sonarTests/LocalModelManagerTests.swift /Users/mh/orca/workspaces/sonar-live-audio/sonarTests/MessageFramingTests.swift /Users/mh/orca/workspaces/sonar-live-audio/sonarTests/MicrophoneMonitorTests.swift /Users/mh/orca/workspaces/sonar-live-audio/sonarTests/MultipathBonderTests.swift (in target 'SonarTests' from project 'Sonar')

SwiftCompile normal arm64 /Users/mh/orca/workspaces/sonar-live-audio/sonarTests/LocalModelManagerTests.swift (in target 'SonarTests' from project 'Sonar')
    cd /Users/mh/orca/workspaces/sonar-live-audio
    

SwiftCompile normal arm64 /Users/mh/orca/workspaces/sonar-live-audio/sonarTests/MessageFramingTests.swift (in target 'SonarTests' from project 'Sonar')
    cd /Users/mh/orca/workspaces/sonar-live-audio
    

SwiftCompile normal arm64 /Users/mh/orca/workspaces/sonar-live-audio/sonarTests/MicrophoneMonitorTests.swift (in target 'SonarTests' from project 'Sonar')
    cd /Users/mh/orca/workspaces/sonar-live-audio
    

SwiftCompile normal arm64 /Users/mh/orca/workspaces/sonar-live-audio/sonarTests/MultipathBonderTests.swift (in target 'SonarTests' from project 'Sonar')
    cd /Users/mh/orca/workspaces/sonar-live-audio
    

SwiftDriverJobDiscovery normal arm64 Compiling PairingView.swift (in target 'Sonar' from project 'Sonar')

SwiftCompile normal arm64 Compiling\ SimulatorRelayAudioChainTests.swift,\ SimulatorRelayTransportTests.swift,\ SmartMuteDetectorTests.swift /Users/mh/orca/workspaces/sonar-live-audio/sonarTests/SimulatorRelayAudioChainTests.swift /Users/mh/orca/workspaces/sonar-live-audio/sonarTests/SimulatorRelayTransportTests.swift /Users/mh/orca/workspaces/sonar-live-audio/sonarTests/SmartMuteDetectorTests.swift (in target 'SonarTests' from project 'Sonar')

SwiftCompile normal arm64 /Users/mh/orca/workspaces/sonar-live-audio/sonarTests/SimulatorRelayAudioChainTests.swift (in target 'SonarTests' from project 'Sonar')
    cd /Users/mh/orca/workspaces/sonar-live-audio
    

SwiftCompile normal arm64 /Users/mh/orca/workspaces/sonar-live-audio/sonarTests/SimulatorRelayTransportTests.swift (in target 'SonarTests' from project 'Sonar')
    cd /Users/mh/orca/workspaces/sonar-live-audio
    

SwiftCompile normal arm64 /Users/mh/orca/workspaces/sonar-live-audio/sonarTests/SmartMuteDetectorTests.swift (in target 'SonarTests' from project 'Sonar')
    cd /Users/mh/orca/workspaces/sonar-live-audio
    

SwiftDriverJobDiscovery normal arm64 Compiling OnboardingView.swift (in target 'Sonar' from project 'Sonar')

SwiftCompile normal arm64 Compiling\ RecordingPlayerViewTests.swift,\ SessionCoordinatorPrivacyTests.swift,\ SignalScoreCalculatorTests.swift /Users/mh/orca/workspaces/sonar-live-audio/sonarTests/RecordingPlayerViewTests.swift /Users/mh/orca/workspaces/sonar-live-audio/sonarTests/SessionCoordinatorPrivacyTests.swift /Users/mh/orca/workspaces/sonar-live-audio/sonarTests/SignalScoreCalculatorTests.swift (in target 'SonarTests' from project 'Sonar')

SwiftCompile normal arm64 /Users/mh/orca/workspaces/sonar-live-audio/sonarTests/RecordingPlayerViewTests.swift (in target 'SonarTests' from project 'Sonar')
    cd /Users/mh/orca/workspaces/sonar-live-audio
    

SwiftCompile normal arm64 /Users/mh/orca/workspaces/sonar-live-audio/sonarTests/SessionCoordinatorPrivacyTests.swift (in target 'SonarTests' from project 'Sonar')
    cd /Users/mh/orca/workspaces/sonar-live-audio
    

SwiftCompile normal arm64 /Users/mh/orca/workspaces/sonar-live-audio/sonarTests/SignalScoreCalculatorTests.swift (in target 'SonarTests' from project 'Sonar')
    cd /Users/mh/orca/workspaces/sonar-live-audio
    

SwiftDriverJobDiscovery normal arm64 Compiling TransportSwitchingTests.swift, WakeWordDetectorTests.swift, WhisperDetectorTests.swift (in target 'SonarTests' from project 'Sonar')

SwiftDriverJobDiscovery normal arm64 Emitting module for SonarTests (in target 'SonarTests' from project 'Sonar')

SwiftDriver\ Compilation Sonar normal arm64 com.apple.xcode.tools.swift.compiler (in target 'Sonar' from project 'Sonar')
    cd /Users/mh/orca/workspaces/sonar-live-audio
    builtin-Swift-Compilation -- /Applications/Xcode.app/Contents/Developer/Toolchains/XcodeDefault.xctoolchain/usr/bin/swiftc -module-name Sonar -Onone @/Users/mh/Library/Developer/Xcode/DerivedData/Sonar-doqrqwtykddrsmapblpyjctvddmq/Build/Intermediates.noindex/Sonar.build/Debug-iphonesimulator/Sonar.build/Objects-normal/arm64/Sonar.SwiftFileList -DDEBUG -DSONAR_VERBOSE_LOGGING -Xcc -fmodule-map-file\=/Users/mh/Library/Developer/Xcode/DerivedData/Sonar-doqrqwtykddrsmapblpyjctvddmq/Build/Intermediates.noindex/GeneratedModuleMaps-iphonesimulator/LKObjCHelpers.modulemap -Xcc -fmodule-map-file\=/Users/mh/Library/Developer/Xcode/DerivedData/Sonar-doqrqwtykddrsmapblpyjctvddmq/Build/Intermediates.noindex/GeneratedModuleMaps-iphonesimulator/yyjson.modulemap -enable-bare-slash-regex -enable-experimental-feature DebugDescriptionMacro -sdk /Applications/Xcode.app/Contents/Developer/Platforms/iPhoneSimulator.platform/Developer/SDKs/iPhoneSimulator26.5.sdk -target arm64-apple-ios18.0-simulator -g -module-cache-path /Users/mh/Library/Developer/Xcode/DerivedData/ModuleCache.noindex -Xfrontend -serialize-debugging-options -enable-testing -index-store-path /Users/mh/Library/Developer/Xcode/DerivedData/Sonar-doqrqwtykddrsmapblpyjctvddmq/Index.noindex/DataStore -Xcc -D_LIBCPP_HARDENING_MODE\=_LIBCPP_HARDENING_MODE_DEBUG -swift-version 5 -I /Users/mh/Library/Developer/Xcode/DerivedData/Sonar-doqrqwtykddrsmapblpyjctvddmq/Build/Products/Debug-iphonesimulator -F /Users/mh/Library/Developer/Xcode/DerivedData/Sonar-doqrqwtykddrsmapblpyjctvddmq/Build/Products/Debug-iphonesimulator/PackageFrameworks -F /Users/mh/Library/Developer/Xcode/DerivedData/Sonar-doqrqwtykddrsmapblpyjctvddmq/Build/Products/Debug-iphonesimulator/PackageFrameworks -F /Users/mh/Library/Developer/Xcode/DerivedData/Sonar-doqrqwtykddrsmapblpyjctvddmq/Build/Products/Debug-iphonesimulator/PackageFrameworks -F /Users/mh/Library/Developer/Xcode/DerivedData/Sonar-doqrqwtykddrsmapblpyjctvddmq/Build/Products/Debug-iphonesimulator/PackageFrameworks -F /Users/mh/Library/Developer/Xcode/DerivedData/Sonar-doqrqwtykddrsmapblpyjctvddmq/Build/Products/Debug-iphonesimulator/PackageFrameworks -F /Users/mh/Library/Developer/Xcode/DerivedData/Sonar-doqrqwtykddrsmapblpyjctvddmq/Build/Products/Debug-iphonesimulator/PackageFrameworks -F /Users/mh/Library/Developer/Xcode/DerivedData/Sonar-doqrqwtykddrsmapblpyjctvddmq/Build/Products/Debug-iphonesimulator/PackageFrameworks -F /Users/mh/Library/Developer/Xcode/DerivedData/Sonar-doqrqwtykddrsmapblpyjctvddmq/Build/Products/Debug-iphonesimulator/PackageFrameworks -F /Users/mh/Library/Developer/Xcode/DerivedData/Sonar-doqrqwtykddrsmapblpyjctvddmq/Build/Products/Debug-iphonesimulator/PackageFrameworks -F /Users/mh/Library/Developer/Xcode/DerivedData/Sonar-doqrqwtykddrsmapblpyjctvddmq/Build/Products/Debug-iphonesimulator/PackageFrameworks -F /Users/mh/Library/Developer/Xcode/DerivedData/Sonar-doqrqwtykddrsmapblpyjctvddmq/Build/Products/Debug-iphonesimulator/PackageFrameworks -F /Users/mh/Library/Developer/Xcode/DerivedData/Sonar-doqrqwtykddrsmapblpyjctvddmq/Build/Products/Debug-iphonesimulator/PackageFrameworks -F /Users/mh/Library/Developer/Xcode/DerivedData/Sonar-doqrqwtykddrsmapblpyjctvddmq/Build/Products/Debug-iphonesimulator/PackageFrameworks -F /Users/mh/Library/Developer/Xcode/DerivedData/Sonar-doqrqwtykddrsmapblpyjctvddmq/Build/Products/Debug-iphonesimulator -c -j14 -enable-batch-mode -incremental -Xcc -ivfsstatcache -Xcc /Users/mh/Library/Developer/Xcode/DerivedData/SDKStatCaches.noindex/iphonesimulator26.5-23F81a-6cfe768891a92b912361537c460fe42b.sdkstatcache -output-file-map /Users/mh/Library/Developer/Xcode/DerivedData/Sonar-doqrqwtykddrsmapblpyjctvddmq/Build/Intermediates.noindex/Sonar.build/Debug-iphonesimulator/Sonar.build/Objects-normal/arm64/Sonar-OutputFileMap.json -use-frontend-parseable-output -save-temps -no-color-diagnostics -explicit-module-build -module-cache-path /Users/mh/Library/Developer/Xcode/DerivedData/Sonar-doqrqwtykddrsmapblpyjctvddmq/Build/Intermediates.noindex/SwiftExplicitPrecompiledModules -clang-scanner-module-cache-path /Users/mh/Library/Developer/Xcode/DerivedData/ModuleCache.noindex -sdk-module-cache-path /Users/mh/Library/Developer/Xcode/DerivedData/ModuleCache.noindex -serialize-diagnostics -emit-dependencies -emit-module -emit-module-path /Users/mh/Library/Developer/Xcode/DerivedData/Sonar-doqrqwtykddrsmapblpyjctvddmq/Build/Intermediates.noindex/Sonar.build/Debug-iphonesimulator/Sonar.build/Objects-normal/arm64/Sonar.swiftmodule -validate-clang-modules-once -clang-build-session-file /Users/mh/Library/Developer/Xcode/DerivedData/ModuleCache.noindex/Session.modulevalidation -Xcc -I/Users/mh/Library/Developer/Xcode/DerivedData/Sonar-doqrqwtykddrsmapblpyjctvddmq/Build/Intermediates.noindex/Sonar.build/Debug-iphonesimulator/Sonar.build/swift-overrides.hmap -emit-const-values -Xfrontend -const-gather-protocols-file -Xfrontend /Users/mh/Library/Developer/Xcode/DerivedData/Sonar-doqrqwtykddrsmapblpyjctvddmq/Build/Intermediates.noindex/Sonar.build/Debug-iphonesimulator/Sonar.build/Objects-normal/arm64/Sonar_const_extract_protocols.json -Xcc -iquote -Xcc /Users/mh/Library/Developer/Xcode/DerivedData/Sonar-doqrqwtykddrsmapblpyjctvddmq/Build/Intermediates.noindex/Sonar.build/Debug-iphonesimulator/Sonar.build/Sonar-generated-files.hmap -Xcc -I/Users/mh/Library/Developer/Xcode/DerivedData/Sonar-doqrqwtykddrsmapblpyjctvddmq/Build/Intermediates.noindex/Sonar.build/Debug-iphonesimulator/Sonar.build/Sonar-own-target-headers.hmap -Xcc -I/Users/mh/Library/Developer/Xcode/DerivedData/Sonar-doqrqwtykddrsmapblpyjctvddmq/Build/Intermediates.noindex/Sonar.build/Debug-iphonesimulator/Sonar.build/Sonar-all-non-framework-target-headers.hmap -Xcc -ivfsoverlay -Xcc /Users/mh/Library/Developer/Xcode/DerivedData/Sonar-doqrqwtykddrsmapblpyjctvddmq/Build/Intermediates.noindex/Sonar.build/Debug-iphonesimulator/Sonar-db34dd30bb8c7f546ae4ba4641eb9b62-VFS-iphonesimulator/all-product-headers.yaml -Xcc -iquote -Xcc /Users/mh/Library/Developer/Xcode/DerivedData/Sonar-doqrqwtykddrsmapblpyjctvddmq/Build/Intermediates.noindex/Sonar.build/Debug-iphonesimulator/Sonar.build/Sonar-project-headers.hmap -Xcc -I/Users/mh/Library/Developer/Xcode/DerivedData/Sonar-doqrqwtykddrsmapblpyjctvddmq/SourcePackages/checkouts/client-sdk-swift/Sources/LKObjCHelpers/include -Xcc -I/Users/mh/Library/Developer/Xcode/DerivedData/Sonar-doqrqwtykddrsmapblpyjctvddmq/SourcePackages/checkouts/yyjson/src -Xcc -I/Users/mh/Library/Developer/Xcode/DerivedData/Sonar-doqrqwtykddrsmapblpyjctvddmq/Build/Products/Debug-iphonesimulator/include -Xcc -I/Users/mh/Library/Developer/Xcode/DerivedData/Sonar-doqrqwtykddrsmapblpyjctvddmq/Build/Intermediates.noindex/Sonar.build/Debug-iphonesimulator/Sonar.build/DerivedSources-normal/arm64 -Xcc -I/Users/mh/Library/Developer/Xcode/DerivedData/Sonar-doqrqwtykddrsmapblpyjctvddmq/Build/Intermediates.noindex/Sonar.build/Debug-iphonesimulator/Sonar.build/DerivedSources/arm64 -Xcc -I/Users/mh/Library/Developer/Xcode/DerivedData/Sonar-doqrqwtykddrsmapblpyjctvddmq/Build/Intermediates.noindex/Sonar.build/Debug-iphonesimulator/Sonar.build/DerivedSources -Xcc -DDEBUG\=1 -emit-objc-header -emit-objc-header-path /Users/mh/Library/Developer/Xcode/DerivedData/Sonar-doqrqwtykddrsmapblpyjctvddmq/Build/Intermediates.noindex/Sonar.build/Debug-iphonesimulator/Sonar.build/Objects-normal/arm64/Sonar-Swift.h -working-directory /Users/mh/orca/workspaces/sonar-live-audio -experimental-emit-module-separately -disable-cmo

SwiftDriver\ Compilation\ Requirements SonarTests normal arm64 com.apple.xcode.tools.swift.compiler (in target 'SonarTests' from project 'Sonar')
    cd /Users/mh/orca/workspaces/sonar-live-audio
    builtin-Swift-Compilation-Requirements -- /Applications/Xcode.app/Contents/Developer/Toolchains/XcodeDefault.xctoolchain/usr/bin/swiftc -module-name SonarTests -Onone @/Users/mh/Library/Developer/Xcode/DerivedData/Sonar-doqrqwtykddrsmapblpyjctvddmq/Build/Intermediates.noindex/Sonar.build/Debug-iphonesimulator/SonarTests.build/Objects-normal/arm64/SonarTests.SwiftFileList -DDEBUG -DSONAR_VERBOSE_LOGGING -Xcc -fmodule-map-file\=/Users/mh/Library/Developer/Xcode/DerivedData/Sonar-doqrqwtykddrsmapblpyjctvddmq/Build/Intermediates.noindex/GeneratedModuleMaps-iphonesimulator/LKObjCHelpers.modulemap -Xcc -fmodule-map-file\=/Users/mh/Library/Developer/Xcode/DerivedData/Sonar-doqrqwtykddrsmapblpyjctvddmq/Build/Intermediates.noindex/GeneratedModuleMaps-iphonesimulator/yyjson.modulemap -plugin-path /Applications/Xcode.app/Contents/Developer/Toolchains/XcodeDefault.xctoolchain/usr/lib/swift/host/plugins/testing -enable-bare-slash-regex -enable-experimental-feature DebugDescriptionMacro -sdk /Applications/Xcode.app/Contents/Developer/Platforms/iPhoneSimulator.platform/Developer/SDKs/iPhoneSimulator26.5.sdk -target arm64-apple-ios18.0-simulator -g -module-cache-path /Users/mh/Library/Developer/Xcode/DerivedData/ModuleCache.noindex -Xfrontend -serialize-debugging-options -enable-testing -index-store-path /Users/mh/Library/Developer/Xcode/DerivedData/Sonar-doqrqwtykddrsmapblpyjctvddmq/Index.noindex/DataStore -Xcc -D_LIBCPP_HARDENING_MODE\=_LIBCPP_HARDENING_MODE_DEBUG -swift-version 5 -I /Users/mh/Library/Developer/Xcode/DerivedData/Sonar-doqrqwtykddrsmapblpyjctvddmq/Build/Products/Debug-iphonesimulator -Isystem /Applications/Xcode.app/Contents/Developer/Platforms/iPhoneSimulator.platform/Developer/usr/lib -F /Users/mh/Library/Developer/Xcode/DerivedData/Sonar-doqrqwtykddrsmapblpyjctvddmq/Build/Products/Debug-iphonesimulator/PackageFrameworks -F /Users/mh/Library/Developer/Xcode/DerivedData/Sonar-doqrqwtykddrsmapblpyjctvddmq/Build/Products/Debug-iphonesimulator/PackageFrameworks -F /Users/mh/Library/Developer/Xcode/DerivedData/Sonar-doqrqwtykddrsmapblpyjctvddmq/Build/Products/Debug-iphonesimulator/PackageFrameworks -F /Users/mh/Library/Developer/Xcode/DerivedData/Sonar-doqrqwtykddrsmapblpyjctvddmq/Build/Products/Debug-iphonesimulator/PackageFrameworks -F /Users/mh/Library/Developer/Xcode/DerivedData/Sonar-doqrqwtykddrsmapblpyjctvddmq/Build/Products/Debug-iphonesimulator/PackageFrameworks -F /Users/mh/Library/Developer/Xcode/DerivedData/Sonar-doqrqwtykddrsmapblpyjctvddmq/Build/Products/Debug-iphonesimulator/PackageFrameworks -F /Users/mh/Library/Developer/Xcode/DerivedData/Sonar-doqrqwtykddrsmapblpyjctvddmq/Build/Products/Debug-iphonesimulator/PackageFrameworks -F /Users/mh/Library/Developer/Xcode/DerivedData/Sonar-doqrqwtykddrsmapblpyjctvddmq/Build/Products/Debug-iphonesimulator/PackageFrameworks -F /Users/mh/Library/Developer/Xcode/DerivedData/Sonar-doqrqwtykddrsmapblpyjctvddmq/Build/Products/Debug-iphonesimulator/PackageFrameworks -F /Users/mh/Library/Developer/Xcode/DerivedData/Sonar-doqrqwtykddrsmapblpyjctvddmq/Build/Products/Debug-iphonesimulator/PackageFrameworks -F /Users/mh/Library/Developer/Xcode/DerivedData/Sonar-doqrqwtykddrsmapblpyjctvddmq/Build/Products/Debug-iphonesimulator/PackageFrameworks -F /Users/mh/Library/Developer/Xcode/DerivedData/Sonar-doqrqwtykddrsmapblpyjctvddmq/Build/Products/Debug-iphonesimulator/PackageFrameworks -F /Users/mh/Library/Developer/Xcode/DerivedData/Sonar-doqrqwtykddrsmapblpyjctvddmq/Build/Products/Debug-iphonesimulator/PackageFrameworks -F /Users/mh/Library/Developer/Xcode/DerivedData/Sonar-doqrqwtykddrsmapblpyjctvddmq/Build/Products/Debug-iphonesimulator -F /Applications/Xcode.app/Contents/Developer/Platforms/iPhoneSimulator.platform/Developer/Library/Frameworks -F /Applications/Xcode.app/Contents/Developer/Platforms/iPhoneSimulator.platform/Developer/SDKs/iPhoneSimulator26.5.sdk/Developer/Library/Frameworks -c -j14 -enable-batch-mode -incremental -Xcc -ivfsstatcache -Xcc /Users/mh/Library/Developer/Xcode/DerivedData/SDKStatCaches.noindex/iphonesimulator26.5-23F81a-6cfe768891a92b912361537c460fe42b.sdkstatcache -output-file-map /Users/mh/Library/Developer/Xcode/DerivedData/Sonar-doqrqwtykddrsmapblpyjctvddmq/Build/Intermediates.noindex/Sonar.build/Debug-iphonesimulator/SonarTests.build/Objects-normal/arm64/SonarTests-OutputFileMap.json -use-frontend-parseable-output -save-temps -no-color-diagnostics -explicit-module-build -module-cache-path /Users/mh/Library/Developer/Xcode/DerivedData/Sonar-doqrqwtykddrsmapblpyjctvddmq/Build/Intermediates.noindex/SwiftExplicitPrecompiledModules -clang-scanner-module-cache-path /Users/mh/Library/Developer/Xcode/DerivedData/ModuleCache.noindex -sdk-module-cache-path /Users/mh/Library/Developer/Xcode/DerivedData/ModuleCache.noindex -serialize-diagnostics -emit-dependencies -emit-module -emit-module-path /Users/mh/Library/Developer/Xcode/DerivedData/Sonar-doqrqwtykddrsmapblpyjctvddmq/Build/Intermediates.noindex/Sonar.build/Debug-iphonesimulator/SonarTests.build/Objects-normal/arm64/SonarTests.swiftmodule -validate-clang-modules-once -clang-build-session-file /Users/mh/Library/Developer/Xcode/DerivedData/ModuleCache.noindex/Session.modulevalidation -Xcc -I/Users/mh/Library/Developer/Xcode/DerivedData/Sonar-doqrqwtykddrsmapblpyjctvddmq/Build/Intermediates.noindex/Sonar.build/Debug-iphonesimulator/SonarTests.build/swift-overrides.hmap -emit-const-values -Xfrontend -const-gather-protocols-file -Xfrontend /Users/mh/Library/Developer/Xcode/DerivedData/Sonar-doqrqwtykddrsmapblpyjctvddmq/Build/Intermediates.noindex/Sonar.build/Debug-iphonesimulator/SonarTests.build/Objects-normal/arm64/SonarTests_const_extract_protocols.json -Xcc -iquote -Xcc /Users/mh/Library/Developer/Xcode/DerivedData/Sonar-doqrqwtykddrsmapblpyjctvddmq/Build/Intermediates.noindex/Sonar.build/Debug-iphonesimulator/SonarTests.build/SonarTests-generated-files.hmap -Xcc -I/Users/mh/Library/Developer/Xcode/DerivedData/Sonar-doqrqwtykddrsmapblpyjctvddmq/Build/Intermediates.noindex/Sonar.build/Debug-iphonesimulator/SonarTests.build/SonarTests-own-target-headers.hmap -Xcc -I/Users/mh/Library/Developer/Xcode/DerivedData/Sonar-doqrqwtykddrsmapblpyjctvddmq/Build/Intermediates.noindex/Sonar.build/Debug-iphonesimulator/SonarTests.build/SonarTests-all-non-framework-target-headers.hmap -Xcc -ivfsoverlay -Xcc /Users/mh/Library/Developer/Xcode/DerivedData/Sonar-doqrqwtykddrsmapblpyjctvddmq/Build/Intermediates.noindex/Sonar.build/Debug-iphonesimulator/Sonar-db34dd30bb8c7f546ae4ba4641eb9b62-VFS-iphonesimulator/all-product-headers.yaml -Xcc -iquote -Xcc /Users/mh/Library/Developer/Xcode/DerivedData/Sonar-doqrqwtykddrsmapblpyjctvddmq/Build/Intermediates.noindex/Sonar.build/Debug-iphonesimulator/SonarTests.build/SonarTests-project-headers.hmap -Xcc -I/Users/mh/Library/Developer/Xcode/DerivedData/Sonar-doqrqwtykddrsmapblpyjctvddmq/SourcePackages/checkouts/client-sdk-swift/Sources/LKObjCHelpers/include -Xcc -I/Users/mh/Library/Developer/Xcode/DerivedData/Sonar-doqrqwtykddrsmapblpyjctvddmq/SourcePackages/checkouts/yyjson/src -Xcc -I/Users/mh/Library/Developer/Xcode/DerivedData/Sonar-doqrqwtykddrsmapblpyjctvddmq/Build/Products/Debug-iphonesimulator/include -Xcc -I/Users/mh/Library/Developer/Xcode/DerivedData/Sonar-doqrqwtykddrsmapblpyjctvddmq/Build/Intermediates.noindex/Sonar.build/Debug-iphonesimulator/SonarTests.build/DerivedSources-normal/arm64 -Xcc -I/Users/mh/Library/Developer/Xcode/DerivedData/Sonar-doqrqwtykddrsmapblpyjctvddmq/Build/Intermediates.noindex/Sonar.build/Debug-iphonesimulator/SonarTests.build/DerivedSources/arm64 -Xcc -I/Users/mh/Library/Developer/Xcode/DerivedData/Sonar-doqrqwtykddrsmapblpyjctvddmq/Build/Intermediates.noindex/Sonar.build/Debug-iphonesimulator/SonarTests.build/DerivedSources -Xcc -DDEBUG\=1 -emit-objc-header -emit-objc-header-path /Users/mh/Library/Developer/Xcode/DerivedData/Sonar-doqrqwtykddrsmapblpyjctvddmq/Build/Intermediates.noindex/Sonar.build/Debug-iphonesimulator/SonarTests.build/Objects-normal/arm64/SonarTests-Swift.h -working-directory /Users/mh/orca/workspaces/sonar-live-audio -experimental-emit-module-separately -disable-cmo

SwiftDriverJobDiscovery normal arm64 Compiling PrivacyModeTests.swift, ProfileTests.swift, RSSIFallbackMathTests.swift (in target 'SonarTests' from project 'Sonar')

Copy /Users/mh/Library/Developer/Xcode/DerivedData/Sonar-doqrqwtykddrsmapblpyjctvddmq/Build/Products/Debug-iphonesimulator/SonarTests.swiftmodule/arm64-apple-ios-simulator.swiftmodule /Users/mh/Library/Developer/Xcode/DerivedData/Sonar-doqrqwtykddrsmapblpyjctvddmq/Build/Intermediates.noindex/Sonar.build/Debug-iphonesimulator/SonarTests.build/Objects-normal/arm64/SonarTests.swiftmodule (in target 'SonarTests' from project 'Sonar')
    cd /Users/mh/orca/workspaces/sonar-live-audio
    builtin-copy -exclude .DS_Store -exclude CVS -exclude .svn -exclude .git -exclude .hg -resolve-src-symlinks -rename /Users/mh/Library/Developer/Xcode/DerivedData/Sonar-doqrqwtykddrsmapblpyjctvddmq/Build/Intermediates.noindex/Sonar.build/Debug-iphonesimulator/SonarTests.build/Objects-normal/arm64/SonarTests.swiftmodule /Users/mh/Library/Developer/Xcode/DerivedData/Sonar-doqrqwtykddrsmapblpyjctvddmq/Build/Products/Debug-iphonesimulator/SonarTests.swiftmodule/arm64-apple-ios-simulator.swiftmodule

Copy /Users/mh/Library/Developer/Xcode/DerivedData/Sonar-doqrqwtykddrsmapblpyjctvddmq/Build/Products/Debug-iphonesimulator/SonarTests.swiftmodule/arm64-apple-ios-simulator.swiftdoc /Users/mh/Library/Developer/Xcode/DerivedData/Sonar-doqrqwtykddrsmapblpyjctvddmq/Build/Intermediates.noindex/Sonar.build/Debug-iphonesimulator/SonarTests.build/Objects-normal/arm64/SonarTests.swiftdoc (in target 'SonarTests' from project 'Sonar')
    cd /Users/mh/orca/workspaces/sonar-live-audio
    builtin-copy -exclude .DS_Store -exclude CVS -exclude .svn -exclude .git -exclude .hg -resolve-src-symlinks -rename /Users/mh/Library/Developer/Xcode/DerivedData/Sonar-doqrqwtykddrsmapblpyjctvddmq/Build/Intermediates.noindex/Sonar.build/Debug-iphonesimulator/SonarTests.build/Objects-normal/arm64/SonarTests.swiftdoc /Users/mh/Library/Developer/Xcode/DerivedData/Sonar-doqrqwtykddrsmapblpyjctvddmq/Build/Products/Debug-iphonesimulator/SonarTests.swiftmodule/arm64-apple-ios-simulator.swiftdoc

Copy /Users/mh/Library/Developer/Xcode/DerivedData/Sonar-doqrqwtykddrsmapblpyjctvddmq/Build/Products/Debug-iphonesimulator/SonarTests.swiftmodule/arm64-apple-ios-simulator.abi.json /Users/mh/Library/Developer/Xcode/DerivedData/Sonar-doqrqwtykddrsmapblpyjctvddmq/Build/Intermediates.noindex/Sonar.build/Debug-iphonesimulator/SonarTests.build/Objects-normal/arm64/SonarTests.abi.json (in target 'SonarTests' from project 'Sonar')
    cd /Users/mh/orca/workspaces/sonar-live-audio
    builtin-copy -exclude .DS_Store -exclude CVS -exclude .svn -exclude .git -exclude .hg -resolve-src-symlinks -rename /Users/mh/Library/Developer/Xcode/DerivedData/Sonar-doqrqwtykddrsmapblpyjctvddmq/Build/Intermediates.noindex/Sonar.build/Debug-iphonesimulator/SonarTests.build/Objects-normal/arm64/SonarTests.abi.json /Users/mh/Library/Developer/Xcode/DerivedData/Sonar-doqrqwtykddrsmapblpyjctvddmq/Build/Products/Debug-iphonesimulator/SonarTests.swiftmodule/arm64-apple-ios-simulator.abi.json

Copy /Users/mh/Library/Developer/Xcode/DerivedData/Sonar-doqrqwtykddrsmapblpyjctvddmq/Build/Products/Debug-iphonesimulator/SonarTests.swiftmodule/Project/arm64-apple-ios-simulator.swiftsourceinfo /Users/mh/Library/Developer/Xcode/DerivedData/Sonar-doqrqwtykddrsmapblpyjctvddmq/Build/Intermediates.noindex/Sonar.build/Debug-iphonesimulator/SonarTests.build/Objects-normal/arm64/SonarTests.swiftsourceinfo (in target 'SonarTests' from project 'Sonar')
    cd /Users/mh/orca/workspaces/sonar-live-audio
    builtin-copy -exclude .DS_Store -exclude CVS -exclude .svn -exclude .git -exclude .hg -resolve-src-symlinks -rename /Users/mh/Library/Developer/Xcode/DerivedData/Sonar-doqrqwtykddrsmapblpyjctvddmq/Build/Intermediates.noindex/Sonar.build/Debug-iphonesimulator/SonarTests.build/Objects-normal/arm64/SonarTests.swiftsourceinfo /Users/mh/Library/Developer/Xcode/DerivedData/Sonar-doqrqwtykddrsmapblpyjctvddmq/Build/Products/Debug-iphonesimulator/SonarTests.swiftmodule/Project/arm64-apple-ios-simulator.swiftsourceinfo

Ld /Users/mh/Library/Developer/Xcode/DerivedData/Sonar-doqrqwtykddrsmapblpyjctvddmq/Build/Products/Debug-iphonesimulator/Sonar.app/Sonar.debug.dylib normal (in target 'Sonar' from project 'Sonar')
    cd /Users/mh/orca/workspaces/sonar-live-audio
    /Applications/Xcode.app/Contents/Developer/Toolchains/XcodeDefault.xctoolchain/usr/bin/clang -Xlinker -reproducible -target arm64-apple-ios18.0-simulator -dynamiclib -isysroot /Applications/Xcode.app/Contents/Developer/Platforms/iPhoneSimulator.platform/Developer/SDKs/iPhoneSimulator26.5.sdk -O0 -L/Users/mh/Library/Developer/Xcode/DerivedData/Sonar-doqrqwtykddrsmapblpyjctvddmq/Build/Intermediates.noindex/EagerLinkingTBDs/Debug-iphonesimulator -L/Users/mh/Library/Developer/Xcode/DerivedData/Sonar-doqrqwtykddrsmapblpyjctvddmq/Build/Products/Debug-iphonesimulator -F/Users/mh/Library/Developer/Xcode/DerivedData/Sonar-doqrqwtykddrsmapblpyjctvddmq/Build/Intermediates.noindex/EagerLinkingTBDs/Debug-iphonesimulator -F/Users/mh/Library/Developer/Xcode/DerivedData/Sonar-doqrqwtykddrsmapblpyjctvddmq/Build/Products/Debug-iphonesimulator/PackageFrameworks -F/Users/mh/Library/Developer/Xcode/DerivedData/Sonar-doqrqwtykddrsmapblpyjctvddmq/Build/Products/Debug-iphonesimulator/PackageFrameworks -F/Users/mh/Library/Developer/Xcode/DerivedData/Sonar-doqrqwtykddrsmapblpyjctvddmq/Build/Products/Debug-iphonesimulator/PackageFrameworks -F/Users/mh/Library/Developer/Xcode/DerivedData/Sonar-doqrqwtykddrsmapblpyjctvddmq/Build/Products/Debug-iphonesimulator/PackageFrameworks -F/Users/mh/Library/Developer/Xcode/DerivedData/Sonar-doqrqwtykddrsmapblpyjctvddmq/Build/Products/Debug-iphonesimulator/PackageFrameworks -F/Users/mh/Library/Developer/Xcode/DerivedData/Sonar-doqrqwtykddrsmapblpyjctvddmq/Build/Products/Debug-iphonesimulator/PackageFrameworks -F/Users/mh/Library/Developer/Xcode/DerivedData/Sonar-doqrqwtykddrsmapblpyjctvddmq/Build/Products/Debug-iphonesimulator/PackageFrameworks -F/Users/mh/Library/Developer/Xcode/DerivedData/Sonar-doqrqwtykddrsmapblpyjctvddmq/Build/Products/Debug-iphonesimulator/PackageFrameworks -F/Users/mh/Library/Developer/Xcode/DerivedData/Sonar-doqrqwtykddrsmapblpyjctvddmq/Build/Products/Debug-iphonesimulator/PackageFrameworks -F/Users/mh/Library/Developer/Xcode/DerivedData/Sonar-doqrqwtykddrsmapblpyjctvddmq/Build/Products/Debug-iphonesimulator/PackageFrameworks -F/Users/mh/Library/Developer/Xcode/DerivedData/Sonar-doqrqwtykddrsmapblpyjctvddmq/Build/Products/Debug-iphonesimulator/PackageFrameworks -F/Users/mh/Library/Developer/Xcode/DerivedData/Sonar-doqrqwtykddrsmapblpyjctvddmq/Build/Products/Debug-iphonesimulator/PackageFrameworks -F/Users/mh/Library/Developer/Xcode/DerivedData/Sonar-doqrqwtykddrsmapblpyjctvddmq/Build/Products/Debug-iphonesimulator/PackageFrameworks -F/Users/mh/Library/Developer/Xcode/DerivedData/Sonar-doqrqwtykddrsmapblpyjctvddmq/Build/Products/Debug-iphonesimulator -filelist /Users/mh/Library/Developer/Xcode/DerivedData/Sonar-doqrqwtykddrsmapblpyjctvddmq/Build/Intermediates.noindex/Sonar.build/Debug-iphonesimulator/Sonar.build/Objects-normal/arm64/Sonar.LinkFileList -install_name @rpath/Sonar.debug.dylib -Xlinker -rpath -Xlinker /usr/lib/swift -Xlinker -rpath -Xlinker /Users/mh/Library/Developer/Xcode/DerivedData/Sonar-doqrqwtykddrsmapblpyjctvddmq/Build/Products/Debug-iphonesimulator/PackageFrameworks -Xlinker -rpath -Xlinker @executable_path/Frameworks -Xlinker -dead_strip -Xlinker -object_path_lto -Xlinker /Users/mh/Library/Developer/Xcode/DerivedData/Sonar-doqrqwtykddrsmapblpyjctvddmq/Build/Intermediates.noindex/Sonar.build/Debug-iphonesimulator/Sonar.build/Objects-normal/arm64/Sonar_lto.o -rdynamic -Xlinker -no_deduplicate -Xlinker -objc_abi_version -Xlinker 2 -Xlinker -dependency_info -Xlinker /Users/mh/Library/Developer/Xcode/DerivedData/Sonar-doqrqwtykddrsmapblpyjctvddmq/Build/Intermediates.noindex/Sonar.build/Debug-iphonesimulator/Sonar.build/Objects-normal/arm64/Sonar_dependency_info.dat -fobjc-link-runtime -L/Applications/Xcode.app/Contents/Developer/Toolchains/XcodeDefault.xctoolchain/usr/lib/swift/iphonesimulator -L/usr/lib/swift -Xlinker -add_ast_path -Xlinker /Users/mh/Library/Developer/Xcode/DerivedData/Sonar-doqrqwtykddrsmapblpyjctvddmq/Build/Intermediates.noindex/Sonar.build/Debug-iphonesimulator/Sonar.build/Objects-normal/arm64/Sonar.swiftmodule @/Users/mh/Library/Developer/Xcode/DerivedData/Sonar-doqrqwtykddrsmapblpyjctvddmq/Build/Intermediates.noindex/Sonar.build/Debug-iphonesimulator/Sonar.build/Objects-normal/arm64/Sonar-linker-args.resp -Wl,-no_warn_duplicate_libraries -Wl,-no_warn_duplicate_libraries -Wl,-no_warn_duplicate_libraries -Wl,-no_warn_duplicate_libraries -Wl,-no_warn_duplicate_libraries -Wl,-no_warn_duplicate_libraries -Wl,-no_warn_duplicate_libraries -Wl,-no_warn_duplicate_libraries -Wl,-no_warn_duplicate_libraries -Wl,-no_warn_duplicate_libraries -Wl,-no_warn_duplicate_libraries -Wl,-no_warn_duplicate_libraries -Wl,-no_warn_duplicate_libraries -Xlinker -alias -Xlinker _main -Xlinker ___debug_main_executable_dylib_entry_point -framework LiveKitWebRTC -framework LiveKitWebRTC -llivekit_uniffi -Xlinker -no_adhoc_codesign -o /Users/mh/Library/Developer/Xcode/DerivedData/Sonar-doqrqwtykddrsmapblpyjctvddmq/Build/Products/Debug-iphonesimulator/Sonar.app/Sonar.debug.dylib -Xlinker -add_ast_path -Xlinker /Users/mh/Library/Developer/Xcode/DerivedData/Sonar-doqrqwtykddrsmapblpyjctvddmq/Build/Intermediates.noindex/LiveKit.build/Debug-iphonesimulator/LiveKit.build/Objects-normal/arm64/LiveKit.swiftmodule @/Users/mh/Library/Developer/Xcode/DerivedData/Sonar-doqrqwtykddrsmapblpyjctvddmq/Build/Intermediates.noindex/LiveKit.build/Debug-iphonesimulator/LiveKit.build/Objects-normal/arm64/LiveKit-linker-args.resp -Xlinker -add_ast_path -Xlinker /Users/mh/Library/Developer/Xcode/DerivedData/Sonar-doqrqwtykddrsmapblpyjctvddmq/Build/Intermediates.noindex/LiveKitUniFFI.build/Debug-iphonesimulator/LiveKitUniFFI.build/Objects-normal/arm64/LiveKitUniFFI.swiftmodule @/Users/mh/Library/Developer/Xcode/DerivedData/Sonar-doqrqwtykddrsmapblpyjctvddmq/Build/Intermediates.noindex/LiveKitUniFFI.build/Debug-iphonesimulator/LiveKitUniFFI.build/Objects-normal/arm64/LiveKitUniFFI-linker-args.resp -Xlinker -add_ast_path -Xlinker /Users/mh/Library/Developer/Xcode/DerivedData/Sonar-doqrqwtykddrsmapblpyjctvddmq/Build/Intermediates.noindex/SwiftProtobuf.build/Debug-iphonesimulator/SwiftProtobuf.build/Objects-normal/arm64/SwiftProtobuf.swiftmodule @/Users/mh/Library/Developer/Xcode/DerivedData/Sonar-doqrqwtykddrsmapblpyjctvddmq/Build/Intermediates.noindex/SwiftProtobuf.build/Debug-iphonesimulator/SwiftProtobuf.build/Objects-normal/arm64/SwiftProtobuf-linker-args.resp -Xlinker -add_ast_path -Xlinker /Users/mh/Library/Developer/Xcode/DerivedData/Sonar-doqrqwtykddrsmapblpyjctvddmq/Build/Intermediates.noindex/whisperkit.build/Debug-iphonesimulator/WhisperKit.build/Objects-normal/arm64/WhisperKit.swiftmodule @/Users/mh/Library/Developer/Xcode/DerivedData/Sonar-doqrqwtykddrsmapblpyjctvddmq/Build/Intermediates.noindex/whisperkit.build/Debug-iphonesimulator/WhisperKit.build/Objects-normal/arm64/WhisperKit-linker-args.resp -Xlinker -add_ast_path -Xlinker /Users/mh/Library/Developer/Xcode/DerivedData/Sonar-doqrqwtykddrsmapblpyjctvddmq/Build/Intermediates.noindex/swift-transformers.build/Debug-iphonesimulator/Hub.build/Objects-normal/arm64/Hub.swiftmodule @/Users/mh/Library/Developer/Xcode/DerivedData/Sonar-doqrqwtykddrsmapblpyjctvddmq/Build/Intermediates.noindex/swift-transformers.build/Debug-iphonesimulator/Hub.build/Objects-normal/arm64/Hub-linker-args.resp -Xlinker -add_ast_path -Xlinker /Users/mh/Library/Developer/Xcode/DerivedData/Sonar-doqrqwtykddrsmapblpyjctvddmq/Build/Intermediates.noindex/Jinja.build/Debug-iphonesimulator/Jinja.build/Objects-normal/arm64/Jinja.swiftmodule @/Users/mh/Library/Developer/Xcode/DerivedData/Sonar-doqrqwtykddrsmapblpyjctvddmq/Build/Intermediates.noindex/Jinja.build/Debug-iphonesimulator/Jinja.build/Objects-normal/arm64/Jinja-linker-args.resp -Xlinker -add_ast_path -Xlinker /Users/mh/Library/Developer/Xcode/DerivedData/Sonar-doqrqwtykddrsmapblpyjctvddmq/Build/Intermediates.noindex/swift-collections.build/Debug-iphonesimulator/OrderedCollections.build/Objects-normal/arm64/OrderedCollections.swiftmodule @/Users/mh/Library/Developer/Xcode/DerivedData/Sonar-doqrqwtykddrsmapblpyjctvddmq/Build/Intermediates.noindex/swift-collections.build/Debug-iphonesimulator/OrderedCollections.build/Objects-normal/arm64/OrderedCollections-linker-args.resp -Xlinker -add_ast_path -Xlinker /Users/mh/Library/Developer/Xcode/DerivedData/Sonar-doqrqwtykddrsmapblpyjctvddmq/Build/Intermediates.noindex/swift-collections.build/Debug-iphonesimulator/InternalCollectionsUtilities.build/Objects-normal/arm64/InternalCollectionsUtilities.swiftmodule @/Users/mh/Library/Developer/Xcode/DerivedData/Sonar-doqrqwtykddrsmapblpyjctvddmq/Build/Intermediates.noindex/swift-collections.build/Debug-iphonesimulator/InternalCollectionsUtilities.build/Objects-normal/arm64/InternalCollectionsUtilities-linker-args.resp -Xlinker -add_ast_path -Xlinker /Users/mh/Library/Developer/Xcode/DerivedData/Sonar-doqrqwtykddrsmapblpyjctvddmq/Build/Intermediates.noindex/swift-crypto.build/Debug-iphonesimulator/Crypto.build/Objects-normal/arm64/Crypto.swiftmodule @/Users/mh/Library/Developer/Xcode/DerivedData/Sonar-doqrqwtykddrsmapblpyjctvddmq/Build/Intermediates.noindex/swift-crypto.build/Debug-iphonesimulator/Crypto.build/Objects-normal/arm64/Crypto-linker-args.resp -Xlinker -add_ast_path -Xlinker /Users/mh/Library/Developer/Xcode/DerivedData/Sonar-doqrqwtykddrsmapblpyjctvddmq/Build/Intermediates.noindex/whisperkit.build/Debug-iphonesimulator/ArgmaxCore.build/Objects-normal/arm64/ArgmaxCore.swiftmodule @/Users/mh/Library/Developer/Xcode/DerivedData/Sonar-doqrqwtykddrsmapblpyjctvddmq/Build/Intermediates.noindex/whisperkit.build/Debug-iphonesimulator/ArgmaxCore.build/Objects-normal/arm64/ArgmaxCore-linker-args.resp -Xlinker -add_ast_path -Xlinker /Users/mh/Library/Developer/Xcode/DerivedData/Sonar-doqrqwtykddrsmapblpyjctvddmq/Build/Intermediates.noindex/swift-transformers.build/Debug-iphonesimulator/Tokenizers.build/Objects-normal/arm64/Tokenizers.swiftmodule @/Users/mh/Library/Developer/Xcode/DerivedData/Sonar-doqrqwtykddrsmapblpyjctvddmq/Build/Intermediates.noindex/swift-transformers.build/Debug-iphonesimulator/Tokenizers.build/Objects-normal/arm64/Tokenizers-linker-args.resp

SwiftDriverJobDiscovery normal arm64 Compiling PairingTokenTests.swift, PreCaptureBufferTests.swift, PrivacyHardeningTests.swift (in target 'SonarTests' from project 'Sonar')

SwiftDriverJobDiscovery normal arm64 Compiling AILogicTests.swift, AppStateConnectionTypeTests.swift, AppStateTests.swift, AudioFrameTests.swift (in target 'SonarTests' from project 'Sonar')

SwiftDriverJobDiscovery normal arm64 Compiling FECHonestyTests.swift, FarTransportTests.swift, FrameDeduplicatorTests.swift, JitterBufferTests.swift (in target 'SonarTests' from project 'Sonar')

SwiftDriverJobDiscovery normal arm64 Compiling NearTransportPairingTests.swift, NvidiaRivaASRClientTests.swift, OpusCodingTests.swift, PairingServiceTests.swift (in target 'SonarTests' from project 'Sonar')

SwiftDriverJobDiscovery normal arm64 Compiling DeviceCapabilitiesTests.swift, DistancePublisherTests.swift, DuplicateVoiceSuppressorMathTests.swift, E2ETransportTests.swift (in target 'SonarTests' from project 'Sonar')

SwiftDriverJobDiscovery normal arm64 Compiling SimulatorRelayAudioChainTests.swift, SimulatorRelayTransportTests.swift, SmartMuteDetectorTests.swift (in target 'SonarTests' from project 'Sonar')

SwiftDriverJobDiscovery normal arm64 Compiling AudioRoutePolicyTests.swift, BatteryManagerTests.swift, BluetoothMeshTransportTests.swift, CaptureFrameConformerTests.swift (in target 'SonarTests' from project 'Sonar')

SwiftDriverJobDiscovery normal arm64 Compiling RecordingPlayerViewTests.swift, SessionCoordinatorPrivacyTests.swift, SignalScoreCalculatorTests.swift (in target 'SonarTests' from project 'Sonar')

SwiftDriverJobDiscovery normal arm64 Compiling LocalModelManagerTests.swift, MessageFramingTests.swift, MicrophoneMonitorTests.swift, MultipathBonderTests.swift (in target 'SonarTests' from project 'Sonar')

SwiftDriverJobDiscovery normal arm64 Compiling KnownPeerStoreTests.swift, LatencyTests.swift, LivePeerDirectoryTests.swift, LiveTranscriptionEngineTests.swift (in target 'SonarTests' from project 'Sonar')

SwiftDriverJobDiscovery normal arm64 Compiling SonioxSessionGovernorTests.swift, TailscaleDetectorTests.swift, TailscaleTransportTests.swift (in target 'SonarTests' from project 'Sonar')

SwiftDriverJobDiscovery normal arm64 Compiling SonarTestIdentityTests.swift, SonioxBetaUIWiringTests.swift, SonioxRealtimeTranscriberTests.swift (in target 'SonarTests' from project 'Sonar')

SwiftDriver\ Compilation SonarTests normal arm64 com.apple.xcode.tools.swift.compiler (in target 'SonarTests' from project 'Sonar')
    cd /Users/mh/orca/workspaces/sonar-live-audio
    builtin-Swift-Compilation -- /Applications/Xcode.app/Contents/Developer/Toolchains/XcodeDefault.xctoolchain/usr/bin/swiftc -module-name SonarTests -Onone @/Users/mh/Library/Developer/Xcode/DerivedData/Sonar-doqrqwtykddrsmapblpyjctvddmq/Build/Intermediates.noindex/Sonar.build/Debug-iphonesimulator/SonarTests.build/Objects-normal/arm64/SonarTests.SwiftFileList -DDEBUG -DSONAR_VERBOSE_LOGGING -Xcc -fmodule-map-file\=/Users/mh/Library/Developer/Xcode/DerivedData/Sonar-doqrqwtykddrsmapblpyjctvddmq/Build/Intermediates.noindex/GeneratedModuleMaps-iphonesimulator/LKObjCHelpers.modulemap -Xcc -fmodule-map-file\=/Users/mh/Library/Developer/Xcode/DerivedData/Sonar-doqrqwtykddrsmapblpyjctvddmq/Build/Intermediates.noindex/GeneratedModuleMaps-iphonesimulator/yyjson.modulemap -plugin-path /Applications/Xcode.app/Contents/Developer/Toolchains/XcodeDefault.xctoolchain/usr/lib/swift/host/plugins/testing -enable-bare-slash-regex -enable-experimental-feature DebugDescriptionMacro -sdk /Applications/Xcode.app/Contents/Developer/Platforms/iPhoneSimulator.platform/Developer/SDKs/iPhoneSimulator26.5.sdk -target arm64-apple-ios18.0-simulator -g -module-cache-path /Users/mh/Library/Developer/Xcode/DerivedData/ModuleCache.noindex -Xfrontend -serialize-debugging-options -enable-testing -index-store-path /Users/mh/Library/Developer/Xcode/DerivedData/Sonar-doqrqwtykddrsmapblpyjctvddmq/Index.noindex/DataStore -Xcc -D_LIBCPP_HARDENING_MODE\=_LIBCPP_HARDENING_MODE_DEBUG -swift-version 5 -I /Users/mh/Library/Developer/Xcode/DerivedData/Sonar-doqrqwtykddrsmapblpyjctvddmq/Build/Products/Debug-iphonesimulator -Isystem /Applications/Xcode.app/Contents/Developer/Platforms/iPhoneSimulator.platform/Developer/usr/lib -F /Users/mh/Library/Developer/Xcode/DerivedData/Sonar-doqrqwtykddrsmapblpyjctvddmq/Build/Products/Debug-iphonesimulator/PackageFrameworks -F /Users/mh/Library/Developer/Xcode/DerivedData/Sonar-doqrqwtykddrsmapblpyjctvddmq/Build/Products/Debug-iphonesimulator/PackageFrameworks -F /Users/mh/Library/Developer/Xcode/DerivedData/Sonar-doqrqwtykddrsmapblpyjctvddmq/Build/Products/Debug-iphonesimulator/PackageFrameworks -F /Users/mh/Library/Developer/Xcode/DerivedData/Sonar-doqrqwtykddrsmapblpyjctvddmq/Build/Products/Debug-iphonesimulator/PackageFrameworks -F /Users/mh/Library/Developer/Xcode/DerivedData/Sonar-doqrqwtykddrsmapblpyjctvddmq/Build/Products/Debug-iphonesimulator/PackageFrameworks -F /Users/mh/Library/Developer/Xcode/DerivedData/Sonar-doqrqwtykddrsmapblpyjctvddmq/Build/Products/Debug-iphonesimulator/PackageFrameworks -F /Users/mh/Library/Developer/Xcode/DerivedData/Sonar-doqrqwtykddrsmapblpyjctvddmq/Build/Products/Debug-iphonesimulator/PackageFrameworks -F /Users/mh/Library/Developer/Xcode/DerivedData/Sonar-doqrqwtykddrsmapblpyjctvddmq/Build/Products/Debug-iphonesimulator/PackageFrameworks -F /Users/mh/Library/Developer/Xcode/DerivedData/Sonar-doqrqwtykddrsmapblpyjctvddmq/Build/Products/Debug-iphonesimulator/PackageFrameworks -F /Users/mh/Library/Developer/Xcode/DerivedData/Sonar-doqrqwtykddrsmapblpyjctvddmq/Build/Products/Debug-iphonesimulator/PackageFrameworks -F /Users/mh/Library/Developer/Xcode/DerivedData/Sonar-doqrqwtykddrsmapblpyjctvddmq/Build/Products/Debug-iphonesimulator/PackageFrameworks -F /Users/mh/Library/Developer/Xcode/DerivedData/Sonar-doqrqwtykddrsmapblpyjctvddmq/Build/Products/Debug-iphonesimulator/PackageFrameworks -F /Users/mh/Library/Developer/Xcode/DerivedData/Sonar-doqrqwtykddrsmapblpyjctvddmq/Build/Products/Debug-iphonesimulator/PackageFrameworks -F /Users/mh/Library/Developer/Xcode/DerivedData/Sonar-doqrqwtykddrsmapblpyjctvddmq/Build/Products/Debug-iphonesimulator -F /Applications/Xcode.app/Contents/Developer/Platforms/iPhoneSimulator.platform/Developer/Library/Frameworks -F /Applications/Xcode.app/Contents/Developer/Platforms/iPhoneSimulator.platform/Developer/SDKs/iPhoneSimulator26.5.sdk/Developer/Library/Frameworks -c -j14 -enable-batch-mode -incremental -Xcc -ivfsstatcache -Xcc /Users/mh/Library/Developer/Xcode/DerivedData/SDKStatCaches.noindex/iphonesimulator26.5-23F81a-6cfe768891a92b912361537c460fe42b.sdkstatcache -output-file-map /Users/mh/Library/Developer/Xcode/DerivedData/Sonar-doqrqwtykddrsmapblpyjctvddmq/Build/Intermediates.noindex/Sonar.build/Debug-iphonesimulator/SonarTests.build/Objects-normal/arm64/SonarTests-OutputFileMap.json -use-frontend-parseable-output -save-temps -no-color-diagnostics -explicit-module-build -module-cache-path /Users/mh/Library/Developer/Xcode/DerivedData/Sonar-doqrqwtykddrsmapblpyjctvddmq/Build/Intermediates.noindex/SwiftExplicitPrecompiledModules -clang-scanner-module-cache-path /Users/mh/Library/Developer/Xcode/DerivedData/ModuleCache.noindex -sdk-module-cache-path /Users/mh/Library/Developer/Xcode/DerivedData/ModuleCache.noindex -serialize-diagnostics -emit-dependencies -emit-module -emit-module-path /Users/mh/Library/Developer/Xcode/DerivedData/Sonar-doqrqwtykddrsmapblpyjctvddmq/Build/Intermediates.noindex/Sonar.build/Debug-iphonesimulator/SonarTests.build/Objects-normal/arm64/SonarTests.swiftmodule -validate-clang-modules-once -clang-build-session-file /Users/mh/Library/Developer/Xcode/DerivedData/ModuleCache.noindex/Session.modulevalidation -Xcc -I/Users/mh/Library/Developer/Xcode/DerivedData/Sonar-doqrqwtykddrsmapblpyjctvddmq/Build/Intermediates.noindex/Sonar.build/Debug-iphonesimulator/SonarTests.build/swift-overrides.hmap -emit-const-values -Xfrontend -const-gather-protocols-file -Xfrontend /Users/mh/Library/Developer/Xcode/DerivedData/Sonar-doqrqwtykddrsmapblpyjctvddmq/Build/Intermediates.noindex/Sonar.build/Debug-iphonesimulator/SonarTests.build/Objects-normal/arm64/SonarTests_const_extract_protocols.json -Xcc -iquote -Xcc /Users/mh/Library/Developer/Xcode/DerivedData/Sonar-doqrqwtykddrsmapblpyjctvddmq/Build/Intermediates.noindex/Sonar.build/Debug-iphonesimulator/SonarTests.build/SonarTests-generated-files.hmap -Xcc -I/Users/mh/Library/Developer/Xcode/DerivedData/Sonar-doqrqwtykddrsmapblpyjctvddmq/Build/Intermediates.noindex/Sonar.build/Debug-iphonesimulator/SonarTests.build/SonarTests-own-target-headers.hmap -Xcc -I/Users/mh/Library/Developer/Xcode/DerivedData/Sonar-doqrqwtykddrsmapblpyjctvddmq/Build/Intermediates.noindex/Sonar.build/Debug-iphonesimulator/SonarTests.build/SonarTests-all-non-framework-target-headers.hmap -Xcc -ivfsoverlay -Xcc /Users/mh/Library/Developer/Xcode/DerivedData/Sonar-doqrqwtykddrsmapblpyjctvddmq/Build/Intermediates.noindex/Sonar.build/Debug-iphonesimulator/Sonar-db34dd30bb8c7f546ae4ba4641eb9b62-VFS-iphonesimulator/all-product-headers.yaml -Xcc -iquote -Xcc /Users/mh/Library/Developer/Xcode/DerivedData/Sonar-doqrqwtykddrsmapblpyjctvddmq/Build/Intermediates.noindex/Sonar.build/Debug-iphonesimulator/SonarTests.build/SonarTests-project-headers.hmap -Xcc -I/Users/mh/Library/Developer/Xcode/DerivedData/Sonar-doqrqwtykddrsmapblpyjctvddmq/SourcePackages/checkouts/client-sdk-swift/Sources/LKObjCHelpers/include -Xcc -I/Users/mh/Library/Developer/Xcode/DerivedData/Sonar-doqrqwtykddrsmapblpyjctvddmq/SourcePackages/checkouts/yyjson/src -Xcc -I/Users/mh/Library/Developer/Xcode/DerivedData/Sonar-doqrqwtykddrsmapblpyjctvddmq/Build/Products/Debug-iphonesimulator/include -Xcc -I/Users/mh/Library/Developer/Xcode/DerivedData/Sonar-doqrqwtykddrsmapblpyjctvddmq/Build/Intermediates.noindex/Sonar.build/Debug-iphonesimulator/SonarTests.build/DerivedSources-normal/arm64 -Xcc -I/Users/mh/Library/Developer/Xcode/DerivedData/Sonar-doqrqwtykddrsmapblpyjctvddmq/Build/Intermediates.noindex/Sonar.build/Debug-iphonesimulator/SonarTests.build/DerivedSources/arm64 -Xcc -I/Users/mh/Library/Developer/Xcode/DerivedData/Sonar-doqrqwtykddrsmapblpyjctvddmq/Build/Intermediates.noindex/Sonar.build/Debug-iphonesimulator/SonarTests.build/DerivedSources -Xcc -DDEBUG\=1 -emit-objc-header -emit-objc-header-path /Users/mh/Library/Developer/Xcode/DerivedData/Sonar-doqrqwtykddrsmapblpyjctvddmq/Build/Intermediates.noindex/Sonar.build/Debug-iphonesimulator/SonarTests.build/Objects-normal/arm64/SonarTests-Swift.h -working-directory /Users/mh/orca/workspaces/sonar-live-audio -experimental-emit-module-separately -disable-cmo

ConstructStubExecutorLinkFileList /Users/mh/Library/Developer/Xcode/DerivedData/Sonar-doqrqwtykddrsmapblpyjctvddmq/Build/Intermediates.noindex/Sonar.build/Debug-iphonesimulator/Sonar.build/Sonar-ExecutorLinkFileList-normal-arm64.txt (in target 'Sonar' from project 'Sonar')
    cd /Users/mh/orca/workspaces/sonar-live-audio
    construct-stub-executor-link-file-list /Users/mh/Library/Developer/Xcode/DerivedData/Sonar-doqrqwtykddrsmapblpyjctvddmq/Build/Products/Debug-iphonesimulator/Sonar.app/Sonar.debug.dylib /Applications/Xcode.app/Contents/Developer/Platforms/iPhoneSimulator.platform/Developer/usr/lib/libPreviewsJITStubExecutor_no_swift_entry_point.a /Applications/Xcode.app/Contents/Developer/Platforms/iPhoneSimulator.platform/Developer/usr/lib/libPreviewsJITStubExecutor.a --output /Users/mh/Library/Developer/Xcode/DerivedData/Sonar-doqrqwtykddrsmapblpyjctvddmq/Build/Intermediates.noindex/Sonar.build/Debug-iphonesimulator/Sonar.build/Sonar-ExecutorLinkFileList-normal-arm64.txt
note: Using stub executor library with Swift entry point. (in target 'Sonar' from project 'Sonar')

Ld /Users/mh/Library/Developer/Xcode/DerivedData/Sonar-doqrqwtykddrsmapblpyjctvddmq/Build/Products/Debug-iphonesimulator/Sonar.app/Sonar normal (in target 'Sonar' from project 'Sonar')
    cd /Users/mh/orca/workspaces/sonar-live-audio
    /Applications/Xcode.app/Contents/Developer/Toolchains/XcodeDefault.xctoolchain/usr/bin/clang -Xlinker -reproducible -target arm64-apple-ios18.0-simulator -isysroot /Applications/Xcode.app/Contents/Developer/Platforms/iPhoneSimulator.platform/Developer/SDKs/iPhoneSimulator26.5.sdk -O0 -L/Users/mh/Library/Developer/Xcode/DerivedData/Sonar-doqrqwtykddrsmapblpyjctvddmq/Build/Products/Debug-iphonesimulator -F/Users/mh/Library/Developer/Xcode/DerivedData/Sonar-doqrqwtykddrsmapblpyjctvddmq/Build/Products/Debug-iphonesimulator/PackageFrameworks -F/Users/mh/Library/Developer/Xcode/DerivedData/Sonar-doqrqwtykddrsmapblpyjctvddmq/Build/Products/Debug-iphonesimulator/PackageFrameworks -F/Users/mh/Library/Developer/Xcode/DerivedData/Sonar-doqrqwtykddrsmapblpyjctvddmq/Build/Products/Debug-iphonesimulator/PackageFrameworks -F/Users/mh/Library/Developer/Xcode/DerivedData/Sonar-doqrqwtykddrsmapblpyjctvddmq/Build/Products/Debug-iphonesimulator/PackageFrameworks -F/Users/mh/Library/Developer/Xcode/DerivedData/Sonar-doqrqwtykddrsmapblpyjctvddmq/Build/Products/Debug-iphonesimulator/PackageFrameworks -F/Users/mh/Library/Developer/Xcode/DerivedData/Sonar-doqrqwtykddrsmapblpyjctvddmq/Build/Products/Debug-iphonesimulator/PackageFrameworks -F/Users/mh/Library/Developer/Xcode/DerivedData/Sonar-doqrqwtykddrsmapblpyjctvddmq/Build/Products/Debug-iphonesimulator/PackageFrameworks -F/Users/mh/Library/Developer/Xcode/DerivedData/Sonar-doqrqwtykddrsmapblpyjctvddmq/Build/Products/Debug-iphonesimulator/PackageFrameworks -F/Users/mh/Library/Developer/Xcode/DerivedData/Sonar-doqrqwtykddrsmapblpyjctvddmq/Build/Products/Debug-iphonesimulator/PackageFrameworks -F/Users/mh/Library/Developer/Xcode/DerivedData/Sonar-doqrqwtykddrsmapblpyjctvddmq/Build/Products/Debug-iphonesimulator/PackageFrameworks -F/Users/mh/Library/Developer/Xcode/DerivedData/Sonar-doqrqwtykddrsmapblpyjctvddmq/Build/Products/Debug-iphonesimulator/PackageFrameworks -F/Users/mh/Library/Developer/Xcode/DerivedData/Sonar-doqrqwtykddrsmapblpyjctvddmq/Build/Products/Debug-iphonesimulator/PackageFrameworks -F/Users/mh/Library/Developer/Xcode/DerivedData/Sonar-doqrqwtykddrsmapblpyjctvddmq/Build/Products/Debug-iphonesimulator/PackageFrameworks -F/Users/mh/Library/Developer/Xcode/DerivedData/Sonar-doqrqwtykddrsmapblpyjctvddmq/Build/Products/Debug-iphonesimulator -Xlinker -rpath -Xlinker @executable_path -Xlinker -rpath -Xlinker /Users/mh/Library/Developer/Xcode/DerivedData/Sonar-doqrqwtykddrsmapblpyjctvddmq/Build/Products/Debug-iphonesimulator/PackageFrameworks -Xlinker -rpath -Xlinker @executable_path/Frameworks -rdynamic -Xlinker -no_deduplicate -Xlinker -objc_abi_version -Xlinker 2 -e ___debug_blank_executor_main -Xlinker -sectcreate -Xlinker __TEXT -Xlinker __debug_dylib -Xlinker /Users/mh/Library/Developer/Xcode/DerivedData/Sonar-doqrqwtykddrsmapblpyjctvddmq/Build/Intermediates.noindex/Sonar.build/Debug-iphonesimulator/Sonar.build/Sonar-DebugDylibPath-normal-arm64.txt -Xlinker -sectcreate -Xlinker __TEXT -Xlinker __debug_instlnm -Xlinker /Users/mh/Library/Developer/Xcode/DerivedData/Sonar-doqrqwtykddrsmapblpyjctvddmq/Build/Intermediates.noindex/Sonar.build/Debug-iphonesimulator/Sonar.build/Sonar-DebugDylibInstallName-normal-arm64.txt -Xlinker -filelist -Xlinker /Users/mh/Library/Developer/Xcode/DerivedData/Sonar-doqrqwtykddrsmapblpyjctvddmq/Build/Intermediates.noindex/Sonar.build/Debug-iphonesimulator/Sonar.build/Sonar-ExecutorLinkFileList-normal-arm64.txt -Xlinker -sectcreate -Xlinker __TEXT -Xlinker __entitlements -Xlinker /Users/mh/Library/Developer/Xcode/DerivedData/Sonar-doqrqwtykddrsmapblpyjctvddmq/Build/Intermediates.noindex/Sonar.build/Debug-iphonesimulator/Sonar.build/Sonar.app-Simulated.xcent -Xlinker -sectcreate -Xlinker __TEXT -Xlinker __ents_der -Xlinker /Users/mh/Library/Developer/Xcode/DerivedData/Sonar-doqrqwtykddrsmapblpyjctvddmq/Build/Intermediates.noindex/Sonar.build/Debug-iphonesimulator/Sonar.build/Sonar.app-Simulated.xcent.der /Users/mh/Library/Developer/Xcode/DerivedData/Sonar-doqrqwtykddrsmapblpyjctvddmq/Build/Products/Debug-iphonesimulator/Sonar.app/Sonar.debug.dylib -Xlinker -no_adhoc_codesign -o /Users/mh/Library/Developer/Xcode/DerivedData/Sonar-doqrqwtykddrsmapblpyjctvddmq/Build/Products/Debug-iphonesimulator/Sonar.app/Sonar

CopySwiftLibs /Users/mh/Library/Developer/Xcode/DerivedData/Sonar-doqrqwtykddrsmapblpyjctvddmq/Build/Products/Debug-iphonesimulator/Sonar.app (in target 'Sonar' from project 'Sonar')
    cd /Users/mh/orca/workspaces/sonar-live-audio
    builtin-swiftStdLibTool --copy --verbose --sign - --scan-executable /Users/mh/Library/Developer/Xcode/DerivedData/Sonar-doqrqwtykddrsmapblpyjctvddmq/Build/Products/Debug-iphonesimulator/Sonar.app/Sonar.debug.dylib --scan-folder /Users/mh/Library/Developer/Xcode/DerivedData/Sonar-doqrqwtykddrsmapblpyjctvddmq/Build/Products/Debug-iphonesimulator/Sonar.app/Frameworks --scan-folder /Users/mh/Library/Developer/Xcode/DerivedData/Sonar-doqrqwtykddrsmapblpyjctvddmq/Build/Products/Debug-iphonesimulator/Sonar.app/PlugIns --scan-folder /Users/mh/Library/Developer/Xcode/DerivedData/Sonar-doqrqwtykddrsmapblpyjctvddmq/Build/Products/Debug-iphonesimulator/Sonar.app/SystemExtensions --scan-folder /Users/mh/Library/Developer/Xcode/DerivedData/Sonar-doqrqwtykddrsmapblpyjctvddmq/Build/Products/Debug-iphonesimulator/Sonar.app/Extensions --platform iphonesimulator --toolchain /Applications/Xcode.app/Contents/Developer/Toolchains/XcodeDefault.xctoolchain --destination /Users/mh/Library/Developer/Xcode/DerivedData/Sonar-doqrqwtykddrsmapblpyjctvddmq/Build/Products/Debug-iphonesimulator/Sonar.app/Frameworks --strip-bitcode --strip-bitcode-tool /Applications/Xcode.app/Contents/Developer/Toolchains/XcodeDefault.xctoolchain/usr/bin/bitcode_strip --emit-dependency-info /Users/mh/Library/Developer/Xcode/DerivedData/Sonar-doqrqwtykddrsmapblpyjctvddmq/Build/Intermediates.noindex/Sonar.build/Debug-iphonesimulator/Sonar.build/SwiftStdLibToolInputDependencies.dep --filter-for-swift-os

ExtractAppIntentsMetadata (in target 'Sonar' from project 'Sonar')
    cd /Users/mh/orca/workspaces/sonar-live-audio
    /Applications/Xcode.app/Contents/Developer/Toolchains/XcodeDefault.xctoolchain/usr/bin/appintentsmetadataprocessor --toolchain-dir /Applications/Xcode.app/Contents/Developer/Toolchains/XcodeDefault.xctoolchain --module-name Sonar --sdk-root /Applications/Xcode.app/Contents/Developer/Platforms/iPhoneSimulator.platform/Developer/SDKs/iPhoneSimulator26.5.sdk --xcode-version 17F113 --platform-family iOS --deployment-target 18.0 --bundle-identifier app.sonar.ios --output /Users/mh/Library/Developer/Xcode/DerivedData/Sonar-doqrqwtykddrsmapblpyjctvddmq/Build/Products/Debug-iphonesimulator/Sonar.app --target-triple arm64-apple-ios18.0-simulator --binary-file /Users/mh/Library/Developer/Xcode/DerivedData/Sonar-doqrqwtykddrsmapblpyjctvddmq/Build/Products/Debug-iphonesimulator/Sonar.app/Sonar --dependency-file /Users/mh/Library/Developer/Xcode/DerivedData/Sonar-doqrqwtykddrsmapblpyjctvddmq/Build/Intermediates.noindex/Sonar.build/Debug-iphonesimulator/Sonar.build/Objects-normal/arm64/Sonar_dependency_info.dat --stringsdata-file /Users/mh/Library/Developer/Xcode/DerivedData/Sonar-doqrqwtykddrsmapblpyjctvddmq/Build/Intermediates.noindex/Sonar.build/Debug-iphonesimulator/Sonar.build/Objects-normal/arm64/ExtractedAppShortcutsMetadata.stringsdata --source-file-list /Users/mh/Library/Developer/Xcode/DerivedData/Sonar-doqrqwtykddrsmapblpyjctvddmq/Build/Intermediates.noindex/Sonar.build/Debug-iphonesimulator/Sonar.build/Objects-normal/arm64/Sonar.SwiftFileList --metadata-file-list /Users/mh/Library/Developer/Xcode/DerivedData/Sonar-doqrqwtykddrsmapblpyjctvddmq/Build/Intermediates.noindex/Sonar.build/Debug-iphonesimulator/Sonar.build/Sonar.DependencyMetadataFileList --static-metadata-file-list /Users/mh/Library/Developer/Xcode/DerivedData/Sonar-doqrqwtykddrsmapblpyjctvddmq/Build/Intermediates.noindex/Sonar.build/Debug-iphonesimulator/Sonar.build/Sonar.DependencyStaticMetadataFileList --swift-const-vals-list /Users/mh/Library/Developer/Xcode/DerivedData/Sonar-doqrqwtykddrsmapblpyjctvddmq/Build/Intermediates.noindex/Sonar.build/Debug-iphonesimulator/Sonar.build/Objects-normal/arm64/Sonar.SwiftConstValuesFileList --compile-time-extraction --deployment-aware-processing --validate-assistant-intents --no-app-shortcuts-localization
2026-08-10 00:31:55.169 appintentsmetadataprocessor[84059:2316843] Starting appintentsmetadataprocessor export
2026-08-10 00:31:55.199 appintentsmetadataprocessor[84059:2316843] Writing Metadata.appintents
2026-08-10 00:31:55.199 appintentsmetadataprocessor[84059:2316843] Metadata root: /Users/mh/Library/Developer/Xcode/DerivedData/Sonar-doqrqwtykddrsmapblpyjctvddmq/Build/Products/Debug-iphonesimulator/Sonar.app/Metadata.appintents

ProcessInfoPlistFile /Users/mh/Library/Developer/Xcode/DerivedData/Sonar-doqrqwtykddrsmapblpyjctvddmq/Build/Products/Debug-iphonesimulator/Sonar.app/PlugIns/SonarTests.xctest/Info.plist /Users/mh/Library/Developer/Xcode/DerivedData/Sonar-doqrqwtykddrsmapblpyjctvddmq/Build/Intermediates.noindex/Sonar.build/Debug-iphonesimulator/SonarTests.build/empty-SonarTests.plist (in target 'SonarTests' from project 'Sonar')
    cd /Users/mh/orca/workspaces/sonar-live-audio
    builtin-infoPlistUtility /Users/mh/Library/Developer/Xcode/DerivedData/Sonar-doqrqwtykddrsmapblpyjctvddmq/Build/Intermediates.noindex/Sonar.build/Debug-iphonesimulator/SonarTests.build/empty-SonarTests.plist -producttype com.apple.product-type.bundle.unit-test -expandbuildsettings -format binary -platform iphonesimulator -scanforprivacyfile /Users/mh/Library/Developer/Xcode/DerivedData/Sonar-doqrqwtykddrsmapblpyjctvddmq/Build/Products/Debug-iphonesimulator/Sonar.app/PlugIns/SonarTests.xctest/LiveKit_LiveKit.bundle -scanforprivacyfile /Users/mh/Library/Developer/Xcode/DerivedData/Sonar-doqrqwtykddrsmapblpyjctvddmq/Build/Products/Debug-iphonesimulator/Sonar.app/PlugIns/SonarTests.xctest/SwiftProtobuf_SwiftProtobuf.bundle -scanforprivacyfile /Users/mh/Library/Developer/Xcode/DerivedData/Sonar-doqrqwtykddrsmapblpyjctvddmq/Build/Products/Debug-iphonesimulator/Sonar.app/PlugIns/SonarTests.xctest/swift-crypto_Crypto.bundle -scanforprivacyfile /Users/mh/Library/Developer/Xcode/DerivedData/Sonar-doqrqwtykddrsmapblpyjctvddmq/Build/Products/Debug-iphonesimulator/Sonar.app/PlugIns/SonarTests.xctest/swift-transformers_Hub.bundle -o /Users/mh/Library/Developer/Xcode/DerivedData/Sonar-doqrqwtykddrsmapblpyjctvddmq/Build/Products/Debug-iphonesimulator/Sonar.app/PlugIns/SonarTests.xctest/Info.plist

Ld /Users/mh/Library/Developer/Xcode/DerivedData/Sonar-doqrqwtykddrsmapblpyjctvddmq/Build/Products/Debug-iphonesimulator/Sonar.app/PlugIns/SonarTests.xctest/SonarTests normal (in target 'SonarTests' from project 'Sonar')
    cd /Users/mh/orca/workspaces/sonar-live-audio
    /Applications/Xcode.app/Contents/Developer/Toolchains/XcodeDefault.xctoolchain/usr/bin/clang -Xlinker -reproducible -target arm64-apple-ios18.0-simulator -bundle -isysroot /Applications/Xcode.app/Contents/Developer/Platforms/iPhoneSimulator.platform/Developer/SDKs/iPhoneSimulator26.5.sdk -O0 -L/Users/mh/Library/Developer/Xcode/DerivedData/Sonar-doqrqwtykddrsmapblpyjctvddmq/Build/Intermediates.noindex/EagerLinkingTBDs/Debug-iphonesimulator -L/Users/mh/Library/Developer/Xcode/DerivedData/Sonar-doqrqwtykddrsmapblpyjctvddmq/Build/Products/Debug-iphonesimulator -L/Applications/Xcode.app/Contents/Developer/Platforms/iPhoneSimulator.platform/Developer/usr/lib -F/Users/mh/Library/Developer/Xcode/DerivedData/Sonar-doqrqwtykddrsmapblpyjctvddmq/Build/Intermediates.noindex/EagerLinkingTBDs/Debug-iphonesimulator -F/Users/mh/Library/Developer/Xcode/DerivedData/Sonar-doqrqwtykddrsmapblpyjctvddmq/Build/Products/Debug-iphonesimulator/PackageFrameworks -F/Users/mh/Library/Developer/Xcode/DerivedData/Sonar-doqrqwtykddrsmapblpyjctvddmq/Build/Products/Debug-iphonesimulator/PackageFrameworks -F/Users/mh/Library/Developer/Xcode/DerivedData/Sonar-doqrqwtykddrsmapblpyjctvddmq/Build/Products/Debug-iphonesimulator/PackageFrameworks -F/Users/mh/Library/Developer/Xcode/DerivedData/Sonar-doqrqwtykddrsmapblpyjctvddmq/Build/Products/Debug-iphonesimulator/PackageFrameworks -F/Users/mh/Library/Developer/Xcode/DerivedData/Sonar-doqrqwtykddrsmapblpyjctvddmq/Build/Products/Debug-iphonesimulator/PackageFrameworks -F/Users/mh/Library/Developer/Xcode/DerivedData/Sonar-doqrqwtykddrsmapblpyjctvddmq/Build/Products/Debug-iphonesimulator/PackageFrameworks -F/Users/mh/Library/Developer/Xcode/DerivedData/Sonar-doqrqwtykddrsmapblpyjctvddmq/Build/Products/Debug-iphonesimulator/PackageFrameworks -F/Users/mh/Library/Developer/Xcode/DerivedData/Sonar-doqrqwtykddrsmapblpyjctvddmq/Build/Products/Debug-iphonesimulator/PackageFrameworks -F/Users/mh/Library/Developer/Xcode/DerivedData/Sonar-doqrqwtykddrsmapblpyjctvddmq/Build/Products/Debug-iphonesimulator/PackageFrameworks -F/Users/mh/Library/Developer/Xcode/DerivedData/Sonar-doqrqwtykddrsmapblpyjctvddmq/Build/Products/Debug-iphonesimulator/PackageFrameworks -F/Users/mh/Library/Developer/Xcode/DerivedData/Sonar-doqrqwtykddrsmapblpyjctvddmq/Build/Products/Debug-iphonesimulator/PackageFrameworks -F/Users/mh/Library/Developer/Xcode/DerivedData/Sonar-doqrqwtykddrsmapblpyjctvddmq/Build/Products/Debug-iphonesimulator/PackageFrameworks -F/Users/mh/Library/Developer/Xcode/DerivedData/Sonar-doqrqwtykddrsmapblpyjctvddmq/Build/Products/Debug-iphonesimulator/PackageFrameworks -F/Users/mh/Library/Developer/Xcode/DerivedData/Sonar-doqrqwtykddrsmapblpyjctvddmq/Build/Products/Debug-iphonesimulator -iframework /Applications/Xcode.app/Contents/Developer/Platforms/iPhoneSimulator.platform/Developer/Library/Frameworks -iframework /Applications/Xcode.app/Contents/Developer/Platforms/iPhoneSimulator.platform/Developer/SDKs/iPhoneSimulator26.5.sdk/Developer/Library/Frameworks -filelist /Users/mh/Library/Developer/Xcode/DerivedData/Sonar-doqrqwtykddrsmapblpyjctvddmq/Build/Intermediates.noindex/Sonar.build/Debug-iphonesimulator/SonarTests.build/Objects-normal/arm64/SonarTests.LinkFileList -Xlinker -rpath -Xlinker /usr/lib/swift -Xlinker -rpath -Xlinker /Users/mh/Library/Developer/Xcode/DerivedData/Sonar-doqrqwtykddrsmapblpyjctvddmq/Build/Products/Debug-iphonesimulator/PackageFrameworks -Xlinker -rpath -Xlinker @loader_path/Frameworks -Xlinker -rpath -Xlinker @executable_path/Frameworks -Xlinker -dead_strip -bundle_loader /Users/mh/Library/Developer/Xcode/DerivedData/Sonar-doqrqwtykddrsmapblpyjctvddmq/Build/Products/Debug-iphonesimulator/Sonar.app/Sonar -Xlinker -object_path_lto -Xlinker /Users/mh/Library/Developer/Xcode/DerivedData/Sonar-doqrqwtykddrsmapblpyjctvddmq/Build/Intermediates.noindex/Sonar.build/Debug-iphonesimulator/SonarTests.build/Objects-normal/arm64/SonarTests_lto.o -rdynamic -Xlinker -no_deduplicate -Xlinker -objc_abi_version -Xlinker 2 -Xlinker -dependency_info -Xlinker /Users/mh/Library/Developer/Xcode/DerivedData/Sonar-doqrqwtykddrsmapblpyjctvddmq/Build/Intermediates.noindex/Sonar.build/Debug-iphonesimulator/SonarTests.build/Objects-normal/arm64/SonarTests_dependency_info.dat -fobjc-link-runtime -L/Applications/Xcode.app/Contents/Developer/Toolchains/XcodeDefault.xctoolchain/usr/lib/swift/iphonesimulator -L/usr/lib/swift -Xlinker -add_ast_path -Xlinker /Users/mh/Library/Developer/Xcode/DerivedData/Sonar-doqrqwtykddrsmapblpyjctvddmq/Build/Intermediates.noindex/Sonar.build/Debug-iphonesimulator/SonarTests.build/Objects-normal/arm64/SonarTests.swiftmodule @/Users/mh/Library/Developer/Xcode/DerivedData/Sonar-doqrqwtykddrsmapblpyjctvddmq/Build/Intermediates.noindex/Sonar.build/Debug-iphonesimulator/SonarTests.build/Objects-normal/arm64/SonarTests-linker-args.resp -Wl,-no_warn_duplicate_libraries -Wl,-no_warn_duplicate_libraries -Wl,-no_warn_duplicate_libraries -Wl,-no_warn_duplicate_libraries -Wl,-no_warn_duplicate_libraries -Wl,-no_warn_duplicate_libraries -Wl,-no_warn_duplicate_libraries -Wl,-no_warn_duplicate_libraries -Wl,-no_warn_duplicate_libraries -Wl,-no_warn_duplicate_libraries -Wl,-no_warn_duplicate_libraries -Wl,-no_warn_duplicate_libraries -Wl,-no_warn_duplicate_libraries -Xlinker -needed_framework -Xlinker XCTest -framework XCTest -Xlinker -needed-lXCTestSwiftSupport -lXCTestSwiftSupport /Users/mh/Library/Developer/Xcode/DerivedData/Sonar-doqrqwtykddrsmapblpyjctvddmq/Build/Products/Debug-iphonesimulator/Sonar.app/Sonar.debug.dylib -Xlinker -no_adhoc_codesign -o /Users/mh/Library/Developer/Xcode/DerivedData/Sonar-doqrqwtykddrsmapblpyjctvddmq/Build/Products/Debug-iphonesimulator/Sonar.app/PlugIns/SonarTests.xctest/SonarTests

CopySwiftLibs /Users/mh/Library/Developer/Xcode/DerivedData/Sonar-doqrqwtykddrsmapblpyjctvddmq/Build/Products/Debug-iphonesimulator/Sonar.app/PlugIns/SonarTests.xctest (in target 'SonarTests' from project 'Sonar')
    cd /Users/mh/orca/workspaces/sonar-live-audio
    builtin-swiftStdLibTool --copy --verbose --sign - --scan-executable /Users/mh/Library/Developer/Xcode/DerivedData/Sonar-doqrqwtykddrsmapblpyjctvddmq/Build/Products/Debug-iphonesimulator/Sonar.app/PlugIns/SonarTests.xctest/SonarTests --scan-folder /Users/mh/Library/Developer/Xcode/DerivedData/Sonar-doqrqwtykddrsmapblpyjctvddmq/Build/Products/Debug-iphonesimulator/Sonar.app/PlugIns/SonarTests.xctest/Frameworks --scan-folder /Users/mh/Library/Developer/Xcode/DerivedData/Sonar-doqrqwtykddrsmapblpyjctvddmq/Build/Products/Debug-iphonesimulator/Sonar.app/PlugIns/SonarTests.xctest/PlugIns --scan-folder /Users/mh/Library/Developer/Xcode/DerivedData/Sonar-doqrqwtykddrsmapblpyjctvddmq/Build/Products/Debug-iphonesimulator/Sonar.app/PlugIns/SonarTests.xctest/SystemExtensions --scan-folder /Users/mh/Library/Developer/Xcode/DerivedData/Sonar-doqrqwtykddrsmapblpyjctvddmq/Build/Products/Debug-iphonesimulator/Sonar.app/PlugIns/SonarTests.xctest/Extensions --platform iphonesimulator --toolchain /Applications/Xcode.app/Contents/Developer/Toolchains/XcodeDefault.xctoolchain --destination /Users/mh/Library/Developer/Xcode/DerivedData/Sonar-doqrqwtykddrsmapblpyjctvddmq/Build/Products/Debug-iphonesimulator/Sonar.app/PlugIns/SonarTests.xctest/Frameworks --strip-bitcode --scan-executable /Applications/Xcode.app/Contents/Developer/Platforms/iPhoneSimulator.platform/Developer/usr/lib/libXCTestSwiftSupport.dylib --strip-bitcode-tool /Applications/Xcode.app/Contents/Developer/Toolchains/XcodeDefault.xctoolchain/usr/bin/bitcode_strip --emit-dependency-info /Users/mh/Library/Developer/Xcode/DerivedData/Sonar-doqrqwtykddrsmapblpyjctvddmq/Build/Intermediates.noindex/Sonar.build/Debug-iphonesimulator/SonarTests.build/SwiftStdLibToolInputDependencies.dep --filter-for-swift-os

ExtractAppIntentsMetadata (in target 'SonarTests' from project 'Sonar')
    cd /Users/mh/orca/workspaces/sonar-live-audio
    /Applications/Xcode.app/Contents/Developer/Toolchains/XcodeDefault.xctoolchain/usr/bin/appintentsmetadataprocessor --toolchain-dir /Applications/Xcode.app/Contents/Developer/Toolchains/XcodeDefault.xctoolchain --module-name SonarTests --sdk-root /Applications/Xcode.app/Contents/Developer/Platforms/iPhoneSimulator.platform/Developer/SDKs/iPhoneSimulator26.5.sdk --xcode-version 17F113 --platform-family iOS --deployment-target 18.0 --bundle-identifier app.sonar.SonarTests --output /Users/mh/Library/Developer/Xcode/DerivedData/Sonar-doqrqwtykddrsmapblpyjctvddmq/Build/Products/Debug-iphonesimulator/Sonar.app/PlugIns/SonarTests.xctest --target-triple arm64-apple-ios18.0-simulator --binary-file /Users/mh/Library/Developer/Xcode/DerivedData/Sonar-doqrqwtykddrsmapblpyjctvddmq/Build/Products/Debug-iphonesimulator/Sonar.app/PlugIns/SonarTests.xctest/SonarTests --dependency-file /Users/mh/Library/Developer/Xcode/DerivedData/Sonar-doqrqwtykddrsmapblpyjctvddmq/Build/Intermediates.noindex/Sonar.build/Debug-iphonesimulator/SonarTests.build/Objects-normal/arm64/SonarTests_dependency_info.dat --stringsdata-file /Users/mh/Library/Developer/Xcode/DerivedData/Sonar-doqrqwtykddrsmapblpyjctvddmq/Build/Intermediates.noindex/Sonar.build/Debug-iphonesimulator/SonarTests.build/Objects-normal/arm64/ExtractedAppShortcutsMetadata.stringsdata --source-file-list /Users/mh/Library/Developer/Xcode/DerivedData/Sonar-doqrqwtykddrsmapblpyjctvddmq/Build/Intermediates.noindex/Sonar.build/Debug-iphonesimulator/SonarTests.build/Objects-normal/arm64/SonarTests.SwiftFileList --metadata-file-list /Users/mh/Library/Developer/Xcode/DerivedData/Sonar-doqrqwtykddrsmapblpyjctvddmq/Build/Intermediates.noindex/Sonar.build/Debug-iphonesimulator/SonarTests.build/SonarTests.DependencyMetadataFileList --static-metadata-file-list /Users/mh/Library/Developer/Xcode/DerivedData/Sonar-doqrqwtykddrsmapblpyjctvddmq/Build/Intermediates.noindex/Sonar.build/Debug-iphonesimulator/SonarTests.build/SonarTests.DependencyStaticMetadataFileList --swift-const-vals-list /Users/mh/Library/Developer/Xcode/DerivedData/Sonar-doqrqwtykddrsmapblpyjctvddmq/Build/Intermediates.noindex/Sonar.build/Debug-iphonesimulator/SonarTests.build/Objects-normal/arm64/SonarTests.SwiftConstValuesFileList --compile-time-extraction --deployment-aware-processing --validate-assistant-intents --no-app-shortcuts-localization
2026-08-10 00:31:55.428 appintentsmetadataprocessor[84063:2316867] Starting appintentsmetadataprocessor export
2026-08-10 00:31:55.438 appintentsmetadataprocessor[84063:2316867] Extracted no relevant App Intents symbols, skipping writing output

CodeSign /Users/mh/Library/Developer/Xcode/DerivedData/Sonar-doqrqwtykddrsmapblpyjctvddmq/Build/Products/Debug-iphonesimulator/Sonar.app/PlugIns/SonarTests.xctest (in target 'SonarTests' from project 'Sonar')
    cd /Users/mh/orca/workspaces/sonar-live-audio
    
    Signing Identity:     "Sign to Run Locally"
    
    /usr/bin/codesign --force --sign - --timestamp\=none --generate-entitlement-der /Users/mh/Library/Developer/Xcode/DerivedData/Sonar-doqrqwtykddrsmapblpyjctvddmq/Build/Products/Debug-iphonesimulator/Sonar.app/PlugIns/SonarTests.xctest

CodeSign /Users/mh/Library/Developer/Xcode/DerivedData/Sonar-doqrqwtykddrsmapblpyjctvddmq/Build/Products/Debug-iphonesimulator/Sonar.app/Sonar.debug.dylib (in target 'Sonar' from project 'Sonar')
    cd /Users/mh/orca/workspaces/sonar-live-audio
    
    Signing Identity:     "Sign to Run Locally"
    
    /usr/bin/codesign --force --sign - --timestamp\=none --generate-entitlement-der /Users/mh/Library/Developer/Xcode/DerivedData/Sonar-doqrqwtykddrsmapblpyjctvddmq/Build/Products/Debug-iphonesimulator/Sonar.app/Sonar.debug.dylib

CodeSign /Users/mh/Library/Developer/Xcode/DerivedData/Sonar-doqrqwtykddrsmapblpyjctvddmq/Build/Products/Debug-iphonesimulator/Sonar.app/__preview.dylib (in target 'Sonar' from project 'Sonar')
    cd /Users/mh/orca/workspaces/sonar-live-audio
    
    Signing Identity:     "Sign to Run Locally"
    
    /usr/bin/codesign --force --sign - --timestamp\=none --generate-entitlement-der /Users/mh/Library/Developer/Xcode/DerivedData/Sonar-doqrqwtykddrsmapblpyjctvddmq/Build/Products/Debug-iphonesimulator/Sonar.app/__preview.dylib

CodeSign /Users/mh/Library/Developer/Xcode/DerivedData/Sonar-doqrqwtykddrsmapblpyjctvddmq/Build/Products/Debug-iphonesimulator/Sonar.app (in target 'Sonar' from project 'Sonar')
    cd /Users/mh/orca/workspaces/sonar-live-audio
    
    Signing Identity:     "Sign to Run Locally"
    
    /usr/bin/codesign --force --sign - --entitlements /Users/mh/Library/Developer/Xcode/DerivedData/Sonar-doqrqwtykddrsmapblpyjctvddmq/Build/Intermediates.noindex/Sonar.build/Debug-iphonesimulator/Sonar.build/Sonar.app.xcent --timestamp\=none --generate-entitlement-der /Users/mh/Library/Developer/Xcode/DerivedData/Sonar-doqrqwtykddrsmapblpyjctvddmq/Build/Products/Debug-iphonesimulator/Sonar.app

Validate /Users/mh/Library/Developer/Xcode/DerivedData/Sonar-doqrqwtykddrsmapblpyjctvddmq/Build/Products/Debug-iphonesimulator/Sonar.app (in target 'Sonar' from project 'Sonar')
    cd /Users/mh/orca/workspaces/sonar-live-audio
    builtin-validationUtility /Users/mh/Library/Developer/Xcode/DerivedData/Sonar-doqrqwtykddrsmapblpyjctvddmq/Build/Products/Debug-iphonesimulator/Sonar.app -shallow-bundle -infoplist-subpath Info.plist

ProcessInfoPlistFile /Users/mh/Library/Developer/Xcode/DerivedData/Sonar-doqrqwtykddrsmapblpyjctvddmq/Build/Products/Debug-iphonesimulator/SonarUITests-Runner.app/PlugIns/SonarUITests.xctest/Info.plist /Users/mh/Library/Developer/Xcode/DerivedData/Sonar-doqrqwtykddrsmapblpyjctvddmq/Build/Intermediates.noindex/Sonar.build/Debug-iphonesimulator/SonarUITests.build/empty-SonarUITests.plist (in target 'SonarUITests' from project 'Sonar')
    cd /Users/mh/orca/workspaces/sonar-live-audio
    builtin-infoPlistUtility /Users/mh/Library/Developer/Xcode/DerivedData/Sonar-doqrqwtykddrsmapblpyjctvddmq/Build/Intermediates.noindex/Sonar.build/Debug-iphonesimulator/SonarUITests.build/empty-SonarUITests.plist -producttype com.apple.product-type.bundle.ui-testing -expandbuildsettings -format binary -platform iphonesimulator -additionalcontentfile /Users/mh/Library/Developer/Xcode/DerivedData/Sonar-doqrqwtykddrsmapblpyjctvddmq/Build/Intermediates.noindex/Sonar.build/Debug-iphonesimulator/SonarUITests.build/ProductTypeInfoPlistAdditions.plist -o /Users/mh/Library/Developer/Xcode/DerivedData/Sonar-doqrqwtykddrsmapblpyjctvddmq/Build/Products/Debug-iphonesimulator/SonarUITests-Runner.app/PlugIns/SonarUITests.xctest/Info.plist

Ld /Users/mh/Library/Developer/Xcode/DerivedData/Sonar-doqrqwtykddrsmapblpyjctvddmq/Build/Products/Debug-iphonesimulator/SonarUITests-Runner.app/PlugIns/SonarUITests.xctest/SonarUITests normal (in target 'SonarUITests' from project 'Sonar')
    cd /Users/mh/orca/workspaces/sonar-live-audio
    /Applications/Xcode.app/Contents/Developer/Toolchains/XcodeDefault.xctoolchain/usr/bin/clang -Xlinker -reproducible -target arm64-apple-ios18.0-simulator -bundle -isysroot /Applications/Xcode.app/Contents/Developer/Platforms/iPhoneSimulator.platform/Developer/SDKs/iPhoneSimulator26.5.sdk -O0 -L/Users/mh/Library/Developer/Xcode/DerivedData/Sonar-doqrqwtykddrsmapblpyjctvddmq/Build/Intermediates.noindex/EagerLinkingTBDs/Debug-iphonesimulator -L/Users/mh/Library/Developer/Xcode/DerivedData/Sonar-doqrqwtykddrsmapblpyjctvddmq/Build/Products/Debug-iphonesimulator -L/Applications/Xcode.app/Contents/Developer/Platforms/iPhoneSimulator.platform/Developer/usr/lib -F/Users/mh/Library/Developer/Xcode/DerivedData/Sonar-doqrqwtykddrsmapblpyjctvddmq/Build/Intermediates.noindex/EagerLinkingTBDs/Debug-iphonesimulator -F/Users/mh/Library/Developer/Xcode/DerivedData/Sonar-doqrqwtykddrsmapblpyjctvddmq/Build/Products/Debug-iphonesimulator -iframework /Applications/Xcode.app/Contents/Developer/Platforms/iPhoneSimulator.platform/Developer/Library/Frameworks -iframework /Applications/Xcode.app/Contents/Developer/Platforms/iPhoneSimulator.platform/Developer/SDKs/iPhoneSimulator26.5.sdk/Developer/Library/Frameworks -filelist /Users/mh/Library/Developer/Xcode/DerivedData/Sonar-doqrqwtykddrsmapblpyjctvddmq/Build/Intermediates.noindex/Sonar.build/Debug-iphonesimulator/SonarUITests.build/Objects-normal/arm64/SonarUITests.LinkFileList -Xlinker -rpath -Xlinker /usr/lib/swift -Xlinker -rpath -Xlinker @loader_path/Frameworks -Xlinker -rpath -Xlinker @executable_path/Frameworks -Xlinker -dead_strip -Xlinker -object_path_lto -Xlinker /Users/mh/Library/Developer/Xcode/DerivedData/Sonar-doqrqwtykddrsmapblpyjctvddmq/Build/Intermediates.noindex/Sonar.build/Debug-iphonesimulator/SonarUITests.build/Objects-normal/arm64/SonarUITests_lto.o -rdynamic -Xlinker -no_deduplicate -Xlinker -objc_abi_version -Xlinker 2 -Xlinker -dependency_info -Xlinker /Users/mh/Library/Developer/Xcode/DerivedData/Sonar-doqrqwtykddrsmapblpyjctvddmq/Build/Intermediates.noindex/Sonar.build/Debug-iphonesimulator/SonarUITests.build/Objects-normal/arm64/SonarUITests_dependency_info.dat -fobjc-link-runtime -L/Applications/Xcode.app/Contents/Developer/Toolchains/XcodeDefault.xctoolchain/usr/lib/swift/iphonesimulator -L/usr/lib/swift -Xlinker -add_ast_path -Xlinker /Users/mh/Library/Developer/Xcode/DerivedData/Sonar-doqrqwtykddrsmapblpyjctvddmq/Build/Intermediates.noindex/Sonar.build/Debug-iphonesimulator/SonarUITests.build/Objects-normal/arm64/SonarUITests.swiftmodule @/Users/mh/Library/Developer/Xcode/DerivedData/Sonar-doqrqwtykddrsmapblpyjctvddmq/Build/Intermediates.noindex/Sonar.build/Debug-iphonesimulator/SonarUITests.build/Objects-normal/arm64/SonarUITests-linker-args.resp -Xlinker -needed_framework -Xlinker XCTest -framework XCTest -Xlinker -needed-lXCTestSwiftSupport -lXCTestSwiftSupport -Xlinker -sectcreate -Xlinker __TEXT -Xlinker __entitlements -Xlinker /Users/mh/Library/Developer/Xcode/DerivedData/Sonar-doqrqwtykddrsmapblpyjctvddmq/Build/Intermediates.noindex/Sonar.build/Debug-iphonesimulator/SonarUITests.build/SonarUITests.xctest-Simulated.xcent -Xlinker -sectcreate -Xlinker __TEXT -Xlinker __ents_der -Xlinker /Users/mh/Library/Developer/Xcode/DerivedData/Sonar-doqrqwtykddrsmapblpyjctvddmq/Build/Intermediates.noindex/Sonar.build/Debug-iphonesimulator/SonarUITests.build/SonarUITests.xctest-Simulated.xcent.der -Xlinker -no_adhoc_codesign -o /Users/mh/Library/Developer/Xcode/DerivedData/Sonar-doqrqwtykddrsmapblpyjctvddmq/Build/Products/Debug-iphonesimulator/SonarUITests-Runner.app/PlugIns/SonarUITests.xctest/SonarUITests

CopySwiftLibs /Users/mh/Library/Developer/Xcode/DerivedData/Sonar-doqrqwtykddrsmapblpyjctvddmq/Build/Products/Debug-iphonesimulator/SonarUITests-Runner.app/PlugIns/SonarUITests.xctest (in target 'SonarUITests' from project 'Sonar')
    cd /Users/mh/orca/workspaces/sonar-live-audio
    builtin-swiftStdLibTool --copy --verbose --sign - --scan-executable /Users/mh/Library/Developer/Xcode/DerivedData/Sonar-doqrqwtykddrsmapblpyjctvddmq/Build/Products/Debug-iphonesimulator/SonarUITests-Runner.app/PlugIns/SonarUITests.xctest/SonarUITests --scan-folder /Users/mh/Library/Developer/Xcode/DerivedData/Sonar-doqrqwtykddrsmapblpyjctvddmq/Build/Products/Debug-iphonesimulator/SonarUITests-Runner.app/PlugIns/SonarUITests.xctest/Frameworks --scan-folder /Users/mh/Library/Developer/Xcode/DerivedData/Sonar-doqrqwtykddrsmapblpyjctvddmq/Build/Products/Debug-iphonesimulator/SonarUITests-Runner.app/PlugIns/SonarUITests.xctest/PlugIns --scan-folder /Users/mh/Library/Developer/Xcode/DerivedData/Sonar-doqrqwtykddrsmapblpyjctvddmq/Build/Products/Debug-iphonesimulator/SonarUITests-Runner.app/PlugIns/SonarUITests.xctest/SystemExtensions --scan-folder /Users/mh/Library/Developer/Xcode/DerivedData/Sonar-doqrqwtykddrsmapblpyjctvddmq/Build/Products/Debug-iphonesimulator/SonarUITests-Runner.app/PlugIns/SonarUITests.xctest/Extensions --platform iphonesimulator --toolchain /Applications/Xcode.app/Contents/Developer/Toolchains/XcodeDefault.xctoolchain --destination /Users/mh/Library/Developer/Xcode/DerivedData/Sonar-doqrqwtykddrsmapblpyjctvddmq/Build/Products/Debug-iphonesimulator/SonarUITests-Runner.app/PlugIns/SonarUITests.xctest/Frameworks --strip-bitcode --scan-executable /Applications/Xcode.app/Contents/Developer/Platforms/iPhoneSimulator.platform/Developer/usr/lib/libXCTestSwiftSupport.dylib --strip-bitcode-tool /Applications/Xcode.app/Contents/Developer/Toolchains/XcodeDefault.xctoolchain/usr/bin/bitcode_strip --emit-dependency-info /Users/mh/Library/Developer/Xcode/DerivedData/Sonar-doqrqwtykddrsmapblpyjctvddmq/Build/Intermediates.noindex/Sonar.build/Debug-iphonesimulator/SonarUITests.build/SwiftStdLibToolInputDependencies.dep --filter-for-swift-os

ExtractAppIntentsMetadata (in target 'SonarUITests' from project 'Sonar')
    cd /Users/mh/orca/workspaces/sonar-live-audio
    /Applications/Xcode.app/Contents/Developer/Toolchains/XcodeDefault.xctoolchain/usr/bin/appintentsmetadataprocessor --toolchain-dir /Applications/Xcode.app/Contents/Developer/Toolchains/XcodeDefault.xctoolchain --module-name SonarUITests --sdk-root /Applications/Xcode.app/Contents/Developer/Platforms/iPhoneSimulator.platform/Developer/SDKs/iPhoneSimulator26.5.sdk --xcode-version 17F113 --platform-family iOS --deployment-target 18.0 --bundle-identifier app.sonar.SonarUITests --output /Users/mh/Library/Developer/Xcode/DerivedData/Sonar-doqrqwtykddrsmapblpyjctvddmq/Build/Products/Debug-iphonesimulator/SonarUITests-Runner.app/PlugIns/SonarUITests.xctest --target-triple arm64-apple-ios18.0-simulator --binary-file /Users/mh/Library/Developer/Xcode/DerivedData/Sonar-doqrqwtykddrsmapblpyjctvddmq/Build/Products/Debug-iphonesimulator/SonarUITests-Runner.app/PlugIns/SonarUITests.xctest/SonarUITests --dependency-file /Users/mh/Library/Developer/Xcode/DerivedData/Sonar-doqrqwtykddrsmapblpyjctvddmq/Build/Intermediates.noindex/Sonar.build/Debug-iphonesimulator/SonarUITests.build/Objects-normal/arm64/SonarUITests_dependency_info.dat --stringsdata-file /Users/mh/Library/Developer/Xcode/DerivedData/Sonar-doqrqwtykddrsmapblpyjctvddmq/Build/Intermediates.noindex/Sonar.build/Debug-iphonesimulator/SonarUITests.build/Objects-normal/arm64/ExtractedAppShortcutsMetadata.stringsdata --source-file-list /Users/mh/Library/Developer/Xcode/DerivedData/Sonar-doqrqwtykddrsmapblpyjctvddmq/Build/Intermediates.noindex/Sonar.build/Debug-iphonesimulator/SonarUITests.build/Objects-normal/arm64/SonarUITests.SwiftFileList --metadata-file-list /Users/mh/Library/Developer/Xcode/DerivedData/Sonar-doqrqwtykddrsmapblpyjctvddmq/Build/Intermediates.noindex/Sonar.build/Debug-iphonesimulator/SonarUITests.build/SonarUITests.DependencyMetadataFileList --static-metadata-file-list /Users/mh/Library/Developer/Xcode/DerivedData/Sonar-doqrqwtykddrsmapblpyjctvddmq/Build/Intermediates.noindex/Sonar.build/Debug-iphonesimulator/SonarUITests.build/SonarUITests.DependencyStaticMetadataFileList --swift-const-vals-list /Users/mh/Library/Developer/Xcode/DerivedData/Sonar-doqrqwtykddrsmapblpyjctvddmq/Build/Intermediates.noindex/Sonar.build/Debug-iphonesimulator/SonarUITests.build/Objects-normal/arm64/SonarUITests.SwiftConstValuesFileList --compile-time-extraction --deployment-aware-processing --validate-assistant-intents --no-app-shortcuts-localization
2026-08-10 00:31:55.822 appintentsmetadataprocessor[84077:2316952] Starting appintentsmetadataprocessor export
2026-08-10 00:31:55.823 appintentsmetadataprocessor[84077:2316952] warning: Metadata extraction skipped. No AppIntents.framework dependency found.

CodeSign /Users/mh/Library/Developer/Xcode/DerivedData/Sonar-doqrqwtykddrsmapblpyjctvddmq/Build/Products/Debug-iphonesimulator/SonarUITests-Runner.app/PlugIns/SonarUITests.xctest (in target 'SonarUITests' from project 'Sonar')
    cd /Users/mh/orca/workspaces/sonar-live-audio
    
    Signing Identity:     "Sign to Run Locally"
    
    /usr/bin/codesign --force --sign - --timestamp\=none --generate-entitlement-der /Users/mh/Library/Developer/Xcode/DerivedData/Sonar-doqrqwtykddrsmapblpyjctvddmq/Build/Products/Debug-iphonesimulator/SonarUITests-Runner.app/PlugIns/SonarUITests.xctest

2026-08-10 00:32:09.979060+0200 Sonar[84683:2320466] [CoreBluetooth] XPC connection invalid
2026-08-10 00:32:09.979281+0200 Sonar[84683:2320466] [CoreBluetooth] XPC connection invalid
2026-08-10 00:32:09.982951+0200 Sonar[84683:2319930] [unspecified] container_create_or_lookup_app_group_path_by_app_group_identifier: client is not entitled
Test Suite 'All tests' started at 2026-08-10 00:32:11.771.
Test Suite 'SonarTests.xctest' started at 2026-08-10 00:32:11.779.
Test Suite 'AgentConnectorTests' started at 2026-08-10 00:32:11.779.
Test Case '-[SonarTests.AgentConnectorTests testEmptyServerURLIsNoOp]' started.
Test Case '-[SonarTests.AgentConnectorTests testEmptyServerURLIsNoOp]' passed (0.002 seconds).
Test Case '-[SonarTests.AgentConnectorTests testUtteranceWithEmptyServerURLIsNoOp]' started.
Test Case '-[SonarTests.AgentConnectorTests testUtteranceWithEmptyServerURLIsNoOp]' passed (0.001 seconds).
Test Suite 'AgentConnectorTests' passed at 2026-08-10 00:32:11.782.
	 Executed 2 tests, with 0 failures (0 unexpected) in 0.003 (0.003) seconds
Test Suite 'AppStateConnectionTypeTests' started at 2026-08-10 00:32:11.783.
Test Case '-[SonarTests.AppStateConnectionTypeTests testActiveMultipeerPathMarksPeerOnlineAndAWDL]' started.
Test Case '-[SonarTests.AppStateConnectionTypeTests testActiveMultipeerPathMarksPeerOnlineAndAWDL]' passed (0.011 seconds).
Test Case '-[SonarTests.AppStateConnectionTypeTests testActivePathPriorityPrefersLocalOverInternet]' started.
Test Case '-[SonarTests.AppStateConnectionTypeTests testActivePathPriorityPrefersLocalOverInternet]' passed (0.001 seconds).
Test Case '-[SonarTests.AppStateConnectionTypeTests testActiveTailscalePathMarksPeerOnlineAndTailscale]' started.
Test Case '-[SonarTests.AppStateConnectionTypeTests testActiveTailscalePathMarksPeerOnlineAndTailscale]' passed (0.001 seconds).
Test Case '-[SonarTests.AppStateConnectionTypeTests testAllIconsNonEmpty]' started.
Test Case '-[SonarTests.AppStateConnectionTypeTests testAllIconsNonEmpty]' passed (0.000 seconds).
Test Case '-[SonarTests.AppStateConnectionTypeTests testAppStateConnectionTypeCanChange]' started.
Test Case '-[SonarTests.AppStateConnectionTypeTests testAppStateConnectionTypeCanChange]' passed (0.001 seconds).
Test Case '-[SonarTests.AppStateConnectionTypeTests testAppStateDefaultConnectionType]' started.
Test Case '-[SonarTests.AppStateConnectionTypeTests testAppStateDefaultConnectionType]' passed (0.001 seconds).
Test Case '-[SonarTests.AppStateConnectionTypeTests testAppStateDefaultPeerOnline]' started.
Test Case '-[SonarTests.AppStateConnectionTypeTests testAppStateDefaultPeerOnline]' passed (0.001 seconds).
Test Case '-[SonarTests.AppStateConnectionTypeTests testAppStatePeerCanBeSet]' started.
Test Case '-[SonarTests.AppStateConnectionTypeTests testAppStatePeerCanBeSet]' passed (0.001 seconds).
Test Case '-[SonarTests.AppStateConnectionTypeTests testAWDLLabel]' started.
Test Case '-[SonarTests.AppStateConnectionTypeTests testAWDLLabel]' passed (0.000 seconds).
Test Case '-[SonarTests.AppStateConnectionTypeTests testBluetoothLabel]' started.
Test Case '-[SonarTests.AppStateConnectionTypeTests testBluetoothLabel]' passed (0.000 seconds).
Test Case '-[SonarTests.AppStateConnectionTypeTests testInternetIcon]' started.
Test Case '-[SonarTests.AppStateConnectionTypeTests testInternetIcon]' passed (0.000 seconds).
Test Case '-[SonarTests.AppStateConnectionTypeTests testInternetLabel]' started.
Test Case '-[SonarTests.AppStateConnectionTypeTests testInternetLabel]' passed (0.000 seconds).
Test Case '-[SonarTests.AppStateConnectionTypeTests testNoActivePathsClearsConnectionButKeepsPairingIntentName]' started.
Test Case '-[SonarTests.AppStateConnectionTypeTests testNoActivePathsClearsConnectionButKeepsPairingIntentName]' passed (0.001 seconds).
Test Case '-[SonarTests.AppStateConnectionTypeTests testNoneIcon]' started.
Test Case '-[SonarTests.AppStateConnectionTypeTests testNoneIcon]' passed (0.000 seconds).
Test Case '-[SonarTests.AppStateConnectionTypeTests testNoneLabel]' started.
Test Case '-[SonarTests.AppStateConnectionTypeTests testNoneLabel]' passed (0.000 seconds).
Test Case '-[SonarTests.AppStateConnectionTypeTests testPrimaryInterfaceSymbolsResolve]' started.
Test Case '-[SonarTests.AppStateConnectionTypeTests testPrimaryInterfaceSymbolsResolve]' passed (0.152 seconds).
Test Case '-[SonarTests.AppStateConnectionTypeTests testSimulatorRelayIcon]' started.
Test Case '-[SonarTests.AppStateConnectionTypeTests testSimulatorRelayIcon]' passed (0.000 seconds).
Test Case '-[SonarTests.AppStateConnectionTypeTests testSimulatorRelayLabel]' started.
Test Case '-[SonarTests.AppStateConnectionTypeTests testSimulatorRelayLabel]' passed (0.001 seconds).
Test Case '-[SonarTests.AppStateConnectionTypeTests testWifiLabel]' started.
Test Case '-[SonarTests.AppStateConnectionTypeTests testWifiLabel]' passed (0.000 seconds).
Test Suite 'AppStateConnectionTypeTests' passed at 2026-08-10 00:32:12.008.
	 Executed 19 tests, with 0 failures (0 unexpected) in 0.175 (0.225) seconds
Test Suite 'AppStateTests' started at 2026-08-10 00:32:12.008.
Test Case '-[SonarTests.AppStateTests testDefaultsToIdle]' started.
Test Case '-[SonarTests.AppStateTests testDefaultsToIdle]' passed (0.002 seconds).
Test Case '-[SonarTests.AppStateTests testEditableDisplayNameFeedsPeerNameAndPairingToken]' started.
Test Case '-[SonarTests.AppStateTests testEditableDisplayNameFeedsPeerNameAndPairingToken]' passed (0.002 seconds).
Test Case '-[SonarTests.AppStateTests testMicrophoneDefaultsToUnmutedWithNoInputLevel]' started.
Test Case '-[SonarTests.AppStateTests testMicrophoneDefaultsToUnmutedWithNoInputLevel]' passed (0.001 seconds).
Test Case '-[SonarTests.AppStateTests testMicrophoneStateCanBeUpdated]' started.
Test Case '-[SonarTests.AppStateTests testMicrophoneStateCanBeUpdated]' passed (0.001 seconds).
Test Case '-[SonarTests.AppStateTests testPeerDirectionDefaultsToNilAndCanBeUpdated]' started.
Test Case '-[SonarTests.AppStateTests testPeerDirectionDefaultsToNilAndCanBeUpdated]' passed (0.001 seconds).
Test Case '-[SonarTests.AppStateTests testPhaseEquality]' started.
Test Case '-[SonarTests.AppStateTests testPhaseEquality]' passed (0.001 seconds).
Test Case '-[SonarTests.AppStateTests testPrivacyModeTracksSharedPrivacyStateChanges]' started.
Test Case '-[SonarTests.AppStateTests testPrivacyModeTracksSharedPrivacyStateChanges]' passed (0.001 seconds).
Test Case '-[SonarTests.AppStateTests testProfileIDPersistsAcrossAppStateInstances]' started.
Test Case '-[SonarTests.AppStateTests testProfileIDPersistsAcrossAppStateInstances]' passed (0.003 seconds).
Test Suite 'AppStateTests' passed at 2026-08-10 00:32:12.022.
	 Executed 8 tests, with 0 failures (0 unexpected) in 0.012 (0.014) seconds
Test Suite 'AudioFrameTests' started at 2026-08-10 00:32:12.022.
Test Case '-[SonarTests.AudioFrameTests testInitDefaultCodecIsOpus]' started.
Test Case '-[SonarTests.AudioFrameTests testInitDefaultCodecIsOpus]' passed (0.000 seconds).
Test Case '-[SonarTests.AudioFrameTests testInitLyraV2Codec]' started.
Test Case '-[SonarTests.AudioFrameTests testInitLyraV2Codec]' passed (0.000 seconds).
Test Case '-[SonarTests.AudioFrameTests testInitStoresProperties]' started.
Test Case '-[SonarTests.AudioFrameTests testInitStoresProperties]' passed (0.001 seconds).
Test Case '-[SonarTests.AudioFrameTests testSeqBigEndianEncoding]' started.
Test Case '-[SonarTests.AudioFrameTests testSeqBigEndianEncoding]' passed (0.001 seconds).
Test Case '-[SonarTests.AudioFrameTests testSeqCounterArithmetic]' started.
Test Case '-[SonarTests.AudioFrameTests testSeqCounterArithmetic]' passed (0.000 seconds).
Test Case '-[SonarTests.AudioFrameTests testSeqWrapsAroundOnOverflow]' started.
Test Case '-[SonarTests.AudioFrameTests testSeqWrapsAroundOnOverflow]' passed (0.005 seconds).
Test Case '-[SonarTests.AudioFrameTests testWireDataExactly13BytesIsValid]' started.
Test Case '-[SonarTests.AudioFrameTests testWireDataExactly13BytesIsValid]' passed (0.000 seconds).
Test Case '-[SonarTests.AudioFrameTests testWireDataMinimumLength]' started.
Test Case '-[SonarTests.AudioFrameTests testWireDataMinimumLength]' passed (0.006 seconds).
Test Case '-[SonarTests.AudioFrameTests testWireDataPayloadAppended]' started.
Test Case '-[SonarTests.AudioFrameTests testWireDataPayloadAppended]' passed (0.001 seconds).
Test Case '-[SonarTests.AudioFrameTests testWireDataRoundTrip]' started.
Test Case '-[SonarTests.AudioFrameTests testWireDataRoundTrip]' passed (0.000 seconds).
Test Case '-[SonarTests.AudioFrameTests testWireDataRoundTripLyraV2]' started.
Test Case '-[SonarTests.AudioFrameTests testWireDataRoundTripLyraV2]' passed (0.000 seconds).
Test Case '-[SonarTests.AudioFrameTests testWireDataTooShortReturnsNil]' started.
Test Case '-[SonarTests.AudioFrameTests testWireDataTooShortReturnsNil]' passed (0.000 seconds).
Test Suite 'AudioFrameTests' passed at 2026-08-10 00:32:12.041.
	 Executed 12 tests, with 0 failures (0 unexpected) in 0.016 (0.019) seconds
Test Suite 'AudioLogThrottleTests' started at 2026-08-10 00:32:12.042.
Test Case '-[SonarTests.AudioLogThrottleTests testFirstCallLogsWithNothingSuppressed]' started.
Test Case '-[SonarTests.AudioLogThrottleTests testFirstCallLogsWithNothingSuppressed]' passed (0.001 seconds).
Test Case '-[SonarTests.AudioLogThrottleTests testResetClearsCounters]' started.
Test Case '-[SonarTests.AudioLogThrottleTests testResetClearsCounters]' passed (0.001 seconds).
Test Case '-[SonarTests.AudioLogThrottleTests testSubsequentCallsInsideWindowAreSuppressedAndCounted]' started.
Test Case '-[SonarTests.AudioLogThrottleTests testSubsequentCallsInsideWindowAreSuppressedAndCounted]' passed (0.001 seconds).
Test Suite 'AudioLogThrottleTests' passed at 2026-08-10 00:32:12.045.
	 Executed 3 tests, with 0 failures (0 unexpected) in 0.002 (0.003) seconds
Test Suite 'AudioRoutePolicyTests' started at 2026-08-10 00:32:12.045.
Test Case '-[SonarTests.AudioRoutePolicyTests testBonjourServicesDeclareTCPAndUDP]' started.
Test Case '-[SonarTests.AudioRoutePolicyTests testBonjourServicesDeclareTCPAndUDP]' passed (0.007 seconds).
Test Case '-[SonarTests.AudioRoutePolicyTests testCategoryOptionsKeepAirPlayBluetoothAndMixing]' started.
Test Case '-[SonarTests.AudioRoutePolicyTests testCategoryOptionsKeepAirPlayBluetoothAndMixing]' passed (0.001 seconds).
Test Case '-[SonarTests.AudioRoutePolicyTests testCategoryOptionsRouteToSpeakerByDefault]' started.
Test Case '-[SonarTests.AudioRoutePolicyTests testCategoryOptionsRouteToSpeakerByDefault]' passed (0.000 seconds).
Test Case '-[SonarTests.AudioRoutePolicyTests testSpeakerRoutingSurvivesDuckingAndModeNudges]' started.
Test Case '-[SonarTests.AudioRoutePolicyTests testSpeakerRoutingSurvivesDuckingAndModeNudges]' passed (0.000 seconds).
Test Suite 'AudioRoutePolicyTests' passed at 2026-08-10 00:32:12.054.
	 Executed 4 tests, with 0 failures (0 unexpected) in 0.008 (0.009) seconds
Test Suite 'BatteryManagerTests' started at 2026-08-10 00:32:12.054.
Test Case '-[SonarTests.BatteryManagerTests testCriticalBitrateIsZero]' started.
Test Case '-[SonarTests.BatteryManagerTests testCriticalBitrateIsZero]' passed (0.001 seconds).
Test Case '-[SonarTests.BatteryManagerTests testCriticalIsLessThanSaver]' started.
Test Case '-[SonarTests.BatteryManagerTests testCriticalIsLessThanSaver]' passed (0.002 seconds).
Test Case '-[SonarTests.BatteryManagerTests testCriticalTierDisablesRecording]' started.
Test Case '-[SonarTests.BatteryManagerTests testCriticalTierDisablesRecording]' passed (0.001 seconds).
Test Case '-[SonarTests.BatteryManagerTests testCriticalTierHasOneActivePath]' started.
Test Case '-[SonarTests.BatteryManagerTests testCriticalTierHasOneActivePath]' passed (0.000 seconds).
Test Case '-[SonarTests.BatteryManagerTests testEcoTierEnablesRecording]' started.
Test Case '-[SonarTests.BatteryManagerTests testEcoTierEnablesRecording]' passed (0.000 seconds).
Test Case '-[SonarTests.BatteryManagerTests testEcoTierHasTwoActivePaths]' started.
Test Case '-[SonarTests.BatteryManagerTests testEcoTierHasTwoActivePaths]' passed (0.000 seconds).
Test Case '-[SonarTests.BatteryManagerTests testNormalAndEcoHaveTranscriptionEnabled]' started.
Test Case '-[SonarTests.BatteryManagerTests testNormalAndEcoHaveTranscriptionEnabled]' passed (0.000 seconds).
Test Case '-[SonarTests.BatteryManagerTests testNormalBitrateIs32kbps]' started.
Test Case '-[SonarTests.BatteryManagerTests testNormalBitrateIs32kbps]' passed (0.000 seconds).
Test Case '-[SonarTests.BatteryManagerTests testNormalIsGreaterThanCritical]' started.
Test Case '-[SonarTests.BatteryManagerTests testNormalIsGreaterThanCritical]' passed (0.000 seconds).
Test Case '-[SonarTests.BatteryManagerTests testNormalTierEnablesRecording]' started.
Test Case '-[SonarTests.BatteryManagerTests testNormalTierEnablesRecording]' passed (0.001 seconds).
Test Case '-[SonarTests.BatteryManagerTests testNormalTierHasFourActivePaths]' started.
Test Case '-[SonarTests.BatteryManagerTests testNormalTierHasFourActivePaths]' passed (0.000 seconds).
Test Case '-[SonarTests.BatteryManagerTests testOpusBitrateDecreasing]' started.
Test Case '-[SonarTests.BatteryManagerTests testOpusBitrateDecreasing]' passed (0.000 seconds).
Test Case '-[SonarTests.BatteryManagerTests testSaverAndCriticalHaveTranscriptionDisabled]' started.
Test Case '-[SonarTests.BatteryManagerTests testSaverAndCriticalHaveTranscriptionDisabled]' passed (0.001 seconds).
Test Case '-[SonarTests.BatteryManagerTests testSaverTierEnablesRecording]' started.
Test Case '-[SonarTests.BatteryManagerTests testSaverTierEnablesRecording]' passed (0.000 seconds).
Test Case '-[SonarTests.BatteryManagerTests testSaverTierHasOneActivePath]' started.
Test Case '-[SonarTests.BatteryManagerTests testSaverTierHasOneActivePath]' passed (0.000 seconds).
Test Case '-[SonarTests.BatteryManagerTests testTierOrder]' started.
Test Case '-[SonarTests.BatteryManagerTests testTierOrder]' passed (0.001 seconds).
Test Suite 'BatteryManagerTests' passed at 2026-08-10 00:32:12.067.
	 Executed 16 tests, with 0 failures (0 unexpected) in 0.010 (0.013) seconds
Test Suite 'BluetoothMeshTransportTests' started at 2026-08-10 00:32:12.067.
Test Case '-[SonarTests.BluetoothMeshTransportTests testBLEFrameRoundTripUsesAudioFrameWireData]' started.
Test Case '-[SonarTests.BluetoothMeshTransportTests testBLEFrameRoundTripUsesAudioFrameWireData]' passed (0.000 seconds).
Test Case '-[SonarTests.BluetoothMeshTransportTests testDisconnectMutationGuardAcceptsKnownConnectedOrWritablePeripheral]' started.
Test Case '-[SonarTests.BluetoothMeshTransportTests testDisconnectMutationGuardAcceptsKnownConnectedOrWritablePeripheral]' passed (0.000 seconds).
Test Case '-[SonarTests.BluetoothMeshTransportTests testDisconnectMutationGuardIgnoresStaleForgottenDisconnect]' started.
Test Case '-[SonarTests.BluetoothMeshTransportTests testDisconnectMutationGuardIgnoresStaleForgottenDisconnect]' passed (0.000 seconds).
Test Case '-[SonarTests.BluetoothMeshTransportTests testInvalidBLEFrameReturnsNil]' started.
Test Case '-[SonarTests.BluetoothMeshTransportTests testInvalidBLEFrameReturnsNil]' passed (0.000 seconds).
Test Case '-[SonarTests.BluetoothMeshTransportTests testPeerCallbackGuardAcceptsAllowedExpectedPeripheral]' started.
Test Case '-[SonarTests.BluetoothMeshTransportTests testPeerCallbackGuardAcceptsAllowedExpectedPeripheral]' passed (0.000 seconds).
Test Case '-[SonarTests.BluetoothMeshTransportTests testPeerCallbackGuardRejectsForgottenPendingConnect]' started.
Test Case '-[SonarTests.BluetoothMeshTransportTests testPeerCallbackGuardRejectsForgottenPendingConnect]' passed (0.001 seconds).
Test Case '-[SonarTests.BluetoothMeshTransportTests testRemovePairingTokenPlanDisconnectsMatchingBLEIdentifierAndClearsWritablePath]' started.
Test Case '-[SonarTests.BluetoothMeshTransportTests testRemovePairingTokenPlanDisconnectsMatchingBLEIdentifierAndClearsWritablePath]' passed (0.001 seconds).
Test Suite 'BluetoothMeshTransportTests' passed at 2026-08-10 00:32:12.076.
	 Executed 7 tests, with 0 failures (0 unexpected) in 0.004 (0.009) seconds
Test Suite 'CaptureFrameConformerTests' started at 2026-08-10 00:32:12.076.
Test Case '-[SonarTests.CaptureFrameConformerTests testBluetoothHFP16kInputIsResampledTo48k]' started.
Test Case '-[SonarTests.CaptureFrameConformerTests testBluetoothHFP16kInputIsResampledTo48k]' passed (0.004 seconds).
Test Case '-[SonarTests.CaptureFrameConformerTests testEmptyBufferProducesNothing]' started.
Test Case '-[SonarTests.CaptureFrameConformerTests testEmptyBufferProducesNothing]' passed (0.000 seconds).
Test Case '-[SonarTests.CaptureFrameConformerTests testEncoderRejectsRawTapBuffer]' started.
Test Case '-[SonarTests.CaptureFrameConformerTests testEncoderRejectsRawTapBuffer]' passed (0.002 seconds).
Test Case '-[SonarTests.CaptureFrameConformerTests testEncoderRejectsWrongFrameLength]' started.
Test Case '-[SonarTests.CaptureFrameConformerTests testEncoderRejectsWrongFrameLength]' passed (0.001 seconds).
Test Case '-[SonarTests.CaptureFrameConformerTests testMatchingFormatPassesSamplesThroughUnchanged]' started.
Test Case '-[SonarTests.CaptureFrameConformerTests testMatchingFormatPassesSamplesThroughUnchanged]' passed (0.001 seconds).
Test Case '-[SonarTests.CaptureFrameConformerTests testMono24kInputYieldsExactFrames]' started.
Test Case '-[SonarTests.CaptureFrameConformerTests testMono24kInputYieldsExactFrames]' passed (0.001 seconds).
Test Case '-[SonarTests.CaptureFrameConformerTests testOversizedBufferIsSlicedIntoSeveralFrames]' started.
Test Case '-[SonarTests.CaptureFrameConformerTests testOversizedBufferIsSlicedIntoSeveralFrames]' passed (0.000 seconds).
Test Case '-[SonarTests.CaptureFrameConformerTests testRemainderAccumulatesAcrossBuffers]' started.
Test Case '-[SonarTests.CaptureFrameConformerTests testRemainderAccumulatesAcrossBuffers]' passed (0.000 seconds).
Test Case '-[SonarTests.CaptureFrameConformerTests testResetDropsBufferedRemainder]' started.
Test Case '-[SonarTests.CaptureFrameConformerTests testResetDropsBufferedRemainder]' passed (0.000 seconds).
Test Case '-[SonarTests.CaptureFrameConformerTests testRouteSwitchDropsRemainderAndRebuildsConverter]' started.
Test Case '-[SonarTests.CaptureFrameConformerTests testRouteSwitchDropsRemainderAndRebuildsConverter]' passed (0.001 seconds).
Test Case '-[SonarTests.CaptureFrameConformerTests testSameFormatIsNotTreatedAsRouteSwitch]' started.
Test Case '-[SonarTests.CaptureFrameConformerTests testSameFormatIsNotTreatedAsRouteSwitch]' passed (0.000 seconds).
Test Case '-[SonarTests.CaptureFrameConformerTests testStereo44kInputYieldsExact480SampleMonoFrames]' started.
Test Case '-[SonarTests.CaptureFrameConformerTests testStereo44kInputYieldsExact480SampleMonoFrames]' passed (0.001 seconds).
Test Case '-[SonarTests.CaptureFrameConformerTests testTapFormatRoundtripProducesNonSilentAudio]' started.
Test Case '-[SonarTests.CaptureFrameConformerTests testTapFormatRoundtripProducesNonSilentAudio]' passed (0.011 seconds).
Test Suite 'CaptureFrameConformerTests' passed at 2026-08-10 00:32:12.103.
	 Executed 13 tests, with 0 failures (0 unexpected) in 0.024 (0.027) seconds
Test Suite 'ContextBufferTests' started at 2026-08-10 00:32:12.103.
Test Case '-[SonarTests.ContextBufferTests testAppendKeepsRecentEntries]' started.
Test Case '-[SonarTests.ContextBufferTests testAppendKeepsRecentEntries]' passed (0.000 seconds).
Test Case '-[SonarTests.ContextBufferTests testEvictsEntriesOlderThanWindow]' started.
Test Case '-[SonarTests.ContextBufferTests testEvictsEntriesOlderThanWindow]' passed (0.000 seconds).
Test Suite 'ContextBufferTests' passed at 2026-08-10 00:32:12.104.
	 Executed 2 tests, with 0 failures (0 unexpected) in 0.001 (0.001) seconds
Test Suite 'DeviceCapabilitiesTests' started at 2026-08-10 00:32:12.104.
Test Case '-[SonarTests.DeviceCapabilitiesTests testDetectDoesNotCrash]' started.
Test Case '-[SonarTests.DeviceCapabilitiesTests testDetectDoesNotCrash]' passed (0.003 seconds).
Test Case '-[SonarTests.DeviceCapabilitiesTests testDetectTierMatchesGenConsistently]' started.
Test Case '-[SonarTests.DeviceCapabilitiesTests testDetectTierMatchesGenConsistently]' passed (0.000 seconds).
Test Case '-[SonarTests.DeviceCapabilitiesTests testGen2AlwaysBeatsGen1InTierLogic]' started.
Test Case '-[SonarTests.DeviceCapabilitiesTests testGen2AlwaysBeatsGen1InTierLogic]' passed (0.000 seconds).
Test Case '-[SonarTests.DeviceCapabilitiesTests testHasUWBAndGenAreConsistent]' started.
Test Case '-[SonarTests.DeviceCapabilitiesTests testHasUWBAndGenAreConsistent]' passed (0.000 seconds).
Test Case '-[SonarTests.DeviceCapabilitiesTests testTierAForGen2UWB]' started.
Test Case '-[SonarTests.DeviceCapabilitiesTests testTierAForGen2UWB]' passed (0.000 seconds).
Test Case '-[SonarTests.DeviceCapabilitiesTests testTierBForGen1UWB]' started.
Test Case '-[SonarTests.DeviceCapabilitiesTests testTierBForGen1UWB]' passed (0.000 seconds).
Test Case '-[SonarTests.DeviceCapabilitiesTests testTierCForNoUWB]' started.
Test Case '-[SonarTests.DeviceCapabilitiesTests testTierCForNoUWB]' passed (0.000 seconds).
Test Case '-[SonarTests.DeviceCapabilitiesTests testTierCWhenUWBTrueButGenNil]' started.
Test Case '-[SonarTests.DeviceCapabilitiesTests testTierCWhenUWBTrueButGenNil]' passed (0.000 seconds).
Test Suite 'DeviceCapabilitiesTests' passed at 2026-08-10 00:32:12.111.
	 Executed 8 tests, with 0 failures (0 unexpected) in 0.005 (0.007) seconds
Test Suite 'DistancePublisherTests' started at 2026-08-10 00:32:12.112.
Test Case '-[SonarTests.DistancePublisherTests testAudioCharUUIDIsValidRFC4122]' started.
Test Case '-[SonarTests.DistancePublisherTests testAudioCharUUIDIsValidRFC4122]' passed (0.001 seconds).
Test Case '-[SonarTests.DistancePublisherTests testBindDoesNotCrash]' started.
Test Case '-[SonarTests.DistancePublisherTests testBindDoesNotCrash]' passed (0.001 seconds).
Test Case '-[SonarTests.DistancePublisherTests testDistanceAtMinus79dBm]' started.
Test Case '-[SonarTests.DistancePublisherTests testDistanceAtMinus79dBm]' passed (0.000 seconds).
Test Case '-[SonarTests.DistancePublisherTests testDistanceScalesWithPathLossN2]' started.
Test Case '-[SonarTests.DistancePublisherTests testDistanceScalesWithPathLossN2]' passed (0.000 seconds).
Test Case '-[SonarTests.DistancePublisherTests testDoesNotStartRSSIFallbackOnBindWhenUWBIsAvailable]' started.
Test Case '-[SonarTests.DistancePublisherTests testDoesNotStartRSSIFallbackOnBindWhenUWBIsAvailable]' passed (0.000 seconds).
Test Case '-[SonarTests.DistancePublisherTests testInitialDistanceIsNil]' started.
Test Case '-[SonarTests.DistancePublisherTests testInitialDistanceIsNil]' passed (0.000 seconds).
Test Case '-[SonarTests.DistancePublisherTests testInitialSourceIsNone]' started.
Test Case '-[SonarTests.DistancePublisherTests testInitialSourceIsNone]' passed (0.000 seconds).
Test Case '-[SonarTests.DistancePublisherTests testQueuedUWBInvalidationDoesNotStartRSSIAfterUnbind]' started.
Test Case '-[SonarTests.DistancePublisherTests testQueuedUWBInvalidationDoesNotStartRSSIAfterUnbind]' passed (0.000 seconds).
Test Case '-[SonarTests.DistancePublisherTests testRSSIAtTxPowerGivesOneMetre]' started.
Test Case '-[SonarTests.DistancePublisherTests testRSSIAtTxPowerGivesOneMetre]' passed (0.000 seconds).
Test Case '-[SonarTests.DistancePublisherTests testRSSIFallbackHandlesCallbackFromActiveCentralOnly]' started.
Test Case '-[SonarTests.DistancePublisherTests testRSSIFallbackHandlesCallbackFromActiveCentralOnly]' passed (0.000 seconds).
Test Case '-[SonarTests.DistancePublisherTests testRSSIFallbackIgnoresCallbackFromStaleCentral]' started.
Test Case '-[SonarTests.DistancePublisherTests testRSSIFallbackIgnoresCallbackFromStaleCentral]' passed (0.000 seconds).
Test Case '-[SonarTests.DistancePublisherTests testRSSIFallbackIgnoresCallbackWhenNoCentralIsActive]' started.
Test Case '-[SonarTests.DistancePublisherTests testRSSIFallbackIgnoresCallbackWhenNoCentralIsActive]' passed (0.000 seconds).
Test Case '-[SonarTests.DistancePublisherTests testRSSIStrongerThanTxPowerGivesLessThanOneMetre]' started.
Test Case '-[SonarTests.DistancePublisherTests testRSSIStrongerThanTxPowerGivesLessThanOneMetre]' passed (0.001 seconds).
Test Case '-[SonarTests.DistancePublisherTests testRSSIWeakerThanTxPowerGivesMoreThanOneMetre]' started.
Test Case '-[SonarTests.DistancePublisherTests testRSSIWeakerThanTxPowerGivesMoreThanOneMetre]' passed (0.000 seconds).
Test Case '-[SonarTests.DistancePublisherTests testServiceUUIDIsValidRFC4122]' started.
Test Case '-[SonarTests.DistancePublisherTests testServiceUUIDIsValidRFC4122]' passed (0.000 seconds).
Test Case '-[SonarTests.DistancePublisherTests testStartsRSSIFallbackOnBindWhenUWBIsUnavailable]' started.
Test Case '-[SonarTests.DistancePublisherTests testStartsRSSIFallbackOnBindWhenUWBIsUnavailable]' passed (0.000 seconds).
Test Case '-[SonarTests.DistancePublisherTests testUWBInvalidationStartsRSSIOnlyWhileBound]' started.
Test Case '-[SonarTests.DistancePublisherTests testUWBInvalidationStartsRSSIOnlyWhileBound]' passed (0.000 seconds).
Test Suite 'DistancePublisherTests' passed at 2026-08-10 00:32:12.122.
	 Executed 17 tests, with 0 failures (0 unexpected) in 0.008 (0.011) seconds
Test Suite 'DuplicateVoiceSuppressorMathTests' started at 2026-08-10 00:32:12.124.
Test Case '-[SonarTests.DuplicateVoiceSuppressorMathTests testCorrelationHandlesDifferentLengths]' started.
Test Case '-[SonarTests.DuplicateVoiceSuppressorMathTests testCorrelationHandlesDifferentLengths]' passed (0.001 seconds).
Test Case '-[SonarTests.DuplicateVoiceSuppressorMathTests testCorrelationOfIdenticalUnitVector]' started.
Test Case '-[SonarTests.DuplicateVoiceSuppressorMathTests testCorrelationOfIdenticalUnitVector]' passed (0.000 seconds).
Test Case '-[SonarTests.DuplicateVoiceSuppressorMathTests testCorrelationOfOrthogonalVectors]' started.
Test Case '-[SonarTests.DuplicateVoiceSuppressorMathTests testCorrelationOfOrthogonalVectors]' passed (0.000 seconds).
Test Case '-[SonarTests.DuplicateVoiceSuppressorMathTests testCorrelationOfPartialMatch]' started.
Test Case '-[SonarTests.DuplicateVoiceSuppressorMathTests testCorrelationOfPartialMatch]' passed (0.000 seconds).
Test Case '-[SonarTests.DuplicateVoiceSuppressorMathTests testCorrelationOfZeros]' started.
Test Case '-[SonarTests.DuplicateVoiceSuppressorMathTests testCorrelationOfZeros]' passed (0.001 seconds).
Test Case '-[SonarTests.DuplicateVoiceSuppressorMathTests testRingBufferEvictsOnCapacity]' started.
Test Case '-[SonarTests.DuplicateVoiceSuppressorMathTests testRingBufferEvictsOnCapacity]' passed (0.002 seconds).
Test Suite 'DuplicateVoiceSuppressorMathTests' passed at 2026-08-10 00:32:12.130.
	 Executed 6 tests, with 0 failures (0 unexpected) in 0.005 (0.006) seconds
Test Suite 'E2EAudioPipelineTests' started at 2026-08-10 00:32:12.130.
Test Case '-[SonarTests.E2EAudioPipelineTests testEndToEndStageInstrumentation]' started.
Test Case '-[SonarTests.E2EAudioPipelineTests testEndToEndStageInstrumentation]' passed (0.001 seconds).
Test Case '-[SonarTests.E2EAudioPipelineTests testPCMBufferAt48kHzMonoMatchesFrameSize]' started.
Test Case '-[SonarTests.E2EAudioPipelineTests testPCMBufferAt48kHzMonoMatchesFrameSize]' passed (0.000 seconds).
Test Case '-[SonarTests.E2EAudioPipelineTests testSineFillSurvivesRoundTripSetup]' started.
Test Case '-[SonarTests.E2EAudioPipelineTests testSineFillSurvivesRoundTripSetup]' passed (0.001 seconds).
Test Case '-[SonarTests.E2EAudioPipelineTests testSuppressorAcceptsRealPCMBuffers]' started.
Test Case '-[SonarTests.E2EAudioPipelineTests testSuppressorAcceptsRealPCMBuffers]' passed (0.002 seconds).
Test Suite 'E2EAudioPipelineTests' passed at 2026-08-10 00:32:12.135.
	 Executed 4 tests, with 0 failures (0 unexpected) in 0.004 (0.005) seconds
Test Suite 'E2ETransportTests' started at 2026-08-10 00:32:12.135.
Test Case '-[SonarTests.E2ETransportTests testDeduplicationAcrossTwoRedundantPaths]' started.
Test Case '-[SonarTests.E2ETransportTests testDeduplicationAcrossTwoRedundantPaths]' passed (0.065 seconds).
Test Case '-[SonarTests.E2ETransportTests testFrameFlowsBetweenTwoBonders]' started.
Test Case '-[SonarTests.E2ETransportTests testFrameFlowsBetweenTwoBonders]' passed (0.137 seconds).
Test Case '-[SonarTests.E2ETransportTests testOpusFrameFlowsOverRealLoopbackTCPNetwork]' started.
2026-08-10 00:32:12.339566+0200 Sonar[84683:2320466] [] nw_listener_socket_inbox_create_socket setsockopt SO_NECP_LISTENUUID failed [2: No such file or directory]
Test Case '-[SonarTests.E2ETransportTests testOpusFrameFlowsOverRealLoopbackTCPNetwork]' passed (0.070 seconds).
Test Case '-[SonarTests.E2ETransportTests testOpusRoundTripThroughMockTransport]' started.
Test Case '-[SonarTests.E2ETransportTests testOpusRoundTripThroughMockTransport]' passed (0.142 seconds).
Test Case '-[SonarTests.E2ETransportTests testRedundantSendDeliversSameSeqToBothPaths]' started.
Test Case '-[SonarTests.E2ETransportTests testRedundantSendDeliversSameSeqToBothPaths]' passed (0.087 seconds).
Test Case '-[SonarTests.E2ETransportTests testSeqNumbersMonotonicallyIncreasing]' started.
Test Case '-[SonarTests.E2ETransportTests testSeqNumbersMonotonicallyIncreasing]' passed (0.087 seconds).
Test Case '-[SonarTests.E2ETransportTests testWireEncodingRoundTrip]' started.
Test Case '-[SonarTests.E2ETransportTests testWireEncodingRoundTrip]' passed (0.000 seconds).
Test Suite 'E2ETransportTests' passed at 2026-08-10 00:32:12.725.
	 Executed 7 tests, with 0 failures (0 unexpected) in 0.589 (0.591) seconds
Test Suite 'FECHonestyTests' started at 2026-08-10 00:32:12.726.
Test Case '-[SonarTests.FECHonestyTests testAirPodsCopyDoesNotClaimDirectNoiseControl]' started.
Test Case '-[SonarTests.FECHonestyTests testAirPodsCopyDoesNotClaimDirectNoiseControl]' passed (0.004 seconds).
Test Case '-[SonarTests.FECHonestyTests testAppTargetDoesNotClaimUnwiredLiveActivityPresentation]' started.
Test Case '-[SonarTests.FECHonestyTests testAppTargetDoesNotClaimUnwiredLiveActivityPresentation]' passed (0.002 seconds).
Test Case '-[SonarTests.FECHonestyTests testE2EPlanKeepsAirPodsAndDuckingClaimsObservableBestEffort]' started.
Test Case '-[SonarTests.FECHonestyTests testE2EPlanKeepsAirPodsAndDuckingClaimsObservableBestEffort]' passed (0.003 seconds).
Test Case '-[SonarTests.FECHonestyTests testLatencyBudgetDoesNotExposeUnsupportedFECConstants]' started.
Test Case '-[SonarTests.FECHonestyTests testLatencyBudgetDoesNotExposeUnsupportedFECConstants]' passed (0.001 seconds).
Test Case '-[SonarTests.FECHonestyTests testLatencyDocsMatchTenMillisecondFramesAndThirtyTwoKbpsOpus]' started.
Test Case '-[SonarTests.FECHonestyTests testLatencyDocsMatchTenMillisecondFramesAndThirtyTwoKbpsOpus]' passed (0.006 seconds).
Test Case '-[SonarTests.FECHonestyTests testLatencyDocumentDoesNotClaimFarModeEnablesOpusFEC]' started.
Test Case '-[SonarTests.FECHonestyTests testLatencyDocumentDoesNotClaimFarModeEnablesOpusFEC]' passed (0.001 seconds).
Test Case '-[SonarTests.FECHonestyTests testMusicCopyDescribesSystemDuckingRequestNotPreciseAppleMusicMixing]' started.
Test Case '-[SonarTests.FECHonestyTests testMusicCopyDescribesSystemDuckingRequestNotPreciseAppleMusicMixing]' passed (0.003 seconds).
Test Case '-[SonarTests.FECHonestyTests testProfileNearFarCopyDescribesBestAvailableFallbackPath]' started.
Test Case '-[SonarTests.FECHonestyTests testProfileNearFarCopyDescribesBestAvailableFallbackPath]' passed (0.001 seconds).
Test Case '-[SonarTests.FECHonestyTests testReadmeDoesNotAdvertiseUnsupportedFEC]' started.
Test Case '-[SonarTests.FECHonestyTests testReadmeDoesNotAdvertiseUnsupportedFEC]' passed (0.005 seconds).
Test Case '-[SonarTests.FECHonestyTests testSessionCoordinatorDoesNotWriteUnsupportedEncoderFECFlag]' started.
Test Case '-[SonarTests.FECHonestyTests testSessionCoordinatorDoesNotWriteUnsupportedEncoderFECFlag]' passed (0.001 seconds).
Test Case '-[SonarTests.FECHonestyTests testSessionViewCommentsDoNotClaimProfilesReapplyUnsupportedFEC]' started.
Test Case '-[SonarTests.FECHonestyTests testSessionViewCommentsDoNotClaimProfilesReapplyUnsupportedFEC]' passed (0.003 seconds).
Test Case '-[SonarTests.FECHonestyTests testSetListeningModeIntentCopyDescribesBestEffortRequest]' started.
Test Case '-[SonarTests.FECHonestyTests testSetListeningModeIntentCopyDescribesBestEffortRequest]' passed (0.001 seconds).
Test Case '-[SonarTests.FECHonestyTests testSettingsViewDoesNotExposeUnsupportedFECToggle]' started.
Test Case '-[SonarTests.FECHonestyTests testSettingsViewDoesNotExposeUnsupportedFECToggle]' passed (0.001 seconds).
Test Case '-[SonarTests.FECHonestyTests testSideStoreDescriptionDoesNotOverpromiseAutomaticConnection]' started.
Test Case '-[SonarTests.FECHonestyTests testSideStoreDescriptionDoesNotOverpromiseAutomaticConnection]' passed (0.001 seconds).
Test Case '-[SonarTests.FECHonestyTests testStartSessionIntentDispatchesOnlyAfterOnboarding]' started.
Test Case '-[SonarTests.FECHonestyTests testStartSessionIntentDispatchesOnlyAfterOnboarding]' passed (0.000 seconds).
Test Case '-[SonarTests.FECHonestyTests testStartSessionIntentQueuesUntilOnboardingIsComplete]' started.
Test Case '-[SonarTests.FECHonestyTests testStartSessionIntentQueuesUntilOnboardingIsComplete]' passed (0.000 seconds).
Test Suite 'FECHonestyTests' passed at 2026-08-10 00:32:12.765.
	 Executed 16 tests, with 0 failures (0 unexpected) in 0.036 (0.039) seconds
Test Suite 'FarTransportConfigurationTests' started at 2026-08-10 00:32:12.765.
Test Case '-[SonarTests.FarTransportConfigurationTests testCompleteConfigurationIsStartable]' started.
Test Case '-[SonarTests.FarTransportConfigurationTests testCompleteConfigurationIsStartable]' passed (0.000 seconds).
Test Case '-[SonarTests.FarTransportConfigurationTests testInternetPathDisconnectsWhenLastRemoteParticipantLeaves]' started.
Test Case '-[SonarTests.FarTransportConfigurationTests testInternetPathDisconnectsWhenLastRemoteParticipantLeaves]' passed (0.001 seconds).
Test Case '-[SonarTests.FarTransportConfigurationTests testInternetPathRequiresRemoteParticipant]' started.
Test Case '-[SonarTests.FarTransportConfigurationTests testInternetPathRequiresRemoteParticipant]' passed (0.000 seconds).
Test Case '-[SonarTests.FarTransportConfigurationTests testMissingConfigurationIsNotStartable]' started.
Test Case '-[SonarTests.FarTransportConfigurationTests testMissingConfigurationIsNotStartable]' passed (0.000 seconds).
Test Case '-[SonarTests.FarTransportConfigurationTests testRoomConnectionAloneDoesNotMarkInternetPathConnected]' started.
Test Case '-[SonarTests.FarTransportConfigurationTests testRoomConnectionAloneDoesNotMarkInternetPathConnected]' passed (0.000 seconds).
Test Suite 'FarTransportConfigurationTests' passed at 2026-08-10 00:32:12.768.
	 Executed 5 tests, with 0 failures (0 unexpected) in 0.002 (0.003) seconds
Test Suite 'FrameDeduplicatorTests' started at 2026-08-10 00:32:12.768.
Test Case '-[SonarTests.FrameDeduplicatorTests testCapacityEvictionAllowsOldSeqAgain]' started.
Test Case '-[SonarTests.FrameDeduplicatorTests testCapacityEvictionAllowsOldSeqAgain]' passed (0.000 seconds).
Test Case '-[SonarTests.FrameDeduplicatorTests testCapacityEvictionFIFOOrder]' started.
Test Case '-[SonarTests.FrameDeduplicatorTests testCapacityEvictionFIFOOrder]' passed (0.000 seconds).
Test Case '-[SonarTests.FrameDeduplicatorTests testDifferentSeqsAllPass]' started.
Test Case '-[SonarTests.FrameDeduplicatorTests testDifferentSeqsAllPass]' passed (0.000 seconds).
Test Case '-[SonarTests.FrameDeduplicatorTests testDuplicateDifferentPayloadSameSeqIsRejected]' started.
Test Case '-[SonarTests.FrameDeduplicatorTests testDuplicateDifferentPayloadSameSeqIsRejected]' passed (0.000 seconds).
Test Case '-[SonarTests.FrameDeduplicatorTests testDuplicateSeqIsRejected]' started.
Test Case '-[SonarTests.FrameDeduplicatorTests testDuplicateSeqIsRejected]' passed (0.000 seconds).
Test Case '-[SonarTests.FrameDeduplicatorTests testFirstFrameIsAllowed]' started.
Test Case '-[SonarTests.FrameDeduplicatorTests testFirstFrameIsAllowed]' passed (0.003 seconds).
Test Case '-[SonarTests.FrameDeduplicatorTests testResetAllowsAllSeqsAgain]' started.
Test Case '-[SonarTests.FrameDeduplicatorTests testResetAllowsAllSeqsAgain]' passed (0.001 seconds).
Test Case '-[SonarTests.FrameDeduplicatorTests testResetClearsSeenSet]' started.
Test Case '-[SonarTests.FrameDeduplicatorTests testResetClearsSeenSet]' passed (0.000 seconds).
Test Suite 'FrameDeduplicatorTests' passed at 2026-08-10 00:32:12.776.
	 Executed 8 tests, with 0 failures (0 unexpected) in 0.006 (0.008) seconds
Test Suite 'JitterBufferTests' started at 2026-08-10 00:32:12.776.
Test Case '-[SonarTests.JitterBufferTests testAdvanceOnConcealNeverSkipsAFrameThatArrivedInTheMeantime]' started.
Test Case '-[SonarTests.JitterBufferTests testAdvanceOnConcealNeverSkipsAFrameThatArrivedInTheMeantime]' passed (0.000 seconds).
Test Case '-[SonarTests.JitterBufferTests testAdvanceOnConcealSkipsSeq]' started.
Test Case '-[SonarTests.JitterBufferTests testAdvanceOnConcealSkipsSeq]' passed (0.002 seconds).
Test Case '-[SonarTests.JitterBufferTests testAdvanceWrapsAroundUInt32]' started.
Test Case '-[SonarTests.JitterBufferTests testAdvanceWrapsAroundUInt32]' passed (0.000 seconds).
Test Case '-[SonarTests.JitterBufferTests testDequeueAdvancesNextExpected]' started.
Test Case '-[SonarTests.JitterBufferTests testDequeueAdvancesNextExpected]' passed (0.000 seconds).
Test Case '-[SonarTests.JitterBufferTests testDequeueWithoutEnqueueReturnsNil]' started.
Test Case '-[SonarTests.JitterBufferTests testDequeueWithoutEnqueueReturnsNil]' passed (0.000 seconds).
Test Case '-[SonarTests.JitterBufferTests testDuplicateEnqueueSecondDequeueReturnsNilForMissingNext]' started.
Test Case '-[SonarTests.JitterBufferTests testDuplicateEnqueueSecondDequeueReturnsNilForMissingNext]' passed (0.000 seconds).
Test Case '-[SonarTests.JitterBufferTests testEmptyDrainTicksDoNotDesyncFromSenderStartingAtSeqOne]' started.
Test Case '-[SonarTests.JitterBufferTests testEmptyDrainTicksDoNotDesyncFromSenderStartingAtSeqOne]' passed (0.002 seconds).
Test Case '-[SonarTests.JitterBufferTests testEnqueueDequeueReturnsFrameInOrder]' started.
Test Case '-[SonarTests.JitterBufferTests testEnqueueDequeueReturnsFrameInOrder]' passed (0.000 seconds).
Test Case '-[SonarTests.JitterBufferTests testFirstFrameAdoptsSenderSequenceNumber]' started.
Test Case '-[SonarTests.JitterBufferTests testFirstFrameAdoptsSenderSequenceNumber]' passed (0.000 seconds).
Test Case '-[SonarTests.JitterBufferTests testGapOfMaxConcealGapIsConcealedFrameByFrame]' started.
Test Case '-[SonarTests.JitterBufferTests testGapOfMaxConcealGapIsConcealedFrameByFrame]' passed (0.000 seconds).
Test Case '-[SonarTests.JitterBufferTests testGapOfMaxConcealGapPlusOneResyncsImmediately]' started.
Test Case '-[SonarTests.JitterBufferTests testGapOfMaxConcealGapPlusOneResyncsImmediately]' passed (0.000 seconds).
Test Case '-[SonarTests.JitterBufferTests testLateDuplicateDoesNotRewindPlayback]' started.
Test Case '-[SonarTests.JitterBufferTests testLateDuplicateDoesNotRewindPlayback]' passed (0.001 seconds).
Test Case '-[SonarTests.JitterBufferTests testLateFrameAtWindowEdgeIsDropped]' started.
Test Case '-[SonarTests.JitterBufferTests testLateFrameAtWindowEdgeIsDropped]' passed (0.000 seconds).
Test Case '-[SonarTests.JitterBufferTests testMultipleAdvancesSkipMultipleSeqs]' started.
Test Case '-[SonarTests.JitterBufferTests testMultipleAdvancesSkipMultipleSeqs]' passed (0.000 seconds).
Test Case '-[SonarTests.JitterBufferTests testNeedsConcealmentAfterDequeue]' started.
Test Case '-[SonarTests.JitterBufferTests testNeedsConcealmentAfterDequeue]' passed (0.000 seconds).
Test Case '-[SonarTests.JitterBufferTests testNeedsConcealmentFalseWhenGapFilledAfterAdvance]' started.
Test Case '-[SonarTests.JitterBufferTests testNeedsConcealmentFalseWhenGapFilledAfterAdvance]' passed (0.000 seconds).
Test Case '-[SonarTests.JitterBufferTests testNeedsConcealmentFalseWhenNextFramePresent]' started.
Test Case '-[SonarTests.JitterBufferTests testNeedsConcealmentFalseWhenNextFramePresent]' passed (0.002 seconds).
Test Case '-[SonarTests.JitterBufferTests testNeedsConcealmentTrueWhenNextFrameMissing]' started.
Test Case '-[SonarTests.JitterBufferTests testNeedsConcealmentTrueWhenNextFrameMissing]' passed (0.000 seconds).
Test Case '-[SonarTests.JitterBufferTests testOutOfOrderEnqueueDequeuesInOrder]' started.
Test Case '-[SonarTests.JitterBufferTests testOutOfOrderEnqueueDequeuesInOrder]' passed (0.000 seconds).
Test Case '-[SonarTests.JitterBufferTests testResetReturnsToUnsyncedState]' started.
Test Case '-[SonarTests.JitterBufferTests testResetReturnsToUnsyncedState]' passed (0.000 seconds).
Test Case '-[SonarTests.JitterBufferTests testResyncSnapsToOldestBufferedFrameAfterLongGap]' started.
Test Case '-[SonarTests.JitterBufferTests testResyncSnapsToOldestBufferedFrameAfterLongGap]' passed (0.000 seconds).
Test Case '-[SonarTests.JitterBufferTests testSenderRestartAdoptsTheNewNumbering]' started.
Test Case '-[SonarTests.JitterBufferTests testSenderRestartAdoptsTheNewNumbering]' passed (0.001 seconds).
Test Suite 'JitterBufferTests' passed at 2026-08-10 00:32:12.793.
	 Executed 22 tests, with 0 failures (0 unexpected) in 0.013 (0.017) seconds
Test Suite 'KnownPeerStoreTests' started at 2026-08-10 00:32:12.793.
Test Case '-[SonarTests.KnownPeerStoreTests testClearWipesEverything]' started.
Test Case '-[SonarTests.KnownPeerStoreTests testClearWipesEverything]' passed (0.004 seconds).
Test Case '-[SonarTests.KnownPeerStoreTests testEmptyStoreStartsEmpty]' started.
Test Case '-[SonarTests.KnownPeerStoreTests testEmptyStoreStartsEmpty]' passed (0.001 seconds).
Test Case '-[SonarTests.KnownPeerStoreTests testRemoveDeletesAndPersists]' started.
Test Case '-[SonarTests.KnownPeerStoreTests testRemoveDeletesAndPersists]' passed (0.002 seconds).
Test Case '-[SonarTests.KnownPeerStoreTests testReplayTokenCarriesAllConnectionFields]' started.
Test Case '-[SonarTests.KnownPeerStoreTests testReplayTokenCarriesAllConnectionFields]' passed (0.001 seconds).
Test Case '-[SonarTests.KnownPeerStoreTests testTouchUpdatesLastSeenAndResorts]' started.
Test Case '-[SonarTests.KnownPeerStoreTests testTouchUpdatesLastSeenAndResorts]' passed (0.002 seconds).
Test Case '-[SonarTests.KnownPeerStoreTests testUpsertFromTokenAddsPeerAndPersistsAcrossInstances]' started.
Test Case '-[SonarTests.KnownPeerStoreTests testUpsertFromTokenAddsPeerAndPersistsAcrossInstances]' passed (0.001 seconds).
Test Case '-[SonarTests.KnownPeerStoreTests testUpsertOfSameIdMergesAndPreservesPairedAt]' started.
Test Case '-[SonarTests.KnownPeerStoreTests testUpsertOfSameIdMergesAndPreservesPairedAt]' passed (0.001 seconds).
Test Suite 'KnownPeerStoreTests' passed at 2026-08-10 00:32:12.807.
	 Executed 7 tests, with 0 failures (0 unexpected) in 0.012 (0.013) seconds
Test Suite 'LatencyBudgetTests' started at 2026-08-10 00:32:12.807.
Test Case '-[SonarTests.LatencyBudgetTests testCrossfadeIsHalfOfOldDefault]' started.
Test Case '-[SonarTests.LatencyBudgetTests testCrossfadeIsHalfOfOldDefault]' passed (0.000 seconds).
Test Case '-[SonarTests.LatencyBudgetTests testDuplicateSuppressorWindowMatchesAirPodsRoundTrip]' started.
Test Case '-[SonarTests.LatencyBudgetTests testDuplicateSuppressorWindowMatchesAirPodsRoundTrip]' passed (0.000 seconds).
Test Case '-[SonarTests.LatencyBudgetTests testFarTargetUnderTolerableThreshold]' started.
Test Case '-[SonarTests.LatencyBudgetTests testFarTargetUnderTolerableThreshold]' passed (0.000 seconds).
Test Case '-[SonarTests.LatencyBudgetTests testFrameSizeIs10msAt48kHz]' started.
Test Case '-[SonarTests.LatencyBudgetTests testFrameSizeIs10msAt48kHz]' passed (0.000 seconds).
Test Case '-[SonarTests.LatencyBudgetTests testJitterBufferIsTighterForNear]' started.
Test Case '-[SonarTests.LatencyBudgetTests testJitterBufferIsTighterForNear]' passed (0.000 seconds).
Test Case '-[SonarTests.LatencyBudgetTests testNearTargetUnderConversationThreshold]' started.
Test Case '-[SonarTests.LatencyBudgetTests testNearTargetUnderConversationThreshold]' passed (0.000 seconds).
Test Case '-[SonarTests.LatencyBudgetTests testOpusCoderHonoursLatencyBudget]' started.
Test Case '-[SonarTests.LatencyBudgetTests testOpusCoderHonoursLatencyBudget]' passed (0.000 seconds).
Test Suite 'LatencyBudgetTests' passed at 2026-08-10 00:32:12.811.
	 Executed 7 tests, with 0 failures (0 unexpected) in 0.003 (0.004) seconds
Test Suite 'LivePeerDirectoryTests' started at 2026-08-10 00:32:12.811.
Test Case '-[SonarTests.LivePeerDirectoryTests testEmptyInputsProduceEmptyDirectory]' started.
Test Case '-[SonarTests.LivePeerDirectoryTests testEmptyInputsProduceEmptyDirectory]' passed (0.000 seconds).
Test Case '-[SonarTests.LivePeerDirectoryTests testKnownAndNearbyAreReturnedInThatOrder]' started.
Test Case '-[SonarTests.LivePeerDirectoryTests testKnownAndNearbyAreReturnedInThatOrder]' passed (0.001 seconds).
Test Case '-[SonarTests.LivePeerDirectoryTests testKnownPeerSeenViaMPCIsMarkedOnline]' started.
Test Case '-[SonarTests.LivePeerDirectoryTests testKnownPeerSeenViaMPCIsMarkedOnline]' passed (0.001 seconds).
Test Case '-[SonarTests.LivePeerDirectoryTests testKnownPeerWithoutLiveSightingsIsOffline]' started.
Test Case '-[SonarTests.LivePeerDirectoryTests testKnownPeerWithoutLiveSightingsIsOffline]' passed (0.000 seconds).
Test Case '-[SonarTests.LivePeerDirectoryTests testKnownPeerWithStoredBLEMatchesLiveBLEAsOnline]' started.
Test Case '-[SonarTests.LivePeerDirectoryTests testKnownPeerWithStoredBLEMatchesLiveBLEAsOnline]' passed (0.000 seconds).
Test Case '-[SonarTests.LivePeerDirectoryTests testMakeTokenReusesKnownPeerFields]' started.
Test Case '-[SonarTests.LivePeerDirectoryTests testMakeTokenReusesKnownPeerFields]' passed (0.000 seconds).
Test Case '-[SonarTests.LivePeerDirectoryTests testMakeTokenSynthesizesFromNearbyEntry]' started.
Test Case '-[SonarTests.LivePeerDirectoryTests testMakeTokenSynthesizesFromNearbyEntry]' passed (0.000 seconds).
Test Case '-[SonarTests.LivePeerDirectoryTests testNearbyMPCAndBLEAreNamespacedSoCollisionCannotCrashList]' started.
Test Case '-[SonarTests.LivePeerDirectoryTests testNearbyMPCAndBLEAreNamespacedSoCollisionCannotCrashList]' passed (0.000 seconds).
Test Case '-[SonarTests.LivePeerDirectoryTests testOnlineKnownPeerSortsAboveOfflineKnownPeer]' started.
Test Case '-[SonarTests.LivePeerDirectoryTests testOnlineKnownPeerSortsAboveOfflineKnownPeer]' passed (0.000 seconds).
Test Case '-[SonarTests.LivePeerDirectoryTests testUnknownLivePeerSurfacedAsNearby]' started.
Test Case '-[SonarTests.LivePeerDirectoryTests testUnknownLivePeerSurfacedAsNearby]' passed (0.000 seconds).
Test Suite 'LivePeerDirectoryTests' passed at 2026-08-10 00:32:12.818.
	 Executed 10 tests, with 0 failures (0 unexpected) in 0.005 (0.007) seconds
Test Suite 'LiveTranscriptionEngineTests' started at 2026-08-10 00:32:12.818.
Test Case '-[SonarTests.LiveTranscriptionEngineTests testAppleSpeechAppendDoesNotCrash]' started.
Test Case '-[SonarTests.LiveTranscriptionEngineTests testAppleSpeechAppendDoesNotCrash]' passed (0.004 seconds).
Test Case '-[SonarTests.LiveTranscriptionEngineTests testAppleSpeechSelectedWhenAPIKeyAbsent]' started.
Test Case '-[SonarTests.LiveTranscriptionEngineTests testAppleSpeechSelectedWhenAPIKeyAbsent]' passed (0.003 seconds).
Test Case '-[SonarTests.LiveTranscriptionEngineTests testAppleSpeechSelectedWhenAPIKeyEmpty]' started.
Test Case '-[SonarTests.LiveTranscriptionEngineTests testAppleSpeechSelectedWhenAPIKeyEmpty]' passed (0.005 seconds).
Test Case '-[SonarTests.LiveTranscriptionEngineTests testClearTranscriptRemovesExistingSegments]' started.
Test Case '-[SonarTests.LiveTranscriptionEngineTests testClearTranscriptRemovesExistingSegments]' passed (0.009 seconds).
Test Case '-[SonarTests.LiveTranscriptionEngineTests testInitialEngineIsAppleSpeech]' started.
Test Case '-[SonarTests.LiveTranscriptionEngineTests testInitialEngineIsAppleSpeech]' passed (0.002 seconds).
Test Case '-[SonarTests.LiveTranscriptionEngineTests testInitialTranscriptIsEmpty]' started.
Test Case '-[SonarTests.LiveTranscriptionEngineTests testInitialTranscriptIsEmpty]' passed (0.003 seconds).
Test Case '-[SonarTests.LiveTranscriptionEngineTests testLocalWhisperEngineUsesSelectedDownloadedModel]' started.
Test Case '-[SonarTests.LiveTranscriptionEngineTests testLocalWhisperEngineUsesSelectedDownloadedModel]' passed (0.007 seconds).
Test Case '-[SonarTests.LiveTranscriptionEngineTests testNormalStopFinishesCloudTranscriber]' started.
Test Case '-[SonarTests.LiveTranscriptionEngineTests testNormalStopFinishesCloudTranscriber]' passed (0.007 seconds).
Test Case '-[SonarTests.LiveTranscriptionEngineTests testOpenAIRealtimeSelectedWhenKeyPresent]' started.
Test Case '-[SonarTests.LiveTranscriptionEngineTests testOpenAIRealtimeSelectedWhenKeyPresent]' passed (0.013 seconds).
Test Case '-[SonarTests.LiveTranscriptionEngineTests testOpenAIRealtimeTakesPriorityOverParakeet]' started.
Test Case '-[SonarTests.LiveTranscriptionEngineTests testOpenAIRealtimeTakesPriorityOverParakeet]' passed (0.005 seconds).
Test Case '-[SonarTests.LiveTranscriptionEngineTests testParakeetAbortCancelsInFlightChunkUploadAndSuppressesCallback]' started.
Test Case '-[SonarTests.LiveTranscriptionEngineTests testParakeetAbortCancelsInFlightChunkUploadAndSuppressesCallback]' passed (0.114 seconds).
Test Case '-[SonarTests.LiveTranscriptionEngineTests testParakeetAppendShortBuffersDoesNotCrash]' started.
Test Case '-[SonarTests.LiveTranscriptionEngineTests testParakeetAppendShortBuffersDoesNotCrash]' passed (0.009 seconds).
Test Case '-[SonarTests.LiveTranscriptionEngineTests testParakeetSelectedWhenAPIKeyPresent]' started.
Test Case '-[SonarTests.LiveTranscriptionEngineTests testParakeetSelectedWhenAPIKeyPresent]' passed (0.008 seconds).
Test Case '-[SonarTests.LiveTranscriptionEngineTests testParakeetStopAfterShortAppendDoesNotCrash]' started.
Test Case '-[SonarTests.LiveTranscriptionEngineTests testParakeetStopAfterShortAppendDoesNotCrash]' passed (0.006 seconds).
Test Case '-[SonarTests.LiveTranscriptionEngineTests testPrivacyActivationAbortsCloudTranscriberWithoutFinishing]' started.
Test Case '-[SonarTests.LiveTranscriptionEngineTests testPrivacyActivationAbortsCloudTranscriberWithoutFinishing]' passed (0.012 seconds).
Test Case '-[SonarTests.LiveTranscriptionEngineTests testPrivacyActivationIgnoresLateParakeetSegmentCallback]' started.
Test Case '-[SonarTests.LiveTranscriptionEngineTests testPrivacyActivationIgnoresLateParakeetSegmentCallback]' passed (0.008 seconds).
Test Case '-[SonarTests.LiveTranscriptionEngineTests testPrivacyModeBlocksCloudEnginesAtStartup]' started.
Test Case '-[SonarTests.LiveTranscriptionEngineTests testPrivacyModeBlocksCloudEnginesAtStartup]' passed (0.014 seconds).
Test Case '-[SonarTests.LiveTranscriptionEngineTests testQueuedParakeetAppendDoesNotUploadAfterPrivacyAbort]' started.
2026-08-10 00:32:13.068584+0200 Sonar[84683:2319930] [] <<<< FigCaptureSourceSimulator >>>> signalled err=-12784 at <>:259
2026-08-10 00:32:13.069076+0200 Sonar[84683:2319930] [] <<<< FigCaptureSourceSimulator >>>> signalled err=-12784 at <>:259
2026-08-10 00:32:13.069314+0200 Sonar[84683:2319930] [] <<<< FormatDescription >>>> signalled err=-12710 at <>:1002
2026-08-10 00:32:13.069356+0200 Sonar[84683:2319930] [] (Fig) signalled err=-12710 at <>:601
2026-08-10 00:32:13.069682+0200 Sonar[84683:2319930] [] <<<< FormatDescription >>>> signalled err=-12710 at <>:1002
2026-08-10 00:32:13.069771+0200 Sonar[84683:2319930] [] (Fig) signalled err=-12710 at <>:601
2026-08-10 00:32:13.070078+0200 Sonar[84683:2319930] [] <<<< FormatDescription >>>> signalled err=-12710 at <>:1002
2026-08-10 00:32:13.070117+0200 Sonar[84683:2319930] [] (Fig) signalled err=-12710 at <>:601
2026-08-10 00:32:13.070209+0200 Sonar[84683:2319930] [] <<<< FigCaptureSourceSimulator >>>> signalled err=-12784 at <>:259
2026-08-10 00:32:13.070271+0200 Sonar[84683:2319930] [] <<<< FigCaptureSourceSimulator >>>> signalled err=-12784 at <>:259
Test Case '-[SonarTests.LiveTranscriptionEngineTests testQueuedParakeetAppendDoesNotUploadAfterPrivacyAbort]' passed (0.119 seconds).
Test Case '-[SonarTests.LiveTranscriptionEngineTests testSegmentIDsAreUnique]' started.
Test Case '-[SonarTests.LiveTranscriptionEngineTests testSegmentIDsAreUnique]' passed (0.006 seconds).
Test Case '-[SonarTests.LiveTranscriptionEngineTests testSegmentIsFinalFlag]' started.
Test Case '-[SonarTests.LiveTranscriptionEngineTests testSegmentIsFinalFlag]' passed (0.003 seconds).
Test Case '-[SonarTests.LiveTranscriptionEngineTests testStopBeforeStartDoesNotCrash]' started.
Test Case '-[SonarTests.LiveTranscriptionEngineTests testStopBeforeStartDoesNotCrash]' passed (0.003 seconds).
Test Suite 'LiveTranscriptionEngineTests' passed at 2026-08-10 00:32:13.184.
	 Executed 21 tests, with 0 failures (0 unexpected) in 0.361 (0.366) seconds
Test Suite 'LocalModelManagerTests' started at 2026-08-10 00:32:13.184.
Test Case '-[SonarTests.LocalModelManagerTests testAllModelsHaveNonEmptyURLs]' started.
Test Case '-[SonarTests.LocalModelManagerTests testAllModelsHaveNonEmptyURLs]' passed (0.001 seconds).
Test Case '-[SonarTests.LocalModelManagerTests testAllModelsHavePositiveApproxMB]' started.
Test Case '-[SonarTests.LocalModelManagerTests testAllModelsHavePositiveApproxMB]' passed (0.000 seconds).
Test Case '-[SonarTests.LocalModelManagerTests testAllModelsHaveUniqueIDs]' started.
Test Case '-[SonarTests.LocalModelManagerTests testAllModelsHaveUniqueIDs]' passed (0.000 seconds).
Test Case '-[SonarTests.LocalModelManagerTests testAtLeastThreeModelsAvailable]' started.
Test Case '-[SonarTests.LocalModelManagerTests testAtLeastThreeModelsAvailable]' passed (0.000 seconds).
Test Case '-[SonarTests.LocalModelManagerTests testDeleteResetsStateAndClearsSelection]' started.
Test Case '-[SonarTests.LocalModelManagerTests testDeleteResetsStateAndClearsSelection]' passed (0.003 seconds).
Test Case '-[SonarTests.LocalModelManagerTests testFilenameMatchesID]' started.
Test Case '-[SonarTests.LocalModelManagerTests testFilenameMatchesID]' passed (0.000 seconds).
Test Case '-[SonarTests.LocalModelManagerTests testInitialStatesAreNotDownloadedOrReady]' started.
Test Case '-[SonarTests.LocalModelManagerTests testInitialStatesAreNotDownloadedOrReady]' passed (0.000 seconds).
Test Case '-[SonarTests.LocalModelManagerTests testLegacySelectedModelIDMigratesToWhisperKitID]' started.
Test Case '-[SonarTests.LocalModelManagerTests testLegacySelectedModelIDMigratesToWhisperKitID]' passed (0.002 seconds).
Test Case '-[SonarTests.LocalModelManagerTests testLocalURLNilWhenFileAbsent]' started.
Test Case '-[SonarTests.LocalModelManagerTests testLocalURLNilWhenFileAbsent]' passed (0.000 seconds).
Test Case '-[SonarTests.LocalModelManagerTests testSelectedModelIDPersistedInUserDefaults]' started.
Test Case '-[SonarTests.LocalModelManagerTests testSelectedModelIDPersistedInUserDefaults]' passed (0.001 seconds).
Test Case '-[SonarTests.LocalModelManagerTests testSelectedModelIDRoundTrips]' started.
Test Case '-[SonarTests.LocalModelManagerTests testSelectedModelIDRoundTrips]' passed (0.001 seconds).
Test Case '-[SonarTests.LocalModelManagerTests testStateEquatability]' started.
Test Case '-[SonarTests.LocalModelManagerTests testStateEquatability]' passed (0.000 seconds).
Test Suite 'LocalModelManagerTests' passed at 2026-08-10 00:32:13.197.
	 Executed 12 tests, with 0 failures (0 unexpected) in 0.011 (0.013) seconds
Test Suite 'MessageFramingTests' started at 2026-08-10 00:32:13.197.
Test Case '-[SonarTests.MessageFramingTests testAudioFrameMinimumWireSize]' started.
Test Case '-[SonarTests.MessageFramingTests testAudioFrameMinimumWireSize]' passed (0.000 seconds).
Test Case '-[SonarTests.MessageFramingTests testAudioFrameSequencePreservation]' started.
Test Case '-[SonarTests.MessageFramingTests testAudioFrameSequencePreservation]' passed (0.000 seconds).
Test Case '-[SonarTests.MessageFramingTests testAudioFrameWireRoundtrip]' started.
Test Case '-[SonarTests.MessageFramingTests testAudioFrameWireRoundtrip]' passed (0.000 seconds).
Test Case '-[SonarTests.MessageFramingTests testAudioFrameWithEmptyPayload]' started.
Test Case '-[SonarTests.MessageFramingTests testAudioFrameWithEmptyPayload]' passed (0.001 seconds).
Test Case '-[SonarTests.MessageFramingTests testMultipleCodecIDsRoundtrip]' started.
Test Case '-[SonarTests.MessageFramingTests testMultipleCodecIDsRoundtrip]' passed (0.000 seconds).
Test Case '-[SonarTests.MessageFramingTests testNITokenMessagePrefix]' started.
Test Case '-[SonarTests.MessageFramingTests testNITokenMessagePrefix]' passed (0.000 seconds).
Test Case '-[SonarTests.MessageFramingTests testUnknownMessageTypeIsDropped]' started.
Test Case '-[SonarTests.MessageFramingTests testUnknownMessageTypeIsDropped]' passed (0.001 seconds).
Test Suite 'MessageFramingTests' passed at 2026-08-10 00:32:13.202.
	 Executed 7 tests, with 0 failures (0 unexpected) in 0.003 (0.004) seconds
Test Suite 'MetricsCounterTests' started at 2026-08-10 00:32:13.202.
Test Case '-[SonarTests.MetricsCounterTests testCountersStartAtZero]' started.
Test Case '-[SonarTests.MetricsCounterTests testCountersStartAtZero]' passed (0.001 seconds).
Test Case '-[SonarTests.MetricsCounterTests testIncrementAndReset]' started.
Test Case '-[SonarTests.MetricsCounterTests testIncrementAndReset]' passed (0.000 seconds).
Test Suite 'MetricsCounterTests' passed at 2026-08-10 00:32:13.204.
	 Executed 2 tests, with 0 failures (0 unexpected) in 0.002 (0.002) seconds
Test Suite 'MetricsTests' started at 2026-08-10 00:32:13.204.
Test Case '-[SonarTests.MetricsTests testCapacityEvictsOldest]' started.
Test Case '-[SonarTests.MetricsTests testCapacityEvictsOldest]' passed (0.011 seconds).
Test Case '-[SonarTests.MetricsTests testMachTimebaseConversion]' started.
Test Case '-[SonarTests.MetricsTests testMachTimebaseConversion]' passed (0.001 seconds).
Test Case '-[SonarTests.MetricsTests testPercentilesNeedSamples]' started.
Test Case '-[SonarTests.MetricsTests testPercentilesNeedSamples]' passed (0.000 seconds).
Test Case '-[SonarTests.MetricsTests testTraceIDsAreUnique]' started.
Test Case '-[SonarTests.MetricsTests testTraceIDsAreUnique]' passed (0.001 seconds).
Test Case '-[SonarTests.MetricsTests testTraceMarkAndElapsedRoundTrip]' started.
Test Case '-[SonarTests.MetricsTests testTraceMarkAndElapsedRoundTrip]' passed (0.002 seconds).
Test Suite 'MetricsTests' passed at 2026-08-10 00:32:13.221.
	 Executed 5 tests, with 0 failures (0 unexpected) in 0.016 (0.017) seconds
Test Suite 'MicrophoneMonitorTests' started at 2026-08-10 00:32:13.221.
Test Case '-[SonarTests.MicrophoneMonitorTests testLevelMeterMapsRMSIntoFiveStableBars]' started.
Test Case '-[SonarTests.MicrophoneMonitorTests testLevelMeterMapsRMSIntoFiveStableBars]' passed (0.000 seconds).
Test Case '-[SonarTests.MicrophoneMonitorTests testMutedMicrophoneDoesNotForwardCapturedAudio]' started.
Test Case '-[SonarTests.MicrophoneMonitorTests testMutedMicrophoneDoesNotForwardCapturedAudio]' passed (0.000 seconds).
Test Case '-[SonarTests.MicrophoneMonitorTests testRMSIsZeroForSilentBuffer]' started.
Test Case '-[SonarTests.MicrophoneMonitorTests testRMSIsZeroForSilentBuffer]' passed (0.000 seconds).
Test Case '-[SonarTests.MicrophoneMonitorTests testRMSReflectsSignalEnergy]' started.
Test Case '-[SonarTests.MicrophoneMonitorTests testRMSReflectsSignalEnergy]' passed (0.000 seconds).
Test Suite 'MicrophoneMonitorTests' passed at 2026-08-10 00:32:13.224.
	 Executed 4 tests, with 0 failures (0 unexpected) in 0.002 (0.003) seconds
Test Suite 'MultipathBonderTests' started at 2026-08-10 00:32:13.224.
Test Case '-[SonarTests.MultipathBonderTests testAddConnectedPathAppearsInActivePaths]' started.
Test Case '-[SonarTests.MultipathBonderTests testAddConnectedPathAppearsInActivePaths]' passed (0.056 seconds).
Test Case '-[SonarTests.MultipathBonderTests testAddDisconnectedPathDoesNotAppearInActivePaths]' started.
Test Case '-[SonarTests.MultipathBonderTests testAddDisconnectedPathDoesNotAppearInActivePaths]' passed (0.054 seconds).
Test Case '-[SonarTests.MultipathBonderTests testEcoModeSendsOnTwoCheapestConnectedPaths]' started.
Test Case '-[SonarTests.MultipathBonderTests testEcoModeSendsOnTwoCheapestConnectedPaths]' passed (0.086 seconds).
Test Case '-[SonarTests.MultipathBonderTests testInboundDuplicatesAreFiltered]' started.
Test Case '-[SonarTests.MultipathBonderTests testInboundDuplicatesAreFiltered]' passed (0.055 seconds).
Test Case '-[SonarTests.MultipathBonderTests testPathBecomesActiveAfterConnect]' started.
Test Case '-[SonarTests.MultipathBonderTests testPathBecomesActiveAfterConnect]' passed (0.087 seconds).
Test Case '-[SonarTests.MultipathBonderTests testPathRemovedAfterDisconnect]' started.
Test Case '-[SonarTests.MultipathBonderTests testPathRemovedAfterDisconnect]' passed (0.105 seconds).
Test Case '-[SonarTests.MultipathBonderTests testPrimaryStandbyModeFailsOverToNextPriorityPath]' started.
Test Case '-[SonarTests.MultipathBonderTests testPrimaryStandbyModeFailsOverToNextPriorityPath]' passed (0.139 seconds).
Test Case '-[SonarTests.MultipathBonderTests testPrimaryStandbyModeSendsOnlyOnHighestPriorityConnectedPath]' started.
Test Case '-[SonarTests.MultipathBonderTests testPrimaryStandbyModeSendsOnlyOnHighestPriorityConnectedPath]' passed (0.086 seconds).
Test Case '-[SonarTests.MultipathBonderTests testPrimaryStandbyModeUsesSimulatorRelayWhenItIsTheOnlyConnectedPath]' started.
Test Case '-[SonarTests.MultipathBonderTests testPrimaryStandbyModeUsesSimulatorRelayWhenItIsTheOnlyConnectedPath]' passed (0.085 seconds).
Test Case '-[SonarTests.MultipathBonderTests testRedundantModeFrameHasSameSeqOnAllPaths]' started.
Test Case '-[SonarTests.MultipathBonderTests testRedundantModeFrameHasSameSeqOnAllPaths]' passed (0.086 seconds).
Test Case '-[SonarTests.MultipathBonderTests testRedundantModeSendsOnAllConnectedPaths]' started.
Test Case '-[SonarTests.MultipathBonderTests testRedundantModeSendsOnAllConnectedPaths]' passed (0.086 seconds).
Test Case '-[SonarTests.MultipathBonderTests testRemoveAllPathsCancelsSubscriptionsAndClearsActivePaths]' started.
Test Case '-[SonarTests.MultipathBonderTests testRemoveAllPathsCancelsSubscriptionsAndClearsActivePaths]' passed (0.108 seconds).
Test Case '-[SonarTests.MultipathBonderTests testRemovedPathCannotDeliverInboundFrames]' started.
Test Case '-[SonarTests.MultipathBonderTests testRemovedPathCannotDeliverInboundFrames]' passed (0.102 seconds).
Test Case '-[SonarTests.MultipathBonderTests testRemovedPathCannotReAddItselfAfterLaterConnectionEvent]' started.
Test Case '-[SonarTests.MultipathBonderTests testRemovedPathCannotReAddItselfAfterLaterConnectionEvent]' passed (0.104 seconds).
Test Case '-[SonarTests.MultipathBonderTests testRemovePathDropsFromActivePaths]' started.
Test Case '-[SonarTests.MultipathBonderTests testRemovePathDropsFromActivePaths]' passed (0.051 seconds).
Test Case '-[SonarTests.MultipathBonderTests testStartsWithEmptyActivePaths]' started.
Test Case '-[SonarTests.MultipathBonderTests testStartsWithEmptyActivePaths]' passed (0.000 seconds).
Test Suite 'MultipathBonderTests' passed at 2026-08-10 00:32:14.521.
	 Executed 16 tests, with 0 failures (0 unexpected) in 1.293 (1.298) seconds
Test Suite 'NearTransportPairingTests' started at 2026-08-10 00:32:14.522.
Test Case '-[SonarTests.NearTransportPairingTests testAdvertisedDiscoveryInfoCarriesStablePeerIdentity]' started.
Test Case '-[SonarTests.NearTransportPairingTests testAdvertisedDiscoveryInfoCarriesStablePeerIdentity]' passed (0.054 seconds).
Test Case '-[SonarTests.NearTransportPairingTests testInboundInvitationMatchesAnyPairingHint]' started.
Test Case '-[SonarTests.NearTransportPairingTests testInboundInvitationMatchesAnyPairingHint]' passed (0.001 seconds).
Test Case '-[SonarTests.NearTransportPairingTests testInboundInvitationWithMatchingPairingHintIsAccepted]' started.
Test Case '-[SonarTests.NearTransportPairingTests testInboundInvitationWithMatchingPairingHintIsAccepted]' passed (0.000 seconds).
Test Case '-[SonarTests.NearTransportPairingTests testInboundInvitationWithMismatchedPairingHintIsRejected]' started.
Test Case '-[SonarTests.NearTransportPairingTests testInboundInvitationWithMismatchedPairingHintIsRejected]' passed (0.000 seconds).
Test Case '-[SonarTests.NearTransportPairingTests testInboundInvitationWithoutPairingHintIsRejectedUntilPairing]' started.
Test Case '-[SonarTests.NearTransportPairingTests testInboundInvitationWithoutPairingHintIsRejectedUntilPairing]' passed (0.000 seconds).
Test Case '-[SonarTests.NearTransportPairingTests testNearTransportAccumulatesAndRemovesPairingHints]' started.
Test Case '-[SonarTests.NearTransportPairingTests testNearTransportAccumulatesAndRemovesPairingHints]' passed (0.053 seconds).
Test Case '-[SonarTests.NearTransportPairingTests testOutboundInviteRequiresMatchingPairingHintAndSkipsAlreadyInvitedPeers]' started.
Test Case '-[SonarTests.NearTransportPairingTests testOutboundInviteRequiresMatchingPairingHintAndSkipsAlreadyInvitedPeers]' passed (0.000 seconds).
Test Case '-[SonarTests.NearTransportPairingTests testPairingHintFallsBackToDisplayNameAndHost]' started.
Test Case '-[SonarTests.NearTransportPairingTests testPairingHintFallsBackToDisplayNameAndHost]' passed (0.000 seconds).
Test Case '-[SonarTests.NearTransportPairingTests testPairingHintMatchesPeerIDFromDiscoveryInfo]' started.
Test Case '-[SonarTests.NearTransportPairingTests testPairingHintMatchesPeerIDFromDiscoveryInfo]' passed (0.001 seconds).
Test Case '-[SonarTests.NearTransportPairingTests testPairingServiceAppliesAcceptedTokenToNearTransport]' started.
2026-08-10 00:32:14.636587+0200 Sonar[84683:2319930] [app] PairingService accepted token id=peer-A name=Alex iPhone host=alex.local
Test Case '-[SonarTests.NearTransportPairingTests testPairingServiceAppliesAcceptedTokenToNearTransport]' passed (0.055 seconds).
Test Suite 'NearTransportPairingTests' passed at 2026-08-10 00:32:14.689.
	 Executed 10 tests, with 0 failures (0 unexpected) in 0.166 (0.168) seconds
Test Suite 'NvidiaRivaASRClientTests' started at 2026-08-10 00:32:14.690.
Test Case '-[SonarTests.NvidiaRivaASRClientTests testHostedRequestBodyIsGRPCFramedRecognizeRequest]' started.
Test Case '-[SonarTests.NvidiaRivaASRClientTests testHostedRequestBodyIsGRPCFramedRecognizeRequest]' passed (0.000 seconds).
Test Case '-[SonarTests.NvidiaRivaASRClientTests testHostedRequestUsesNvidiaGRPCGatewayNotIntegrateHTTPAudioEndpoint]' started.
Test Case '-[SonarTests.NvidiaRivaASRClientTests testHostedRequestUsesNvidiaGRPCGatewayNotIntegrateHTTPAudioEndpoint]' passed (0.000 seconds).
Test Case '-[SonarTests.NvidiaRivaASRClientTests testRecognizeResponseParserExtractsTopTranscriptFromGRPCFrame]' started.
Test Case '-[SonarTests.NvidiaRivaASRClientTests testRecognizeResponseParserExtractsTopTranscriptFromGRPCFrame]' passed (0.001 seconds).
Test Case '-[SonarTests.NvidiaRivaASRClientTests testRecognizeResponseParserRejectsEmptyGRPCFrame]' started.
Test Case '-[SonarTests.NvidiaRivaASRClientTests testRecognizeResponseParserRejectsEmptyGRPCFrame]' passed (0.001 seconds).
Test Suite 'NvidiaRivaASRClientTests' passed at 2026-08-10 00:32:14.693.
	 Executed 4 tests, with 0 failures (0 unexpected) in 0.002 (0.003) seconds
Test Suite 'OpusCodingTests' started at 2026-08-10 00:32:14.695.
Test Case '-[SonarTests.OpusCodingTests testCoderInitialises]' started.
Test Case '-[SonarTests.OpusCodingTests testCoderInitialises]' passed (0.000 seconds).
Test Case '-[SonarTests.OpusCodingTests testDefaultsMatchLatencyBudget]' started.
Test Case '-[SonarTests.OpusCodingTests testDefaultsMatchLatencyBudget]' passed (0.000 seconds).
Test Case '-[SonarTests.OpusCodingTests testEncodeDecodesRoundtrip]' started.
Test Case '-[SonarTests.OpusCodingTests testEncodeDecodesRoundtrip]' passed (0.002 seconds).
Test Case '-[SonarTests.OpusCodingTests testNativeAVAudioConverterPathDoesNotAdvertiseFEC]' started.
Test Case '-[SonarTests.OpusCodingTests testNativeAVAudioConverterPathDoesNotAdvertiseFEC]' passed (0.000 seconds).
Test Suite 'OpusCodingTests' passed at 2026-08-10 00:32:14.699.
	 Executed 4 tests, with 0 failures (0 unexpected) in 0.003 (0.004) seconds
Test Suite 'PairingServiceTests' started at 2026-08-10 00:32:14.700.
Test Case '-[SonarTests.PairingServiceTests testBonjourHintNotificationCarriesHost]' started.
2026-08-10 00:32:14.700557+0200 Sonar[84683:2319930] [app] PairingService accepted token id=peer-A name=Alex iPhone host=alex.local
Test Case '-[SonarTests.PairingServiceTests testBonjourHintNotificationCarriesHost]' passed (0.001 seconds).
Test Case '-[SonarTests.PairingServiceTests testExpiredTokenClearsStalePeerUI]' started.
2026-08-10 00:32:14.708109+0200 Sonar[84683:2319930] [app] Pairing token expired
Test Case '-[SonarTests.PairingServiceTests testExpiredTokenClearsStalePeerUI]' passed (0.007 seconds).
Test Case '-[SonarTests.PairingServiceTests testExpiredTokenIsRejectedAndPeerOnlineStaysFalse]' started.
2026-08-10 00:32:14.709404+0200 Sonar[84683:2319930] [app] Pairing token expired
Test Case '-[SonarTests.PairingServiceTests testExpiredTokenIsRejectedAndPeerOnlineStaysFalse]' passed (0.001 seconds).
Test Case '-[SonarTests.PairingServiceTests testFreshTokenDoesNotMarkPeerOnlineBeforeTransportConnects]' started.
2026-08-10 00:32:14.710539+0200 Sonar[84683:2319930] [app] PairingService accepted token id=peer-A name=Alex iPhone host=alex.local
Test Case '-[SonarTests.PairingServiceTests testFreshTokenDoesNotMarkPeerOnlineBeforeTransportConnects]' passed (0.001 seconds).
Test Case '-[SonarTests.PairingServiceTests testNilPendingPairingDoesNotCrash]' started.
2026-08-10 00:32:14.711807+0200 Sonar[84683:2319930] [app] PairingService accepted token id=peer-A name=Alex iPhone host=alex.local
Test Case '-[SonarTests.PairingServiceTests testNilPendingPairingDoesNotCrash]' passed (0.001 seconds).
Test Case '-[SonarTests.PairingServiceTests testTokenAtTTLBoundaryIsAccepted]' started.
2026-08-10 00:32:14.713151+0200 Sonar[84683:2319930] [app] PairingService accepted token id=peer-A name=Alex iPhone host=alex.local
Test Case '-[SonarTests.PairingServiceTests testTokenAtTTLBoundaryIsAccepted]' passed (0.001 seconds).
Test Suite 'PairingServiceTests' passed at 2026-08-10 00:32:14.714.
	 Executed 6 tests, with 0 failures (0 unexpected) in 0.013 (0.014) seconds
Test Suite 'PairingTokenTests' started at 2026-08-10 00:32:14.714.
Test Case '-[SonarTests.PairingTokenTests testDecodeRejectsEmptyString]' started.
Test Case '-[SonarTests.PairingTokenTests testDecodeRejectsEmptyString]' passed (0.001 seconds).
Test Case '-[SonarTests.PairingTokenTests testDecodeRejectsMalformedJSON]' started.
Test Case '-[SonarTests.PairingTokenTests testDecodeRejectsMalformedJSON]' passed (0.001 seconds).
Test Case '-[SonarTests.PairingTokenTests testDecodeRejectsTruncatedJSON]' started.
Test Case '-[SonarTests.PairingTokenTests testDecodeRejectsTruncatedJSON]' passed (0.000 seconds).
Test Case '-[SonarTests.PairingTokenTests testDecodeRejectsUnsupportedVersion]' started.
Test Case '-[SonarTests.PairingTokenTests testDecodeRejectsUnsupportedVersion]' passed (0.001 seconds).
Test Case '-[SonarTests.PairingTokenTests testDefaultBonjourUsesMPCServiceName]' started.
Test Case '-[SonarTests.PairingTokenTests testDefaultBonjourUsesMPCServiceName]' passed (0.000 seconds).
Test Case '-[SonarTests.PairingTokenTests testEncodeDecodeRoundTripPreservesAllFields]' started.
Test Case '-[SonarTests.PairingTokenTests testEncodeDecodeRoundTripPreservesAllFields]' passed (0.000 seconds).
Test Case '-[SonarTests.PairingTokenTests testEncodeRoundTripWithOptionalFieldsNil]' started.
Test Case '-[SonarTests.PairingTokenTests testEncodeRoundTripWithOptionalFieldsNil]' passed (0.001 seconds).
Test Case '-[SonarTests.PairingTokenTests testGeneratedTokenUsesMPCBonjourServiceName]' started.
Test Case '-[SonarTests.PairingTokenTests testGeneratedTokenUsesMPCBonjourServiceName]' passed (0.002 seconds).
Test Case '-[SonarTests.PairingTokenTests testQRCodeHostKeepsReachableBonjourAndLANValues]' started.
Test Case '-[SonarTests.PairingTokenTests testQRCodeHostKeepsReachableBonjourAndLANValues]' passed (0.000 seconds).
Test Case '-[SonarTests.PairingTokenTests testQRCodeHostRejectsLocalhostAndLoopbackValues]' started.
Test Case '-[SonarTests.PairingTokenTests testQRCodeHostRejectsLocalhostAndLoopbackValues]' passed (0.000 seconds).
Test Case '-[SonarTests.PairingTokenTests testQRTailscaleIPKeepsOnlyTailscaleCGNATAddresses]' started.
Test Case '-[SonarTests.PairingTokenTests testQRTailscaleIPKeepsOnlyTailscaleCGNATAddresses]' passed (0.000 seconds).
Test Suite 'PairingTokenTests' passed at 2026-08-10 00:32:14.723.
	 Executed 11 tests, with 0 failures (0 unexpected) in 0.007 (0.009) seconds
Test Suite 'PermissionsManagerTests' started at 2026-08-10 00:32:14.723.
Test Case '-[SonarTests.PermissionsManagerTests testLocalNetworkBrowserFailedWithGenericErrorKeepsPermissionUnknown]' started.
Test Case '-[SonarTests.PermissionsManagerTests testLocalNetworkBrowserFailedWithGenericErrorKeepsPermissionUnknown]' passed (0.000 seconds).
Test Case '-[SonarTests.PermissionsManagerTests testLocalNetworkBrowserWaitingWithGenericErrorKeepsPermissionUnknown]' started.
Test Case '-[SonarTests.PermissionsManagerTests testLocalNetworkBrowserWaitingWithGenericErrorKeepsPermissionUnknown]' passed (0.000 seconds).
Test Case '-[SonarTests.PermissionsManagerTests testLocalNetworkBrowserWaitingWithPolicyDeniedIsDenied]' started.
Test Case '-[SonarTests.PermissionsManagerTests testLocalNetworkBrowserWaitingWithPolicyDeniedIsDenied]' passed (0.000 seconds).
Test Suite 'PermissionsManagerTests' passed at 2026-08-10 00:32:14.725.
	 Executed 3 tests, with 0 failures (0 unexpected) in 0.001 (0.002) seconds
Test Suite 'PreCaptureBufferTests' started at 2026-08-10 00:32:14.725.
Test Case '-[SonarTests.PreCaptureBufferTests testDefaultCapacity200ms]' started.
Test Case '-[SonarTests.PreCaptureBufferTests testDefaultCapacity200ms]' passed (0.001 seconds).
Test Case '-[SonarTests.PreCaptureBufferTests testDrainAfterDrainReturnsEmpty]' started.
Test Case '-[SonarTests.PreCaptureBufferTests testDrainAfterDrainReturnsEmpty]' passed (0.000 seconds).
Test Case '-[SonarTests.PreCaptureBufferTests testDrainReturnsFramesOldestFirst]' started.
Test Case '-[SonarTests.PreCaptureBufferTests testDrainReturnsFramesOldestFirst]' passed (0.000 seconds).
Test Case '-[SonarTests.PreCaptureBufferTests testEmptyBufferDrainReturnsEmpty]' started.
Test Case '-[SonarTests.PreCaptureBufferTests testEmptyBufferDrainReturnsEmpty]' passed (0.000 seconds).
Test Case '-[SonarTests.PreCaptureBufferTests testPushAndDrainReturnsAllFrames]' started.
Test Case '-[SonarTests.PreCaptureBufferTests testPushAndDrainReturnsAllFrames]' passed (0.001 seconds).
Test Case '-[SonarTests.PreCaptureBufferTests testPushFarOverCapacityRetainsOnlyMostRecent]' started.
Test Case '-[SonarTests.PreCaptureBufferTests testPushFarOverCapacityRetainsOnlyMostRecent]' passed (0.001 seconds).
Test Case '-[SonarTests.PreCaptureBufferTests testPushOverCapacityEvictsOldest]' started.
Test Case '-[SonarTests.PreCaptureBufferTests testPushOverCapacityEvictsOldest]' passed (0.001 seconds).
Test Suite 'PreCaptureBufferTests' passed at 2026-08-10 00:32:14.731.
	 Executed 7 tests, with 0 failures (0 unexpected) in 0.004 (0.005) seconds
Test Suite 'PrivacyHardeningTests' started at 2026-08-10 00:32:14.731.
Test Case '-[SonarTests.PrivacyHardeningTests testActivatingPrivacyMidSessionDeletesInProgressFile]' started.
2026-08-10 00:32:14.736330+0200 Sonar[84683:2319930] [app] Privacy mode active — in-progress recording deleted
Test Case '-[SonarTests.PrivacyHardeningTests testActivatingPrivacyMidSessionDeletesInProgressFile]' passed (0.010 seconds).
Test Case '-[SonarTests.PrivacyHardeningTests testDeactivatingPrivacyAfterSessionEndedDoesNotCrash]' started.
Test Case '-[SonarTests.PrivacyHardeningTests testDeactivatingPrivacyAfterSessionEndedDoesNotCrash]' passed (0.007 seconds).
Test Case '-[SonarTests.PrivacyHardeningTests testLocalRecorderDoesNotClaimOrCarryUnusedSonsessEncryption]' started.
Test Case '-[SonarTests.PrivacyHardeningTests testLocalRecorderDoesNotClaimOrCarryUnusedSonsessEncryption]' passed (0.001 seconds).
Test Case '-[SonarTests.PrivacyHardeningTests testReadmeDoesNotClaimSonsessEncryption]' started.
Test Case '-[SonarTests.PrivacyHardeningTests testReadmeDoesNotClaimSonsessEncryption]' passed (0.002 seconds).
Test Case '-[SonarTests.PrivacyHardeningTests testRecorderDoesNotWriteWhenPrivacyActiveBeforeStart]' started.
2026-08-10 00:32:14.751807+0200 Sonar[84683:2319930] [app] Privacy mode active — recording suppressed
Test Case '-[SonarTests.PrivacyHardeningTests testRecorderDoesNotWriteWhenPrivacyActiveBeforeStart]' passed (0.001 seconds).
Test Case '-[SonarTests.PrivacyHardeningTests testSettingsActiveEngineLabelMentionsPrivacyModeBeforeCloudKeys]' started.
Test Case '-[SonarTests.PrivacyHardeningTests testSettingsActiveEngineLabelMentionsPrivacyModeBeforeCloudKeys]' passed (0.001 seconds).
Test Suite 'PrivacyHardeningTests' passed at 2026-08-10 00:32:14.754.
	 Executed 6 tests, with 0 failures (0 unexpected) in 0.022 (0.023) seconds
Test Suite 'PrivacyModeTests' started at 2026-08-10 00:32:14.754.
Test Case '-[SonarTests.PrivacyModeTests testActivateDoesNotPostDeactivatedNotification]' started.
Test Case '-[SonarTests.PrivacyModeTests testActivateDoesNotPostDeactivatedNotification]' passed (0.053 seconds).
Test Case '-[SonarTests.PrivacyModeTests testActivateIsIdempotent]' started.
Test Case '-[SonarTests.PrivacyModeTests testActivateIsIdempotent]' passed (0.001 seconds).
Test Case '-[SonarTests.PrivacyModeTests testActivatePostsActivatedNotification]' started.
Test Case '-[SonarTests.PrivacyModeTests testActivatePostsActivatedNotification]' passed (0.001 seconds).
Test Case '-[SonarTests.PrivacyModeTests testActivateSetsIsActiveTrue]' started.
Test Case '-[SonarTests.PrivacyModeTests testActivateSetsIsActiveTrue]' passed (0.001 seconds).
Test Case '-[SonarTests.PrivacyModeTests testDeactivatePostsDeactivatedNotification]' started.
Test Case '-[SonarTests.PrivacyModeTests testDeactivatePostsDeactivatedNotification]' passed (0.001 seconds).
Test Case '-[SonarTests.PrivacyModeTests testDeactivateSetsIsActiveFalse]' started.
Test Case '-[SonarTests.PrivacyModeTests testDeactivateSetsIsActiveFalse]' passed (0.000 seconds).
Test Case '-[SonarTests.PrivacyModeTests testDeactivateWhenAlreadyInactiveRemainsInactive]' started.
Test Case '-[SonarTests.PrivacyModeTests testDeactivateWhenAlreadyInactiveRemainsInactive]' passed (0.000 seconds).
Test Case '-[SonarTests.PrivacyModeTests testDoubleToggleRestoresState]' started.
Test Case '-[SonarTests.PrivacyModeTests testDoubleToggleRestoresState]' passed (0.000 seconds).
Test Case '-[SonarTests.PrivacyModeTests testToggleFromActiveDeactivates]' started.
Test Case '-[SonarTests.PrivacyModeTests testToggleFromActiveDeactivates]' passed (0.000 seconds).
Test Case '-[SonarTests.PrivacyModeTests testToggleFromInactiveActivates]' started.
Test Case '-[SonarTests.PrivacyModeTests testToggleFromInactiveActivates]' passed (0.001 seconds).
Test Case '-[SonarTests.PrivacyModeTests testTogglePostsCorrectNotifications]' started.
Test Case '-[SonarTests.PrivacyModeTests testTogglePostsCorrectNotifications]' passed (0.001 seconds).
Test Suite 'PrivacyModeTests' passed at 2026-08-10 00:32:14.814.
	 Executed 11 tests, with 0 failures (0 unexpected) in 0.058 (0.060) seconds
Test Suite 'ProfileTests' started at 2026-08-10 00:32:14.814.
Test Case '-[SonarTests.ProfileTests testAudioSessionPolicyPreservesAirPodsVoiceChatNudgeDuringRawAudioMode]' started.
Test Case '-[SonarTests.ProfileTests testAudioSessionPolicyPreservesAirPodsVoiceChatNudgeDuringRawAudioMode]' passed (0.000 seconds).
Test Case '-[SonarTests.ProfileTests testAudioSessionPolicyPreservesDuckingWhenRawAudioIsReasserted]' started.
Test Case '-[SonarTests.ProfileTests testAudioSessionPolicyPreservesDuckingWhenRawAudioIsReasserted]' passed (0.000 seconds).
Test Case '-[SonarTests.ProfileTests testClubMixesMusic]' started.
Test Case '-[SonarTests.ProfileTests testClubMixesMusic]' passed (0.001 seconds).
Test Case '-[SonarTests.ProfileTests testFiveBuiltInProfilesExist]' started.
Test Case '-[SonarTests.ProfileTests testFiveBuiltInProfilesExist]' passed (0.000 seconds).
Test Case '-[SonarTests.ProfileTests testJSONRoundtrip]' started.
Test Case '-[SonarTests.ProfileTests testJSONRoundtrip]' passed (0.001 seconds).
Test Case '-[SonarTests.ProfileTests testProfileManagerIgnoresUnknownID]' started.
Test Case '-[SonarTests.ProfileTests testProfileManagerIgnoresUnknownID]' passed (0.001 seconds).
Test Case '-[SonarTests.ProfileTests testProfileManagerSelectByID]' started.
Test Case '-[SonarTests.ProfileTests testProfileManagerSelectByID]' passed (0.000 seconds).
Test Case '-[SonarTests.ProfileTests testProfileManagerStartsOnFirstProfile]' started.
Test Case '-[SonarTests.ProfileTests testProfileManagerStartsOnFirstProfile]' passed (0.000 seconds).
Test Case '-[SonarTests.ProfileTests testSpatialMixerAppliesProfileVoiceGainBeforeGlobalOutputVolume]' started.
Test Case '-[SonarTests.ProfileTests testSpatialMixerAppliesProfileVoiceGainBeforeGlobalOutputVolume]' passed (0.008 seconds).
Test Case '-[SonarTests.ProfileTests testThresholdsSane]' started.
Test Case '-[SonarTests.ProfileTests testThresholdsSane]' passed (0.000 seconds).
Test Case '-[SonarTests.ProfileTests testZimmerHasTransparency]' started.
Test Case '-[SonarTests.ProfileTests testZimmerHasTransparency]' passed (0.000 seconds).
Test Suite 'ProfileTests' passed at 2026-08-10 00:32:14.829.
	 Executed 11 tests, with 0 failures (0 unexpected) in 0.013 (0.015) seconds
Test Suite 'QuestionClassifierTests' started at 2026-08-10 00:32:14.829.
Test Case '-[SonarTests.QuestionClassifierTests testFallingPitchNeverTriggers]' started.
Test Case '-[SonarTests.QuestionClassifierTests testFallingPitchNeverTriggers]' passed (0.000 seconds).
Test Case '-[SonarTests.QuestionClassifierTests testRisingPitchPlusLongSilenceTriggers]' started.
Test Case '-[SonarTests.QuestionClassifierTests testRisingPitchPlusLongSilenceTriggers]' passed (0.000 seconds).
Test Case '-[SonarTests.QuestionClassifierTests testShortSilenceDoesNotTrigger]' started.
Test Case '-[SonarTests.QuestionClassifierTests testShortSilenceDoesNotTrigger]' passed (0.000 seconds).
Test Suite 'QuestionClassifierTests' passed at 2026-08-10 00:32:14.831.
	 Executed 3 tests, with 0 failures (0 unexpected) in 0.001 (0.002) seconds
Test Suite 'RSSIFallbackMathTests' started at 2026-08-10 00:32:14.831.
Test Case '-[SonarTests.RSSIFallbackMathTests testEMABoundedBetweenPrevAndNew]' started.
Test Case '-[SonarTests.RSSIFallbackMathTests testEMABoundedBetweenPrevAndNew]' passed (0.000 seconds).
Test Case '-[SonarTests.RSSIFallbackMathTests testEMAConvergesToStableValue]' started.
Test Case '-[SonarTests.RSSIFallbackMathTests testEMAConvergesToStableValue]' passed (0.000 seconds).
Test Case '-[SonarTests.RSSIFallbackMathTests testEMAWeightIsAlpha03]' started.
Test Case '-[SonarTests.RSSIFallbackMathTests testEMAWeightIsAlpha03]' passed (0.000 seconds).
Test Case '-[SonarTests.RSSIFallbackMathTests testFirstSampleSetsInitialValue]' started.
Test Case '-[SonarTests.RSSIFallbackMathTests testFirstSampleSetsInitialValue]' passed (0.000 seconds).
Test Case '-[SonarTests.RSSIFallbackMathTests testInvalidRSSIsRejected]' started.
Test Case '-[SonarTests.RSSIFallbackMathTests testInvalidRSSIsRejected]' passed (0.000 seconds).
Test Case '-[SonarTests.RSSIFallbackMathTests testRSSI49GivesPointOneMetre]' started.
Test Case '-[SonarTests.RSSIFallbackMathTests testRSSI49GivesPointOneMetre]' passed (0.000 seconds).
Test Case '-[SonarTests.RSSIFallbackMathTests testRSSI79GivesTenMetres]' started.
Test Case '-[SonarTests.RSSIFallbackMathTests testRSSI79GivesTenMetres]' passed (0.000 seconds).
Test Case '-[SonarTests.RSSIFallbackMathTests testRSSIAtTxPowerGivesOneMetre]' started.
Test Case '-[SonarTests.RSSIFallbackMathTests testRSSIAtTxPowerGivesOneMetre]' passed (0.000 seconds).
Test Case '-[SonarTests.RSSIFallbackMathTests testRSSIMinus100GivesLargeDistance]' started.
Test Case '-[SonarTests.RSSIFallbackMathTests testRSSIMinus100GivesLargeDistance]' passed (0.000 seconds).
Test Case '-[SonarTests.RSSIFallbackMathTests testRSSINearZeroGivesVerySmallDistance]' started.
Test Case '-[SonarTests.RSSIFallbackMathTests testRSSINearZeroGivesVerySmallDistance]' passed (0.000 seconds).
Test Case '-[SonarTests.RSSIFallbackMathTests testTenDbWeakerIsTenTimesFarther]' started.
Test Case '-[SonarTests.RSSIFallbackMathTests testTenDbWeakerIsTenTimesFarther]' passed (0.002 seconds).
Test Case '-[SonarTests.RSSIFallbackMathTests testValidRSSIRangeAccepted]' started.
Test Case '-[SonarTests.RSSIFallbackMathTests testValidRSSIRangeAccepted]' passed (0.000 seconds).
Test Case '-[SonarTests.RSSIFallbackMathTests testWeakerRSSIAlwaysGivesGreaterDistance]' started.
Test Case '-[SonarTests.RSSIFallbackMathTests testWeakerRSSIAlwaysGivesGreaterDistance]' passed (0.000 seconds).
Test Suite 'RSSIFallbackMathTests' passed at 2026-08-10 00:32:14.839.
	 Executed 13 tests, with 0 failures (0 unexpected) in 0.006 (0.008) seconds
Test Suite 'RecordingPlayerViewTests' started at 2026-08-10 00:32:14.839.
Test Case '-[SonarTests.RecordingPlayerViewTests testFormatHandlesInvalidValues]' started.
Test Case '-[SonarTests.RecordingPlayerViewTests testFormatHandlesInvalidValues]' passed (0.000 seconds).
Test Case '-[SonarTests.RecordingPlayerViewTests testFormatHours]' started.
Test Case '-[SonarTests.RecordingPlayerViewTests testFormatHours]' passed (0.003 seconds).
Test Case '-[SonarTests.RecordingPlayerViewTests testFormatSecondsAndMinutes]' started.
Test Case '-[SonarTests.RecordingPlayerViewTests testFormatSecondsAndMinutes]' passed (0.000 seconds).
Test Case '-[SonarTests.RecordingPlayerViewTests testFormatTruncatesFractional]' started.
Test Case '-[SonarTests.RecordingPlayerViewTests testFormatTruncatesFractional]' passed (0.000 seconds).
Test Case '-[SonarTests.RecordingPlayerViewTests testFormatZero]' started.
Test Case '-[SonarTests.RecordingPlayerViewTests testFormatZero]' passed (0.000 seconds).
Test Suite 'RecordingPlayerViewTests' passed at 2026-08-10 00:32:14.845.
	 Executed 5 tests, with 0 failures (0 unexpected) in 0.005 (0.006) seconds
Test Suite 'SessionCoordinatorPrivacyTests' started at 2026-08-10 00:32:14.845.
Test Case '-[SonarTests.SessionCoordinatorPrivacyTests testCancelledFarStartupIsNotKeptAfterStartReturns]' started.
Test Case '-[SonarTests.SessionCoordinatorPrivacyTests testCancelledFarStartupIsNotKeptAfterStartReturns]' passed (0.002 seconds).
Test Case '-[SonarTests.SessionCoordinatorPrivacyTests testPrivacyActivationAbortsCloudTranscriptionWithoutFinishing]' started.
2026-08-10 00:32:14.854709+0200 Sonar[84683:2320461] [CoreBluetooth] XPC connection invalid
2026-08-10 00:32:14.854827+0200 Sonar[84683:2320461] [CoreBluetooth] XPC connection invalid
Test Case '-[SonarTests.SessionCoordinatorPrivacyTests testPrivacyActivationAbortsCloudTranscriptionWithoutFinishing]' passed (0.063 seconds).
Test Case '-[SonarTests.SessionCoordinatorPrivacyTests testPrivacyActivationCancelsInFlightFarTransportStartup]' started.
2026-08-10 00:32:14.914162+0200 Sonar[84683:2320466] [CoreBluetooth] XPC connection invalid
2026-08-10 00:32:14.914265+0200 Sonar[84683:2320466] [CoreBluetooth] XPC connection invalid
Test Case '-[SonarTests.SessionCoordinatorPrivacyTests testPrivacyActivationCancelsInFlightFarTransportStartup]' passed (0.069 seconds).
Test Case '-[SonarTests.SessionCoordinatorPrivacyTests testPrivacyActivationStopsFarTransport]' started.
2026-08-10 00:32:14.985315+0200 Sonar[84683:2320461] [CoreBluetooth] XPC connection invalid
2026-08-10 00:32:14.985424+0200 Sonar[84683:2320461] [CoreBluetooth] XPC connection invalid
Test Case '-[SonarTests.SessionCoordinatorPrivacyTests testPrivacyActivationStopsFarTransport]' passed (0.059 seconds).
Test Case '-[SonarTests.SessionCoordinatorPrivacyTests testPrivacyActiveBlocksFarTransportStartup]' started.
Test Case '-[SonarTests.SessionCoordinatorPrivacyTests testPrivacyActiveBlocksFarTransportStartup]' passed (0.000 seconds).
Test Case '-[SonarTests.SessionCoordinatorPrivacyTests testPrivacyActiveBlocksTailscaleTransportStartup]' started.
Test Case '-[SonarTests.SessionCoordinatorPrivacyTests testPrivacyActiveBlocksTailscaleTransportStartup]' passed (0.000 seconds).
Test Suite 'SessionCoordinatorPrivacyTests' passed at 2026-08-10 00:32:15.040.
	 Executed 6 tests, with 0 failures (0 unexpected) in 0.194 (0.195) seconds
Test Suite 'SessionCoordinatorTests' started at 2026-08-10 00:32:15.040.
Test Case '-[SonarTests.SessionCoordinatorTests testNilDistanceWithoutActivePathMovesCoordinatorAndAppStateFromNearToConnecting]' started.
2026-08-10 00:32:15.042810+0200 Sonar[84683:2320461] [CoreBluetooth] XPC connection invalid
2026-08-10 00:32:15.042904+0200 Sonar[84683:2320461] [CoreBluetooth] XPC connection invalid
Test Case '-[SonarTests.SessionCoordinatorTests testNilDistanceWithoutActivePathMovesCoordinatorAndAppStateFromNearToConnecting]' passed (0.056 seconds).
Test Case '-[SonarTests.SessionCoordinatorTests testPeerDirectionUpdateMirrorsIntoAppStateAndClears]' started.
2026-08-10 00:32:15.098658+0200 Sonar[84683:2320466] [CoreBluetooth] XPC connection invalid
2026-08-10 00:32:15.098751+0200 Sonar[84683:2320461] [CoreBluetooth] XPC connection invalid
Test Case '-[SonarTests.SessionCoordinatorTests testPeerDirectionUpdateMirrorsIntoAppStateAndClears]' passed (0.059 seconds).
Test Case '-[SonarTests.SessionCoordinatorTests testPrivacyActivationStopsFarTransport]' started.
2026-08-10 00:32:15.161355+0200 Sonar[84683:2320467] [CoreBluetooth] XPC connection invalid
2026-08-10 00:32:15.161474+0200 Sonar[84683:2320467] [CoreBluetooth] XPC connection invalid
Test Case '-[SonarTests.SessionCoordinatorTests testPrivacyActivationStopsFarTransport]' passed (0.057 seconds).
Test Case '-[SonarTests.SessionCoordinatorTests testPrivacyActiveBlocksFarTransportStartup]' started.
Test Case '-[SonarTests.SessionCoordinatorTests testPrivacyActiveBlocksFarTransportStartup]' passed (0.000 seconds).
Test Case '-[SonarTests.SessionCoordinatorTests testStartLiftsToConnecting]' started.
2026-08-10 00:32:15.217157+0200 Sonar[84683:2320462] [CoreBluetooth] XPC connection invalid
2026-08-10 00:32:15.217292+0200 Sonar[84683:2320462] [CoreBluetooth] XPC connection invalid
2026-08-10 00:32:15.282735+0200 Sonar[84683:2320461] [plugin] AddInstanceForFactory: No factory registered for id <CFUUID 0x113ba1140> F8BB1C28-BAE8-11D6-9C31-00039315CD46
2026-08-10 00:32:15.397559+0200 Sonar[84683:2319930] [aurioc]            AURemoteIO.cpp:1135  failed: -10851 (enable 1, outf< 2 ch,      0 Hz, Float32, deinterleaved> inf< 2 ch,      0 Hz, Float32, deinterleaved>)
Test Case '-[SonarTests.SessionCoordinatorTests testStartLiftsToConnecting]' passed (0.185 seconds).
Test Case '-[SonarTests.SessionCoordinatorTests testStartsIdle]' started.
2026-08-10 00:32:15.401793+0200 Sonar[84683:2320466] [CoreBluetooth] XPC connection invalid
2026-08-10 00:32:15.401965+0200 Sonar[84683:2320466] [CoreBluetooth] XPC connection invalid
Test Case '-[SonarTests.SessionCoordinatorTests testStartsIdle]' passed (0.054 seconds).
Test Case '-[SonarTests.SessionCoordinatorTests testStopReturnsToIdle]' started.
2026-08-10 00:32:15.456280+0200 Sonar[84683:2320466] [CoreBluetooth] XPC connection invalid
2026-08-10 00:32:15.456397+0200 Sonar[84683:2320466] [CoreBluetooth] XPC connection invalid
2026-08-10 00:32:15.457066+0200 Sonar[84683:2319930] [aurioc]            AURemoteIO.cpp:1135  failed: -10851 (enable 1, outf< 2 ch,      0 Hz, Float32, deinterleaved> inf< 2 ch,      0 Hz, Float32, deinterleaved>)
Test Case '-[SonarTests.SessionCoordinatorTests testStopReturnsToIdle]' passed (0.003 seconds).
Test Suite 'SessionCoordinatorTests' passed at 2026-08-10 00:32:15.458.
	 Executed 7 tests, with 0 failures (0 unexpected) in 0.415 (0.417) seconds
Test Suite 'SignalScoreCalculatorTests' started at 2026-08-10 00:32:15.458.
Test Case '-[SonarTests.SignalScoreCalculatorTests testExcellentGradeForHighScore]' started.
Test Case '-[SonarTests.SignalScoreCalculatorTests testExcellentGradeForHighScore]' passed (0.006 seconds).
Test Case '-[SonarTests.SignalScoreCalculatorTests testExtremeRTTClampsLatencyScoreToZero]' started.
Test Case '-[SonarTests.SignalScoreCalculatorTests testExtremeRTTClampsLatencyScoreToZero]' passed (0.000 seconds).
Test Case '-[SonarTests.SignalScoreCalculatorTests testFivePercentLossReducesScore]' started.
Test Case '-[SonarTests.SignalScoreCalculatorTests testFivePercentLossReducesScore]' passed (0.001 seconds).
Test Case '-[SonarTests.SignalScoreCalculatorTests testGoodGradeRange]' started.
Test Case '-[SonarTests.SignalScoreCalculatorTests testGoodGradeRange]' passed (0.000 seconds).
Test Case '-[SonarTests.SignalScoreCalculatorTests testHighRTTReducesScore]' started.
Test Case '-[SonarTests.SignalScoreCalculatorTests testHighRTTReducesScore]' passed (0.000 seconds).
Test Case '-[SonarTests.SignalScoreCalculatorTests testHundredPercentLossGivesVeryLowScore]' started.
Test Case '-[SonarTests.SignalScoreCalculatorTests testHundredPercentLossGivesVeryLowScore]' passed (0.000 seconds).
Test Case '-[SonarTests.SignalScoreCalculatorTests testPerfectConditionsScoreNear100]' started.
Test Case '-[SonarTests.SignalScoreCalculatorTests testPerfectConditionsScoreNear100]' passed (0.000 seconds).
Test Case '-[SonarTests.SignalScoreCalculatorTests testPoorGradeRange]' started.
Test Case '-[SonarTests.SignalScoreCalculatorTests testPoorGradeRange]' passed (0.001 seconds).
Test Case '-[SonarTests.SignalScoreCalculatorTests testScoreNeverBelowZero]' started.
Test Case '-[SonarTests.SignalScoreCalculatorTests testScoreNeverBelowZero]' passed (0.000 seconds).
Test Case '-[SonarTests.SignalScoreCalculatorTests testScoreNeverExceeds100]' started.
Test Case '-[SonarTests.SignalScoreCalculatorTests testScoreNeverExceeds100]' passed (0.000 seconds).
Test Case '-[SonarTests.SignalScoreCalculatorTests testScorePublishedViaPublisher]' started.
Test Case '-[SonarTests.SignalScoreCalculatorTests testScorePublishedViaPublisher]' passed (0.000 seconds).
Test Case '-[SonarTests.SignalScoreCalculatorTests testUnstableGradeForLowScore]' started.
Test Case '-[SonarTests.SignalScoreCalculatorTests testUnstableGradeForLowScore]' passed (0.000 seconds).
Test Case '-[SonarTests.SignalScoreCalculatorTests testUpdateChangesPublishedGrade]' started.
Test Case '-[SonarTests.SignalScoreCalculatorTests testUpdateChangesPublishedGrade]' passed (0.000 seconds).
Test Case '-[SonarTests.SignalScoreCalculatorTests testUpdateChangesPublishedScore]' started.
Test Case '-[SonarTests.SignalScoreCalculatorTests testUpdateChangesPublishedScore]' passed (0.000 seconds).
Test Suite 'SignalScoreCalculatorTests' passed at 2026-08-10 00:32:15.472.
	 Executed 14 tests, with 0 failures (0 unexpected) in 0.011 (0.014) seconds
Test Suite 'SimulatorRelayAudioChainTests' started at 2026-08-10 00:32:15.472.
Test Case '-[SonarTests.SimulatorRelayAudioChainTests testKeepaliveFrameIsNotEnqueued]' started.
Test Case '-[SonarTests.SimulatorRelayAudioChainTests testKeepaliveFrameIsNotEnqueued]' passed (0.000 seconds).
Test Case '-[SonarTests.SimulatorRelayAudioChainTests testKeepalivePayloadMatchesWireContract]' started.
Test Case '-[SonarTests.SimulatorRelayAudioChainTests testKeepalivePayloadMatchesWireContract]' passed (0.000 seconds).
Test Case '-[SonarTests.SimulatorRelayAudioChainTests testRealAudioFramesAreEnqueued]' started.
Test Case '-[SonarTests.SimulatorRelayAudioChainTests testRealAudioFramesAreEnqueued]' passed (0.000 seconds).
Test Suite 'SimulatorRelayAudioChainTests' passed at 2026-08-10 00:32:15.474.
	 Executed 3 tests, with 0 failures (0 unexpected) in 0.001 (0.002) seconds
Test Suite 'SimulatorRelayTransportTests' started at 2026-08-10 00:32:15.476.
Test Case '-[SonarTests.SimulatorRelayTransportTests testPollResponsePublishesInboundAudioFrame]' started.
2026-08-10 00:32:15.608015+0200 Sonar[84683:2320581] [aqme] iOSSimulatorAudioDevice-84683-0: Abandoning I/O cycle because reconfig pending
2026-08-10 00:32:15.611045+0200 Sonar[84683:2319930]      HALC_ProxySystem.cpp:175    HALC_ProxySystem::GetObjectInfo: got an error from the server, Error: 560947818 (!obj)
2026-08-10 00:32:15.611429+0200 Sonar[84683:2319930]       HALC_ShellObject.mm:264    HALC_ShellObject::HasProperty: there is no proxy object
2026-08-10 00:32:15.614404+0200 Sonar[84683:2320462]      HALC_ProxySystem.cpp:175    HALC_ProxySystem::GetObjectInfo: got an error from the server, Error: 560947818 (!obj)
2026-08-10 00:32:15.614474+0200 Sonar[84683:2320462]      HALC_ProxyObject.cpp:1464   HALC_Object_PropertyListener: no object
2026-08-10 00:32:15.614834+0200 Sonar[84683:2319930]      HALC_ProxySystem.cpp:175    HALC_ProxySystem::GetObjectInfo: got an error from the server, Error: 560947818 (!obj)
2026-08-10 00:32:15.614894+0200 Sonar[84683:2319930]       HALC_ShellObject.mm:264    HALC_ShellObject::HasProperty: there is no proxy object
2026-08-10 00:32:15.616563+0200 Sonar[84683:2319930]      HALC_ProxySystem.cpp:175    HALC_ProxySystem::GetObjectInfo: got an error from the server, Error: 560947818 (!obj)
2026-08-10 00:32:15.616622+0200 Sonar[84683:2319930]       HALC_ShellObject.mm:264    HALC_ShellObject::HasProperty: there is no proxy object
2026-08-10 00:32:15.616819+0200 Sonar[84683:2319930] AudioHardware-mac-imp.cpp:1512   AudioObjectRemovePropertyListener: no object with given ID 284
2026-08-10 00:32:15.617097+0200 Sonar[84683:2319930] AudioHardware-mac-imp.cpp:1512   AudioObjectRemovePropertyListener: no object with given ID 284
2026-08-10 00:32:15.617166+0200 Sonar[84683:2319930] AudioHardware-mac-imp.cpp:1512   AudioObjectRemovePropertyListener: no object with given ID 284
2026-08-10 00:32:15.692384+0200 Sonar[84683:2321820] [Core] {"msg":"file does not exist... clearing", "file":/Library/Developer/CoreSimulator/Volumes/iOS_23F77/Library/Developer/CoreSimulator/Profiles/Runtimes/iOS 26.5.simruntime/Contents/Resources/RuntimeRoot/private/var/Managed Preferences/kCFPreferencesCurrentUser/com.apple.CoreMotion.plist, "error":Error Domain=NSCocoaErrorDomain Code=260 "Die Datei „com.apple.CoreMotion.plist“ konnte nicht geöffnet werden, da sie nicht existiert." UserInfo={NSFilePath=/Library/Developer/CoreSimulator/Volumes/iOS_23F77/Library/Developer/CoreSimulator/Profiles/Runtimes/iOS 26.5.simruntime/Contents/Resources/RuntimeRoot/private/var/Managed Preferences/kCFPreferencesCurrentUser/com.apple.CoreMotion.plist, NSURL=file:///Library/Developer/CoreSimulator/Volumes/iOS_23F77/Library/Developer/CoreSimulator/Profiles/Runtimes/iOS%2026.5.simruntime/Contents/Resources/RuntimeRoot/private/var/Managed%20Preferences/kCFPreferencesCurrentUser/com.apple.CoreMotion.plist, NSUnderlyingError=0x109815080 {Error Domain=NSPOSIXErrorDomain Code=2 "No such file or directory"}}}
2026-08-10 00:32:15.714691+0200 Sonar[84683:2320581] [aqme] iOSSimulatorAudioDevice-84683-1: Abandoning I/O cycle because reconfig pending
2026-08-10 00:32:15.738738+0200 Sonar[84683:2321616] [AMCP]          HALC_ProxyIOContext.cpp:1623  HALC_ProxyIOContext::IOWorkLoop: skipping cycle due to overload
2026-08-10 00:32:15.762848+0200 Sonar[84683:2320466] [NISimulator] To simulate Nearby Interaction distance and direction, launch two or more simulators and move the simulator windows around the screen.
2026-08-10 00:32:15.790617+0200 Sonar[84683:2320462] [NISimulator] To simulate Nearby Interaction distance and direction, launch two or more simulators and move the simulator windows around the screen.
2026-08-10 00:32:15.793879+0200 Sonar[84683:2320461] [] nw_listener_socket_inbox_create_socket setsockopt SO_NECP_LISTENUUID failed [2: No such file or directory]
2026-08-10 00:32:15.794181+0200 Sonar[84683:2320461] [] nw_listener_socket_inbox_create_socket setsockopt SO_NECP_LISTENUUID failed [2: No such file or directory]
2026-08-10 00:32:15.794265+0200 Sonar[84683:2320461] [] nw_listener_socket_inbox_create_socket bind(28, ::.49377) tcp, local: ::.49377, definite, attribution: developer, server failed [48: Address already in use]
2026-08-10 00:32:15.794332+0200 Sonar[84683:2320461] [listener] nw_listener_reconcile_inboxes_on_queue [L3] Error Address already in use starting inbox socket: 0, endpoint: <NULL>, interface: <NULL>. Parameters: tcp, local: ::.49377, definite, attribution: developer, server
2026-08-10 00:32:15.797657+0200 Sonar[84683:2320461] [app] Tailscale listener failed: Der Vorgang konnte nicht abgeschlossen werden. (Network.NWError-Fehler 48 - Address already in use)
Test Case '-[SonarTests.SimulatorRelayTransportTests testPollResponsePublishesInboundAudioFrame]' passed (0.455 seconds).
Test Case '-[SonarTests.SimulatorRelayTransportTests testSendPostsWireFrameToClient]' started.
Test Case '-[SonarTests.SimulatorRelayTransportTests testSendPostsWireFrameToClient]' passed (0.001 seconds).
Test Case '-[SonarTests.SimulatorRelayTransportTests testStartRegistersAndPublishesConnectedPeer]' started.
Test Case '-[SonarTests.SimulatorRelayTransportTests testStartRegistersAndPublishesConnectedPeer]' passed (0.013 seconds).
Test Suite 'SimulatorRelayTransportTests' passed at 2026-08-10 00:32:15.946.
	 Executed 3 tests, with 0 failures (0 unexpected) in 0.469 (0.470) seconds
Test Suite 'SmartMuteDetectorTests' started at 2026-08-10 00:32:15.946.
Test Case '-[SonarTests.SmartMuteDetectorTests testBelowCrestFactorThresholdDoesNotMute]' started.
Test Case '-[SonarTests.SmartMuteDetectorTests testBelowCrestFactorThresholdDoesNotMute]' passed (0.001 seconds).
Test Case '-[SonarTests.SmartMuteDetectorTests testConstantLoudSoundDoesNotMute]' started.
Test Case '-[SonarTests.SmartMuteDetectorTests testConstantLoudSoundDoesNotMute]' passed (0.001 seconds).
Test Case '-[SonarTests.SmartMuteDetectorTests testImpulseTriggersAutoMute]' started.
Test Case '-[SonarTests.SmartMuteDetectorTests testImpulseTriggersAutoMute]' passed (0.001 seconds).
Test Case '-[SonarTests.SmartMuteDetectorTests testMuteWindowRemainsActiveShortlyAfterImpulse]' started.
Test Case '-[SonarTests.SmartMuteDetectorTests testMuteWindowRemainsActiveShortlyAfterImpulse]' passed (0.001 seconds).
Test Case '-[SonarTests.SmartMuteDetectorTests testRepeatedSilenceDoesNotTriggerMute]' started.
Test Case '-[SonarTests.SmartMuteDetectorTests testRepeatedSilenceDoesNotTriggerMute]' passed (0.003 seconds).
Test Case '-[SonarTests.SmartMuteDetectorTests testShouldMutePublisherEmitsOnImpulse]' started.
Test Case '-[SonarTests.SmartMuteDetectorTests testShouldMutePublisherEmitsOnImpulse]' passed (0.001 seconds).
Test Case '-[SonarTests.SmartMuteDetectorTests testSilenceDoesNotTriggerMute]' started.
Test Case '-[SonarTests.SmartMuteDetectorTests testSilenceDoesNotTriggerMute]' passed (0.001 seconds).
Test Suite 'SmartMuteDetectorTests' passed at 2026-08-10 00:32:15.955.
	 Executed 7 tests, with 0 failures (0 unexpected) in 0.007 (0.009) seconds
Test Suite 'SonarTestIdentityTests' started at 2026-08-10 00:32:15.955.
Test Case '-[SonarTests.SonarTestIdentityTests testAppStateExposesLocalTestIdentity]' started.
Test Case '-[SonarTests.SonarTestIdentityTests testAppStateExposesLocalTestIdentity]' passed (0.002 seconds).
Test Case '-[SonarTests.SonarTestIdentityTests testArgumentsConfigureWhenEnvironmentAbsent]' started.
Test Case '-[SonarTests.SonarTestIdentityTests testArgumentsConfigureWhenEnvironmentAbsent]' passed (0.000 seconds).
Test Case '-[SonarTests.SonarTestIdentityTests testEnvironmentConfiguresStableDeviceAndRelay]' started.
Test Case '-[SonarTests.SonarTestIdentityTests testEnvironmentConfiguresStableDeviceAndRelay]' passed (0.000 seconds).
Test Case '-[SonarTests.SonarTestIdentityTests testFallbackUsesDeviceNameAndVendorIdentifier]' started.
Test Case '-[SonarTests.SonarTestIdentityTests testFallbackUsesDeviceNameAndVendorIdentifier]' passed (0.000 seconds).
Test Suite 'SonarTestIdentityTests' passed at 2026-08-10 00:32:15.958.
	 Executed 4 tests, with 0 failures (0 unexpected) in 0.003 (0.004) seconds
Test Suite 'SonarTokenProviderTests' started at 2026-08-10 00:32:15.959.
Test Case '-[SonarTests.SonarTokenProviderTests testBadURLThrows]' started.
2026-08-10 00:32:15.959864+0200 Sonar[84683:2320469] [Default] Task <05041520-E96F-4B58-938D-9B80F3620D2F>.<3> finished with error [-1002] Error Domain=NSURLErrorDomain Code=-1002 "URL nicht unterstützt" UserInfo={NSLocalizedDescription=URL nicht unterstützt, NSErrorFailingURLStringKey=not-a-url%00/token, NSErrorFailingURLKey=not-a-url%00/token, _NSURLErrorRelatedURLSessionTaskErrorKey=(
    "LocalDataTask <05041520-E96F-4B58-938D-9B80F3620D2F>.<3>"
), _NSURLErrorFailingURLSessionTaskErrorKey=LocalDataTask <05041520-E96F-4B58-938D-9B80F3620D2F>.<3>, NSUnderlyingError=0x109815950 {Error Domain=kCFErrorDomainCFNetwork Code=-1002 "(null)"}}
Test Case '-[SonarTests.SonarTokenProviderTests testBadURLThrows]' passed (0.002 seconds).
Test Case '-[SonarTests.SonarTokenProviderTests testNetworkErrorPropagates]' started.
2026-08-10 00:32:15.965243+0200 Sonar[84683:2320463] [connection] nw_socket_handle_socket_event [C3:2] Socket SO_ERROR [61: Connection refused]
2026-08-10 00:32:15.965473+0200 Sonar[84683:2320463] [connection] nw_endpoint_flow_failed_with_error [C3 127.0.0.1:1 in_progress socket-flow (satisfied (Path is satisfied), interface: lo0)] already failing, returning
2026-08-10 00:32:15.966200+0200 Sonar[84683:2320463] [Default] Connection 3: received failure notification
2026-08-10 00:32:15.966331+0200 Sonar[84683:2320463] [Default] Connection 3: failed to connect 1:61, reason -1
2026-08-10 00:32:15.966379+0200 Sonar[84683:2320463] [Default] Connection 3: encountered error(1:61)
2026-08-10 00:32:15.966476+0200 Sonar[84683:2320463] [connection] nw_connection_copy_protocol_metadata_internal_block_invoke [C3] Client called nw_connection_copy_protocol_metadata_internal on unconnected nw_connection
2026-08-10 00:32:15.966526+0200 Sonar[84683:2320463] [connection] nw_connection_copy_protocol_metadata_internal_block_invoke [C3] Client called nw_connection_copy_protocol_metadata_internal on unconnected nw_connection
2026-08-10 00:32:15.966592+0200 Sonar[84683:2320463] [connection] nw_connection_copy_connected_local_endpoint_block_invoke [C3] Client called nw_connection_copy_connected_local_endpoint on unconnected nw_connection
2026-08-10 00:32:15.966629+0200 Sonar[84683:2320463] [connection] nw_connection_copy_connected_remote_endpoint_block_invoke [C3] Client called nw_connection_copy_connected_remote_endpoint on unconnected nw_connection
2026-08-10 00:32:15.966863+0200 Sonar[84683:2320463] [Default] Task <4ABC50DF-8A0D-4976-B339-B26526A9DF36>.<4> HTTP load failed, 0/0 bytes (error code: -1004 [1:61])
2026-08-10 00:32:15.966994+0200 Sonar[84683:2320463] [Default] Task <4ABC50DF-8A0D-4976-B339-B26526A9DF36>.<4> finished with error [-1004] Error Domain=NSURLErrorDomain Code=-1004 "Verbindung zum Server konnte nicht hergestellt werden." UserInfo={_kCFStreamErrorCodeKey=61, NSUnderlyingError=0x109816d60 {Error Domain=kCFErrorDomainCFNetwork Code=-1004 "(null)" UserInfo={_NSURLErrorNWPathKey=satisfied (Path is satisfied), interface: lo0, _kCFStreamErrorCodeKey=61, _kCFStreamErrorDomainKey=1}}, _NSURLErrorFailingURLSessionTaskErrorKey=LocalDataTask <4ABC50DF-8A0D-4976-B339-B26526A9DF36>.<4>, _NSURLErrorRelatedURLSessionTaskErrorKey=(
    "LocalDataTask <4ABC50DF-8A0D-4976-B339-B26526A9DF36>.<4>"
), NSLocalizedDescription=Verbindung zum Server konnte nicht hergestellt werden., NSErrorFailingURLStringKey=http://127.0.0.1:1/token, NSErrorFailingURLKey=http://127.0.0.1:1/token, _kCFStreamErrorDomainKey=1}
Test Case '-[SonarTests.SonarTokenProviderTests testNetworkErrorPropagates]' passed (0.009 seconds).
Test Suite 'SonarTokenProviderTests' passed at 2026-08-10 00:32:15.970.
	 Executed 2 tests, with 0 failures (0 unexpected) in 0.011 (0.011) seconds
Test Suite 'SonioxBetaUIWiringTests' started at 2026-08-10 00:32:15.970.
Test Case '-[SonarTests.SonioxBetaUIWiringTests testCoordinatorMirrorsLiveTranscriptIntoAppState]' started.
2026-08-10 00:32:15.975693+0200 Sonar[84683:2320467] [CoreBluetooth] XPC connection invalid
2026-08-10 00:32:15.975805+0200 Sonar[84683:2320467] [CoreBluetooth] XPC connection invalid
Test Case '-[SonarTests.SonioxBetaUIWiringTests testCoordinatorMirrorsLiveTranscriptIntoAppState]' passed (0.083 seconds).
Test Case '-[SonarTests.SonioxBetaUIWiringTests testCoordinatorMirrorsSonioxMetricsIntoAppState]' started.
2026-08-10 00:32:16.055672+0200 Sonar[84683:2320467] [CoreBluetooth] XPC connection invalid
2026-08-10 00:32:16.055771+0200 Sonar[84683:2320467] [CoreBluetooth] XPC connection invalid
Test Case '-[SonarTests.SonioxBetaUIWiringTests testCoordinatorMirrorsSonioxMetricsIntoAppState]' passed (0.067 seconds).
Test Case '-[SonarTests.SonioxBetaUIWiringTests testLatencyLabelFormatsEMAOrPlaceholder]' started.
Test Case '-[SonarTests.SonioxBetaUIWiringTests testLatencyLabelFormatsEMAOrPlaceholder]' passed (0.001 seconds).
Test Case '-[SonarTests.SonioxBetaUIWiringTests testPercentLabelClampsAndRounds]' started.
Test Case '-[SonarTests.SonioxBetaUIWiringTests testPercentLabelClampsAndRounds]' passed (0.000 seconds).
Test Case '-[SonarTests.SonioxBetaUIWiringTests testSecondsLabelSwitchesToMinutes]' started.
Test Case '-[SonarTests.SonioxBetaUIWiringTests testSecondsLabelSwitchesToMinutes]' passed (0.000 seconds).
Test Case '-[SonarTests.SonioxBetaUIWiringTests testTranscriptPreviewHasNoPartialWhenTailIsFinalOrBlank]' started.
Test Case '-[SonarTests.SonioxBetaUIWiringTests testTranscriptPreviewHasNoPartialWhenTailIsFinalOrBlank]' passed (0.001 seconds).
Test Case '-[SonarTests.SonioxBetaUIWiringTests testTranscriptPreviewShowsLastFinalsAndPartialTail]' started.
Test Case '-[SonarTests.SonioxBetaUIWiringTests testTranscriptPreviewShowsLastFinalsAndPartialTail]' passed (0.000 seconds).
Test Suite 'SonioxBetaUIWiringTests' passed at 2026-08-10 00:32:16.124.
	 Executed 7 tests, with 0 failures (0 unexpected) in 0.153 (0.154) seconds
Test Suite 'SonioxLiveTranscriptionEngineTests' started at 2026-08-10 00:32:16.124.
Test Case '-[SonarTests.SonioxLiveTranscriptionEngineTests testAppendAfterPrivacyActivationDoesNotReachSoniox]' started.
Test Case '-[SonarTests.SonioxLiveTranscriptionEngineTests testAppendAfterPrivacyActivationDoesNotReachSoniox]' passed (0.010 seconds).
Test Case '-[SonarTests.SonioxLiveTranscriptionEngineTests testAudioIsForwardedToSoniox]' started.
Test Case '-[SonarTests.SonioxLiveTranscriptionEngineTests testAudioIsForwardedToSoniox]' passed (0.001 seconds).
Test Case '-[SonarTests.SonioxLiveTranscriptionEngineTests testEnginePublishesSonioxQualityMetrics]' started.
Test Case '-[SonarTests.SonioxLiveTranscriptionEngineTests testEnginePublishesSonioxQualityMetrics]' passed (0.001 seconds).
Test Case '-[SonarTests.SonioxLiveTranscriptionEngineTests testFinalSegmentReplacesItsPartialTailAndKeepsSpeakerID]' started.
Test Case '-[SonarTests.SonioxLiveTranscriptionEngineTests testFinalSegmentReplacesItsPartialTailAndKeepsSpeakerID]' passed (0.004 seconds).
Test Case '-[SonarTests.SonioxLiveTranscriptionEngineTests testLateSonioxCallbackAfterPrivacyAbortIsIgnored]' started.
Test Case '-[SonarTests.SonioxLiveTranscriptionEngineTests testLateSonioxCallbackAfterPrivacyAbortIsIgnored]' passed (0.006 seconds).
Test Case '-[SonarTests.SonioxLiveTranscriptionEngineTests testMetricsAfterPrivacyAbortAreDiscardedAndNotRepopulated]' started.
Test Case '-[SonarTests.SonioxLiveTranscriptionEngineTests testMetricsAfterPrivacyAbortAreDiscardedAndNotRepopulated]' passed (0.007 seconds).
Test Case '-[SonarTests.SonioxLiveTranscriptionEngineTests testPrivacyModeAbortsSonioxAndFallsBackToAppleSpeech]' started.
Test Case '-[SonarTests.SonioxLiveTranscriptionEngineTests testPrivacyModeAbortsSonioxAndFallsBackToAppleSpeech]' passed (0.009 seconds).
Test Case '-[SonarTests.SonioxLiveTranscriptionEngineTests testSonioxIsClassifiedAsCloudEngine]' started.
Test Case '-[SonarTests.SonioxLiveTranscriptionEngineTests testSonioxIsClassifiedAsCloudEngine]' passed (0.000 seconds).
Test Case '-[SonarTests.SonioxLiveTranscriptionEngineTests testSonioxNotSelectedWhenUnconfigured]' started.
Test Case '-[SonarTests.SonioxLiveTranscriptionEngineTests testSonioxNotSelectedWhenUnconfigured]' passed (0.001 seconds).
Test Case '-[SonarTests.SonioxLiveTranscriptionEngineTests testSonioxSelectedWhenConfigured]' started.
Test Case '-[SonarTests.SonioxLiveTranscriptionEngineTests testSonioxSelectedWhenConfigured]' passed (0.001 seconds).
Test Suite 'SonioxLiveTranscriptionEngineTests' passed at 2026-08-10 00:32:16.165.
	 Executed 10 tests, with 0 failures (0 unexpected) in 0.039 (0.041) seconds
Test Suite 'SonioxQualityMetricsTests' started at 2026-08-10 00:32:16.165.
Test Case '-[SonarTests.SonioxQualityMetricsTests testFinalTokenRatioIsZeroWithoutTokens]' started.
Test Case '-[SonarTests.SonioxQualityMetricsTests testFinalTokenRatioIsZeroWithoutTokens]' passed (0.000 seconds).
Test Case '-[SonarTests.SonioxQualityMetricsTests testFirstTokenLatencyUsesExponentialMovingAverage]' started.
Test Case '-[SonarTests.SonioxQualityMetricsTests testFirstTokenLatencyUsesExponentialMovingAverage]' passed (0.000 seconds).
Test Case '-[SonarTests.SonioxQualityMetricsTests testNegativeLatencyDoesNotCorruptTheEMA]' started.
Test Case '-[SonarTests.SonioxQualityMetricsTests testNegativeLatencyDoesNotCorruptTheEMA]' passed (0.000 seconds).
Test Case '-[SonarTests.SonioxQualityMetricsTests testNonPositiveDurationsAreIgnored]' started.
Test Case '-[SonarTests.SonioxQualityMetricsTests testNonPositiveDurationsAreIgnored]' passed (0.000 seconds).
Test Case '-[SonarTests.SonioxQualityMetricsTests testReconnectsAreCounted]' started.
Test Case '-[SonarTests.SonioxQualityMetricsTests testReconnectsAreCounted]' passed (0.000 seconds).
Test Case '-[SonarTests.SonioxQualityMetricsTests testRecordedErrorsAreRedacted]' started.
Test Case '-[SonarTests.SonioxQualityMetricsTests testRecordedErrorsAreRedacted]' passed (0.002 seconds).
Test Case '-[SonarTests.SonioxQualityMetricsTests testSessionEndCausesAreAttributedAndSumUp]' started.
Test Case '-[SonarTests.SonioxQualityMetricsTests testSessionEndCausesAreAttributedAndSumUp]' passed (0.000 seconds).
Test Case '-[SonarTests.SonioxQualityMetricsTests testStreamedAndSuppressedAudioAreCountedSeparately]' started.
Test Case '-[SonarTests.SonioxQualityMetricsTests testStreamedAndSuppressedAudioAreCountedSeparately]' passed (0.000 seconds).
Test Case '-[SonarTests.SonioxQualityMetricsTests testSuppressionRatioExpressesTheSaving]' started.
Test Case '-[SonarTests.SonioxQualityMetricsTests testSuppressionRatioExpressesTheSaving]' passed (0.000 seconds).
Test Case '-[SonarTests.SonioxQualityMetricsTests testTokenMetricsCountFinalsAndSpeakers]' started.
Test Case '-[SonarTests.SonioxQualityMetricsTests testTokenMetricsCountFinalsAndSpeakers]' passed (0.000 seconds).
Test Suite 'SonioxQualityMetricsTests' passed at 2026-08-10 00:32:16.172.
	 Executed 10 tests, with 0 failures (0 unexpected) in 0.005 (0.007) seconds
Test Suite 'SonioxRealtimeTranscriberTests' started at 2026-08-10 00:32:16.172.
Test Case '-[SonarTests.SonioxRealtimeTranscriberTests testConfigurationDefaultsMatchTheObservedSonioxContract]' started.
Test Case '-[SonarTests.SonioxRealtimeTranscriberTests testConfigurationDefaultsMatchTheObservedSonioxContract]' passed (0.001 seconds).
Test Case '-[SonarTests.SonioxRealtimeTranscriberTests testConfigurationIsConfiguredWithBrokerURLAlone]' started.
Test Case '-[SonarTests.SonioxRealtimeTranscriberTests testConfigurationIsConfiguredWithBrokerURLAlone]' passed (0.000 seconds).
Test Case '-[SonarTests.SonioxRealtimeTranscriberTests testConfigurationPrefersEnvironmentOverUserDefaults]' started.
Test Case '-[SonarTests.SonioxRealtimeTranscriberTests testConfigurationPrefersEnvironmentOverUserDefaults]' passed (0.001 seconds).
Test Case '-[SonarTests.SonioxRealtimeTranscriberTests testConvertProducesSixteenKilohertzPCM16Bytes]' started.
Test Case '-[SonarTests.SonioxRealtimeTranscriberTests testConvertProducesSixteenKilohertzPCM16Bytes]' passed (0.001 seconds).
Test Case '-[SonarTests.SonioxRealtimeTranscriberTests testDecodesAlternativeSpeakerFieldNames]' started.
Test Case '-[SonarTests.SonioxRealtimeTranscriberTests testDecodesAlternativeSpeakerFieldNames]' passed (0.000 seconds).
Test Case '-[SonarTests.SonioxRealtimeTranscriberTests testDecodesFinishedAndErrorFrames]' started.
Test Case '-[SonarTests.SonioxRealtimeTranscriberTests testDecodesFinishedAndErrorFrames]' passed (0.000 seconds).
Test Case '-[SonarTests.SonioxRealtimeTranscriberTests testDecodesTokensWithNumericSpeakerLabel]' started.
Test Case '-[SonarTests.SonioxRealtimeTranscriberTests testDecodesTokensWithNumericSpeakerLabel]' passed (0.000 seconds).
Test Case '-[SonarTests.SonioxRealtimeTranscriberTests testDownsampleAveragesRatherThanDecimates]' started.
Test Case '-[SonarTests.SonioxRealtimeTranscriberTests testDownsampleAveragesRatherThanDecimates]' passed (0.000 seconds).
Test Case '-[SonarTests.SonioxRealtimeTranscriberTests testDownsampleIsIdentityWhenRatesMatch]' started.
Test Case '-[SonarTests.SonioxRealtimeTranscriberTests testDownsampleIsIdentityWhenRatesMatch]' passed (0.000 seconds).
Test Case '-[SonarTests.SonioxRealtimeTranscriberTests testDownsamplesFortyEightToSixteenKilohertz]' started.
Test Case '-[SonarTests.SonioxRealtimeTranscriberTests testDownsamplesFortyEightToSixteenKilohertz]' passed (0.001 seconds).
Test Case '-[SonarTests.SonioxRealtimeTranscriberTests testEmptyFrameProducesNoEmission]' started.
Test Case '-[SonarTests.SonioxRealtimeTranscriberTests testEmptyFrameProducesNoEmission]' passed (0.000 seconds).
Test Case '-[SonarTests.SonioxRealtimeTranscriberTests testEndpointTokenCommitsFinalSegment]' started.
Test Case '-[SonarTests.SonioxRealtimeTranscriberTests testEndpointTokenCommitsFinalSegment]' passed (0.000 seconds).
Test Case '-[SonarTests.SonioxRealtimeTranscriberTests testErrorDescriptionRedactsKeyShapedStrings]' started.
Test Case '-[SonarTests.SonioxRealtimeTranscriberTests testErrorDescriptionRedactsKeyShapedStrings]' passed (0.000 seconds).
Test Case '-[SonarTests.SonioxRealtimeTranscriberTests testFinishedFrameFlushesCommittedText]' started.
Test Case '-[SonarTests.SonioxRealtimeTranscriberTests testFinishedFrameFlushesCommittedText]' passed (0.000 seconds).
Test Case '-[SonarTests.SonioxRealtimeTranscriberTests testFlushCommitsPendingTextOnStop]' started.
Test Case '-[SonarTests.SonioxRealtimeTranscriberTests testFlushCommitsPendingTextOnStop]' passed (0.000 seconds).
Test Case '-[SonarTests.SonioxRealtimeTranscriberTests testLanguageHintsAreParsedFromCommaSeparatedValue]' started.
Test Case '-[SonarTests.SonioxRealtimeTranscriberTests testLanguageHintsAreParsedFromCommaSeparatedValue]' passed (0.001 seconds).
Test Case '-[SonarTests.SonioxRealtimeTranscriberTests testMalformedPayloadThrows]' started.
Test Case '-[SonarTests.SonioxRealtimeTranscriberTests testMalformedPayloadThrows]' passed (0.001 seconds).
Test Case '-[SonarTests.SonioxRealtimeTranscriberTests testPartialTokensProduceReplaceableNonFinalSegment]' started.
Test Case '-[SonarTests.SonioxRealtimeTranscriberTests testPartialTokensProduceReplaceableNonFinalSegment]' passed (0.000 seconds).
Test Case '-[SonarTests.SonioxRealtimeTranscriberTests testPCM16IsLittleEndianAndClamped]' started.
Test Case '-[SonarTests.SonioxRealtimeTranscriberTests testPCM16IsLittleEndianAndClamped]' passed (0.000 seconds).
Test Case '-[SonarTests.SonioxRealtimeTranscriberTests testSpeakerChangeFlushesPreviousSpeakerAsFinalSegment]' started.
Test Case '-[SonarTests.SonioxRealtimeTranscriberTests testSpeakerChangeFlushesPreviousSpeakerAsFinalSegment]' passed (0.000 seconds).
Test Case '-[SonarTests.SonioxRealtimeTranscriberTests testStartMessageMatchesSonioxWireContract]' started.
Test Case '-[SonarTests.SonioxRealtimeTranscriberTests testStartMessageMatchesSonioxWireContract]' passed (0.000 seconds).
Test Case '-[SonarTests.SonioxRealtimeTranscriberTests testTemporaryKeyDecodesLoopbackBrokerShape]' started.
Test Case '-[SonarTests.SonioxRealtimeTranscriberTests testTemporaryKeyDecodesLoopbackBrokerShape]' passed (0.000 seconds).
Test Case '-[SonarTests.SonioxRealtimeTranscriberTests testTemporaryKeyDecodesOfficialSonioxShape]' started.
Test Case '-[SonarTests.SonioxRealtimeTranscriberTests testTemporaryKeyDecodesOfficialSonioxShape]' passed (0.001 seconds).
Test Case '-[SonarTests.SonioxRealtimeTranscriberTests testTemporaryKeyRejectsResponseWithoutKey]' started.
Test Case '-[SonarTests.SonioxRealtimeTranscriberTests testTemporaryKeyRejectsResponseWithoutKey]' passed (0.001 seconds).
Test Case '-[SonarTests.SonioxRealtimeTranscriberTests testTranslationTokensAreIgnoredByDefault]' started.
Test Case '-[SonarTests.SonioxRealtimeTranscriberTests testTranslationTokensAreIgnoredByDefault]' passed (0.000 seconds).
Test Suite 'SonioxRealtimeTranscriberTests' passed at 2026-08-10 00:32:16.190.
	 Executed 25 tests, with 0 failures (0 unexpected) in 0.014 (0.018) seconds
Test Suite 'SonioxSessionGovernorTests' started at 2026-08-10 00:32:16.190.
Test Case '-[SonarTests.SonioxSessionGovernorTests testEmptyChunkIsHeld]' started.
Test Case '-[SonarTests.SonioxSessionGovernorTests testEmptyChunkIsHeld]' passed (0.001 seconds).
Test Case '-[SonarTests.SonioxSessionGovernorTests testNonPositiveThresholdDisablesSuspension]' started.
Test Case '-[SonarTests.SonioxSessionGovernorTests testNonPositiveThresholdDisablesSuspension]' passed (0.002 seconds).
Test Case '-[SonarTests.SonioxSessionGovernorTests testOngoingSpeechNeverSuspends]' started.
Test Case '-[SonarTests.SonioxSessionGovernorTests testOngoingSpeechNeverSuspends]' passed (0.002 seconds).
Test Case '-[SonarTests.SonioxSessionGovernorTests testPreRollBufferStaysBounded]' started.
Test Case '-[SonarTests.SonioxSessionGovernorTests testPreRollBufferStaysBounded]' passed (0.003 seconds).
Test Case '-[SonarTests.SonioxSessionGovernorTests testResetReturnsToStreamingAndDropsPreRoll]' started.
Test Case '-[SonarTests.SonioxSessionGovernorTests testResetReturnsToStreamingAndDropsPreRoll]' passed (0.001 seconds).
Test Case '-[SonarTests.SonioxSessionGovernorTests testResumingStateBuffersFurtherAudio]' started.
Test Case '-[SonarTests.SonioxSessionGovernorTests testResumingStateBuffersFurtherAudio]' passed (0.001 seconds).
Test Case '-[SonarTests.SonioxSessionGovernorTests testRMSHysteresisMatchesVADThresholds]' started.
Test Case '-[SonarTests.SonioxSessionGovernorTests testRMSHysteresisMatchesVADThresholds]' passed (0.001 seconds).
Test Case '-[SonarTests.SonioxSessionGovernorTests testRMSOfKnownSignal]' started.
Test Case '-[SonarTests.SonioxSessionGovernorTests testRMSOfKnownSignal]' passed (0.000 seconds).
Test Case '-[SonarTests.SonioxSessionGovernorTests testSilenceBeyondThresholdSuspends]' started.
Test Case '-[SonarTests.SonioxSessionGovernorTests testSilenceBeyondThresholdSuspends]' passed (0.001 seconds).
Test Case '-[SonarTests.SonioxSessionGovernorTests testSilenceThresholdDefaultsTo120Seconds]' started.
Test Case '-[SonarTests.SonioxSessionGovernorTests testSilenceThresholdDefaultsTo120Seconds]' passed (0.000 seconds).
Test Case '-[SonarTests.SonioxSessionGovernorTests testSilenceThresholdIsConfigurableViaEnvironment]' started.
Test Case '-[SonarTests.SonioxSessionGovernorTests testSilenceThresholdIsConfigurableViaEnvironment]' passed (0.000 seconds).
Test Case '-[SonarTests.SonioxSessionGovernorTests testSilenceThresholdReadsUserDefaultsKey]' started.
Test Case '-[SonarTests.SonioxSessionGovernorTests testSilenceThresholdReadsUserDefaultsKey]' passed (0.001 seconds).
Test Case '-[SonarTests.SonioxSessionGovernorTests testSpeechDuringCountdownCancelsSuspend]' started.
Test Case '-[SonarTests.SonioxSessionGovernorTests testSpeechDuringCountdownCancelsSuspend]' passed (0.001 seconds).
Test Case '-[SonarTests.SonioxSessionGovernorTests testSpeechWhileSuspendedResumesWithPreRollFirst]' started.
Test Case '-[SonarTests.SonioxSessionGovernorTests testSpeechWhileSuspendedResumesWithPreRollFirst]' passed (0.005 seconds).
Test Case '-[SonarTests.SonioxSessionGovernorTests testSuspendedStateHoldsAudioAndSendsNothing]' started.
Test Case '-[SonarTests.SonioxSessionGovernorTests testSuspendedStateHoldsAudioAndSendsNothing]' passed (0.001 seconds).
Test Case '-[SonarTests.SonioxSessionGovernorTests testZeroThresholdDisablesSuspensionInConfiguration]' started.
Test Case '-[SonarTests.SonioxSessionGovernorTests testZeroThresholdDisablesSuspensionInConfiguration]' passed (0.000 seconds).
Test Suite 'SonioxSessionGovernorTests' passed at 2026-08-10 00:32:16.213.
	 Executed 16 tests, with 0 failures (0 unexpected) in 0.020 (0.023) seconds
Test Suite 'SonioxTranscriberSessionTests' started at 2026-08-10 00:32:16.213.
Test Case '-[SonarTests.SonioxTranscriberSessionTests testAbortResetsTheGovernor]' started.
Test Case '-[SonarTests.SonioxTranscriberSessionTests testAbortResetsTheGovernor]' passed (0.006 seconds).
Test Case '-[SonarTests.SonioxTranscriberSessionTests testMetricsObserverIsNotified]' started.
Test Case '-[SonarTests.SonioxTranscriberSessionTests testMetricsObserverIsNotified]' passed (0.001 seconds).
Test Case '-[SonarTests.SonioxTranscriberSessionTests testSpeechAfterSuspendLeavesTheSuspendedState]' started.
2026-08-10 00:32:16.223869+0200 Sonar[84683:2320467] [ai] Soniox: resuming session on speech onset
Test Case '-[SonarTests.SonioxTranscriberSessionTests testSpeechAfterSuspendLeavesTheSuspendedState]' passed (0.003 seconds).
Test Case '-[SonarTests.SonioxTranscriberSessionTests testSuppressedAudioIsAccountedWhileSuspended]' started.
2026-08-10 00:32:16.225197+0200 Sonar[84683:2320462] [connection] nw_socket_handle_socket_event [C4:2] Socket SO_ERROR [61: Connection refused]
2026-08-10 00:32:16.225307+0200 Sonar[84683:2320462] [connection] nw_endpoint_flow_failed_with_error [C4 127.0.0.1:1 in_progress socket-flow (satisfied (Path is satisfied), interface: lo0)] already failing, returning
2026-08-10 00:32:16.225390+0200 Sonar[84683:2320462] [Default] Connection 4: received failure notification
2026-08-10 00:32:16.225430+0200 Sonar[84683:2320462] [Default] Connection 4: failed to connect 1:61, reason -1
2026-08-10 00:32:16.225470+0200 Sonar[84683:2320462] [Default] Connection 4: encountered error(1:61)
2026-08-10 00:32:16.225550+0200 Sonar[84683:2320462] [connection] nw_connection_copy_protocol_metadata_internal_block_invoke [C4] Client called nw_connection_copy_protocol_metadata_internal on unconnected nw_connection
2026-08-10 00:32:16.225585+0200 Sonar[84683:2320462] [connection] nw_connection_copy_protocol_metadata_internal_block_invoke [C4] Client called nw_connection_copy_protocol_metadata_internal on unconnected nw_connection
2026-08-10 00:32:16.225616+0200 Sonar[84683:2320462] [connection] nw_connection_copy_connected_local_endpoint_block_invoke [C4] Client called nw_connection_copy_connected_local_endpoint on unconnected nw_connection
2026-08-10 00:32:16.225651+0200 Sonar[84683:2320462] [connection] nw_connection_copy_connected_remote_endpoint_block_invoke [C4] Client called nw_connection_copy_connected_remote_endpoint on unconnected nw_connection
2026-08-10 00:32:16.225803+0200 Sonar[84683:2320462] [Default] Task <D4B7D3B7-2871-4DE5-ABA5-BF0334DE5DB9>.<1> HTTP load failed, 0/0 bytes (error code: -1004 [1:61])
2026-08-10 00:32:16.225918+0200 Sonar[84683:2320467] [Default] Task <D4B7D3B7-2871-4DE5-ABA5-BF0334DE5DB9>.<1> finished with error [-1004] Error Domain=NSURLErrorDomain Code=-1004 "Verbindung zum Server konnte nicht hergestellt werden." UserInfo={_kCFStreamErrorCodeKey=61, NSUnderlyingError=0x109816a60 {Error Domain=kCFErrorDomainCFNetwork Code=-1004 "(null)" UserInfo={_NSURLErrorNWPathKey=satisfied (Path is satisfied), interface: lo0, _kCFStreamErrorCodeKey=61, _kCFStreamErrorDomainKey=1}}, _NSURLErrorFailingURLSessionTaskErrorKey=LocalDataTask <D4B7D3B7-2871-4DE5-ABA5-BF0334DE5DB9>.<1>, _NSURLErrorRelatedURLSessionTaskErrorKey=(
    "LocalDataTask <D4B7D3B7-2871-4DE5-ABA5-BF0334DE5DB9>.<1>"
), NSLocalizedDescription=Verbindung zum Server konnte nicht hergestellt werden., NSErrorFailingURLStringKey=http://127.0.0.1:1/api/temporary-key, NSErrorFailingURLKey=http://127.0.0.1:1/api/temporary-key, _kCFStreamErrorDomainKey=1}
2026-08-10 00:32:16.226032+0200 Sonar[84683:2320463] [ai] Soniox: key resolution failed — Verbindung zum Server konnte nicht hergestellt werden.
Test Case '-[SonarTests.SonioxTranscriberSessionTests testSuppressedAudioIsAccountedWhileSuspended]' passed (0.003 seconds).
Test Case '-[SonarTests.SonioxTranscriberSessionTests testSuspendWithoutAnOpenSocketEndsNoSessionAndSendsNoTerminator]' started.
Test Case '-[SonarTests.SonioxTranscriberSessionTests testSuspendWithoutAnOpenSocketEndsNoSessionAndSendsNoTerminator]' passed (0.002 seconds).
Test Suite 'SonioxTranscriberSessionTests' passed at 2026-08-10 00:32:16.229.
	 Executed 5 tests, with 0 failures (0 unexpected) in 0.015 (0.016) seconds
Test Suite 'TailscaleDetectorTests' started at 2026-08-10 00:32:16.230.
Test Case '-[SonarTests.TailscaleDetectorTests testAcceptsNamedTailscaleInterfaceWithCGNATAddress]' started.
Test Case '-[SonarTests.TailscaleDetectorTests testAcceptsNamedTailscaleInterfaceWithCGNATAddress]' passed (0.000 seconds).
Test Case '-[SonarTests.TailscaleDetectorTests testAcceptsUpUtunInterfaceWithCGNATAddress]' started.
Test Case '-[SonarTests.TailscaleDetectorTests testAcceptsUpUtunInterfaceWithCGNATAddress]' passed (0.000 seconds).
Test Case '-[SonarTests.TailscaleDetectorTests testCGNATHighBoundary]' started.
Test Case '-[SonarTests.TailscaleDetectorTests testCGNATHighBoundary]' passed (0.000 seconds).
Test Case '-[SonarTests.TailscaleDetectorTests testCGNATLowBoundary]' started.
Test Case '-[SonarTests.TailscaleDetectorTests testCGNATLowBoundary]' passed (0.000 seconds).
Test Case '-[SonarTests.TailscaleDetectorTests testCGNATMidRange]' started.
Test Case '-[SonarTests.TailscaleDetectorTests testCGNATMidRange]' passed (0.000 seconds).
Test Case '-[SonarTests.TailscaleDetectorTests testRejects100_128_Boundary]' started.
Test Case '-[SonarTests.TailscaleDetectorTests testRejects100_128_Boundary]' passed (0.000 seconds).
Test Case '-[SonarTests.TailscaleDetectorTests testRejects100_63_Boundary]' started.
Test Case '-[SonarTests.TailscaleDetectorTests testRejects100_63_Boundary]' passed (0.000 seconds).
Test Case '-[SonarTests.TailscaleDetectorTests testRejectsCarrierCGNATOnCellularInterface]' started.
Test Case '-[SonarTests.TailscaleDetectorTests testRejectsCarrierCGNATOnCellularInterface]' passed (0.000 seconds).
Test Case '-[SonarTests.TailscaleDetectorTests testRejectsDownOrLoopbackTailscaleLikeInterfaces]' started.
Test Case '-[SonarTests.TailscaleDetectorTests testRejectsDownOrLoopbackTailscaleLikeInterfaces]' passed (0.000 seconds).
Test Case '-[SonarTests.TailscaleDetectorTests testRejectsIPv6]' started.
Test Case '-[SonarTests.TailscaleDetectorTests testRejectsIPv6]' passed (0.000 seconds).
Test Case '-[SonarTests.TailscaleDetectorTests testRejectsLoopback]' started.
Test Case '-[SonarTests.TailscaleDetectorTests testRejectsLoopback]' passed (0.000 seconds).
Test Case '-[SonarTests.TailscaleDetectorTests testRejectsMalformed]' started.
Test Case '-[SonarTests.TailscaleDetectorTests testRejectsMalformed]' passed (0.000 seconds).
Test Case '-[SonarTests.TailscaleDetectorTests testRejectsPrivateRanges]' started.
Test Case '-[SonarTests.TailscaleDetectorTests testRejectsPrivateRanges]' passed (0.000 seconds).
Test Case '-[SonarTests.TailscaleDetectorTests testRejectsPublicAddress]' started.
Test Case '-[SonarTests.TailscaleDetectorTests testRejectsPublicAddress]' passed (0.000 seconds).
Test Suite 'TailscaleDetectorTests' passed at 2026-08-10 00:32:16.237.
	 Executed 14 tests, with 0 failures (0 unexpected) in 0.005 (0.008) seconds
Test Suite 'TailscaleTransportTests' started at 2026-08-10 00:32:16.239.
Test Case '-[SonarTests.TailscaleTransportTests testInboundConnectionWithoutReceiverSidePairingTokenStaysDisconnected]' started.
2026-08-10 00:32:16.239651+0200 Sonar[84683:2320458] [] nw_listener_socket_inbox_create_socket setsockopt SO_NECP_LISTENUUID failed [2: No such file or directory]
2026-08-10 00:32:16.239897+0200 Sonar[84683:2320458] [] nw_listener_socket_inbox_create_socket setsockopt SO_NECP_LISTENUUID failed [2: No such file or directory]
Test Case '-[SonarTests.TailscaleTransportTests testInboundConnectionWithoutReceiverSidePairingTokenStaysDisconnected]' passed (0.308 seconds).
Test Case '-[SonarTests.TailscaleTransportTests testPairingTokenConnectsAndCarriesAudioFramesOverLoopbackTCP]' started.
2026-08-10 00:32:16.548160+0200 Sonar[84683:2320462] [] nw_listener_socket_inbox_create_socket setsockopt SO_NECP_LISTENUUID failed [2: No such file or directory]
2026-08-10 00:32:16.548470+0200 Sonar[84683:2320462] [] nw_listener_socket_inbox_create_socket setsockopt SO_NECP_LISTENUUID failed [2: No such file or directory]
Test Case '-[SonarTests.TailscaleTransportTests testPairingTokenConnectsAndCarriesAudioFramesOverLoopbackTCP]' passed (0.045 seconds).
Test Case '-[SonarTests.TailscaleTransportTests testPrivacyModeBlocksPairingTokenOutboundDial]' started.
2026-08-10 00:32:16.593800+0200 Sonar[84683:2320469] [] nw_listener_socket_inbox_create_socket setsockopt SO_NECP_LISTENUUID failed [2: No such file or directory]
2026-08-10 00:32:16.594033+0200 Sonar[84683:2320469] [] nw_listener_socket_inbox_create_socket setsockopt SO_NECP_LISTENUUID failed [2: No such file or directory]
Test Case '-[SonarTests.TailscaleTransportTests testPrivacyModeBlocksPairingTokenOutboundDial]' passed (0.331 seconds).
Test Case '-[SonarTests.TailscaleTransportTests testRemovePairingTokenDisconnectsInboundAcceptedConnectionByRemoteIP]' started.
2026-08-10 00:32:16.925550+0200 Sonar[84683:2320469] [] nw_listener_socket_inbox_create_socket setsockopt SO_NECP_LISTENUUID failed [2: No such file or directory]
2026-08-10 00:32:16.925778+0200 Sonar[84683:2320469] [] nw_listener_socket_inbox_create_socket setsockopt SO_NECP_LISTENUUID failed [2: No such file or directory]
Test Case '-[SonarTests.TailscaleTransportTests testRemovePairingTokenDisconnectsInboundAcceptedConnectionByRemoteIP]' passed (0.045 seconds).
Test Case '-[SonarTests.TailscaleTransportTests testRemovePairingTokenDisconnectsOutboundConnection]' started.
2026-08-10 00:32:16.970138+0200 Sonar[84683:2320462] [] nw_listener_socket_inbox_create_socket setsockopt SO_NECP_LISTENUUID failed [2: No such file or directory]
2026-08-10 00:32:16.970340+0200 Sonar[84683:2320462] [] nw_listener_socket_inbox_create_socket setsockopt SO_NECP_LISTENUUID failed [2: No such file or directory]
Test Case '-[SonarTests.TailscaleTransportTests testRemovePairingTokenDisconnectsOutboundConnection]' passed (0.044 seconds).
Test Suite 'TailscaleTransportTests' passed at 2026-08-10 00:32:17.014.
	 Executed 5 tests, with 0 failures (0 unexpected) in 0.774 (0.775) seconds
Test Suite 'TransportSwitchingTests' started at 2026-08-10 00:32:17.014.
Test Case '-[SonarTests.TransportSwitchingTests testInitialActiveIsNear]' started.
Test Case '-[SonarTests.TransportSwitchingTests testInitialActiveIsNear]' passed (0.054 seconds).
Test Case '-[SonarTests.TransportSwitchingTests testSwitchToFar]' started.
Test Case '-[SonarTests.TransportSwitchingTests testSwitchToFar]' passed (0.054 seconds).
Test Suite 'TransportSwitchingTests' passed at 2026-08-10 00:32:17.123.
	 Executed 2 tests, with 0 failures (0 unexpected) in 0.108 (0.109) seconds
Test Suite 'VADTests' started at 2026-08-10 00:32:17.124.
Test Case '-[SonarTests.VADTests testHysteresisStaysOnUntilFarBelowThreshold]' started.
Test Case '-[SonarTests.VADTests testHysteresisStaysOnUntilFarBelowThreshold]' passed (0.001 seconds).
Test Case '-[SonarTests.VADTests testLoudSignalTriggers]' started.
Test Case '-[SonarTests.VADTests testLoudSignalTriggers]' passed (0.001 seconds).
Test Case '-[SonarTests.VADTests testResetClearsSpeakingState]' started.
Test Case '-[SonarTests.VADTests testResetClearsSpeakingState]' passed (0.001 seconds).
Test Case '-[SonarTests.VADTests testSilenceDoesNotTrigger]' started.
Test Case '-[SonarTests.VADTests testSilenceDoesNotTrigger]' passed (0.001 seconds).
Test Suite 'VADTests' passed at 2026-08-10 00:32:17.130.
	 Executed 4 tests, with 0 failures (0 unexpected) in 0.004 (0.006) seconds
Test Suite 'WakeWordDetectorTests' started at 2026-08-10 00:32:17.130.
Test Case '-[SonarTests.WakeWordDetectorTests testEmptyBufferIsIgnored]' started.
Test Case '-[SonarTests.WakeWordDetectorTests testEmptyBufferIsIgnored]' passed (0.001 seconds).
Test Case '-[SonarTests.WakeWordDetectorTests testRestartAfterStopWorks]' started.
Test Case '-[SonarTests.WakeWordDetectorTests testRestartAfterStopWorks]' passed (0.001 seconds).
Test Case '-[SonarTests.WakeWordDetectorTests testSilenceNeverTriggers]' started.
Test Case '-[SonarTests.WakeWordDetectorTests testSilenceNeverTriggers]' passed (0.001 seconds).
Test Case '-[SonarTests.WakeWordDetectorTests testSingleSpikeDoesNotTrigger]' started.
Test Case '-[SonarTests.WakeWordDetectorTests testSingleSpikeDoesNotTrigger]' passed (0.000 seconds).
Test Case '-[SonarTests.WakeWordDetectorTests testStopPreventsTriggering]' started.
Test Case '-[SonarTests.WakeWordDetectorTests testStopPreventsTriggering]' passed (0.000 seconds).
Test Case '-[SonarTests.WakeWordDetectorTests testTriggerResetsHitBuffer]' started.
Test Case '-[SonarTests.WakeWordDetectorTests testTriggerResetsHitBuffer]' passed (0.000 seconds).
Test Case '-[SonarTests.WakeWordDetectorTests testTwoSpikesWithinWindowTrigger]' started.
Test Case '-[SonarTests.WakeWordDetectorTests testTwoSpikesWithinWindowTrigger]' passed (0.001 seconds).
Test Suite 'WakeWordDetectorTests' passed at 2026-08-10 00:32:17.138.
	 Executed 7 tests, with 0 failures (0 unexpected) in 0.004 (0.008) seconds
Test Suite 'WhisperDetectorTests' started at 2026-08-10 00:32:17.138.
Test Case '-[SonarTests.WhisperDetectorTests testBoundaryJustBelowThreshold]' started.
Test Case '-[SonarTests.WhisperDetectorTests testBoundaryJustBelowThreshold]' passed (0.001 seconds).
Test Case '-[SonarTests.WhisperDetectorTests testEmptyBufferDoesNotCrash]' started.
Test Case '-[SonarTests.WhisperDetectorTests testEmptyBufferDoesNotCrash]' passed (0.000 seconds).
Test Case '-[SonarTests.WhisperDetectorTests testEmptyBufferDoesNotPoisonHistory]' started.
Test Case '-[SonarTests.WhisperDetectorTests testEmptyBufferDoesNotPoisonHistory]' passed (0.001 seconds).
Test Case '-[SonarTests.WhisperDetectorTests testLoudSpeechIsNotWhisper]' started.
Test Case '-[SonarTests.WhisperDetectorTests testLoudSpeechIsNotWhisper]' passed (0.001 seconds).
Test Case '-[SonarTests.WhisperDetectorTests testTotalSilenceIsNotWhisper]' started.
Test Case '-[SonarTests.WhisperDetectorTests testTotalSilenceIsNotWhisper]' passed (0.001 seconds).
Test Case '-[SonarTests.WhisperDetectorTests testVeryLoudBufferIsNotWhisper]' started.
Test Case '-[SonarTests.WhisperDetectorTests testVeryLoudBufferIsNotWhisper]' passed (0.001 seconds).
Test Case '-[SonarTests.WhisperDetectorTests testWhisperClearsAfterWindowOfSilence]' started.
Test Case '-[SonarTests.WhisperDetectorTests testWhisperClearsAfterWindowOfSilence]' passed (0.003 seconds).
Test Case '-[SonarTests.WhisperDetectorTests testWhisperRangeIsDetected]' started.
Test Case '-[SonarTests.WhisperDetectorTests testWhisperRangeIsDetected]' passed (0.001 seconds).
Test Case '-[SonarTests.WhisperDetectorTests testWindowSizeIsEffectivelyTenFrames]' started.
Test Case '-[SonarTests.WhisperDetectorTests testWindowSizeIsEffectivelyTenFrames]' passed (0.001 seconds).
Test Suite 'WhisperDetectorTests' passed at 2026-08-10 00:32:17.148.
	 Executed 9 tests, with 0 failures (0 unexpected) in 0.008 (0.009) seconds
Test Suite 'SonarTests.xctest' passed at 2026-08-10 00:32:17.148.
	 Executed 524 tests, with 0 failures (0 unexpected) in 5.188 (5.369) seconds
Test Suite 'All tests' passed at 2026-08-10 00:32:17.148.
	 Executed 524 tests, with 0 failures (0 unexpected) in 5.188 (5.377) seconds
2026-08-10 00:32:19.594183+0200 SonarUITests-Runner[85293:2322403] [Default] Running tests...
objc[85293]: Class UIAccessibilityLoaderWebShared is implemented in both /Library/Developer/CoreSimulator/Volumes/iOS_23F77/Library/Developer/CoreSimulator/Profiles/Runtimes/iOS 26.5.simruntime/Contents/Resources/RuntimeRoot/System/Library/AccessibilityBundles/WebCore.axbundle/WebCore (0x10b000310) and /Library/Developer/CoreSimulator/Volumes/iOS_23F77/Library/Developer/CoreSimulator/Profiles/Runtimes/iOS 26.5.simruntime/Contents/Resources/RuntimeRoot/System/Library/AccessibilityBundles/WebKit.axbundle/WebKit (0x109cc8398). This may cause spurious casting failures and mysterious crashes. One of the duplicates must be removed or renamed.
    t =      nans Interface orientation changed to Portrait
Test Suite 'All tests' started at 2026-08-10 00:32:22.612.
Test Suite 'SonarUITests.xctest' started at 2026-08-10 00:32:22.613.
Test Suite 'SonarUITests' started at 2026-08-10 00:32:22.613.
Test Case '-[SonarUITests.SonarUITests testPrimarySessionButtonsMuteAndProfilePicker]' started.
    t =     0.00s Start Test at 2026-08-10 00:32:22.614
    t =     0.27s Set Up
    t =     0.27s Open app.sonar.ios
    t =     0.27s     Launch app.sonar.ios
2026-08-10 00:32:23.290 xcodebuild[83467:2314782] [MT] IDELaunchParametersSnapshot: The operation couldn’t be completed. (DebuggerLLDB.DebuggerVersionStore.StoreError error 0.)
2026-08-10 00:32:23.291 xcodebuild[83467:2314782] [MT] IDELaunchParametersSnapshot: no debugger version
    t =     0.90s         Setting up automation session
    t =     1.68s         Wait for app.sonar.ios to idle
    t =     3.48s Waiting 6.0s for "Session starten" Button to exist
    t =     4.56s     Checking `Expect predicate `existsNoRetry == 1` for object "Session starten" Button`
    t =     4.56s         Checking existence of `"Session starten" Button`
    t =     4.67s Tap "Session starten" Button
    t =     4.68s     Wait for app.sonar.ios to idle
    t =     4.68s     Find the "Session starten" Button
    t =     4.70s     Check for interrupting elements affecting "Session starten" Button
    t =     4.73s     Synthesize event
    t =     5.14s     Wait for app.sonar.ios to idle
    t =     5.61s Waiting 1.0s for "Erlauben" Button to exist
    t =     6.62s     Checking `Expect predicate `existsNoRetry == 1` for object "Erlauben" Button`
    t =     6.62s         Checking existence of `"Erlauben" Button`
    t =     6.69s         Capturing element debug description
    t =     6.69s     Checking existence of `"Erlauben" Button`
    t =     6.70s Collecting debug information to assist test failure triage
    t =     6.70s     Requesting snapshot of accessibility hierarchy for app with pid 84117
    t =     6.73s Waiting 1.0s for "OK" Button to exist
    t =     7.74s     Checking `Expect predicate `existsNoRetry == 1` for object "OK" Button`
    t =     7.74s         Checking existence of `"OK" Button`
    t =     7.77s         Capturing element debug description
    t =     7.77s     Checking existence of `"OK" Button`
    t =     7.78s Collecting debug information to assist test failure triage
    t =     7.78s     Requesting snapshot of accessibility hierarchy for app with pid 84117
    t =     7.81s Waiting 1.0s for "Allow" Button to exist
    t =     8.82s     Checking `Expect predicate `existsNoRetry == 1` for object "Allow" Button`
    t =     8.82s         Checking existence of `"Allow" Button`
    t =     8.84s         Capturing element debug description
    t =     8.84s     Checking existence of `"Allow" Button`
    t =     8.85s Collecting debug information to assist test failure triage
    t =     8.85s     Requesting snapshot of accessibility hierarchy for app with pid 84117
    t =     8.88s Waiting 1.0s for "While Using App" Button to exist
    t =     9.89s     Checking `Expect predicate `existsNoRetry == 1` for object "While Using App" Button`
    t =     9.89s         Checking existence of `"While Using App" Button`
    t =     9.91s         Capturing element debug description
    t =     9.91s     Checking existence of `"While Using App" Button`
    t =     9.92s Collecting debug information to assist test failure triage
    t =     9.92s     Requesting snapshot of accessibility hierarchy for app with pid 84117
    t =     9.96s Waiting 8.0s for "Session beenden" Button to exist
    t =    11.03s     Checking `Expect predicate `existsNoRetry == 1` for object "Session beenden" Button`
    t =    11.03s         Checking existence of `"Session beenden" Button`
    t =    11.08s Waiting 4.0s for "Mikrofon stummschalten" Button to exist
    t =    12.15s     Checking `Expect predicate `existsNoRetry == 1` for object "Mikrofon stummschalten" Button`
    t =    12.15s         Checking existence of `"Mikrofon stummschalten" Button`
    t =    12.19s Get number of matches for: Elements matching predicate 'label == "Mikrofon stummschalten"'
    t =    12.21s Checking existence of `Button (Element at index 0)`
    t =    12.23s Find the Button (Element at index 0)
    t =    12.27s Tap "mic.fill" Button
    t =    12.27s     Wait for app.sonar.ios to idle
    t =    12.28s     Find the "mic.fill" Button
    t =    12.30s     Check for interrupting elements affecting "mic.fill" Button
    t =    12.32s     Synthesize event
    t =    12.61s     Wait for app.sonar.ios to idle
    t =    12.62s Waiting 4.0s for "Mikrofon einschalten" Button to exist
    t =    13.70s     Checking `Expect predicate `existsNoRetry == 1` for object "Mikrofon einschalten" Button`
    t =    13.70s         Checking existence of `"Mikrofon einschalten" Button`
    t =    13.73s Get number of matches for: Elements matching predicate 'label == "Mikrofon einschalten"'
    t =    13.76s Checking existence of `Button (Element at index 0)`
    t =    13.79s Find the Button (Element at index 0)
    t =    13.83s Tap "mic.slash.fill" Button
    t =    13.83s     Wait for app.sonar.ios to idle
    t =    13.83s     Find the "mic.slash.fill" Button
    t =    13.86s     Check for interrupting elements affecting "mic.slash.fill" Button
    t =    13.89s     Synthesize event
    t =    14.18s     Wait for app.sonar.ios to idle
    t =    14.18s Waiting 4.0s for "Profil Zimmer (aktiv)" Button to exist
    t =    15.26s     Checking `Expect predicate `existsNoRetry == 1` for object "Profil Zimmer (aktiv)" Button`
    t =    15.26s         Checking existence of `"Profil Zimmer (aktiv)" Button`
    t =    15.29s Tap "Profil Roller" Button
    t =    15.29s     Wait for app.sonar.ios to idle
    t =    15.29s     Find the "Profil Roller" Button
    t =    15.31s     Check for interrupting elements affecting "Profil Roller" Button
    t =    15.34s     Synthesize event
    t =    15.63s     Wait for app.sonar.ios to idle
    t =    15.63s Waiting 4.0s for "Profil Roller (aktiv)" Button to exist
    t =    16.72s     Checking `Expect predicate `existsNoRetry == 1` for object "Profil Roller (aktiv)" Button`
    t =    16.72s         Checking existence of `"Profil Roller (aktiv)" Button`
    t =    16.74s Tap "Session beenden" Button
    t =    16.74s     Wait for app.sonar.ios to idle
    t =    16.75s     Find the "Session beenden" Button
    t =    16.78s     Check for interrupting elements affecting "Session beenden" Button
    t =    16.80s     Synthesize event
    t =    17.09s     Wait for app.sonar.ios to idle
    t =    17.09s Waiting 4.0s for "Session starten" Button to exist
    t =    18.17s     Checking `Expect predicate `existsNoRetry == 1` for object "Session starten" Button`
    t =    18.17s         Checking existence of `"Session starten" Button`
    t =    18.20s Tear Down
Test Case '-[SonarUITests.SonarUITests testPrimarySessionButtonsMuteAndProfilePicker]' passed (18.463 seconds).
Test Case '-[SonarUITests.SonarUITests testProfileDetailsPairingQRCodeAndAudioVolumeControls]' started.
    t =     0.00s Start Test at 2026-08-10 00:32:41.079
    t =     0.03s Set Up
    t =     0.04s Open app.sonar.ios
    t =     0.04s     Launch app.sonar.ios
    t =     0.04s         Terminate app.sonar.ios:85496
2026-08-10 00:32:42.130 xcodebuild[83467:2314782] [MT] IDELaunchParametersSnapshot: The operation couldn’t be completed. (DebuggerLLDB.DebuggerVersionStore.StoreError error 0.)
2026-08-10 00:32:42.130 xcodebuild[83467:2314782] [MT] IDELaunchParametersSnapshot: no debugger version
    t =     1.69s         Setting up automation session
    t =     2.64s         Wait for app.sonar.ios to idle
    t =     4.46s Waiting 6.0s for "Details zum aktiven Profil" Button to exist
    t =     5.54s     Checking `Expect predicate `existsNoRetry == 1` for object "Details zum aktiven Profil" Button`
    t =     5.54s         Checking existence of `"Details zum aktiven Profil" Button`
    t =     5.63s Tap "Details zum aktiven Profil" Button
    t =     5.63s     Wait for app.sonar.ios to idle
    t =     5.64s     Find the "Details zum aktiven Profil" Button
    t =     5.66s     Check for interrupting elements affecting "info.circle" Button
    t =     5.67s     Synthesize event
    t =     5.97s     Wait for app.sonar.ios to idle
    t =     6.00s Waiting 4.0s for "Profil-Details" NavigationBar to exist
    t =     7.08s     Checking `Expect predicate `existsNoRetry == 1` for object "Profil-Details" NavigationBar`
    t =     7.09s         Checking existence of `"Profil-Details" NavigationBar`
    t =     7.22s Waiting 4.0s for "AirPods-Modus" StaticText to exist
    t =     8.30s     Checking `Expect predicate `existsNoRetry == 1` for object "AirPods-Modus" StaticText`
    t =     8.30s         Checking existence of `"AirPods-Modus" StaticText`
    t =     8.36s Waiting 4.0s for "Stimmen-Verstärkung" StaticText to exist
    t =     9.44s     Checking `Expect predicate `existsNoRetry == 1` for object "Stimmen-Verstärkung" StaticText`
    t =     9.44s         Checking existence of `"Stimmen-Verstärkung" StaticText`
    t =     9.49s Checking existence of `"KI-Auslöser" StaticText`
    t =     9.52s Swipe up Target Application 'app.sonar.ios'
    t =     9.52s     Wait for app.sonar.ios to idle
    t =     9.53s     Find the Target Application 'app.sonar.ios'
    t =     9.55s     Check for interrupting elements affecting "Sonar" Application
    t =     9.59s     Synthesize event
    t =    10.02s     Wait for app.sonar.ios to idle
    t =    10.95s Checking existence of `"KI-Auslöser" StaticText`
    t =    11.01s Find the "KI-Auslöser" StaticText
    t =    11.05s Find the Window (First Match)
    t =    11.06s Find the "KI-Auslöser" StaticText
    t =    11.20s Added attachment named 'profile-details'
    t =    11.20s Tap "Fertig" Button
    t =    11.20s     Wait for app.sonar.ios to idle
    t =    11.20s     Find the "Fertig" Button
    t =    11.24s     Check for interrupting elements affecting "Fertig" Button
    t =    11.28s     Synthesize event
    t =    11.57s     Wait for app.sonar.ios to idle
    t =    12.32s Waiting 4.0s for "Profil-Details" NavigationBar to not exist
    t =    13.38s     Checking `Expect predicate `existsNoRetry == 0` for object "Profil-Details" NavigationBar`
    t =    13.38s         Checking existence of `"Profil-Details" NavigationBar`
    t =    13.41s Get number of matches for: Elements matching predicate 'label == "Einstellungen öffnen"'
    t =    13.43s Checking existence of `Button (Element at index 0)`
    t =    13.45s Find the Button (Element at index 0)
    t =    13.47s Tap "gearshape" Button
    t =    13.47s     Wait for app.sonar.ios to idle
    t =    13.47s     Find the "gearshape" Button
    t =    13.49s     Check for interrupting elements affecting "gearshape" Button
    t =    13.51s     Synthesize event
    t =    13.80s     Wait for app.sonar.ios to idle
    t =    13.98s Waiting 4.0s for "Einstellungen" NavigationBar to exist
    t =    15.05s     Checking `Expect predicate `existsNoRetry == 1` for object "Einstellungen" NavigationBar`
    t =    15.05s         Checking existence of `"Einstellungen" NavigationBar`
    t =    15.15s Checking existence of `"Sonar-Lautstärke" Slider`
    t =    15.20s Find the "Sonar-Lautstärke" Slider
    t =    15.25s Swipe up Target Application 'app.sonar.ios'
    t =    15.25s     Wait for app.sonar.ios to idle
    t =    15.25s     Find the Target Application 'app.sonar.ios'
    t =    15.28s     Check for interrupting elements affecting "Sonar" Application
    t =    15.32s     Synthesize event
    t =    15.74s     Wait for app.sonar.ios to idle
    t =    18.24s Checking existence of `"Sonar-Lautstärke" Slider`
    t =    18.30s Find the "Sonar-Lautstärke" Slider
    t =    18.35s Set normalized position of "Sonar-Lautstärke" Slider to 0.62
    t =    18.35s     Wait for app.sonar.ios to idle
    t =    18.36s     Find the "Sonar-Lautstärke" Slider
    t =    18.40s     Check for interrupting elements affecting "Sonar-Lautstärke" Slider
    t =    18.89s     Synthesize event
    t =    19.40s     Wait for app.sonar.ios to idle
    t =    20.31s Added attachment named 'settings-audio-volume'
    t =    20.31s Get number of matches for: Elements matching predicate 'label == "QR-Pairing"'
    t =    20.36s Swipe down Target Application 'app.sonar.ios'
    t =    20.36s     Wait for app.sonar.ios to idle
    t =    20.36s     Find the Target Application 'app.sonar.ios'
    t =    20.39s     Check for interrupting elements affecting "Sonar" Application
    t =    20.43s     Synthesize event
    t =    20.85s     Wait for app.sonar.ios to idle
    t =    23.16s Get number of matches for: Elements matching predicate 'label == "QR-Pairing"'
    t =    23.22s Checking existence of `Button (Element at index 0)`
    t =    23.26s Find the Button (Element at index 0)
    t =    23.31s Tap "QR-Pairing" Button
    t =    23.31s     Wait for app.sonar.ios to idle
    t =    23.31s     Find the "QR-Pairing" Button
    t =    23.35s     Check for interrupting elements affecting "QR-Pairing" Button
    t =    23.39s     Synthesize event
    t =    23.68s     Wait for app.sonar.ios to idle
    t =    23.77s Waiting 4.0s for "QR-Pairing" NavigationBar to exist
    t =    24.82s     Checking `Expect predicate `existsNoRetry == 1` for object "QR-Pairing" NavigationBar`
    t =    24.82s         Checking existence of `"QR-Pairing" NavigationBar`
    t =    24.87s Waiting 4.0s for "Pairing-QR-Code" Any to exist
    t =    25.91s     Checking `Expect predicate `existsNoRetry == 1` for object "Pairing-QR-Code" Any`
    t =    25.91s         Checking existence of `"Pairing-QR-Code" Any`
    t =    25.95s Waiting 4.0s for "Code regenerieren" Button to exist
    t =    27.02s     Checking `Expect predicate `existsNoRetry == 1` for object "Code regenerieren" Button`
    t =    27.02s         Checking existence of `"Code regenerieren" Button`
    t =    27.05s Waiting 4.0s for "Scannen" Button to exist
    t =    28.11s     Checking `Expect predicate `existsNoRetry == 1` for object "Scannen" Button`
    t =    28.11s         Checking existence of `"Scannen" Button`
    t =    28.15s Waiting 4.0s for "Anzeigen" Button to exist
    t =    29.20s     Checking `Expect predicate `existsNoRetry == 1` for object "Anzeigen" Button`
    t =    29.21s         Checking existence of `"Anzeigen" Button`
    t =    29.34s Added attachment named 'pairing-qr-code'
    t =    29.34s Tap "Scannen" Button
    t =    29.34s     Wait for app.sonar.ios to idle
    t =    29.34s     Find the "Scannen" Button
    t =    29.37s     Check for interrupting elements affecting "qrcode.viewfinder" Button
    t =    29.39s     Synthesize event
    t =    29.68s     Wait for app.sonar.ios to idle
    t =    30.95s Waiting 1.0s for "Erlauben" Button to exist
    t =    31.96s     Checking `Expect predicate `existsNoRetry == 1` for object "Erlauben" Button`
    t =    31.96s         Checking existence of `"Erlauben" Button`
    t =    32.00s         Capturing element debug description
    t =    32.00s     Checking existence of `"Erlauben" Button`
    t =    32.02s Collecting debug information to assist test failure triage
    t =    32.02s     Requesting snapshot of accessibility hierarchy for app with pid 84117
    t =    32.05s Waiting 1.0s for "OK" Button to exist
    t =    33.06s     Checking `Expect predicate `existsNoRetry == 1` for object "OK" Button`
    t =    33.06s         Checking existence of `"OK" Button`
    t =    33.09s         Capturing element debug description
    t =    33.09s     Checking existence of `"OK" Button`
    t =    33.11s Collecting debug information to assist test failure triage
    t =    33.11s     Requesting snapshot of accessibility hierarchy for app with pid 84117
    t =    33.14s Waiting 1.0s for "Allow" Button to exist
    t =    34.15s     Checking `Expect predicate `existsNoRetry == 1` for object "Allow" Button`
    t =    34.15s         Checking existence of `"Allow" Button`
    t =    34.17s         Capturing element debug description
    t =    34.17s     Checking existence of `"Allow" Button`
    t =    34.19s Collecting debug information to assist test failure triage
    t =    34.19s     Requesting snapshot of accessibility hierarchy for app with pid 84117
    t =    34.22s Waiting 1.0s for "While Using App" Button to exist
    t =    35.23s     Checking `Expect predicate `existsNoRetry == 1` for object "While Using App" Button`
    t =    35.23s         Checking existence of `"While Using App" Button`
    t =    35.25s         Capturing element debug description
    t =    35.25s     Checking existence of `"While Using App" Button`
    t =    35.27s Collecting debug information to assist test failure triage
    t =    35.27s     Requesting snapshot of accessibility hierarchy for app with pid 84117
    t =    35.30s Checking existence of `"QR-Code-Scanner" Any`
    t =    35.44s Added attachment named 'pairing-scan-mode'
    t =    35.44s Tap "Anzeigen" Button
    t =    35.44s     Wait for app.sonar.ios to idle
    t =    35.44s     Find the "Anzeigen" Button
    t =    35.46s     Check for interrupting elements affecting "qrcode" Button
    t =    35.49s     Synthesize event
    t =    35.78s     Wait for app.sonar.ios to idle
    t =    37.03s Waiting 4.0s for "Pairing-QR-Code" Any to exist
    t =    38.11s     Checking `Expect predicate `existsNoRetry == 1` for object "Pairing-QR-Code" Any`
    t =    38.11s         Checking existence of `"Pairing-QR-Code" Any`
    t =    38.19s Tap Button (Element at index 0)
    t =    38.19s     Wait for app.sonar.ios to idle
    t =    38.19s     Find the Button (Element at index 0)
    t =    38.21s     Check for interrupting elements affecting "BackButton" Button
    t =    38.25s     Synthesize event
    t =    38.56s     Wait for app.sonar.ios to idle
    t =    39.38s Tap "Fertig" Button
    t =    39.38s     Wait for app.sonar.ios to idle
    t =    39.38s     Find the "Fertig" Button
    t =    39.44s     Check for interrupting elements affecting "Fertig" Button
    t =    39.49s     Synthesize event
    t =    39.78s     Wait for app.sonar.ios to idle
    t =    40.47s Tear Down
Test Case '-[SonarUITests.SonarUITests testProfileDetailsPairingQRCodeAndAudioVolumeControls]' passed (40.781 seconds).
Test Case '-[SonarUITests.SonarUITests testTabsSettingsGuideAndPairingButtons]' started.
    t =     0.00s Start Test at 2026-08-10 00:33:21.863
    t =     0.04s Set Up
    t =     0.04s Open app.sonar.ios
    t =     0.04s     Launch app.sonar.ios
    t =     0.04s         Terminate app.sonar.ios:86380
2026-08-10 00:33:22.930 xcodebuild[83467:2314782] [MT] IDELaunchParametersSnapshot: The operation couldn’t be completed. (DebuggerLLDB.DebuggerVersionStore.StoreError error 0.)
2026-08-10 00:33:22.930 xcodebuild[83467:2314782] [MT] IDELaunchParametersSnapshot: no debugger version
    t =     1.51s         Setting up automation session
    t =     2.46s         Wait for app.sonar.ios to idle
    t =     4.25s Tap "Transkript" Button
    t =     4.25s     Wait for app.sonar.ios to idle
    t =     4.25s     Find the "Transkript" Button
    t =     4.36s     Check for interrupting elements affecting "Transkript" Button
    t =     4.38s     Synthesize event
    t =     4.67s     Wait for app.sonar.ios to idle
    t =     6.17s Waiting 4.0s for "Transkript" NavigationBar to exist
    t =     7.24s     Checking `Expect predicate `existsNoRetry == 1` for object "Transkript" NavigationBar`
    t =     7.24s         Checking existence of `"Transkript" NavigationBar`
    t =     7.27s Waiting 4.0s for "Noch kein Transkript" StaticText to exist
    t =     8.31s     Checking `Expect predicate `existsNoRetry == 1` for object "Noch kein Transkript" StaticText`
    t =     8.31s         Checking existence of `"Noch kein Transkript" StaticText`
    t =     8.33s Tap "Aufnahmen" Button
    t =     8.33s     Wait for app.sonar.ios to idle
    t =     8.33s     Find the "Aufnahmen" Button
    t =     8.35s     Check for interrupting elements affecting "mic.fill" Button
    t =     8.37s     Synthesize event
    t =     8.66s     Wait for app.sonar.ios to idle
    t =    10.16s Waiting 4.0s for "Aufnahmen" NavigationBar to exist
    t =    11.20s     Checking `Expect predicate `existsNoRetry == 1` for object "Aufnahmen" NavigationBar`
    t =    11.21s         Checking existence of `"Aufnahmen" NavigationBar`
    t =    11.26s Waiting 6.0s for Cell (First Match) to exist
    t =    12.32s     Checking `Expect predicate `existsNoRetry == 1` for object Cell (First Match)`
    t =    12.32s         Checking existence of `Cell (First Match)`
    t =    12.36s Tap Cell (First Match)
    t =    12.36s     Wait for app.sonar.ios to idle
    t =    12.36s     Find the Cell (First Match)
    t =    12.39s     Check for interrupting elements affecting Cell
    t =    12.41s     Synthesize event
    t =    12.70s     Wait for app.sonar.ios to idle
    t =    13.72s Waiting 4.0s for "Wiedergabe" NavigationBar to exist
    t =    14.78s     Checking `Expect predicate `existsNoRetry == 1` for object "Wiedergabe" NavigationBar`
    t =    14.78s         Checking existence of `"Wiedergabe" NavigationBar`
    t =    14.80s Waiting 4.0s for "Abspielen" Button to exist
    t =    15.86s     Checking `Expect predicate `existsNoRetry == 1` for object "Abspielen" Button`
    t =    15.86s         Checking existence of `"Abspielen" Button`
    t =    15.88s Waiting 4.0s for "Aufnahme-Position" Slider to exist
    t =    16.92s     Checking `Expect predicate `existsNoRetry == 1` for object "Aufnahme-Position" Slider`
    t =    16.92s         Checking existence of `"Aufnahme-Position" Slider`
    t =    17.05s Added attachment named 'recording-player'
    t =    17.05s Tap "Abspielen" Button
    t =    17.05s     Wait for app.sonar.ios to idle
    t =    17.05s     Find the "Abspielen" Button
    t =    17.07s     Check for interrupting elements affecting "play.circle.fill" Button
    t =    17.09s     Synthesize event
    t =    17.38s     Wait for app.sonar.ios to idle
    t =    17.38s Waiting 3.0s for "Pause" Button to exist
    t =    18.42s     Checking `Expect predicate `existsNoRetry == 1` for object "Pause" Button`
    t =    18.42s         Checking existence of `"Pause" Button`
    t =    18.45s Tap "Pause" Button
    t =    18.45s     Wait for app.sonar.ios to idle
    t =    18.45s     Find the "Pause" Button
    t =    18.47s     Check for interrupting elements affecting "pause.circle.fill" Button
    t =    18.49s     Synthesize event
    t =    18.78s     Wait for app.sonar.ios to idle
    t =    18.79s Tap Button (Element at index 0)
    t =    18.79s     Wait for app.sonar.ios to idle
    t =    18.80s     Find the Button (Element at index 0)
    t =    18.82s     Check for interrupting elements affecting "BackButton" Button
    t =    18.85s     Synthesize event
    t =    19.15s     Wait for app.sonar.ios to idle
    t =    19.46s Tap "Session" Button
    t =    19.46s     Wait for app.sonar.ios to idle
    t =    19.46s     Find the "Session" Button
    t =    19.49s     Check for interrupting elements affecting "waveform.circle.fill" Button
    t =    19.51s     Synthesize event
    t =    19.80s     Wait for app.sonar.ios to idle
    t =    20.52s Waiting 4.0s for "Einstellungen öffnen" Button to exist
    t =    21.54s     Checking `Expect predicate `existsNoRetry == 1` for object "Einstellungen öffnen" Button`
    t =    21.54s         Checking existence of `"Einstellungen öffnen" Button`
    t =    21.57s Tap "Einstellungen öffnen" Button
    t =    21.57s     Wait for app.sonar.ios to idle
    t =    21.57s     Find the "Einstellungen öffnen" Button
    t =    21.59s     Check for interrupting elements affecting "gearshape" Button
    t =    21.61s     Synthesize event
    t =    21.90s     Wait for app.sonar.ios to idle
    t =    22.06s Waiting 4.0s for "Einstellungen" NavigationBar to exist
    t =    23.10s     Checking `Expect predicate `existsNoRetry == 1` for object "Einstellungen" NavigationBar`
    t =    23.11s         Checking existence of `"Einstellungen" NavigationBar`
    t =    23.21s Get number of matches for: Elements matching predicate 'label == "QR-Pairing"'
    t =    23.25s Checking existence of `Button (Element at index 0)`
    t =    23.28s Find the Button (Element at index 0)
    t =    23.33s Tap "QR-Pairing" Button
    t =    23.33s     Wait for app.sonar.ios to idle
    t =    23.33s     Find the "QR-Pairing" Button
    t =    23.37s     Check for interrupting elements affecting "QR-Pairing" Button
    t =    23.41s     Synthesize event
    t =    23.70s     Wait for app.sonar.ios to idle
    t =    23.73s Waiting 4.0s for "QR-Pairing" NavigationBar to exist
    t =    24.81s     Checking `Expect predicate `existsNoRetry == 1` for object "QR-Pairing" NavigationBar`
    t =    24.81s         Checking existence of `"QR-Pairing" NavigationBar`
    t =    24.86s Waiting 4.0s for "Code regenerieren" Button to exist
