Command line invocation:
    /Applications/Xcode.app/Contents/Developer/usr/bin/xcodebuild -project Sonar.xcodeproj -scheme Sonar -configuration Release -destination generic/platform=iOS -derivedDataPath build/release/UnsignedDerivedData -onlyUsePackageVersionsFromResolvedFile -skipPackageUpdates -scmProvider system -packageAuthorizationProvider netrc CODE_SIGNING_ALLOWED=NO CODE_SIGNING_REQUIRED=NO CODE_SIGN_IDENTITY= build

Build settings from command line:
    CODE_SIGN_IDENTITY = 
    CODE_SIGNING_ALLOWED = NO
    CODE_SIGNING_REQUIRED = NO

2026-08-10 00:28:07.283 xcodebuild[71546:2279706]  DVTDeviceOperation: Encountered a build number "" that is incompatible with DVTBuildVersion.
2026-08-10 00:28:07.376 xcodebuild[71546:2279475] [MT] DVTDeviceOperation: Encountered a build number "" that is incompatible with DVTBuildVersion.
Resolve Package Graph

Fetching from https://github.com/livekit/webrtc-xcframework.git (cached)

Fetching from https://github.com/ibireme/yyjson.git (cached)

Fetching from https://github.com/livekit/livekit-uniffi-xcframework.git (cached)

Fetching from https://github.com/apple/swift-protobuf.git (cached)

Fetching from https://github.com/apple/swift-argument-parser.git (cached)

Fetching from https://github.com/huggingface/swift-jinja.git (cached)

Fetching from https://github.com/argmaxinc/argmax-oss-swift.git (cached)

Fetching from https://github.com/apple/swift-collections.git (cached)

Fetching from https://github.com/huggingface/swift-transformers.git (cached)

Fetching from https://github.com/apple/swift-asn1.git (cached)

Fetching from https://github.com/livekit/client-sdk-swift (cached)

Fetching from https://github.com/apple/swift-crypto.git (cached)

Creating working copy of package ‘client-sdk-swift’

Creating working copy of package ‘swift-jinja’

Creating working copy of package ‘swift-collections’

Creating working copy of package ‘livekit-uniffi-xcframework’

Creating working copy of package ‘swift-transformers’

Creating working copy of package ‘swift-protobuf’

Creating working copy of package ‘swift-asn1’

Creating working copy of package ‘swift-argument-parser’

Creating working copy of package ‘argmax-oss-swift’

Creating working copy of package ‘webrtc-xcframework’

Creating working copy of package ‘swift-crypto’

Creating working copy of package ‘yyjson’

Checking out 2.3.5 of package ‘swift-jinja’

Checking out 144.7559.3 of package ‘webrtc-xcframework’

Checking out 0.12.0 of package ‘yyjson’

Checking out 0.0.5 of package ‘livekit-uniffi-xcframework’

Checking out 0.18.0 of package ‘argmax-oss-swift’

Checking out 1.1.9 of package ‘swift-transformers’

Checking out 4.5.0 of package ‘swift-crypto’

Checking out 1.7.1 of package ‘swift-argument-parser’

Checking out 1.7.0 of package ‘swift-asn1’

Checking out 1.4.1 of package ‘swift-collections’

Checking out 1.37.0 of package ‘swift-protobuf’

Checking out 2.13.0 of package ‘client-sdk-swift’


Resolved source packages:
  SwiftProtobuf: https://github.com/apple/swift-protobuf.git @ 1.37.0
  yyjson: https://github.com/ibireme/yyjson.git @ 0.12.0
  LiveKit: https://github.com/livekit/client-sdk-swift @ 2.13.0
  swift-asn1: https://github.com/apple/swift-asn1.git @ 1.7.0
  swift-transformers: https://github.com/huggingface/swift-transformers.git @ 1.1.9
  swift-crypto: https://github.com/apple/swift-crypto.git @ 4.5.0
  swift-collections: https://github.com/apple/swift-collections.git @ 1.4.1
  Jinja: https://github.com/huggingface/swift-jinja.git @ 2.3.5
  swift-argument-parser: https://github.com/apple/swift-argument-parser.git @ 1.7.1
  LiveKitUniFFI: https://github.com/livekit/livekit-uniffi-xcframework.git @ 0.0.5
  LiveKitWebRTC: https://github.com/livekit/webrtc-xcframework.git @ 144.7559.3
  whisperkit: https://github.com/argmaxinc/argmax-oss-swift.git @ 0.18.0

note: Using codesigning identity override: 
ComputePackagePrebuildTargetDependencyGraph

Prepare packages

CreateBuildRequest

SendProjectDescription

CreateBuildOperation

ComputeTargetDependencyGraph
note: Building targets in dependency order
note: Target dependency graph (29 targets)
    Target 'Sonar' in project 'Sonar'
        ➜ Explicit dependency on target 'LiveKit' in project 'LiveKit'
        ➜ Explicit dependency on target 'WhisperKit' in project 'whisperkit'
    Target 'WhisperKit' in project 'whisperkit'
        ➜ Explicit dependency on target 'WhisperKit' in project 'whisperkit'
        ➜ Explicit dependency on target 'ArgmaxCore' in project 'whisperkit'
        ➜ Explicit dependency on target 'Hub' in project 'swift-transformers'
        ➜ Explicit dependency on target 'Tokenizers' in project 'swift-transformers'
    Target 'WhisperKit' in project 'whisperkit'
        ➜ Explicit dependency on target 'ArgmaxCore' in project 'whisperkit'
        ➜ Explicit dependency on target 'Hub' in project 'swift-transformers'
        ➜ Explicit dependency on target 'Tokenizers' in project 'swift-transformers'
    Target 'Tokenizers' in project 'swift-transformers'
        ➜ Explicit dependency on target 'Tokenizers' in project 'swift-transformers'
        ➜ Explicit dependency on target 'Hub' in project 'swift-transformers'
        ➜ Explicit dependency on target 'Jinja' in project 'Jinja'
        ➜ Explicit dependency on target 'OrderedCollections' in project 'swift-collections'
        ➜ Explicit dependency on target 'Crypto' in project 'swift-crypto'
        ➜ Explicit dependency on target 'yyjson' in project 'yyjson'
    Target 'Tokenizers' in project 'swift-transformers'
        ➜ Explicit dependency on target 'Hub' in project 'swift-transformers'
        ➜ Explicit dependency on target 'Jinja' in project 'Jinja'
        ➜ Explicit dependency on target 'OrderedCollections' in project 'swift-collections'
        ➜ Explicit dependency on target 'Crypto' in project 'swift-crypto'
        ➜ Explicit dependency on target 'yyjson' in project 'yyjson'
    Target 'ArgmaxCore' in project 'whisperkit'
        ➜ Explicit dependency on target 'Hub' in project 'swift-transformers'
    Target 'Hub' in project 'swift-transformers'
        ➜ Explicit dependency on target 'Hub' in project 'swift-transformers'
        ➜ Explicit dependency on target 'swift-transformers_Hub' in project 'swift-transformers'
        ➜ Explicit dependency on target 'Jinja' in project 'Jinja'
        ➜ Explicit dependency on target 'OrderedCollections' in project 'swift-collections'
        ➜ Explicit dependency on target 'Crypto' in project 'swift-crypto'
        ➜ Explicit dependency on target 'yyjson' in project 'yyjson'
    Target 'Hub' in project 'swift-transformers'
        ➜ Explicit dependency on target 'swift-transformers_Hub' in project 'swift-transformers'
        ➜ Explicit dependency on target 'Jinja' in project 'Jinja'
        ➜ Explicit dependency on target 'OrderedCollections' in project 'swift-collections'
        ➜ Explicit dependency on target 'Crypto' in project 'swift-crypto'
        ➜ Explicit dependency on target 'yyjson' in project 'yyjson'
    Target 'yyjson' in project 'yyjson'
        ➜ Explicit dependency on target 'yyjson' in project 'yyjson'
    Target 'yyjson' in project 'yyjson' (no dependencies)
    Target 'Crypto' in project 'swift-crypto'
        ➜ Explicit dependency on target 'Crypto' in project 'swift-crypto'
        ➜ Explicit dependency on target 'swift-crypto_Crypto' in project 'swift-crypto'
    Target 'Crypto' in project 'swift-crypto'
        ➜ Explicit dependency on target 'swift-crypto_Crypto' in project 'swift-crypto'
    Target 'swift-crypto_Crypto' in project 'swift-crypto' (no dependencies)
    Target 'Jinja' in project 'Jinja'
        ➜ Explicit dependency on target 'Jinja' in project 'Jinja'
        ➜ Explicit dependency on target 'OrderedCollections' in project 'swift-collections'
    Target 'Jinja' in project 'Jinja'
        ➜ Explicit dependency on target 'OrderedCollections' in project 'swift-collections'
    Target 'OrderedCollections' in project 'swift-collections'
        ➜ Explicit dependency on target 'OrderedCollections' in project 'swift-collections'
        ➜ Explicit dependency on target 'InternalCollectionsUtilities' in project 'swift-collections'
    Target 'OrderedCollections' in project 'swift-collections'
        ➜ Explicit dependency on target 'InternalCollectionsUtilities' in project 'swift-collections'
    Target 'InternalCollectionsUtilities' in project 'swift-collections' (no dependencies)
    Target 'swift-transformers_Hub' in project 'swift-transformers' (no dependencies)
    Target 'LiveKit' in project 'LiveKit'
        ➜ Explicit dependency on target 'LiveKit' in project 'LiveKit'
        ➜ Explicit dependency on target 'LiveKit_LiveKit' in project 'LiveKit'
        ➜ Explicit dependency on target 'LKObjCHelpers' in project 'LiveKit'
        ➜ Explicit dependency on target 'LiveKitWebRTC' in project 'LiveKitWebRTC'
        ➜ Explicit dependency on target 'LiveKitUniFFI' in project 'LiveKitUniFFI'
        ➜ Explicit dependency on target 'SwiftProtobuf' in project 'SwiftProtobuf'
    Target 'LiveKit' in project 'LiveKit'
        ➜ Explicit dependency on target 'LiveKit_LiveKit' in project 'LiveKit'
        ➜ Explicit dependency on target 'LKObjCHelpers' in project 'LiveKit'
        ➜ Explicit dependency on target 'LiveKitWebRTC' in project 'LiveKitWebRTC'
        ➜ Explicit dependency on target 'LiveKitUniFFI' in project 'LiveKitUniFFI'
        ➜ Explicit dependency on target 'SwiftProtobuf' in project 'SwiftProtobuf'
    Target 'SwiftProtobuf' in project 'SwiftProtobuf'
        ➜ Explicit dependency on target 'SwiftProtobuf' in project 'SwiftProtobuf'
        ➜ Explicit dependency on target 'SwiftProtobuf_SwiftProtobuf' in project 'SwiftProtobuf'
    Target 'SwiftProtobuf' in project 'SwiftProtobuf'
        ➜ Explicit dependency on target 'SwiftProtobuf_SwiftProtobuf' in project 'SwiftProtobuf'
    Target 'SwiftProtobuf_SwiftProtobuf' in project 'SwiftProtobuf' (no dependencies)
    Target 'LiveKitUniFFI' in project 'LiveKitUniFFI'
        ➜ Explicit dependency on target 'LiveKitUniFFI' in project 'LiveKitUniFFI'
    Target 'LiveKitUniFFI' in project 'LiveKitUniFFI' (no dependencies)
    Target 'LiveKitWebRTC' in project 'LiveKitWebRTC' (no dependencies)
    Target 'LKObjCHelpers' in project 'LiveKit' (no dependencies)
    Target 'LiveKit_LiveKit' in project 'LiveKit' (no dependencies)

GatherProvisioningInputs

CreateBuildDescription

ExecuteExternalTool /Applications/Xcode.app/Contents/Developer/Toolchains/XcodeDefault.xctoolchain/usr/bin/swiftc --version

ExecuteExternalTool /Applications/Xcode.app/Contents/Developer/Toolchains/XcodeDefault.xctoolchain/usr/bin/clang -v -E -dM -arch arm64 -isysroot /Applications/Xcode.app/Contents/Developer/Platforms/iPhoneOS.platform/Developer/SDKs/iPhoneOS26.5.sdk -x objective-c -c /dev/null

ExecuteExternalTool /Applications/Xcode.app/Contents/Developer/Toolchains/XcodeDefault.xctoolchain/usr/bin/clang -v -E -dM -arch arm64 -isysroot /Applications/Xcode.app/Contents/Developer/Platforms/iPhoneOS.platform/Developer/SDKs/iPhoneOS26.5.sdk -x c -c /dev/null

ExecuteExternalTool /Applications/Xcode.app/Contents/Developer/Toolchains/XcodeDefault.xctoolchain/usr/bin/clang -v -E -dM -isysroot /Applications/Xcode.app/Contents/Developer/Platforms/iPhoneOS.platform/Developer/SDKs/iPhoneOS26.5.sdk -x c -c /dev/null

ExecuteExternalTool /Applications/Xcode.app/Contents/Developer/usr/bin/actool --print-asset-tag-combinations --output-format xml1 /Users/mh/orca/workspaces/sonar-live-audio/sonar/Resources/Assets.xcassets

ExecuteExternalTool /Applications/Xcode.app/Contents/Developer/Toolchains/XcodeDefault.xctoolchain/usr/bin/ld -version_details

ReadFileContents /Applications/Xcode.app/Contents/Developer/Toolchains/XcodeDefault.xctoolchain/usr/share/docc/features.json

ExecuteExternalTool /Applications/Xcode.app/Contents/Developer/usr/bin/actool --version --output-format xml1

Build description signature: 98f04854de3c540400f57342ff5b2b61
Build description path: /Users/mh/orca/workspaces/sonar-live-audio/build/release/UnsignedDerivedData/Build/Intermediates.noindex/XCBuildData/98f04854de3c540400f57342ff5b2b61.xcbuilddata
ClangStatCache /Applications/Xcode.app/Contents/Developer/Toolchains/XcodeDefault.xctoolchain/usr/bin/clang-stat-cache /Applications/Xcode.app/Contents/Developer/Platforms/iPhoneOS.platform/Developer/SDKs/iPhoneOS26.5.sdk /Users/mh/orca/workspaces/sonar-live-audio/build/release/UnsignedDerivedData/SDKStatCaches.noindex/iphoneos26.5-23F81a-32daed1954a7d5dd0789fcaf2a9bb78b.sdkstatcache
    cd /Users/mh/orca/workspaces/sonar-live-audio/Sonar.xcodeproj
    /Applications/Xcode.app/Contents/Developer/Toolchains/XcodeDefault.xctoolchain/usr/bin/clang-stat-cache /Applications/Xcode.app/Contents/Developer/Platforms/iPhoneOS.platform/Developer/SDKs/iPhoneOS26.5.sdk -o /Users/mh/orca/workspaces/sonar-live-audio/build/release/UnsignedDerivedData/SDKStatCaches.noindex/iphoneos26.5-23F81a-32daed1954a7d5dd0789fcaf2a9bb78b.sdkstatcache

CreateBuildDirectory /Users/mh/orca/workspaces/sonar-live-audio/build/release/UnsignedDerivedData/Build/Products
    cd /Users/mh/orca/workspaces/sonar-live-audio/Sonar.xcodeproj
    builtin-create-build-directory /Users/mh/orca/workspaces/sonar-live-audio/build/release/UnsignedDerivedData/Build/Products

CreateBuildDirectory /Users/mh/orca/workspaces/sonar-live-audio/build/release/UnsignedDerivedData/Build/Intermediates.noindex
    cd /Users/mh/orca/workspaces/sonar-live-audio/Sonar.xcodeproj
    builtin-create-build-directory /Users/mh/orca/workspaces/sonar-live-audio/build/release/UnsignedDerivedData/Build/Intermediates.noindex

CreateBuildDirectory /Users/mh/orca/workspaces/sonar-live-audio/build/release/UnsignedDerivedData/Build/Products/Release-iphoneos
    cd /Users/mh/orca/workspaces/sonar-live-audio/Sonar.xcodeproj
    builtin-create-build-directory /Users/mh/orca/workspaces/sonar-live-audio/build/release/UnsignedDerivedData/Build/Products/Release-iphoneos

CreateBuildDirectory /Users/mh/orca/workspaces/sonar-live-audio/build/release/UnsignedDerivedData/Build/Intermediates.noindex/SwiftExplicitPrecompiledModules
    cd /Users/mh/orca/workspaces/sonar-live-audio/Sonar.xcodeproj
    builtin-create-build-directory /Users/mh/orca/workspaces/sonar-live-audio/build/release/UnsignedDerivedData/Build/Intermediates.noindex/SwiftExplicitPrecompiledModules

CreateBuildDirectory /Users/mh/orca/workspaces/sonar-live-audio/build/release/UnsignedDerivedData/Build/Intermediates.noindex/ExplicitPrecompiledModules
    cd /Users/mh/orca/workspaces/sonar-live-audio/Sonar.xcodeproj
    builtin-create-build-directory /Users/mh/orca/workspaces/sonar-live-audio/build/release/UnsignedDerivedData/Build/Intermediates.noindex/ExplicitPrecompiledModules

CreateBuildDirectory /Users/mh/orca/workspaces/sonar-live-audio/build/release/UnsignedDerivedData/Build/Intermediates.noindex/EagerLinkingTBDs/Release-iphoneos
    cd /Users/mh/orca/workspaces/sonar-live-audio/Sonar.xcodeproj
    builtin-create-build-directory /Users/mh/orca/workspaces/sonar-live-audio/build/release/UnsignedDerivedData/Build/Intermediates.noindex/EagerLinkingTBDs/Release-iphoneos

WriteAuxiliaryFile /Users/mh/orca/workspaces/sonar-live-audio/build/release/UnsignedDerivedData/Build/Intermediates.noindex/Sonar.build/Release-iphoneos/Sonar-db34dd30bb8c7f546ae4ba4641eb9b62-VFS-iphoneos/all-product-headers.yaml
    cd /Users/mh/orca/workspaces/sonar-live-audio/Sonar.xcodeproj
    write-file /Users/mh/orca/workspaces/sonar-live-audio/build/release/UnsignedDerivedData/Build/Intermediates.noindex/Sonar.build/Release-iphoneos/Sonar-db34dd30bb8c7f546ae4ba4641eb9b62-VFS-iphoneos/all-product-headers.yaml

CreateBuildDirectory /Users/mh/orca/workspaces/sonar-live-audio/build/release/UnsignedDerivedData/Build/Products/Release-iphoneos/PackageFrameworks
    cd /Users/mh/orca/workspaces/sonar-live-audio/Sonar.xcodeproj
    builtin-create-build-directory /Users/mh/orca/workspaces/sonar-live-audio/build/release/UnsignedDerivedData/Build/Products/Release-iphoneos/PackageFrameworks

WriteAuxiliaryFile /Users/mh/orca/workspaces/sonar-live-audio/build/release/UnsignedDerivedData/Build/Intermediates.noindex/swift-collections.build/Release-iphoneos/InternalCollectionsUtilities.build/InternalCollectionsUtilities.modulemap (in target 'InternalCollectionsUtilities' from project 'swift-collections')
    cd /Users/mh/orca/workspaces/sonar-live-audio/build/release/UnsignedDerivedData/SourcePackages/checkouts/swift-collections
    write-file /Users/mh/orca/workspaces/sonar-live-audio/build/release/UnsignedDerivedData/Build/Intermediates.noindex/swift-collections.build/Release-iphoneos/InternalCollectionsUtilities.build/InternalCollectionsUtilities.modulemap

WriteAuxiliaryFile /Users/mh/orca/workspaces/sonar-live-audio/build/release/UnsignedDerivedData/Build/Intermediates.noindex/swift-collections.build/Release-iphoneos/InternalCollectionsUtilities.build/InternalCollectionsUtilities.DependencyMetadataFileList (in target 'InternalCollectionsUtilities' from project 'swift-collections')
    cd /Users/mh/orca/workspaces/sonar-live-audio/build/release/UnsignedDerivedData/SourcePackages/checkouts/swift-collections
    write-file /Users/mh/orca/workspaces/sonar-live-audio/build/release/UnsignedDerivedData/Build/Intermediates.noindex/swift-collections.build/Release-iphoneos/InternalCollectionsUtilities.build/InternalCollectionsUtilities.DependencyMetadataFileList

WriteAuxiliaryFile /Users/mh/orca/workspaces/sonar-live-audio/build/release/UnsignedDerivedData/Build/Intermediates.noindex/swift-collections.build/Release-iphoneos/InternalCollectionsUtilities.build/InternalCollectionsUtilities.DependencyStaticMetadataFileList (in target 'InternalCollectionsUtilities' from project 'swift-collections')
    cd /Users/mh/orca/workspaces/sonar-live-audio/build/release/UnsignedDerivedData/SourcePackages/checkouts/swift-collections
    write-file /Users/mh/orca/workspaces/sonar-live-audio/build/release/UnsignedDerivedData/Build/Intermediates.noindex/swift-collections.build/Release-iphoneos/InternalCollectionsUtilities.build/InternalCollectionsUtilities.DependencyStaticMetadataFileList

WriteAuxiliaryFile /Users/mh/orca/workspaces/sonar-live-audio/build/release/UnsignedDerivedData/Build/Intermediates.noindex/Jinja.build/Release-iphoneos/Jinja.build/Jinja.modulemap (in target 'Jinja' from project 'Jinja')
    cd /Users/mh/orca/workspaces/sonar-live-audio/build/release/UnsignedDerivedData/SourcePackages/checkouts/swift-jinja
    write-file /Users/mh/orca/workspaces/sonar-live-audio/build/release/UnsignedDerivedData/Build/Intermediates.noindex/Jinja.build/Release-iphoneos/Jinja.build/Jinja.modulemap

WriteAuxiliaryFile /Users/mh/orca/workspaces/sonar-live-audio/build/release/UnsignedDerivedData/Build/Intermediates.noindex/swift-collections.build/Release-iphoneos/InternalCollectionsUtilities.build/Objects-normal/arm64/InternalCollectionsUtilities_const_extract_protocols.json (in target 'InternalCollectionsUtilities' from project 'swift-collections')
    cd /Users/mh/orca/workspaces/sonar-live-audio/build/release/UnsignedDerivedData/SourcePackages/checkouts/swift-collections
    write-file /Users/mh/orca/workspaces/sonar-live-audio/build/release/UnsignedDerivedData/Build/Intermediates.noindex/swift-collections.build/Release-iphoneos/InternalCollectionsUtilities.build/Objects-normal/arm64/InternalCollectionsUtilities_const_extract_protocols.json

WriteAuxiliaryFile /Users/mh/orca/workspaces/sonar-live-audio/build/release/UnsignedDerivedData/Build/Intermediates.noindex/swift-collections.build/Release-iphoneos/InternalCollectionsUtilities.build/Objects-normal/arm64/InternalCollectionsUtilities.SwiftFileList (in target 'InternalCollectionsUtilities' from project 'swift-collections')
    cd /Users/mh/orca/workspaces/sonar-live-audio/build/release/UnsignedDerivedData/SourcePackages/checkouts/swift-collections
    write-file /Users/mh/orca/workspaces/sonar-live-audio/build/release/UnsignedDerivedData/Build/Intermediates.noindex/swift-collections.build/Release-iphoneos/InternalCollectionsUtilities.build/Objects-normal/arm64/InternalCollectionsUtilities.SwiftFileList

WriteAuxiliaryFile /Users/mh/orca/workspaces/sonar-live-audio/build/release/UnsignedDerivedData/Build/Intermediates.noindex/swift-collections.build/Release-iphoneos/InternalCollectionsUtilities.build/Objects-normal/arm64/InternalCollectionsUtilities-OutputFileMap.json (in target 'InternalCollectionsUtilities' from project 'swift-collections')
    cd /Users/mh/orca/workspaces/sonar-live-audio/build/release/UnsignedDerivedData/SourcePackages/checkouts/swift-collections
    write-file /Users/mh/orca/workspaces/sonar-live-audio/build/release/UnsignedDerivedData/Build/Intermediates.noindex/swift-collections.build/Release-iphoneos/InternalCollectionsUtilities.build/Objects-normal/arm64/InternalCollectionsUtilities-OutputFileMap.json

WriteAuxiliaryFile /Users/mh/orca/workspaces/sonar-live-audio/build/release/UnsignedDerivedData/Build/Intermediates.noindex/swift-collections.build/Release-iphoneos/InternalCollectionsUtilities.build/Objects-normal/arm64/InternalCollectionsUtilities.SwiftConstValuesFileList (in target 'InternalCollectionsUtilities' from project 'swift-collections')
    cd /Users/mh/orca/workspaces/sonar-live-audio/build/release/UnsignedDerivedData/SourcePackages/checkouts/swift-collections
    write-file /Users/mh/orca/workspaces/sonar-live-audio/build/release/UnsignedDerivedData/Build/Intermediates.noindex/swift-collections.build/Release-iphoneos/InternalCollectionsUtilities.build/Objects-normal/arm64/InternalCollectionsUtilities.SwiftConstValuesFileList

WriteAuxiliaryFile /Users/mh/orca/workspaces/sonar-live-audio/build/release/UnsignedDerivedData/Build/Intermediates.noindex/Jinja.build/Release-iphoneos/Jinja.build/Objects-normal/arm64/Jinja_const_extract_protocols.json (in target 'Jinja' from project 'Jinja')
    cd /Users/mh/orca/workspaces/sonar-live-audio/build/release/UnsignedDerivedData/SourcePackages/checkouts/swift-jinja
    write-file /Users/mh/orca/workspaces/sonar-live-audio/build/release/UnsignedDerivedData/Build/Intermediates.noindex/Jinja.build/Release-iphoneos/Jinja.build/Objects-normal/arm64/Jinja_const_extract_protocols.json

WriteAuxiliaryFile /Users/mh/orca/workspaces/sonar-live-audio/build/release/UnsignedDerivedData/Build/Intermediates.noindex/Jinja.build/Release-iphoneos/Jinja.build/Objects-normal/arm64/Jinja.SwiftFileList (in target 'Jinja' from project 'Jinja')
    cd /Users/mh/orca/workspaces/sonar-live-audio/build/release/UnsignedDerivedData/SourcePackages/checkouts/swift-jinja
    write-file /Users/mh/orca/workspaces/sonar-live-audio/build/release/UnsignedDerivedData/Build/Intermediates.noindex/Jinja.build/Release-iphoneos/Jinja.build/Objects-normal/arm64/Jinja.SwiftFileList

WriteAuxiliaryFile /Users/mh/orca/workspaces/sonar-live-audio/build/release/UnsignedDerivedData/Build/Intermediates.noindex/Jinja.build/Release-iphoneos/Jinja.build/Objects-normal/arm64/Jinja-OutputFileMap.json (in target 'Jinja' from project 'Jinja')
    cd /Users/mh/orca/workspaces/sonar-live-audio/build/release/UnsignedDerivedData/SourcePackages/checkouts/swift-jinja
    write-file /Users/mh/orca/workspaces/sonar-live-audio/build/release/UnsignedDerivedData/Build/Intermediates.noindex/Jinja.build/Release-iphoneos/Jinja.build/Objects-normal/arm64/Jinja-OutputFileMap.json

WriteAuxiliaryFile /Users/mh/orca/workspaces/sonar-live-audio/build/release/UnsignedDerivedData/Build/Intermediates.noindex/swift-collections.build/Release-iphoneos/InternalCollectionsUtilities.build/Objects-normal/arm64/InternalCollectionsUtilities.LinkFileList (in target 'InternalCollectionsUtilities' from project 'swift-collections')
    cd /Users/mh/orca/workspaces/sonar-live-audio/build/release/UnsignedDerivedData/SourcePackages/checkouts/swift-collections
    write-file /Users/mh/orca/workspaces/sonar-live-audio/build/release/UnsignedDerivedData/Build/Intermediates.noindex/swift-collections.build/Release-iphoneos/InternalCollectionsUtilities.build/Objects-normal/arm64/InternalCollectionsUtilities.LinkFileList

WriteAuxiliaryFile /Users/mh/orca/workspaces/sonar-live-audio/build/release/UnsignedDerivedData/Build/Intermediates.noindex/yyjson.build/Release-iphoneos/yyjson.build/yyjson.modulemap (in target 'yyjson' from project 'yyjson')
    cd /Users/mh/orca/workspaces/sonar-live-audio/build/release/UnsignedDerivedData/SourcePackages/checkouts/yyjson
    write-file /Users/mh/orca/workspaces/sonar-live-audio/build/release/UnsignedDerivedData/Build/Intermediates.noindex/yyjson.build/Release-iphoneos/yyjson.build/yyjson.modulemap

WriteAuxiliaryFile /Users/mh/orca/workspaces/sonar-live-audio/build/release/UnsignedDerivedData/Build/Intermediates.noindex/yyjson.build/Release-iphoneos/yyjson.build/yyjson.DependencyStaticMetadataFileList (in target 'yyjson' from project 'yyjson')
    cd /Users/mh/orca/workspaces/sonar-live-audio/build/release/UnsignedDerivedData/SourcePackages/checkouts/yyjson
    write-file /Users/mh/orca/workspaces/sonar-live-audio/build/release/UnsignedDerivedData/Build/Intermediates.noindex/yyjson.build/Release-iphoneos/yyjson.build/yyjson.DependencyStaticMetadataFileList

WriteAuxiliaryFile /Users/mh/orca/workspaces/sonar-live-audio/build/release/UnsignedDerivedData/Build/Intermediates.noindex/yyjson.build/Release-iphoneos/yyjson.build/yyjson.DependencyMetadataFileList (in target 'yyjson' from project 'yyjson')
    cd /Users/mh/orca/workspaces/sonar-live-audio/build/release/UnsignedDerivedData/SourcePackages/checkouts/yyjson
    write-file /Users/mh/orca/workspaces/sonar-live-audio/build/release/UnsignedDerivedData/Build/Intermediates.noindex/yyjson.build/Release-iphoneos/yyjson.build/yyjson.DependencyMetadataFileList

WriteAuxiliaryFile /Users/mh/orca/workspaces/sonar-live-audio/build/release/UnsignedDerivedData/Build/Intermediates.noindex/yyjson.build/Release-iphoneos/yyjson.build/Objects-normal/arm64/yyjson.LinkFileList (in target 'yyjson' from project 'yyjson')
    cd /Users/mh/orca/workspaces/sonar-live-audio/build/release/UnsignedDerivedData/SourcePackages/checkouts/yyjson
    write-file /Users/mh/orca/workspaces/sonar-live-audio/build/release/UnsignedDerivedData/Build/Intermediates.noindex/yyjson.build/Release-iphoneos/yyjson.build/Objects-normal/arm64/yyjson.LinkFileList

WriteAuxiliaryFile /Users/mh/orca/workspaces/sonar-live-audio/build/release/UnsignedDerivedData/Build/Intermediates.noindex/yyjson.build/Release-iphoneos/yyjson.build/Objects-normal/arm64/7187679823f38a2a940e0043cdf9d637-common-args.resp (in target 'yyjson' from project 'yyjson')
    cd /Users/mh/orca/workspaces/sonar-live-audio/build/release/UnsignedDerivedData/SourcePackages/checkouts/yyjson
    write-file /Users/mh/orca/workspaces/sonar-live-audio/build/release/UnsignedDerivedData/Build/Intermediates.noindex/yyjson.build/Release-iphoneos/yyjson.build/Objects-normal/arm64/7187679823f38a2a940e0043cdf9d637-common-args.resp
-fmodules -gmodules '-fmodules-cache-path=/Users/mh/orca/workspaces/sonar-live-audio/build/release/UnsignedDerivedData/ModuleCache.noindex' '-fmodule-name=yyjson' -fpascal-strings -Os -DSWIFT_PACKAGE -g -I/Users/mh/orca/workspaces/sonar-live-audio/build/release/UnsignedDerivedData/Build/Products/Release-iphoneos/include -I/Users/mh/orca/workspaces/sonar-live-audio/build/release/UnsignedDerivedData/SourcePackages/checkouts/yyjson/src -I/Users/mh/orca/workspaces/sonar-live-audio/build/release/UnsignedDerivedData/Build/Intermediates.noindex/yyjson.build/Release-iphoneos/yyjson.build/DerivedSources-normal/arm64 -I/Users/mh/orca/workspaces/sonar-live-audio/build/release/UnsignedDerivedData/Build/Intermediates.noindex/yyjson.build/Release-iphoneos/yyjson.build/DerivedSources/arm64 -I/Users/mh/orca/workspaces/sonar-live-audio/build/release/UnsignedDerivedData/Build/Intermediates.noindex/yyjson.build/Release-iphoneos/yyjson.build/DerivedSources -F/Users/mh/orca/workspaces/sonar-live-audio/build/release/UnsignedDerivedData/Build/Products/Release-iphoneos -iframework /Applications/Xcode.app/Contents/Developer/Platforms/iPhoneOS.platform/Developer/Library/Frameworks -iframework /Applications/Xcode.app/Contents/Developer/Platforms/iPhoneOS.platform/Developer/SDKs/iPhoneOS26.5.sdk/Developer/Library/Frameworks -DXcode

WriteAuxiliaryFile /Users/mh/orca/workspaces/sonar-live-audio/build/release/UnsignedDerivedData/Build/Intermediates.noindex/swift-transformers.build/Release-iphoneos/swift-transformers_Hub.build/empty-swift-transformers_Hub.plist (in target 'swift-transformers_Hub' from project 'swift-transformers')
    cd /Users/mh/orca/workspaces/sonar-live-audio/build/release/UnsignedDerivedData/SourcePackages/checkouts/swift-transformers
    write-file /Users/mh/orca/workspaces/sonar-live-audio/build/release/UnsignedDerivedData/Build/Intermediates.noindex/swift-transformers.build/Release-iphoneos/swift-transformers_Hub.build/empty-swift-transformers_Hub.plist

WriteAuxiliaryFile /Users/mh/orca/workspaces/sonar-live-audio/build/release/UnsignedDerivedData/Build/Intermediates.noindex/swift-transformers.build/Release-iphoneos/swift-transformers_Hub.build/swift-transformers_Hub.DependencyStaticMetadataFileList (in target 'swift-transformers_Hub' from project 'swift-transformers')
    cd /Users/mh/orca/workspaces/sonar-live-audio/build/release/UnsignedDerivedData/SourcePackages/checkouts/swift-transformers
    write-file /Users/mh/orca/workspaces/sonar-live-audio/build/release/UnsignedDerivedData/Build/Intermediates.noindex/swift-transformers.build/Release-iphoneos/swift-transformers_Hub.build/swift-transformers_Hub.DependencyStaticMetadataFileList

WriteAuxiliaryFile /Users/mh/orca/workspaces/sonar-live-audio/build/release/UnsignedDerivedData/Build/Intermediates.noindex/swift-transformers.build/Release-iphoneos/swift-transformers_Hub.build/swift-transformers_Hub.DependencyMetadataFileList (in target 'swift-transformers_Hub' from project 'swift-transformers')
    cd /Users/mh/orca/workspaces/sonar-live-audio/build/release/UnsignedDerivedData/SourcePackages/checkouts/swift-transformers
    write-file /Users/mh/orca/workspaces/sonar-live-audio/build/release/UnsignedDerivedData/Build/Intermediates.noindex/swift-transformers.build/Release-iphoneos/swift-transformers_Hub.build/swift-transformers_Hub.DependencyMetadataFileList

WriteAuxiliaryFile /Users/mh/orca/workspaces/sonar-live-audio/build/release/UnsignedDerivedData/Build/Intermediates.noindex/swift-crypto.build/Release-iphoneos/swift-crypto_Crypto.build/empty-swift-crypto_Crypto.plist (in target 'swift-crypto_Crypto' from project 'swift-crypto')
    cd /Users/mh/orca/workspaces/sonar-live-audio/build/release/UnsignedDerivedData/SourcePackages/checkouts/swift-crypto
    write-file /Users/mh/orca/workspaces/sonar-live-audio/build/release/UnsignedDerivedData/Build/Intermediates.noindex/swift-crypto.build/Release-iphoneos/swift-crypto_Crypto.build/empty-swift-crypto_Crypto.plist

WriteAuxiliaryFile /Users/mh/orca/workspaces/sonar-live-audio/build/release/UnsignedDerivedData/Build/Intermediates.noindex/swift-crypto.build/Release-iphoneos/swift-crypto_Crypto.build/swift-crypto_Crypto.DependencyStaticMetadataFileList (in target 'swift-crypto_Crypto' from project 'swift-crypto')
    cd /Users/mh/orca/workspaces/sonar-live-audio/build/release/UnsignedDerivedData/SourcePackages/checkouts/swift-crypto
    write-file /Users/mh/orca/workspaces/sonar-live-audio/build/release/UnsignedDerivedData/Build/Intermediates.noindex/swift-crypto.build/Release-iphoneos/swift-crypto_Crypto.build/swift-crypto_Crypto.DependencyStaticMetadataFileList

WriteAuxiliaryFile /Users/mh/orca/workspaces/sonar-live-audio/build/release/UnsignedDerivedData/Build/Intermediates.noindex/swift-crypto.build/Release-iphoneos/swift-crypto_Crypto.build/swift-crypto_Crypto.DependencyMetadataFileList (in target 'swift-crypto_Crypto' from project 'swift-crypto')
    cd /Users/mh/orca/workspaces/sonar-live-audio/build/release/UnsignedDerivedData/SourcePackages/checkouts/swift-crypto
    write-file /Users/mh/orca/workspaces/sonar-live-audio/build/release/UnsignedDerivedData/Build/Intermediates.noindex/swift-crypto.build/Release-iphoneos/swift-crypto_Crypto.build/swift-crypto_Crypto.DependencyMetadataFileList

WriteAuxiliaryFile /Users/mh/orca/workspaces/sonar-live-audio/build/release/UnsignedDerivedData/Build/Intermediates.noindex/whisperkit.build/Release-iphoneos/WhisperKit.build/WhisperKit.modulemap (in target 'WhisperKit' from project 'whisperkit')
    cd /Users/mh/orca/workspaces/sonar-live-audio/build/release/UnsignedDerivedData/SourcePackages/checkouts/argmax-oss-swift
    write-file /Users/mh/orca/workspaces/sonar-live-audio/build/release/UnsignedDerivedData/Build/Intermediates.noindex/whisperkit.build/Release-iphoneos/WhisperKit.build/WhisperKit.modulemap

WriteAuxiliaryFile /Users/mh/orca/workspaces/sonar-live-audio/build/release/UnsignedDerivedData/Build/Intermediates.noindex/whisperkit.build/Release-iphoneos/WhisperKit.build/WhisperKit.DependencyStaticMetadataFileList (in target 'WhisperKit' from project 'whisperkit')
    cd /Users/mh/orca/workspaces/sonar-live-audio/build/release/UnsignedDerivedData/SourcePackages/checkouts/argmax-oss-swift
    write-file /Users/mh/orca/workspaces/sonar-live-audio/build/release/UnsignedDerivedData/Build/Intermediates.noindex/whisperkit.build/Release-iphoneos/WhisperKit.build/WhisperKit.DependencyStaticMetadataFileList

WriteAuxiliaryFile /Users/mh/orca/workspaces/sonar-live-audio/build/release/UnsignedDerivedData/Build/Intermediates.noindex/whisperkit.build/Release-iphoneos/WhisperKit.build/WhisperKit.DependencyMetadataFileList (in target 'WhisperKit' from project 'whisperkit')
    cd /Users/mh/orca/workspaces/sonar-live-audio/build/release/UnsignedDerivedData/SourcePackages/checkouts/argmax-oss-swift
    write-file /Users/mh/orca/workspaces/sonar-live-audio/build/release/UnsignedDerivedData/Build/Intermediates.noindex/whisperkit.build/Release-iphoneos/WhisperKit.build/WhisperKit.DependencyMetadataFileList

WriteAuxiliaryFile /Users/mh/orca/workspaces/sonar-live-audio/build/release/UnsignedDerivedData/Build/Intermediates.noindex/whisperkit.build/Release-iphoneos/WhisperKit.build/Objects-normal/arm64/WhisperKit.SwiftFileList (in target 'WhisperKit' from project 'whisperkit')
    cd /Users/mh/orca/workspaces/sonar-live-audio/build/release/UnsignedDerivedData/SourcePackages/checkouts/argmax-oss-swift
    write-file /Users/mh/orca/workspaces/sonar-live-audio/build/release/UnsignedDerivedData/Build/Intermediates.noindex/whisperkit.build/Release-iphoneos/WhisperKit.build/Objects-normal/arm64/WhisperKit.SwiftFileList

WriteAuxiliaryFile /Users/mh/orca/workspaces/sonar-live-audio/build/release/UnsignedDerivedData/Build/Intermediates.noindex/whisperkit.build/Release-iphoneos/WhisperKit.build/Objects-normal/arm64/WhisperKit_const_extract_protocols.json (in target 'WhisperKit' from project 'whisperkit')
    cd /Users/mh/orca/workspaces/sonar-live-audio/build/release/UnsignedDerivedData/SourcePackages/checkouts/argmax-oss-swift
    write-file /Users/mh/orca/workspaces/sonar-live-audio/build/release/UnsignedDerivedData/Build/Intermediates.noindex/whisperkit.build/Release-iphoneos/WhisperKit.build/Objects-normal/arm64/WhisperKit_const_extract_protocols.json

WriteAuxiliaryFile /Users/mh/orca/workspaces/sonar-live-audio/build/release/UnsignedDerivedData/Build/Intermediates.noindex/whisperkit.build/Release-iphoneos/WhisperKit.build/Objects-normal/arm64/WhisperKit.SwiftConstValuesFileList (in target 'WhisperKit' from project 'whisperkit')
    cd /Users/mh/orca/workspaces/sonar-live-audio/build/release/UnsignedDerivedData/SourcePackages/checkouts/argmax-oss-swift
    write-file /Users/mh/orca/workspaces/sonar-live-audio/build/release/UnsignedDerivedData/Build/Intermediates.noindex/whisperkit.build/Release-iphoneos/WhisperKit.build/Objects-normal/arm64/WhisperKit.SwiftConstValuesFileList

WriteAuxiliaryFile /Users/mh/orca/workspaces/sonar-live-audio/build/release/UnsignedDerivedData/Build/Intermediates.noindex/whisperkit.build/Release-iphoneos/WhisperKit.build/Objects-normal/arm64/WhisperKit.LinkFileList (in target 'WhisperKit' from project 'whisperkit')
    cd /Users/mh/orca/workspaces/sonar-live-audio/build/release/UnsignedDerivedData/SourcePackages/checkouts/argmax-oss-swift
    write-file /Users/mh/orca/workspaces/sonar-live-audio/build/release/UnsignedDerivedData/Build/Intermediates.noindex/whisperkit.build/Release-iphoneos/WhisperKit.build/Objects-normal/arm64/WhisperKit.LinkFileList

WriteAuxiliaryFile /Users/mh/orca/workspaces/sonar-live-audio/build/release/UnsignedDerivedData/Build/Intermediates.noindex/whisperkit.build/Release-iphoneos/WhisperKit.build/Objects-normal/arm64/WhisperKit-OutputFileMap.json (in target 'WhisperKit' from project 'whisperkit')
    cd /Users/mh/orca/workspaces/sonar-live-audio/build/release/UnsignedDerivedData/SourcePackages/checkouts/argmax-oss-swift
    write-file /Users/mh/orca/workspaces/sonar-live-audio/build/release/UnsignedDerivedData/Build/Intermediates.noindex/whisperkit.build/Release-iphoneos/WhisperKit.build/Objects-normal/arm64/WhisperKit-OutputFileMap.json

WriteAuxiliaryFile /Users/mh/orca/workspaces/sonar-live-audio/build/release/UnsignedDerivedData/Build/Intermediates.noindex/swift-transformers.build/Release-iphoneos/Tokenizers.build/Tokenizers.modulemap (in target 'Tokenizers' from project 'swift-transformers')
    cd /Users/mh/orca/workspaces/sonar-live-audio/build/release/UnsignedDerivedData/SourcePackages/checkouts/swift-transformers
    write-file /Users/mh/orca/workspaces/sonar-live-audio/build/release/UnsignedDerivedData/Build/Intermediates.noindex/swift-transformers.build/Release-iphoneos/Tokenizers.build/Tokenizers.modulemap

WriteAuxiliaryFile /Users/mh/orca/workspaces/sonar-live-audio/build/release/UnsignedDerivedData/Build/Intermediates.noindex/swift-transformers.build/Release-iphoneos/Tokenizers.build/Tokenizers.DependencyStaticMetadataFileList (in target 'Tokenizers' from project 'swift-transformers')
    cd /Users/mh/orca/workspaces/sonar-live-audio/build/release/UnsignedDerivedData/SourcePackages/checkouts/swift-transformers
    write-file /Users/mh/orca/workspaces/sonar-live-audio/build/release/UnsignedDerivedData/Build/Intermediates.noindex/swift-transformers.build/Release-iphoneos/Tokenizers.build/Tokenizers.DependencyStaticMetadataFileList

WriteAuxiliaryFile /Users/mh/orca/workspaces/sonar-live-audio/build/release/UnsignedDerivedData/Build/Intermediates.noindex/swift-transformers.build/Release-iphoneos/Tokenizers.build/Tokenizers.DependencyMetadataFileList (in target 'Tokenizers' from project 'swift-transformers')
    cd /Users/mh/orca/workspaces/sonar-live-audio/build/release/UnsignedDerivedData/SourcePackages/checkouts/swift-transformers
    write-file /Users/mh/orca/workspaces/sonar-live-audio/build/release/UnsignedDerivedData/Build/Intermediates.noindex/swift-transformers.build/Release-iphoneos/Tokenizers.build/Tokenizers.DependencyMetadataFileList

WriteAuxiliaryFile /Users/mh/orca/workspaces/sonar-live-audio/build/release/UnsignedDerivedData/Build/Intermediates.noindex/swift-transformers.build/Release-iphoneos/Tokenizers.build/Objects-normal/arm64/Tokenizers_const_extract_protocols.json (in target 'Tokenizers' from project 'swift-transformers')
    cd /Users/mh/orca/workspaces/sonar-live-audio/build/release/UnsignedDerivedData/SourcePackages/checkouts/swift-transformers
    write-file /Users/mh/orca/workspaces/sonar-live-audio/build/release/UnsignedDerivedData/Build/Intermediates.noindex/swift-transformers.build/Release-iphoneos/Tokenizers.build/Objects-normal/arm64/Tokenizers_const_extract_protocols.json

WriteAuxiliaryFile /Users/mh/orca/workspaces/sonar-live-audio/build/release/UnsignedDerivedData/Build/Intermediates.noindex/swift-transformers.build/Release-iphoneos/Tokenizers.build/Objects-normal/arm64/Tokenizers.SwiftFileList (in target 'Tokenizers' from project 'swift-transformers')
    cd /Users/mh/orca/workspaces/sonar-live-audio/build/release/UnsignedDerivedData/SourcePackages/checkouts/swift-transformers
    write-file /Users/mh/orca/workspaces/sonar-live-audio/build/release/UnsignedDerivedData/Build/Intermediates.noindex/swift-transformers.build/Release-iphoneos/Tokenizers.build/Objects-normal/arm64/Tokenizers.SwiftFileList

WriteAuxiliaryFile /Users/mh/orca/workspaces/sonar-live-audio/build/release/UnsignedDerivedData/Build/Intermediates.noindex/swift-transformers.build/Release-iphoneos/Tokenizers.build/Objects-normal/arm64/Tokenizers.SwiftConstValuesFileList (in target 'Tokenizers' from project 'swift-transformers')
    cd /Users/mh/orca/workspaces/sonar-live-audio/build/release/UnsignedDerivedData/SourcePackages/checkouts/swift-transformers
    write-file /Users/mh/orca/workspaces/sonar-live-audio/build/release/UnsignedDerivedData/Build/Intermediates.noindex/swift-transformers.build/Release-iphoneos/Tokenizers.build/Objects-normal/arm64/Tokenizers.SwiftConstValuesFileList

WriteAuxiliaryFile /Users/mh/orca/workspaces/sonar-live-audio/build/release/UnsignedDerivedData/Build/Intermediates.noindex/swift-transformers.build/Release-iphoneos/Tokenizers.build/Objects-normal/arm64/Tokenizers.LinkFileList (in target 'Tokenizers' from project 'swift-transformers')
    cd /Users/mh/orca/workspaces/sonar-live-audio/build/release/UnsignedDerivedData/SourcePackages/checkouts/swift-transformers
    write-file /Users/mh/orca/workspaces/sonar-live-audio/build/release/UnsignedDerivedData/Build/Intermediates.noindex/swift-transformers.build/Release-iphoneos/Tokenizers.build/Objects-normal/arm64/Tokenizers.LinkFileList

WriteAuxiliaryFile /Users/mh/orca/workspaces/sonar-live-audio/build/release/UnsignedDerivedData/Build/Intermediates.noindex/swift-transformers.build/Release-iphoneos/Tokenizers.build/Objects-normal/arm64/Tokenizers-OutputFileMap.json (in target 'Tokenizers' from project 'swift-transformers')
    cd /Users/mh/orca/workspaces/sonar-live-audio/build/release/UnsignedDerivedData/SourcePackages/checkouts/swift-transformers
    write-file /Users/mh/orca/workspaces/sonar-live-audio/build/release/UnsignedDerivedData/Build/Intermediates.noindex/swift-transformers.build/Release-iphoneos/Tokenizers.build/Objects-normal/arm64/Tokenizers-OutputFileMap.json

WriteAuxiliaryFile /Users/mh/orca/workspaces/sonar-live-audio/build/release/UnsignedDerivedData/Build/Intermediates.noindex/SwiftProtobuf.build/Release-iphoneos/SwiftProtobuf_SwiftProtobuf.build/empty-SwiftProtobuf_SwiftProtobuf.plist (in target 'SwiftProtobuf_SwiftProtobuf' from project 'SwiftProtobuf')
    cd /Users/mh/orca/workspaces/sonar-live-audio/build/release/UnsignedDerivedData/SourcePackages/checkouts/swift-protobuf
    write-file /Users/mh/orca/workspaces/sonar-live-audio/build/release/UnsignedDerivedData/Build/Intermediates.noindex/SwiftProtobuf.build/Release-iphoneos/SwiftProtobuf_SwiftProtobuf.build/empty-SwiftProtobuf_SwiftProtobuf.plist

WriteAuxiliaryFile /Users/mh/orca/workspaces/sonar-live-audio/build/release/UnsignedDerivedData/Build/Intermediates.noindex/SwiftProtobuf.build/Release-iphoneos/SwiftProtobuf_SwiftProtobuf.build/SwiftProtobuf_SwiftProtobuf.DependencyStaticMetadataFileList (in target 'SwiftProtobuf_SwiftProtobuf' from project 'SwiftProtobuf')
    cd /Users/mh/orca/workspaces/sonar-live-audio/build/release/UnsignedDerivedData/SourcePackages/checkouts/swift-protobuf
    write-file /Users/mh/orca/workspaces/sonar-live-audio/build/release/UnsignedDerivedData/Build/Intermediates.noindex/SwiftProtobuf.build/Release-iphoneos/SwiftProtobuf_SwiftProtobuf.build/SwiftProtobuf_SwiftProtobuf.DependencyStaticMetadataFileList

WriteAuxiliaryFile /Users/mh/orca/workspaces/sonar-live-audio/build/release/UnsignedDerivedData/Build/Intermediates.noindex/SwiftProtobuf.build/Release-iphoneos/SwiftProtobuf_SwiftProtobuf.build/SwiftProtobuf_SwiftProtobuf.DependencyMetadataFileList (in target 'SwiftProtobuf_SwiftProtobuf' from project 'SwiftProtobuf')
    cd /Users/mh/orca/workspaces/sonar-live-audio/build/release/UnsignedDerivedData/SourcePackages/checkouts/swift-protobuf
    write-file /Users/mh/orca/workspaces/sonar-live-audio/build/release/UnsignedDerivedData/Build/Intermediates.noindex/SwiftProtobuf.build/Release-iphoneos/SwiftProtobuf_SwiftProtobuf.build/SwiftProtobuf_SwiftProtobuf.DependencyMetadataFileList

WriteAuxiliaryFile /Users/mh/orca/workspaces/sonar-live-audio/build/release/UnsignedDerivedData/Build/Intermediates.noindex/SwiftProtobuf.build/Release-iphoneos/SwiftProtobuf.build/SwiftProtobuf.DependencyStaticMetadataFileList (in target 'SwiftProtobuf' from project 'SwiftProtobuf')
    cd /Users/mh/orca/workspaces/sonar-live-audio/build/release/UnsignedDerivedData/SourcePackages/checkouts/swift-protobuf
    write-file /Users/mh/orca/workspaces/sonar-live-audio/build/release/UnsignedDerivedData/Build/Intermediates.noindex/SwiftProtobuf.build/Release-iphoneos/SwiftProtobuf.build/SwiftProtobuf.DependencyStaticMetadataFileList

WriteAuxiliaryFile /Users/mh/orca/workspaces/sonar-live-audio/build/release/UnsignedDerivedData/Build/Intermediates.noindex/SwiftProtobuf.build/Release-iphoneos/SwiftProtobuf.build/SwiftProtobuf.DependencyMetadataFileList (in target 'SwiftProtobuf' from project 'SwiftProtobuf')
    cd /Users/mh/orca/workspaces/sonar-live-audio/build/release/UnsignedDerivedData/SourcePackages/checkouts/swift-protobuf
    write-file /Users/mh/orca/workspaces/sonar-live-audio/build/release/UnsignedDerivedData/Build/Intermediates.noindex/SwiftProtobuf.build/Release-iphoneos/SwiftProtobuf.build/SwiftProtobuf.DependencyMetadataFileList

WriteAuxiliaryFile /Users/mh/orca/workspaces/sonar-live-audio/build/release/UnsignedDerivedData/Build/Intermediates.noindex/SwiftProtobuf.build/Release-iphoneos/SwiftProtobuf.build/SwiftProtobuf.modulemap (in target 'SwiftProtobuf' from project 'SwiftProtobuf')
    cd /Users/mh/orca/workspaces/sonar-live-audio/build/release/UnsignedDerivedData/SourcePackages/checkouts/swift-protobuf
    write-file /Users/mh/orca/workspaces/sonar-live-audio/build/release/UnsignedDerivedData/Build/Intermediates.noindex/SwiftProtobuf.build/Release-iphoneos/SwiftProtobuf.build/SwiftProtobuf.modulemap

WriteAuxiliaryFile /Users/mh/orca/workspaces/sonar-live-audio/build/release/UnsignedDerivedData/Build/Intermediates.noindex/SwiftProtobuf.build/Release-iphoneos/SwiftProtobuf.build/Objects-normal/arm64/SwiftProtobuf.SwiftConstValuesFileList (in target 'SwiftProtobuf' from project 'SwiftProtobuf')
    cd /Users/mh/orca/workspaces/sonar-live-audio/build/release/UnsignedDerivedData/SourcePackages/checkouts/swift-protobuf
    write-file /Users/mh/orca/workspaces/sonar-live-audio/build/release/UnsignedDerivedData/Build/Intermediates.noindex/SwiftProtobuf.build/Release-iphoneos/SwiftProtobuf.build/Objects-normal/arm64/SwiftProtobuf.SwiftConstValuesFileList

WriteAuxiliaryFile /Users/mh/orca/workspaces/sonar-live-audio/build/release/UnsignedDerivedData/Build/Intermediates.noindex/SwiftProtobuf.build/Release-iphoneos/SwiftProtobuf.build/Objects-normal/arm64/SwiftProtobuf_const_extract_protocols.json (in target 'SwiftProtobuf' from project 'SwiftProtobuf')
    cd /Users/mh/orca/workspaces/sonar-live-audio/build/release/UnsignedDerivedData/SourcePackages/checkouts/swift-protobuf
    write-file /Users/mh/orca/workspaces/sonar-live-audio/build/release/UnsignedDerivedData/Build/Intermediates.noindex/SwiftProtobuf.build/Release-iphoneos/SwiftProtobuf.build/Objects-normal/arm64/SwiftProtobuf_const_extract_protocols.json

WriteAuxiliaryFile /Users/mh/orca/workspaces/sonar-live-audio/build/release/UnsignedDerivedData/Build/Intermediates.noindex/SwiftProtobuf.build/Release-iphoneos/SwiftProtobuf.build/Objects-normal/arm64/SwiftProtobuf.SwiftFileList (in target 'SwiftProtobuf' from project 'SwiftProtobuf')
    cd /Users/mh/orca/workspaces/sonar-live-audio/build/release/UnsignedDerivedData/SourcePackages/checkouts/swift-protobuf
    write-file /Users/mh/orca/workspaces/sonar-live-audio/build/release/UnsignedDerivedData/Build/Intermediates.noindex/SwiftProtobuf.build/Release-iphoneos/SwiftProtobuf.build/Objects-normal/arm64/SwiftProtobuf.SwiftFileList

WriteAuxiliaryFile /Users/mh/orca/workspaces/sonar-live-audio/build/release/UnsignedDerivedData/Build/Intermediates.noindex/SwiftProtobuf.build/Release-iphoneos/SwiftProtobuf.build/Objects-normal/arm64/SwiftProtobuf.LinkFileList (in target 'SwiftProtobuf' from project 'SwiftProtobuf')
    cd /Users/mh/orca/workspaces/sonar-live-audio/build/release/UnsignedDerivedData/SourcePackages/checkouts/swift-protobuf
    write-file /Users/mh/orca/workspaces/sonar-live-audio/build/release/UnsignedDerivedData/Build/Intermediates.noindex/SwiftProtobuf.build/Release-iphoneos/SwiftProtobuf.build/Objects-normal/arm64/SwiftProtobuf.LinkFileList

WriteAuxiliaryFile /Users/mh/orca/workspaces/sonar-live-audio/build/release/UnsignedDerivedData/Build/Intermediates.noindex/SwiftProtobuf.build/Release-iphoneos/SwiftProtobuf.build/Objects-normal/arm64/SwiftProtobuf-OutputFileMap.json (in target 'SwiftProtobuf' from project 'SwiftProtobuf')
    cd /Users/mh/orca/workspaces/sonar-live-audio/build/release/UnsignedDerivedData/SourcePackages/checkouts/swift-protobuf
    write-file /Users/mh/orca/workspaces/sonar-live-audio/build/release/UnsignedDerivedData/Build/Intermediates.noindex/SwiftProtobuf.build/Release-iphoneos/SwiftProtobuf.build/Objects-normal/arm64/SwiftProtobuf-OutputFileMap.json

WriteAuxiliaryFile /Users/mh/orca/workspaces/sonar-live-audio/build/release/UnsignedDerivedData/Build/Intermediates.noindex/SwiftProtobuf.build/Release-iphoneos/SwiftProtobuf.build/DerivedSources/resource_bundle_accessor.swift (in target 'SwiftProtobuf' from project 'SwiftProtobuf')
    cd /Users/mh/orca/workspaces/sonar-live-audio/build/release/UnsignedDerivedData/SourcePackages/checkouts/swift-protobuf
    write-file /Users/mh/orca/workspaces/sonar-live-audio/build/release/UnsignedDerivedData/Build/Intermediates.noindex/SwiftProtobuf.build/Release-iphoneos/SwiftProtobuf.build/DerivedSources/resource_bundle_accessor.swift

WriteAuxiliaryFile /Users/mh/orca/workspaces/sonar-live-audio/build/release/UnsignedDerivedData/Build/Intermediates.noindex/swift-collections.build/Release-iphoneos/OrderedCollections.build/OrderedCollections.modulemap (in target 'OrderedCollections' from project 'swift-collections')
    cd /Users/mh/orca/workspaces/sonar-live-audio/build/release/UnsignedDerivedData/SourcePackages/checkouts/swift-collections
    write-file /Users/mh/orca/workspaces/sonar-live-audio/build/release/UnsignedDerivedData/Build/Intermediates.noindex/swift-collections.build/Release-iphoneos/OrderedCollections.build/OrderedCollections.modulemap

WriteAuxiliaryFile /Users/mh/orca/workspaces/sonar-live-audio/build/release/UnsignedDerivedData/Build/Intermediates.noindex/swift-collections.build/Release-iphoneos/OrderedCollections.build/OrderedCollections.DependencyStaticMetadataFileList (in target 'OrderedCollections' from project 'swift-collections')
    cd /Users/mh/orca/workspaces/sonar-live-audio/build/release/UnsignedDerivedData/SourcePackages/checkouts/swift-collections
    write-file /Users/mh/orca/workspaces/sonar-live-audio/build/release/UnsignedDerivedData/Build/Intermediates.noindex/swift-collections.build/Release-iphoneos/OrderedCollections.build/OrderedCollections.DependencyStaticMetadataFileList

WriteAuxiliaryFile /Users/mh/orca/workspaces/sonar-live-audio/build/release/UnsignedDerivedData/Build/Intermediates.noindex/swift-collections.build/Release-iphoneos/OrderedCollections.build/OrderedCollections.DependencyMetadataFileList (in target 'OrderedCollections' from project 'swift-collections')
    cd /Users/mh/orca/workspaces/sonar-live-audio/build/release/UnsignedDerivedData/SourcePackages/checkouts/swift-collections
    write-file /Users/mh/orca/workspaces/sonar-live-audio/build/release/UnsignedDerivedData/Build/Intermediates.noindex/swift-collections.build/Release-iphoneos/OrderedCollections.build/OrderedCollections.DependencyMetadataFileList

WriteAuxiliaryFile /Users/mh/orca/workspaces/sonar-live-audio/build/release/UnsignedDerivedData/Build/Intermediates.noindex/swift-collections.build/Release-iphoneos/OrderedCollections.build/Objects-normal/arm64/OrderedCollections_const_extract_protocols.json (in target 'OrderedCollections' from project 'swift-collections')
    cd /Users/mh/orca/workspaces/sonar-live-audio/build/release/UnsignedDerivedData/SourcePackages/checkouts/swift-collections
    write-file /Users/mh/orca/workspaces/sonar-live-audio/build/release/UnsignedDerivedData/Build/Intermediates.noindex/swift-collections.build/Release-iphoneos/OrderedCollections.build/Objects-normal/arm64/OrderedCollections_const_extract_protocols.json

WriteAuxiliaryFile /Users/mh/orca/workspaces/sonar-live-audio/build/release/UnsignedDerivedData/Build/Intermediates.noindex/swift-collections.build/Release-iphoneos/OrderedCollections.build/Objects-normal/arm64/OrderedCollections.SwiftFileList (in target 'OrderedCollections' from project 'swift-collections')
    cd /Users/mh/orca/workspaces/sonar-live-audio/build/release/UnsignedDerivedData/SourcePackages/checkouts/swift-collections
    write-file /Users/mh/orca/workspaces/sonar-live-audio/build/release/UnsignedDerivedData/Build/Intermediates.noindex/swift-collections.build/Release-iphoneos/OrderedCollections.build/Objects-normal/arm64/OrderedCollections.SwiftFileList

WriteAuxiliaryFile /Users/mh/orca/workspaces/sonar-live-audio/build/release/UnsignedDerivedData/Build/Intermediates.noindex/swift-collections.build/Release-iphoneos/OrderedCollections.build/Objects-normal/arm64/OrderedCollections.SwiftConstValuesFileList (in target 'OrderedCollections' from project 'swift-collections')
    cd /Users/mh/orca/workspaces/sonar-live-audio/build/release/UnsignedDerivedData/SourcePackages/checkouts/swift-collections
    write-file /Users/mh/orca/workspaces/sonar-live-audio/build/release/UnsignedDerivedData/Build/Intermediates.noindex/swift-collections.build/Release-iphoneos/OrderedCollections.build/Objects-normal/arm64/OrderedCollections.SwiftConstValuesFileList

WriteAuxiliaryFile /Users/mh/orca/workspaces/sonar-live-audio/build/release/UnsignedDerivedData/Build/Intermediates.noindex/swift-collections.build/Release-iphoneos/OrderedCollections.build/Objects-normal/arm64/OrderedCollections.LinkFileList (in target 'OrderedCollections' from project 'swift-collections')
    cd /Users/mh/orca/workspaces/sonar-live-audio/build/release/UnsignedDerivedData/SourcePackages/checkouts/swift-collections
    write-file /Users/mh/orca/workspaces/sonar-live-audio/build/release/UnsignedDerivedData/Build/Intermediates.noindex/swift-collections.build/Release-iphoneos/OrderedCollections.build/Objects-normal/arm64/OrderedCollections.LinkFileList

WriteAuxiliaryFile /Users/mh/orca/workspaces/sonar-live-audio/build/release/UnsignedDerivedData/Build/Intermediates.noindex/swift-collections.build/Release-iphoneos/OrderedCollections.build/Objects-normal/arm64/OrderedCollections-OutputFileMap.json (in target 'OrderedCollections' from project 'swift-collections')
    cd /Users/mh/orca/workspaces/sonar-live-audio/build/release/UnsignedDerivedData/SourcePackages/checkouts/swift-collections
    write-file /Users/mh/orca/workspaces/sonar-live-audio/build/release/UnsignedDerivedData/Build/Intermediates.noindex/swift-collections.build/Release-iphoneos/OrderedCollections.build/Objects-normal/arm64/OrderedCollections-OutputFileMap.json

WriteAuxiliaryFile /Users/mh/orca/workspaces/sonar-live-audio/build/release/UnsignedDerivedData/Build/Intermediates.noindex/LiveKit.build/Release-iphoneos/LiveKit_LiveKit.build/LiveKit_LiveKit.DependencyStaticMetadataFileList (in target 'LiveKit_LiveKit' from project 'LiveKit')
    cd /Users/mh/orca/workspaces/sonar-live-audio/build/release/UnsignedDerivedData/SourcePackages/checkouts/client-sdk-swift
    write-file /Users/mh/orca/workspaces/sonar-live-audio/build/release/UnsignedDerivedData/Build/Intermediates.noindex/LiveKit.build/Release-iphoneos/LiveKit_LiveKit.build/LiveKit_LiveKit.DependencyStaticMetadataFileList

WriteAuxiliaryFile /Users/mh/orca/workspaces/sonar-live-audio/build/release/UnsignedDerivedData/Build/Intermediates.noindex/LiveKit.build/Release-iphoneos/LiveKit_LiveKit.build/empty-LiveKit_LiveKit.plist (in target 'LiveKit_LiveKit' from project 'LiveKit')
    cd /Users/mh/orca/workspaces/sonar-live-audio/build/release/UnsignedDerivedData/SourcePackages/checkouts/client-sdk-swift
    write-file /Users/mh/orca/workspaces/sonar-live-audio/build/release/UnsignedDerivedData/Build/Intermediates.noindex/LiveKit.build/Release-iphoneos/LiveKit_LiveKit.build/empty-LiveKit_LiveKit.plist

WriteAuxiliaryFile /Users/mh/orca/workspaces/sonar-live-audio/build/release/UnsignedDerivedData/Build/Intermediates.noindex/LiveKit.build/Release-iphoneos/LiveKit_LiveKit.build/LiveKit_LiveKit.DependencyMetadataFileList (in target 'LiveKit_LiveKit' from project 'LiveKit')
    cd /Users/mh/orca/workspaces/sonar-live-audio/build/release/UnsignedDerivedData/SourcePackages/checkouts/client-sdk-swift
    write-file /Users/mh/orca/workspaces/sonar-live-audio/build/release/UnsignedDerivedData/Build/Intermediates.noindex/LiveKit.build/Release-iphoneos/LiveKit_LiveKit.build/LiveKit_LiveKit.DependencyMetadataFileList

WriteAuxiliaryFile /Users/mh/orca/workspaces/sonar-live-audio/build/release/UnsignedDerivedData/Build/Intermediates.noindex/LiveKit.build/Release-iphoneos/LKObjCHelpers.build/LKObjCHelpers.DependencyStaticMetadataFileList (in target 'LKObjCHelpers' from project 'LiveKit')
    cd /Users/mh/orca/workspaces/sonar-live-audio/build/release/UnsignedDerivedData/SourcePackages/checkouts/client-sdk-swift
    write-file /Users/mh/orca/workspaces/sonar-live-audio/build/release/UnsignedDerivedData/Build/Intermediates.noindex/LiveKit.build/Release-iphoneos/LKObjCHelpers.build/LKObjCHelpers.DependencyStaticMetadataFileList

WriteAuxiliaryFile /Users/mh/orca/workspaces/sonar-live-audio/build/release/UnsignedDerivedData/Build/Intermediates.noindex/LiveKit.build/Release-iphoneos/LKObjCHelpers.build/LKObjCHelpers.modulemap (in target 'LKObjCHelpers' from project 'LiveKit')
    cd /Users/mh/orca/workspaces/sonar-live-audio/build/release/UnsignedDerivedData/SourcePackages/checkouts/client-sdk-swift
    write-file /Users/mh/orca/workspaces/sonar-live-audio/build/release/UnsignedDerivedData/Build/Intermediates.noindex/LiveKit.build/Release-iphoneos/LKObjCHelpers.build/LKObjCHelpers.modulemap

WriteAuxiliaryFile /Users/mh/orca/workspaces/sonar-live-audio/build/release/UnsignedDerivedData/Build/Intermediates.noindex/LiveKit.build/Release-iphoneos/LKObjCHelpers.build/Objects-normal/arm64/e6072d4f65d7061329687fe24e3d63a7-common-args.resp (in target 'LKObjCHelpers' from project 'LiveKit')
    cd /Users/mh/orca/workspaces/sonar-live-audio/build/release/UnsignedDerivedData/SourcePackages/checkouts/client-sdk-swift
    write-file /Users/mh/orca/workspaces/sonar-live-audio/build/release/UnsignedDerivedData/Build/Intermediates.noindex/LiveKit.build/Release-iphoneos/LKObjCHelpers.build/Objects-normal/arm64/e6072d4f65d7061329687fe24e3d63a7-common-args.resp
-fobjc-arc -fmodules -gmodules '-fmodules-cache-path=/Users/mh/orca/workspaces/sonar-live-audio/build/release/UnsignedDerivedData/ModuleCache.noindex' '-fmodule-name=LKObjCHelpers' -fpascal-strings -Os -DSWIFT_PACKAGE '-DOBJC_OLD_DISPATCH_PROTOTYPES=1' -g -I/Users/mh/orca/workspaces/sonar-live-audio/build/release/UnsignedDerivedData/Build/Products/Release-iphoneos/include -I/Users/mh/orca/workspaces/sonar-live-audio/build/release/UnsignedDerivedData/SourcePackages/checkouts/client-sdk-swift/Sources/LKObjCHelpers/include -I/Users/mh/orca/workspaces/sonar-live-audio/build/release/UnsignedDerivedData/Build/Intermediates.noindex/LiveKit.build/Release-iphoneos/LKObjCHelpers.build/DerivedSources-normal/arm64 -I/Users/mh/orca/workspaces/sonar-live-audio/build/release/UnsignedDerivedData/Build/Intermediates.noindex/LiveKit.build/Release-iphoneos/LKObjCHelpers.build/DerivedSources/arm64 -I/Users/mh/orca/workspaces/sonar-live-audio/build/release/UnsignedDerivedData/Build/Intermediates.noindex/LiveKit.build/Release-iphoneos/LKObjCHelpers.build/DerivedSources -F/Users/mh/orca/workspaces/sonar-live-audio/build/release/UnsignedDerivedData/Build/Products/Release-iphoneos -iframework /Applications/Xcode.app/Contents/Developer/Platforms/iPhoneOS.platform/Developer/Library/Frameworks -iframework /Applications/Xcode.app/Contents/Developer/Platforms/iPhoneOS.platform/Developer/SDKs/iPhoneOS26.5.sdk/Developer/Library/Frameworks -DXcode

WriteAuxiliaryFile /Users/mh/orca/workspaces/sonar-live-audio/build/release/UnsignedDerivedData/Build/Intermediates.noindex/LiveKit.build/Release-iphoneos/LKObjCHelpers.build/Objects-normal/arm64/LKObjCHelpers.LinkFileList (in target 'LKObjCHelpers' from project 'LiveKit')
    cd /Users/mh/orca/workspaces/sonar-live-audio/build/release/UnsignedDerivedData/SourcePackages/checkouts/client-sdk-swift
    write-file /Users/mh/orca/workspaces/sonar-live-audio/build/release/UnsignedDerivedData/Build/Intermediates.noindex/LiveKit.build/Release-iphoneos/LKObjCHelpers.build/Objects-normal/arm64/LKObjCHelpers.LinkFileList

WriteAuxiliaryFile /Users/mh/orca/workspaces/sonar-live-audio/build/release/UnsignedDerivedData/Build/Intermediates.noindex/LiveKit.build/Release-iphoneos/LKObjCHelpers.build/LKObjCHelpers.DependencyMetadataFileList (in target 'LKObjCHelpers' from project 'LiveKit')
    cd /Users/mh/orca/workspaces/sonar-live-audio/build/release/UnsignedDerivedData/SourcePackages/checkouts/client-sdk-swift
    write-file /Users/mh/orca/workspaces/sonar-live-audio/build/release/UnsignedDerivedData/Build/Intermediates.noindex/LiveKit.build/Release-iphoneos/LKObjCHelpers.build/LKObjCHelpers.DependencyMetadataFileList

WriteAuxiliaryFile /Users/mh/orca/workspaces/sonar-live-audio/build/release/UnsignedDerivedData/Build/Intermediates.noindex/Jinja.build/Release-iphoneos/Jinja.build/Objects-normal/arm64/Jinja.SwiftConstValuesFileList (in target 'Jinja' from project 'Jinja')
    cd /Users/mh/orca/workspaces/sonar-live-audio/build/release/UnsignedDerivedData/SourcePackages/checkouts/swift-jinja
    write-file /Users/mh/orca/workspaces/sonar-live-audio/build/release/UnsignedDerivedData/Build/Intermediates.noindex/Jinja.build/Release-iphoneos/Jinja.build/Objects-normal/arm64/Jinja.SwiftConstValuesFileList

WriteAuxiliaryFile /Users/mh/orca/workspaces/sonar-live-audio/build/release/UnsignedDerivedData/Build/Intermediates.noindex/Jinja.build/Release-iphoneos/Jinja.build/Objects-normal/arm64/Jinja.LinkFileList (in target 'Jinja' from project 'Jinja')
    cd /Users/mh/orca/workspaces/sonar-live-audio/build/release/UnsignedDerivedData/SourcePackages/checkouts/swift-jinja
    write-file /Users/mh/orca/workspaces/sonar-live-audio/build/release/UnsignedDerivedData/Build/Intermediates.noindex/Jinja.build/Release-iphoneos/Jinja.build/Objects-normal/arm64/Jinja.LinkFileList

WriteAuxiliaryFile /Users/mh/orca/workspaces/sonar-live-audio/build/release/UnsignedDerivedData/Build/Intermediates.noindex/Jinja.build/Release-iphoneos/Jinja.build/Jinja.DependencyStaticMetadataFileList (in target 'Jinja' from project 'Jinja')
    cd /Users/mh/orca/workspaces/sonar-live-audio/build/release/UnsignedDerivedData/SourcePackages/checkouts/swift-jinja
    write-file /Users/mh/orca/workspaces/sonar-live-audio/build/release/UnsignedDerivedData/Build/Intermediates.noindex/Jinja.build/Release-iphoneos/Jinja.build/Jinja.DependencyStaticMetadataFileList

WriteAuxiliaryFile /Users/mh/orca/workspaces/sonar-live-audio/build/release/UnsignedDerivedData/Build/Intermediates.noindex/Jinja.build/Release-iphoneos/Jinja.build/Jinja.DependencyMetadataFileList (in target 'Jinja' from project 'Jinja')
    cd /Users/mh/orca/workspaces/sonar-live-audio/build/release/UnsignedDerivedData/SourcePackages/checkouts/swift-jinja
    write-file /Users/mh/orca/workspaces/sonar-live-audio/build/release/UnsignedDerivedData/Build/Intermediates.noindex/Jinja.build/Release-iphoneos/Jinja.build/Jinja.DependencyMetadataFileList

WriteAuxiliaryFile /Users/mh/orca/workspaces/sonar-live-audio/build/release/UnsignedDerivedData/Build/Intermediates.noindex/swift-transformers.build/Release-iphoneos/Hub.build/Objects-normal/arm64/Hub_const_extract_protocols.json (in target 'Hub' from project 'swift-transformers')
    cd /Users/mh/orca/workspaces/sonar-live-audio/build/release/UnsignedDerivedData/SourcePackages/checkouts/swift-transformers
    write-file /Users/mh/orca/workspaces/sonar-live-audio/build/release/UnsignedDerivedData/Build/Intermediates.noindex/swift-transformers.build/Release-iphoneos/Hub.build/Objects-normal/arm64/Hub_const_extract_protocols.json

WriteAuxiliaryFile /Users/mh/orca/workspaces/sonar-live-audio/build/release/UnsignedDerivedData/Build/Intermediates.noindex/swift-transformers.build/Release-iphoneos/Hub.build/Objects-normal/arm64/Hub.SwiftFileList (in target 'Hub' from project 'swift-transformers')
    cd /Users/mh/orca/workspaces/sonar-live-audio/build/release/UnsignedDerivedData/SourcePackages/checkouts/swift-transformers
    write-file /Users/mh/orca/workspaces/sonar-live-audio/build/release/UnsignedDerivedData/Build/Intermediates.noindex/swift-transformers.build/Release-iphoneos/Hub.build/Objects-normal/arm64/Hub.SwiftFileList

WriteAuxiliaryFile /Users/mh/orca/workspaces/sonar-live-audio/build/release/UnsignedDerivedData/Build/Intermediates.noindex/swift-transformers.build/Release-iphoneos/Hub.build/Objects-normal/arm64/Hub.SwiftConstValuesFileList (in target 'Hub' from project 'swift-transformers')
    cd /Users/mh/orca/workspaces/sonar-live-audio/build/release/UnsignedDerivedData/SourcePackages/checkouts/swift-transformers
    write-file /Users/mh/orca/workspaces/sonar-live-audio/build/release/UnsignedDerivedData/Build/Intermediates.noindex/swift-transformers.build/Release-iphoneos/Hub.build/Objects-normal/arm64/Hub.SwiftConstValuesFileList

WriteAuxiliaryFile /Users/mh/orca/workspaces/sonar-live-audio/build/release/UnsignedDerivedData/Build/Intermediates.noindex/swift-transformers.build/Release-iphoneos/Hub.build/Objects-normal/arm64/Hub.LinkFileList (in target 'Hub' from project 'swift-transformers')
    cd /Users/mh/orca/workspaces/sonar-live-audio/build/release/UnsignedDerivedData/SourcePackages/checkouts/swift-transformers
    write-file /Users/mh/orca/workspaces/sonar-live-audio/build/release/UnsignedDerivedData/Build/Intermediates.noindex/swift-transformers.build/Release-iphoneos/Hub.build/Objects-normal/arm64/Hub.LinkFileList

WriteAuxiliaryFile /Users/mh/orca/workspaces/sonar-live-audio/build/release/UnsignedDerivedData/Build/Intermediates.noindex/swift-transformers.build/Release-iphoneos/Hub.build/Objects-normal/arm64/Hub-OutputFileMap.json (in target 'Hub' from project 'swift-transformers')
    cd /Users/mh/orca/workspaces/sonar-live-audio/build/release/UnsignedDerivedData/SourcePackages/checkouts/swift-transformers
    write-file /Users/mh/orca/workspaces/sonar-live-audio/build/release/UnsignedDerivedData/Build/Intermediates.noindex/swift-transformers.build/Release-iphoneos/Hub.build/Objects-normal/arm64/Hub-OutputFileMap.json

WriteAuxiliaryFile /Users/mh/orca/workspaces/sonar-live-audio/build/release/UnsignedDerivedData/Build/Intermediates.noindex/swift-transformers.build/Release-iphoneos/Hub.build/Hub.modulemap (in target 'Hub' from project 'swift-transformers')
    cd /Users/mh/orca/workspaces/sonar-live-audio/build/release/UnsignedDerivedData/SourcePackages/checkouts/swift-transformers
    write-file /Users/mh/orca/workspaces/sonar-live-audio/build/release/UnsignedDerivedData/Build/Intermediates.noindex/swift-transformers.build/Release-iphoneos/Hub.build/Hub.modulemap

WriteAuxiliaryFile /Users/mh/orca/workspaces/sonar-live-audio/build/release/UnsignedDerivedData/Build/Intermediates.noindex/swift-transformers.build/Release-iphoneos/Hub.build/Hub.DependencyStaticMetadataFileList (in target 'Hub' from project 'swift-transformers')
    cd /Users/mh/orca/workspaces/sonar-live-audio/build/release/UnsignedDerivedData/SourcePackages/checkouts/swift-transformers
    write-file /Users/mh/orca/workspaces/sonar-live-audio/build/release/UnsignedDerivedData/Build/Intermediates.noindex/swift-transformers.build/Release-iphoneos/Hub.build/Hub.DependencyStaticMetadataFileList

WriteAuxiliaryFile /Users/mh/orca/workspaces/sonar-live-audio/build/release/UnsignedDerivedData/Build/Intermediates.noindex/swift-transformers.build/Release-iphoneos/Hub.build/Hub.DependencyMetadataFileList (in target 'Hub' from project 'swift-transformers')
    cd /Users/mh/orca/workspaces/sonar-live-audio/build/release/UnsignedDerivedData/SourcePackages/checkouts/swift-transformers
    write-file /Users/mh/orca/workspaces/sonar-live-audio/build/release/UnsignedDerivedData/Build/Intermediates.noindex/swift-transformers.build/Release-iphoneos/Hub.build/Hub.DependencyMetadataFileList

WriteAuxiliaryFile /Users/mh/orca/workspaces/sonar-live-audio/build/release/UnsignedDerivedData/Build/Intermediates.noindex/swift-transformers.build/Release-iphoneos/Hub.build/DerivedSources/resource_bundle_accessor.swift (in target 'Hub' from project 'swift-transformers')
    cd /Users/mh/orca/workspaces/sonar-live-audio/build/release/UnsignedDerivedData/SourcePackages/checkouts/swift-transformers
    write-file /Users/mh/orca/workspaces/sonar-live-audio/build/release/UnsignedDerivedData/Build/Intermediates.noindex/swift-transformers.build/Release-iphoneos/Hub.build/DerivedSources/resource_bundle_accessor.swift

WriteAuxiliaryFile /Users/mh/orca/workspaces/sonar-live-audio/build/release/UnsignedDerivedData/Build/Intermediates.noindex/swift-crypto.build/Release-iphoneos/Crypto.build/Objects-normal/arm64/Crypto_const_extract_protocols.json (in target 'Crypto' from project 'swift-crypto')
    cd /Users/mh/orca/workspaces/sonar-live-audio/build/release/UnsignedDerivedData/SourcePackages/checkouts/swift-crypto
    write-file /Users/mh/orca/workspaces/sonar-live-audio/build/release/UnsignedDerivedData/Build/Intermediates.noindex/swift-crypto.build/Release-iphoneos/Crypto.build/Objects-normal/arm64/Crypto_const_extract_protocols.json

WriteAuxiliaryFile /Users/mh/orca/workspaces/sonar-live-audio/build/release/UnsignedDerivedData/Build/Intermediates.noindex/swift-crypto.build/Release-iphoneos/Crypto.build/Objects-normal/arm64/Crypto.SwiftFileList (in target 'Crypto' from project 'swift-crypto')
    cd /Users/mh/orca/workspaces/sonar-live-audio/build/release/UnsignedDerivedData/SourcePackages/checkouts/swift-crypto
    write-file /Users/mh/orca/workspaces/sonar-live-audio/build/release/UnsignedDerivedData/Build/Intermediates.noindex/swift-crypto.build/Release-iphoneos/Crypto.build/Objects-normal/arm64/Crypto.SwiftFileList

WriteAuxiliaryFile /Users/mh/orca/workspaces/sonar-live-audio/build/release/UnsignedDerivedData/Build/Intermediates.noindex/swift-crypto.build/Release-iphoneos/Crypto.build/Objects-normal/arm64/Crypto.SwiftConstValuesFileList (in target 'Crypto' from project 'swift-crypto')
    cd /Users/mh/orca/workspaces/sonar-live-audio/build/release/UnsignedDerivedData/SourcePackages/checkouts/swift-crypto
    write-file /Users/mh/orca/workspaces/sonar-live-audio/build/release/UnsignedDerivedData/Build/Intermediates.noindex/swift-crypto.build/Release-iphoneos/Crypto.build/Objects-normal/arm64/Crypto.SwiftConstValuesFileList

WriteAuxiliaryFile /Users/mh/orca/workspaces/sonar-live-audio/build/release/UnsignedDerivedData/Build/Intermediates.noindex/swift-crypto.build/Release-iphoneos/Crypto.build/Objects-normal/arm64/Crypto.LinkFileList (in target 'Crypto' from project 'swift-crypto')
    cd /Users/mh/orca/workspaces/sonar-live-audio/build/release/UnsignedDerivedData/SourcePackages/checkouts/swift-crypto
    write-file /Users/mh/orca/workspaces/sonar-live-audio/build/release/UnsignedDerivedData/Build/Intermediates.noindex/swift-crypto.build/Release-iphoneos/Crypto.build/Objects-normal/arm64/Crypto.LinkFileList

WriteAuxiliaryFile /Users/mh/orca/workspaces/sonar-live-audio/build/release/UnsignedDerivedData/Build/Intermediates.noindex/swift-crypto.build/Release-iphoneos/Crypto.build/Objects-normal/arm64/Crypto-OutputFileMap.json (in target 'Crypto' from project 'swift-crypto')
    cd /Users/mh/orca/workspaces/sonar-live-audio/build/release/UnsignedDerivedData/SourcePackages/checkouts/swift-crypto
    write-file /Users/mh/orca/workspaces/sonar-live-audio/build/release/UnsignedDerivedData/Build/Intermediates.noindex/swift-crypto.build/Release-iphoneos/Crypto.build/Objects-normal/arm64/Crypto-OutputFileMap.json

WriteAuxiliaryFile /Users/mh/orca/workspaces/sonar-live-audio/build/release/UnsignedDerivedData/Build/Intermediates.noindex/swift-crypto.build/Release-iphoneos/Crypto.build/DerivedSources/resource_bundle_accessor.swift (in target 'Crypto' from project 'swift-crypto')
    cd /Users/mh/orca/workspaces/sonar-live-audio/build/release/UnsignedDerivedData/SourcePackages/checkouts/swift-crypto
    write-file /Users/mh/orca/workspaces/sonar-live-audio/build/release/UnsignedDerivedData/Build/Intermediates.noindex/swift-crypto.build/Release-iphoneos/Crypto.build/DerivedSources/resource_bundle_accessor.swift

WriteAuxiliaryFile /Users/mh/orca/workspaces/sonar-live-audio/build/release/UnsignedDerivedData/Build/Intermediates.noindex/swift-crypto.build/Release-iphoneos/Crypto.build/Crypto.modulemap (in target 'Crypto' from project 'swift-crypto')
    cd /Users/mh/orca/workspaces/sonar-live-audio/build/release/UnsignedDerivedData/SourcePackages/checkouts/swift-crypto
    write-file /Users/mh/orca/workspaces/sonar-live-audio/build/release/UnsignedDerivedData/Build/Intermediates.noindex/swift-crypto.build/Release-iphoneos/Crypto.build/Crypto.modulemap

WriteAuxiliaryFile /Users/mh/orca/workspaces/sonar-live-audio/build/release/UnsignedDerivedData/Build/Intermediates.noindex/swift-crypto.build/Release-iphoneos/Crypto.build/Crypto.DependencyStaticMetadataFileList (in target 'Crypto' from project 'swift-crypto')
    cd /Users/mh/orca/workspaces/sonar-live-audio/build/release/UnsignedDerivedData/SourcePackages/checkouts/swift-crypto
    write-file /Users/mh/orca/workspaces/sonar-live-audio/build/release/UnsignedDerivedData/Build/Intermediates.noindex/swift-crypto.build/Release-iphoneos/Crypto.build/Crypto.DependencyStaticMetadataFileList

WriteAuxiliaryFile /Users/mh/orca/workspaces/sonar-live-audio/build/release/UnsignedDerivedData/Build/Intermediates.noindex/swift-crypto.build/Release-iphoneos/Crypto.build/Crypto.DependencyMetadataFileList (in target 'Crypto' from project 'swift-crypto')
    cd /Users/mh/orca/workspaces/sonar-live-audio/build/release/UnsignedDerivedData/SourcePackages/checkouts/swift-crypto
    write-file /Users/mh/orca/workspaces/sonar-live-audio/build/release/UnsignedDerivedData/Build/Intermediates.noindex/swift-crypto.build/Release-iphoneos/Crypto.build/Crypto.DependencyMetadataFileList

WriteAuxiliaryFile /Users/mh/orca/workspaces/sonar-live-audio/build/release/UnsignedDerivedData/Build/Intermediates.noindex/whisperkit.build/Release-iphoneos/ArgmaxCore.build/Objects-normal/arm64/ArgmaxCore_const_extract_protocols.json (in target 'ArgmaxCore' from project 'whisperkit')
    cd /Users/mh/orca/workspaces/sonar-live-audio/build/release/UnsignedDerivedData/SourcePackages/checkouts/argmax-oss-swift
    write-file /Users/mh/orca/workspaces/sonar-live-audio/build/release/UnsignedDerivedData/Build/Intermediates.noindex/whisperkit.build/Release-iphoneos/ArgmaxCore.build/Objects-normal/arm64/ArgmaxCore_const_extract_protocols.json

WriteAuxiliaryFile /Users/mh/orca/workspaces/sonar-live-audio/build/release/UnsignedDerivedData/Build/Intermediates.noindex/whisperkit.build/Release-iphoneos/ArgmaxCore.build/Objects-normal/arm64/ArgmaxCore.SwiftFileList (in target 'ArgmaxCore' from project 'whisperkit')
    cd /Users/mh/orca/workspaces/sonar-live-audio/build/release/UnsignedDerivedData/SourcePackages/checkouts/argmax-oss-swift
    write-file /Users/mh/orca/workspaces/sonar-live-audio/build/release/UnsignedDerivedData/Build/Intermediates.noindex/whisperkit.build/Release-iphoneos/ArgmaxCore.build/Objects-normal/arm64/ArgmaxCore.SwiftFileList

WriteAuxiliaryFile /Users/mh/orca/workspaces/sonar-live-audio/build/release/UnsignedDerivedData/Build/Intermediates.noindex/whisperkit.build/Release-iphoneos/ArgmaxCore.build/Objects-normal/arm64/ArgmaxCore.SwiftConstValuesFileList (in target 'ArgmaxCore' from project 'whisperkit')
    cd /Users/mh/orca/workspaces/sonar-live-audio/build/release/UnsignedDerivedData/SourcePackages/checkouts/argmax-oss-swift
    write-file /Users/mh/orca/workspaces/sonar-live-audio/build/release/UnsignedDerivedData/Build/Intermediates.noindex/whisperkit.build/Release-iphoneos/ArgmaxCore.build/Objects-normal/arm64/ArgmaxCore.SwiftConstValuesFileList

WriteAuxiliaryFile /Users/mh/orca/workspaces/sonar-live-audio/build/release/UnsignedDerivedData/Build/Intermediates.noindex/whisperkit.build/Release-iphoneos/ArgmaxCore.build/Objects-normal/arm64/ArgmaxCore.LinkFileList (in target 'ArgmaxCore' from project 'whisperkit')
    cd /Users/mh/orca/workspaces/sonar-live-audio/build/release/UnsignedDerivedData/SourcePackages/checkouts/argmax-oss-swift
    write-file /Users/mh/orca/workspaces/sonar-live-audio/build/release/UnsignedDerivedData/Build/Intermediates.noindex/whisperkit.build/Release-iphoneos/ArgmaxCore.build/Objects-normal/arm64/ArgmaxCore.LinkFileList

WriteAuxiliaryFile /Users/mh/orca/workspaces/sonar-live-audio/build/release/UnsignedDerivedData/Build/Intermediates.noindex/whisperkit.build/Release-iphoneos/ArgmaxCore.build/Objects-normal/arm64/ArgmaxCore-OutputFileMap.json (in target 'ArgmaxCore' from project 'whisperkit')
    cd /Users/mh/orca/workspaces/sonar-live-audio/build/release/UnsignedDerivedData/SourcePackages/checkouts/argmax-oss-swift
    write-file /Users/mh/orca/workspaces/sonar-live-audio/build/release/UnsignedDerivedData/Build/Intermediates.noindex/whisperkit.build/Release-iphoneos/ArgmaxCore.build/Objects-normal/arm64/ArgmaxCore-OutputFileMap.json

WriteAuxiliaryFile /Users/mh/orca/workspaces/sonar-live-audio/build/release/UnsignedDerivedData/Build/Intermediates.noindex/whisperkit.build/Release-iphoneos/ArgmaxCore.build/ArgmaxCore.modulemap (in target 'ArgmaxCore' from project 'whisperkit')
    cd /Users/mh/orca/workspaces/sonar-live-audio/build/release/UnsignedDerivedData/SourcePackages/checkouts/argmax-oss-swift
    write-file /Users/mh/orca/workspaces/sonar-live-audio/build/release/UnsignedDerivedData/Build/Intermediates.noindex/whisperkit.build/Release-iphoneos/ArgmaxCore.build/ArgmaxCore.modulemap

WriteAuxiliaryFile /Users/mh/orca/workspaces/sonar-live-audio/build/release/UnsignedDerivedData/Build/Intermediates.noindex/whisperkit.build/Release-iphoneos/ArgmaxCore.build/ArgmaxCore.DependencyStaticMetadataFileList (in target 'ArgmaxCore' from project 'whisperkit')
    cd /Users/mh/orca/workspaces/sonar-live-audio/build/release/UnsignedDerivedData/SourcePackages/checkouts/argmax-oss-swift
    write-file /Users/mh/orca/workspaces/sonar-live-audio/build/release/UnsignedDerivedData/Build/Intermediates.noindex/whisperkit.build/Release-iphoneos/ArgmaxCore.build/ArgmaxCore.DependencyStaticMetadataFileList

WriteAuxiliaryFile /Users/mh/orca/workspaces/sonar-live-audio/build/release/UnsignedDerivedData/Build/Intermediates.noindex/whisperkit.build/Release-iphoneos/ArgmaxCore.build/ArgmaxCore.DependencyMetadataFileList (in target 'ArgmaxCore' from project 'whisperkit')
    cd /Users/mh/orca/workspaces/sonar-live-audio/build/release/UnsignedDerivedData/SourcePackages/checkouts/argmax-oss-swift
    write-file /Users/mh/orca/workspaces/sonar-live-audio/build/release/UnsignedDerivedData/Build/Intermediates.noindex/whisperkit.build/Release-iphoneos/ArgmaxCore.build/ArgmaxCore.DependencyMetadataFileList

MkDir /Users/mh/orca/workspaces/sonar-live-audio/build/release/UnsignedDerivedData/Build/Products/Release-iphoneos/swift-transformers_Hub.bundle (in target 'swift-transformers_Hub' from project 'swift-transformers')
    cd /Users/mh/orca/workspaces/sonar-live-audio/build/release/UnsignedDerivedData/SourcePackages/checkouts/swift-transformers
    /bin/mkdir -p /Users/mh/orca/workspaces/sonar-live-audio/build/release/UnsignedDerivedData/Build/Products/Release-iphoneos/swift-transformers_Hub.bundle

MkDir /Users/mh/orca/workspaces/sonar-live-audio/build/release/UnsignedDerivedData/Build/Products/Release-iphoneos/swift-crypto_Crypto.bundle (in target 'swift-crypto_Crypto' from project 'swift-crypto')
    cd /Users/mh/orca/workspaces/sonar-live-audio/build/release/UnsignedDerivedData/SourcePackages/checkouts/swift-crypto
    /bin/mkdir -p /Users/mh/orca/workspaces/sonar-live-audio/build/release/UnsignedDerivedData/Build/Products/Release-iphoneos/swift-crypto_Crypto.bundle

MkDir /Users/mh/orca/workspaces/sonar-live-audio/build/release/UnsignedDerivedData/Build/Products/Release-iphoneos/SwiftProtobuf_SwiftProtobuf.bundle (in target 'SwiftProtobuf_SwiftProtobuf' from project 'SwiftProtobuf')
    cd /Users/mh/orca/workspaces/sonar-live-audio/build/release/UnsignedDerivedData/SourcePackages/checkouts/swift-protobuf
    /bin/mkdir -p /Users/mh/orca/workspaces/sonar-live-audio/build/release/UnsignedDerivedData/Build/Products/Release-iphoneos/SwiftProtobuf_SwiftProtobuf.bundle

MkDir /Users/mh/orca/workspaces/sonar-live-audio/build/release/UnsignedDerivedData/Build/Products/Release-iphoneos/LiveKit_LiveKit.bundle (in target 'LiveKit_LiveKit' from project 'LiveKit')
    cd /Users/mh/orca/workspaces/sonar-live-audio/build/release/UnsignedDerivedData/SourcePackages/checkouts/client-sdk-swift
    /bin/mkdir -p /Users/mh/orca/workspaces/sonar-live-audio/build/release/UnsignedDerivedData/Build/Products/Release-iphoneos/LiveKit_LiveKit.bundle

Copy /Users/mh/orca/workspaces/sonar-live-audio/build/release/UnsignedDerivedData/Build/Intermediates.noindex/GeneratedModuleMaps-iphoneos/WhisperKit.modulemap /Users/mh/orca/workspaces/sonar-live-audio/build/release/UnsignedDerivedData/Build/Intermediates.noindex/whisperkit.build/Release-iphoneos/WhisperKit.build/WhisperKit.modulemap (in target 'WhisperKit' from project 'whisperkit')
    cd /Users/mh/orca/workspaces/sonar-live-audio/build/release/UnsignedDerivedData/SourcePackages/checkouts/argmax-oss-swift
    builtin-copy -exclude .DS_Store -exclude CVS -exclude .svn -exclude .git -exclude .hg -strip-unsigned-binaries -strip-deterministic -strip-tool /Applications/Xcode.app/Contents/Developer/Toolchains/XcodeDefault.xctoolchain/usr/bin/strip -resolve-src-symlinks /Users/mh/orca/workspaces/sonar-live-audio/build/release/UnsignedDerivedData/Build/Intermediates.noindex/whisperkit.build/Release-iphoneos/WhisperKit.build/WhisperKit.modulemap /Users/mh/orca/workspaces/sonar-live-audio/build/release/UnsignedDerivedData/Build/Intermediates.noindex/GeneratedModuleMaps-iphoneos

Copy /Users/mh/orca/workspaces/sonar-live-audio/build/release/UnsignedDerivedData/Build/Intermediates.noindex/GeneratedModuleMaps-iphoneos/OrderedCollections.modulemap /Users/mh/orca/workspaces/sonar-live-audio/build/release/UnsignedDerivedData/Build/Intermediates.noindex/swift-collections.build/Release-iphoneos/OrderedCollections.build/OrderedCollections.modulemap (in target 'OrderedCollections' from project 'swift-collections')
    cd /Users/mh/orca/workspaces/sonar-live-audio/build/release/UnsignedDerivedData/SourcePackages/checkouts/swift-collections
    builtin-copy -exclude .DS_Store -exclude CVS -exclude .svn -exclude .git -exclude .hg -strip-unsigned-binaries -strip-deterministic -strip-tool /Applications/Xcode.app/Contents/Developer/Toolchains/XcodeDefault.xctoolchain/usr/bin/strip -resolve-src-symlinks /Users/mh/orca/workspaces/sonar-live-audio/build/release/UnsignedDerivedData/Build/Intermediates.noindex/swift-collections.build/Release-iphoneos/OrderedCollections.build/OrderedCollections.modulemap /Users/mh/orca/workspaces/sonar-live-audio/build/release/UnsignedDerivedData/Build/Intermediates.noindex/GeneratedModuleMaps-iphoneos

Copy /Users/mh/orca/workspaces/sonar-live-audio/build/release/UnsignedDerivedData/Build/Intermediates.noindex/GeneratedModuleMaps-iphoneos/SwiftProtobuf.modulemap /Users/mh/orca/workspaces/sonar-live-audio/build/release/UnsignedDerivedData/Build/Intermediates.noindex/SwiftProtobuf.build/Release-iphoneos/SwiftProtobuf.build/SwiftProtobuf.modulemap (in target 'SwiftProtobuf' from project 'SwiftProtobuf')
    cd /Users/mh/orca/workspaces/sonar-live-audio/build/release/UnsignedDerivedData/SourcePackages/checkouts/swift-protobuf
    builtin-copy -exclude .DS_Store -exclude CVS -exclude .svn -exclude .git -exclude .hg -strip-unsigned-binaries -strip-deterministic -strip-tool /Applications/Xcode.app/Contents/Developer/Toolchains/XcodeDefault.xctoolchain/usr/bin/strip -resolve-src-symlinks /Users/mh/orca/workspaces/sonar-live-audio/build/release/UnsignedDerivedData/Build/Intermediates.noindex/SwiftProtobuf.build/Release-iphoneos/SwiftProtobuf.build/SwiftProtobuf.modulemap /Users/mh/orca/workspaces/sonar-live-audio/build/release/UnsignedDerivedData/Build/Intermediates.noindex/GeneratedModuleMaps-iphoneos

Copy /Users/mh/orca/workspaces/sonar-live-audio/build/release/UnsignedDerivedData/Build/Intermediates.noindex/GeneratedModuleMaps-iphoneos/yyjson.modulemap /Users/mh/orca/workspaces/sonar-live-audio/build/release/UnsignedDerivedData/Build/Intermediates.noindex/yyjson.build/Release-iphoneos/yyjson.build/yyjson.modulemap (in target 'yyjson' from project 'yyjson')
    cd /Users/mh/orca/workspaces/sonar-live-audio/build/release/UnsignedDerivedData/SourcePackages/checkouts/yyjson
    builtin-copy -exclude .DS_Store -exclude CVS -exclude .svn -exclude .git -exclude .hg -strip-unsigned-binaries -strip-deterministic -strip-tool /Applications/Xcode.app/Contents/Developer/Toolchains/XcodeDefault.xctoolchain/usr/bin/strip -resolve-src-symlinks /Users/mh/orca/workspaces/sonar-live-audio/build/release/UnsignedDerivedData/Build/Intermediates.noindex/yyjson.build/Release-iphoneos/yyjson.build/yyjson.modulemap /Users/mh/orca/workspaces/sonar-live-audio/build/release/UnsignedDerivedData/Build/Intermediates.noindex/GeneratedModuleMaps-iphoneos

Copy /Users/mh/orca/workspaces/sonar-live-audio/build/release/UnsignedDerivedData/Build/Intermediates.noindex/GeneratedModuleMaps-iphoneos/InternalCollectionsUtilities.modulemap /Users/mh/orca/workspaces/sonar-live-audio/build/release/UnsignedDerivedData/Build/Intermediates.noindex/swift-collections.build/Release-iphoneos/InternalCollectionsUtilities.build/InternalCollectionsUtilities.modulemap (in target 'InternalCollectionsUtilities' from project 'swift-collections')
    cd /Users/mh/orca/workspaces/sonar-live-audio/build/release/UnsignedDerivedData/SourcePackages/checkouts/swift-collections
    builtin-copy -exclude .DS_Store -exclude CVS -exclude .svn -exclude .git -exclude .hg -strip-unsigned-binaries -strip-deterministic -strip-tool /Applications/Xcode.app/Contents/Developer/Toolchains/XcodeDefault.xctoolchain/usr/bin/strip -resolve-src-symlinks /Users/mh/orca/workspaces/sonar-live-audio/build/release/UnsignedDerivedData/Build/Intermediates.noindex/swift-collections.build/Release-iphoneos/InternalCollectionsUtilities.build/InternalCollectionsUtilities.modulemap /Users/mh/orca/workspaces/sonar-live-audio/build/release/UnsignedDerivedData/Build/Intermediates.noindex/GeneratedModuleMaps-iphoneos

Copy /Users/mh/orca/workspaces/sonar-live-audio/build/release/UnsignedDerivedData/Build/Intermediates.noindex/GeneratedModuleMaps-iphoneos/Tokenizers.modulemap /Users/mh/orca/workspaces/sonar-live-audio/build/release/UnsignedDerivedData/Build/Intermediates.noindex/swift-transformers.build/Release-iphoneos/Tokenizers.build/Tokenizers.modulemap (in target 'Tokenizers' from project 'swift-transformers')
    cd /Users/mh/orca/workspaces/sonar-live-audio/build/release/UnsignedDerivedData/SourcePackages/checkouts/swift-transformers
    builtin-copy -exclude .DS_Store -exclude CVS -exclude .svn -exclude .git -exclude .hg -strip-unsigned-binaries -strip-deterministic -strip-tool /Applications/Xcode.app/Contents/Developer/Toolchains/XcodeDefault.xctoolchain/usr/bin/strip -resolve-src-symlinks /Users/mh/orca/workspaces/sonar-live-audio/build/release/UnsignedDerivedData/Build/Intermediates.noindex/swift-transformers.build/Release-iphoneos/Tokenizers.build/Tokenizers.modulemap /Users/mh/orca/workspaces/sonar-live-audio/build/release/UnsignedDerivedData/Build/Intermediates.noindex/GeneratedModuleMaps-iphoneos

Copy /Users/mh/orca/workspaces/sonar-live-audio/build/release/UnsignedDerivedData/Build/Intermediates.noindex/GeneratedModuleMaps-iphoneos/LKObjCHelpers.modulemap /Users/mh/orca/workspaces/sonar-live-audio/build/release/UnsignedDerivedData/Build/Intermediates.noindex/LiveKit.build/Release-iphoneos/LKObjCHelpers.build/LKObjCHelpers.modulemap (in target 'LKObjCHelpers' from project 'LiveKit')
    cd /Users/mh/orca/workspaces/sonar-live-audio/build/release/UnsignedDerivedData/SourcePackages/checkouts/client-sdk-swift
    builtin-copy -exclude .DS_Store -exclude CVS -exclude .svn -exclude .git -exclude .hg -strip-unsigned-binaries -strip-deterministic -strip-tool /Applications/Xcode.app/Contents/Developer/Toolchains/XcodeDefault.xctoolchain/usr/bin/strip -resolve-src-symlinks /Users/mh/orca/workspaces/sonar-live-audio/build/release/UnsignedDerivedData/Build/Intermediates.noindex/LiveKit.build/Release-iphoneos/LKObjCHelpers.build/LKObjCHelpers.modulemap /Users/mh/orca/workspaces/sonar-live-audio/build/release/UnsignedDerivedData/Build/Intermediates.noindex/GeneratedModuleMaps-iphoneos

Copy /Users/mh/orca/workspaces/sonar-live-audio/build/release/UnsignedDerivedData/Build/Intermediates.noindex/GeneratedModuleMaps-iphoneos/Jinja.modulemap /Users/mh/orca/workspaces/sonar-live-audio/build/release/UnsignedDerivedData/Build/Intermediates.noindex/Jinja.build/Release-iphoneos/Jinja.build/Jinja.modulemap (in target 'Jinja' from project 'Jinja')
    cd /Users/mh/orca/workspaces/sonar-live-audio/build/release/UnsignedDerivedData/SourcePackages/checkouts/swift-jinja
    builtin-copy -exclude .DS_Store -exclude CVS -exclude .svn -exclude .git -exclude .hg -strip-unsigned-binaries -strip-deterministic -strip-tool /Applications/Xcode.app/Contents/Developer/Toolchains/XcodeDefault.xctoolchain/usr/bin/strip -resolve-src-symlinks /Users/mh/orca/workspaces/sonar-live-audio/build/release/UnsignedDerivedData/Build/Intermediates.noindex/Jinja.build/Release-iphoneos/Jinja.build/Jinja.modulemap /Users/mh/orca/workspaces/sonar-live-audio/build/release/UnsignedDerivedData/Build/Intermediates.noindex/GeneratedModuleMaps-iphoneos

Copy /Users/mh/orca/workspaces/sonar-live-audio/build/release/UnsignedDerivedData/Build/Intermediates.noindex/GeneratedModuleMaps-iphoneos/Hub.modulemap /Users/mh/orca/workspaces/sonar-live-audio/build/release/UnsignedDerivedData/Build/Intermediates.noindex/swift-transformers.build/Release-iphoneos/Hub.build/Hub.modulemap (in target 'Hub' from project 'swift-transformers')
    cd /Users/mh/orca/workspaces/sonar-live-audio/build/release/UnsignedDerivedData/SourcePackages/checkouts/swift-transformers
    builtin-copy -exclude .DS_Store -exclude CVS -exclude .svn -exclude .git -exclude .hg -strip-unsigned-binaries -strip-deterministic -strip-tool /Applications/Xcode.app/Contents/Developer/Toolchains/XcodeDefault.xctoolchain/usr/bin/strip -resolve-src-symlinks /Users/mh/orca/workspaces/sonar-live-audio/build/release/UnsignedDerivedData/Build/Intermediates.noindex/swift-transformers.build/Release-iphoneos/Hub.build/Hub.modulemap /Users/mh/orca/workspaces/sonar-live-audio/build/release/UnsignedDerivedData/Build/Intermediates.noindex/GeneratedModuleMaps-iphoneos

Copy /Users/mh/orca/workspaces/sonar-live-audio/build/release/UnsignedDerivedData/Build/Intermediates.noindex/GeneratedModuleMaps-iphoneos/Crypto.modulemap /Users/mh/orca/workspaces/sonar-live-audio/build/release/UnsignedDerivedData/Build/Intermediates.noindex/swift-crypto.build/Release-iphoneos/Crypto.build/Crypto.modulemap (in target 'Crypto' from project 'swift-crypto')
    cd /Users/mh/orca/workspaces/sonar-live-audio/build/release/UnsignedDerivedData/SourcePackages/checkouts/swift-crypto
    builtin-copy -exclude .DS_Store -exclude CVS -exclude .svn -exclude .git -exclude .hg -strip-unsigned-binaries -strip-deterministic -strip-tool /Applications/Xcode.app/Contents/Developer/Toolchains/XcodeDefault.xctoolchain/usr/bin/strip -resolve-src-symlinks /Users/mh/orca/workspaces/sonar-live-audio/build/release/UnsignedDerivedData/Build/Intermediates.noindex/swift-crypto.build/Release-iphoneos/Crypto.build/Crypto.modulemap /Users/mh/orca/workspaces/sonar-live-audio/build/release/UnsignedDerivedData/Build/Intermediates.noindex/GeneratedModuleMaps-iphoneos

Copy /Users/mh/orca/workspaces/sonar-live-audio/build/release/UnsignedDerivedData/Build/Intermediates.noindex/GeneratedModuleMaps-iphoneos/ArgmaxCore.modulemap /Users/mh/orca/workspaces/sonar-live-audio/build/release/UnsignedDerivedData/Build/Intermediates.noindex/whisperkit.build/Release-iphoneos/ArgmaxCore.build/ArgmaxCore.modulemap (in target 'ArgmaxCore' from project 'whisperkit')
    cd /Users/mh/orca/workspaces/sonar-live-audio/build/release/UnsignedDerivedData/SourcePackages/checkouts/argmax-oss-swift
    builtin-copy -exclude .DS_Store -exclude CVS -exclude .svn -exclude .git -exclude .hg -strip-unsigned-binaries -strip-deterministic -strip-tool /Applications/Xcode.app/Contents/Developer/Toolchains/XcodeDefault.xctoolchain/usr/bin/strip -resolve-src-symlinks /Users/mh/orca/workspaces/sonar-live-audio/build/release/UnsignedDerivedData/Build/Intermediates.noindex/whisperkit.build/Release-iphoneos/ArgmaxCore.build/ArgmaxCore.modulemap /Users/mh/orca/workspaces/sonar-live-audio/build/release/UnsignedDerivedData/Build/Intermediates.noindex/GeneratedModuleMaps-iphoneos

ProcessXCFramework /Users/mh/orca/workspaces/sonar-live-audio/build/release/UnsignedDerivedData/SourcePackages/artifacts/livekit-uniffi-xcframework/RustLiveKitUniFFI/RustLiveKitUniFFI.xcframework /Users/mh/orca/workspaces/sonar-live-audio/build/release/UnsignedDerivedData/Build/Products/Release-iphoneos/liblivekit_uniffi.a ios
    cd /Users/mh/orca/workspaces/sonar-live-audio/Sonar.xcodeproj
    builtin-process-xcframework --xcframework /Users/mh/orca/workspaces/sonar-live-audio/build/release/UnsignedDerivedData/SourcePackages/artifacts/livekit-uniffi-xcframework/RustLiveKitUniFFI/RustLiveKitUniFFI.xcframework --platform ios --target-path /Users/mh/orca/workspaces/sonar-live-audio/build/release/UnsignedDerivedData/Build/Products/Release-iphoneos

ProcessInfoPlistFile /Users/mh/orca/workspaces/sonar-live-audio/build/release/UnsignedDerivedData/Build/Products/Release-iphoneos/LiveKit_LiveKit.bundle/Info.plist /Users/mh/orca/workspaces/sonar-live-audio/build/release/UnsignedDerivedData/Build/Intermediates.noindex/LiveKit.build/Release-iphoneos/LiveKit_LiveKit.build/empty-LiveKit_LiveKit.plist (in target 'LiveKit_LiveKit' from project 'LiveKit')
    cd /Users/mh/orca/workspaces/sonar-live-audio/build/release/UnsignedDerivedData/SourcePackages/checkouts/client-sdk-swift
    builtin-infoPlistUtility /Users/mh/orca/workspaces/sonar-live-audio/build/release/UnsignedDerivedData/Build/Intermediates.noindex/LiveKit.build/Release-iphoneos/LiveKit_LiveKit.build/empty-LiveKit_LiveKit.plist -producttype com.apple.product-type.bundle -expandbuildsettings -format binary -platform iphoneos -requiredArchitecture arm64 -o /Users/mh/orca/workspaces/sonar-live-audio/build/release/UnsignedDerivedData/Build/Products/Release-iphoneos/LiveKit_LiveKit.bundle/Info.plist

CpResource /Users/mh/orca/workspaces/sonar-live-audio/build/release/UnsignedDerivedData/Build/Products/Release-iphoneos/LiveKit_LiveKit.bundle/PrivacyInfo.xcprivacy /Users/mh/orca/workspaces/sonar-live-audio/build/release/UnsignedDerivedData/SourcePackages/checkouts/client-sdk-swift/Sources/LiveKit/PrivacyInfo.xcprivacy (in target 'LiveKit_LiveKit' from project 'LiveKit')
    cd /Users/mh/orca/workspaces/sonar-live-audio/build/release/UnsignedDerivedData/SourcePackages/checkouts/client-sdk-swift
    builtin-copy -exclude .DS_Store -exclude CVS -exclude .svn -exclude .git -exclude .hg -strip-unsigned-binaries -strip-deterministic -strip-tool /Applications/Xcode.app/Contents/Developer/Toolchains/XcodeDefault.xctoolchain/usr/bin/strip -resolve-src-symlinks /Users/mh/orca/workspaces/sonar-live-audio/build/release/UnsignedDerivedData/SourcePackages/checkouts/client-sdk-swift/Sources/LiveKit/PrivacyInfo.xcprivacy /Users/mh/orca/workspaces/sonar-live-audio/build/release/UnsignedDerivedData/Build/Products/Release-iphoneos/LiveKit_LiveKit.bundle

ProcessInfoPlistFile /Users/mh/orca/workspaces/sonar-live-audio/build/release/UnsignedDerivedData/Build/Products/Release-iphoneos/SwiftProtobuf_SwiftProtobuf.bundle/Info.plist /Users/mh/orca/workspaces/sonar-live-audio/build/release/UnsignedDerivedData/Build/Intermediates.noindex/SwiftProtobuf.build/Release-iphoneos/SwiftProtobuf_SwiftProtobuf.build/empty-SwiftProtobuf_SwiftProtobuf.plist (in target 'SwiftProtobuf_SwiftProtobuf' from project 'SwiftProtobuf')
    cd /Users/mh/orca/workspaces/sonar-live-audio/build/release/UnsignedDerivedData/SourcePackages/checkouts/swift-protobuf
    builtin-infoPlistUtility /Users/mh/orca/workspaces/sonar-live-audio/build/release/UnsignedDerivedData/Build/Intermediates.noindex/SwiftProtobuf.build/Release-iphoneos/SwiftProtobuf_SwiftProtobuf.build/empty-SwiftProtobuf_SwiftProtobuf.plist -producttype com.apple.product-type.bundle -expandbuildsettings -format binary -platform iphoneos -requiredArchitecture arm64 -o /Users/mh/orca/workspaces/sonar-live-audio/build/release/UnsignedDerivedData/Build/Products/Release-iphoneos/SwiftProtobuf_SwiftProtobuf.bundle/Info.plist

CpResource /Users/mh/orca/workspaces/sonar-live-audio/build/release/UnsignedDerivedData/Build/Products/Release-iphoneos/SwiftProtobuf_SwiftProtobuf.bundle/PrivacyInfo.xcprivacy /Users/mh/orca/workspaces/sonar-live-audio/build/release/UnsignedDerivedData/SourcePackages/checkouts/swift-protobuf/Sources/SwiftProtobuf/PrivacyInfo.xcprivacy (in target 'SwiftProtobuf_SwiftProtobuf' from project 'SwiftProtobuf')
    cd /Users/mh/orca/workspaces/sonar-live-audio/build/release/UnsignedDerivedData/SourcePackages/checkouts/swift-protobuf
    builtin-copy -exclude .DS_Store -exclude CVS -exclude .svn -exclude .git -exclude .hg -strip-unsigned-binaries -strip-deterministic -strip-tool /Applications/Xcode.app/Contents/Developer/Toolchains/XcodeDefault.xctoolchain/usr/bin/strip -resolve-src-symlinks /Users/mh/orca/workspaces/sonar-live-audio/build/release/UnsignedDerivedData/SourcePackages/checkouts/swift-protobuf/Sources/SwiftProtobuf/PrivacyInfo.xcprivacy /Users/mh/orca/workspaces/sonar-live-audio/build/release/UnsignedDerivedData/Build/Products/Release-iphoneos/SwiftProtobuf_SwiftProtobuf.bundle

ProcessInfoPlistFile /Users/mh/orca/workspaces/sonar-live-audio/build/release/UnsignedDerivedData/Build/Products/Release-iphoneos/swift-crypto_Crypto.bundle/Info.plist /Users/mh/orca/workspaces/sonar-live-audio/build/release/UnsignedDerivedData/Build/Intermediates.noindex/swift-crypto.build/Release-iphoneos/swift-crypto_Crypto.build/empty-swift-crypto_Crypto.plist (in target 'swift-crypto_Crypto' from project 'swift-crypto')
    cd /Users/mh/orca/workspaces/sonar-live-audio/build/release/UnsignedDerivedData/SourcePackages/checkouts/swift-crypto
    builtin-infoPlistUtility /Users/mh/orca/workspaces/sonar-live-audio/build/release/UnsignedDerivedData/Build/Intermediates.noindex/swift-crypto.build/Release-iphoneos/swift-crypto_Crypto.build/empty-swift-crypto_Crypto.plist -producttype com.apple.product-type.bundle -expandbuildsettings -format binary -platform iphoneos -requiredArchitecture arm64 -o /Users/mh/orca/workspaces/sonar-live-audio/build/release/UnsignedDerivedData/Build/Products/Release-iphoneos/swift-crypto_Crypto.bundle/Info.plist

ProcessInfoPlistFile /Users/mh/orca/workspaces/sonar-live-audio/build/release/UnsignedDerivedData/Build/Products/Release-iphoneos/swift-transformers_Hub.bundle/Info.plist /Users/mh/orca/workspaces/sonar-live-audio/build/release/UnsignedDerivedData/Build/Intermediates.noindex/swift-transformers.build/Release-iphoneos/swift-transformers_Hub.build/empty-swift-transformers_Hub.plist (in target 'swift-transformers_Hub' from project 'swift-transformers')
    cd /Users/mh/orca/workspaces/sonar-live-audio/build/release/UnsignedDerivedData/SourcePackages/checkouts/swift-transformers
    builtin-infoPlistUtility /Users/mh/orca/workspaces/sonar-live-audio/build/release/UnsignedDerivedData/Build/Intermediates.noindex/swift-transformers.build/Release-iphoneos/swift-transformers_Hub.build/empty-swift-transformers_Hub.plist -producttype com.apple.product-type.bundle -expandbuildsettings -format binary -platform iphoneos -requiredArchitecture arm64 -o /Users/mh/orca/workspaces/sonar-live-audio/build/release/UnsignedDerivedData/Build/Products/Release-iphoneos/swift-transformers_Hub.bundle/Info.plist

CpResource /Users/mh/orca/workspaces/sonar-live-audio/build/release/UnsignedDerivedData/Build/Products/Release-iphoneos/swift-transformers_Hub.bundle/t5_tokenizer_config.json /Users/mh/orca/workspaces/sonar-live-audio/build/release/UnsignedDerivedData/SourcePackages/checkouts/swift-transformers/Sources/Hub/Resources/t5_tokenizer_config.json (in target 'swift-transformers_Hub' from project 'swift-transformers')
    cd /Users/mh/orca/workspaces/sonar-live-audio/build/release/UnsignedDerivedData/SourcePackages/checkouts/swift-transformers
    builtin-copy -exclude .DS_Store -exclude CVS -exclude .svn -exclude .git -exclude .hg -strip-unsigned-binaries -strip-deterministic -strip-tool /Applications/Xcode.app/Contents/Developer/Toolchains/XcodeDefault.xctoolchain/usr/bin/strip -resolve-src-symlinks /Users/mh/orca/workspaces/sonar-live-audio/build/release/UnsignedDerivedData/SourcePackages/checkouts/swift-transformers/Sources/Hub/Resources/t5_tokenizer_config.json /Users/mh/orca/workspaces/sonar-live-audio/build/release/UnsignedDerivedData/Build/Products/Release-iphoneos/swift-transformers_Hub.bundle

CpResource /Users/mh/orca/workspaces/sonar-live-audio/build/release/UnsignedDerivedData/Build/Products/Release-iphoneos/swift-transformers_Hub.bundle/gpt2_tokenizer_config.json /Users/mh/orca/workspaces/sonar-live-audio/build/release/UnsignedDerivedData/SourcePackages/checkouts/swift-transformers/Sources/Hub/Resources/gpt2_tokenizer_config.json (in target 'swift-transformers_Hub' from project 'swift-transformers')
    cd /Users/mh/orca/workspaces/sonar-live-audio/build/release/UnsignedDerivedData/SourcePackages/checkouts/swift-transformers
    builtin-copy -exclude .DS_Store -exclude CVS -exclude .svn -exclude .git -exclude .hg -strip-unsigned-binaries -strip-deterministic -strip-tool /Applications/Xcode.app/Contents/Developer/Toolchains/XcodeDefault.xctoolchain/usr/bin/strip -resolve-src-symlinks /Users/mh/orca/workspaces/sonar-live-audio/build/release/UnsignedDerivedData/SourcePackages/checkouts/swift-transformers/Sources/Hub/Resources/gpt2_tokenizer_config.json /Users/mh/orca/workspaces/sonar-live-audio/build/release/UnsignedDerivedData/Build/Products/Release-iphoneos/swift-transformers_Hub.bundle

CpResource /Users/mh/orca/workspaces/sonar-live-audio/build/release/UnsignedDerivedData/Build/Products/Release-iphoneos/swift-crypto_Crypto.bundle/PrivacyInfo.xcprivacy /Users/mh/orca/workspaces/sonar-live-audio/build/release/UnsignedDerivedData/SourcePackages/checkouts/swift-crypto/Sources/Crypto/PrivacyInfo.xcprivacy (in target 'swift-crypto_Crypto' from project 'swift-crypto')
    cd /Users/mh/orca/workspaces/sonar-live-audio/build/release/UnsignedDerivedData/SourcePackages/checkouts/swift-crypto
    builtin-copy -exclude .DS_Store -exclude CVS -exclude .svn -exclude .git -exclude .hg -strip-unsigned-binaries -strip-deterministic -strip-tool /Applications/Xcode.app/Contents/Developer/Toolchains/XcodeDefault.xctoolchain/usr/bin/strip -resolve-src-symlinks /Users/mh/orca/workspaces/sonar-live-audio/build/release/UnsignedDerivedData/SourcePackages/checkouts/swift-crypto/Sources/Crypto/PrivacyInfo.xcprivacy /Users/mh/orca/workspaces/sonar-live-audio/build/release/UnsignedDerivedData/Build/Products/Release-iphoneos/swift-crypto_Crypto.bundle

ProcessXCFramework /Users/mh/orca/workspaces/sonar-live-audio/build/release/UnsignedDerivedData/SourcePackages/artifacts/webrtc-xcframework/LiveKitWebRTC/LiveKitWebRTC.xcframework /Users/mh/orca/workspaces/sonar-live-audio/build/release/UnsignedDerivedData/Build/Products/Release-iphoneos/LiveKitWebRTC.framework ios
    cd /Users/mh/orca/workspaces/sonar-live-audio/Sonar.xcodeproj
    builtin-process-xcframework --xcframework /Users/mh/orca/workspaces/sonar-live-audio/build/release/UnsignedDerivedData/SourcePackages/artifacts/webrtc-xcframework/LiveKitWebRTC/LiveKitWebRTC.xcframework --platform ios --target-path /Users/mh/orca/workspaces/sonar-live-audio/build/release/UnsignedDerivedData/Build/Products/Release-iphoneos

RegisterExecutionPolicyException /Users/mh/orca/workspaces/sonar-live-audio/build/release/UnsignedDerivedData/Build/Products/Release-iphoneos/LiveKit_LiveKit.bundle (in target 'LiveKit_LiveKit' from project 'LiveKit')
    cd /Users/mh/orca/workspaces/sonar-live-audio/build/release/UnsignedDerivedData/SourcePackages/checkouts/client-sdk-swift
    builtin-RegisterExecutionPolicyException /Users/mh/orca/workspaces/sonar-live-audio/build/release/UnsignedDerivedData/Build/Products/Release-iphoneos/LiveKit_LiveKit.bundle

RegisterExecutionPolicyException /Users/mh/orca/workspaces/sonar-live-audio/build/release/UnsignedDerivedData/Build/Products/Release-iphoneos/SwiftProtobuf_SwiftProtobuf.bundle (in target 'SwiftProtobuf_SwiftProtobuf' from project 'SwiftProtobuf')
    cd /Users/mh/orca/workspaces/sonar-live-audio/build/release/UnsignedDerivedData/SourcePackages/checkouts/swift-protobuf
    builtin-RegisterExecutionPolicyException /Users/mh/orca/workspaces/sonar-live-audio/build/release/UnsignedDerivedData/Build/Products/Release-iphoneos/SwiftProtobuf_SwiftProtobuf.bundle

RegisterExecutionPolicyException /Users/mh/orca/workspaces/sonar-live-audio/build/release/UnsignedDerivedData/Build/Products/Release-iphoneos/swift-crypto_Crypto.bundle (in target 'swift-crypto_Crypto' from project 'swift-crypto')
    cd /Users/mh/orca/workspaces/sonar-live-audio/build/release/UnsignedDerivedData/SourcePackages/checkouts/swift-crypto
    builtin-RegisterExecutionPolicyException /Users/mh/orca/workspaces/sonar-live-audio/build/release/UnsignedDerivedData/Build/Products/Release-iphoneos/swift-crypto_Crypto.bundle

RegisterExecutionPolicyException /Users/mh/orca/workspaces/sonar-live-audio/build/release/UnsignedDerivedData/Build/Products/Release-iphoneos/swift-transformers_Hub.bundle (in target 'swift-transformers_Hub' from project 'swift-transformers')
    cd /Users/mh/orca/workspaces/sonar-live-audio/build/release/UnsignedDerivedData/SourcePackages/checkouts/swift-transformers
    builtin-RegisterExecutionPolicyException /Users/mh/orca/workspaces/sonar-live-audio/build/release/UnsignedDerivedData/Build/Products/Release-iphoneos/swift-transformers_Hub.bundle

WriteAuxiliaryFile /Users/mh/orca/workspaces/sonar-live-audio/build/release/UnsignedDerivedData/Build/Intermediates.noindex/LiveKitUniFFI.build/Release-iphoneos/LiveKitUniFFI.build/LiveKitUniFFI.DependencyMetadataFileList (in target 'LiveKitUniFFI' from project 'LiveKitUniFFI')
    cd /Users/mh/orca/workspaces/sonar-live-audio/build/release/UnsignedDerivedData/SourcePackages/checkouts/livekit-uniffi-xcframework
    write-file /Users/mh/orca/workspaces/sonar-live-audio/build/release/UnsignedDerivedData/Build/Intermediates.noindex/LiveKitUniFFI.build/Release-iphoneos/LiveKitUniFFI.build/LiveKitUniFFI.DependencyMetadataFileList

WriteAuxiliaryFile /Users/mh/orca/workspaces/sonar-live-audio/build/release/UnsignedDerivedData/Build/Intermediates.noindex/LiveKitUniFFI.build/Release-iphoneos/LiveKitUniFFI.build/LiveKitUniFFI.modulemap (in target 'LiveKitUniFFI' from project 'LiveKitUniFFI')
    cd /Users/mh/orca/workspaces/sonar-live-audio/build/release/UnsignedDerivedData/SourcePackages/checkouts/livekit-uniffi-xcframework
    write-file /Users/mh/orca/workspaces/sonar-live-audio/build/release/UnsignedDerivedData/Build/Intermediates.noindex/LiveKitUniFFI.build/Release-iphoneos/LiveKitUniFFI.build/LiveKitUniFFI.modulemap

WriteAuxiliaryFile /Users/mh/orca/workspaces/sonar-live-audio/build/release/UnsignedDerivedData/Build/Intermediates.noindex/LiveKitUniFFI.build/Release-iphoneos/LiveKitUniFFI.build/LiveKitUniFFI.DependencyStaticMetadataFileList (in target 'LiveKitUniFFI' from project 'LiveKitUniFFI')
    cd /Users/mh/orca/workspaces/sonar-live-audio/build/release/UnsignedDerivedData/SourcePackages/checkouts/livekit-uniffi-xcframework
    write-file /Users/mh/orca/workspaces/sonar-live-audio/build/release/UnsignedDerivedData/Build/Intermediates.noindex/LiveKitUniFFI.build/Release-iphoneos/LiveKitUniFFI.build/LiveKitUniFFI.DependencyStaticMetadataFileList

WriteAuxiliaryFile /Users/mh/orca/workspaces/sonar-live-audio/build/release/UnsignedDerivedData/Build/Intermediates.noindex/LiveKitUniFFI.build/Release-iphoneos/LiveKitUniFFI.build/Objects-normal/arm64/LiveKitUniFFI.LinkFileList (in target 'LiveKitUniFFI' from project 'LiveKitUniFFI')
    cd /Users/mh/orca/workspaces/sonar-live-audio/build/release/UnsignedDerivedData/SourcePackages/checkouts/livekit-uniffi-xcframework
    write-file /Users/mh/orca/workspaces/sonar-live-audio/build/release/UnsignedDerivedData/Build/Intermediates.noindex/LiveKitUniFFI.build/Release-iphoneos/LiveKitUniFFI.build/Objects-normal/arm64/LiveKitUniFFI.LinkFileList

WriteAuxiliaryFile /Users/mh/orca/workspaces/sonar-live-audio/build/release/UnsignedDerivedData/Build/Intermediates.noindex/LiveKitUniFFI.build/Release-iphoneos/LiveKitUniFFI.build/Objects-normal/arm64/LiveKitUniFFI.SwiftConstValuesFileList (in target 'LiveKitUniFFI' from project 'LiveKitUniFFI')
    cd /Users/mh/orca/workspaces/sonar-live-audio/build/release/UnsignedDerivedData/SourcePackages/checkouts/livekit-uniffi-xcframework
    write-file /Users/mh/orca/workspaces/sonar-live-audio/build/release/UnsignedDerivedData/Build/Intermediates.noindex/LiveKitUniFFI.build/Release-iphoneos/LiveKitUniFFI.build/Objects-normal/arm64/LiveKitUniFFI.SwiftConstValuesFileList

WriteAuxiliaryFile /Users/mh/orca/workspaces/sonar-live-audio/build/release/UnsignedDerivedData/Build/Intermediates.noindex/LiveKitUniFFI.build/Release-iphoneos/LiveKitUniFFI.build/Objects-normal/arm64/LiveKitUniFFI_const_extract_protocols.json (in target 'LiveKitUniFFI' from project 'LiveKitUniFFI')
    cd /Users/mh/orca/workspaces/sonar-live-audio/build/release/UnsignedDerivedData/SourcePackages/checkouts/livekit-uniffi-xcframework
    write-file /Users/mh/orca/workspaces/sonar-live-audio/build/release/UnsignedDerivedData/Build/Intermediates.noindex/LiveKitUniFFI.build/Release-iphoneos/LiveKitUniFFI.build/Objects-normal/arm64/LiveKitUniFFI_const_extract_protocols.json

WriteAuxiliaryFile /Users/mh/orca/workspaces/sonar-live-audio/build/release/UnsignedDerivedData/Build/Intermediates.noindex/LiveKitUniFFI.build/Release-iphoneos/LiveKitUniFFI.build/Objects-normal/arm64/LiveKitUniFFI-OutputFileMap.json (in target 'LiveKitUniFFI' from project 'LiveKitUniFFI')
    cd /Users/mh/orca/workspaces/sonar-live-audio/build/release/UnsignedDerivedData/SourcePackages/checkouts/livekit-uniffi-xcframework
    write-file /Users/mh/orca/workspaces/sonar-live-audio/build/release/UnsignedDerivedData/Build/Intermediates.noindex/LiveKitUniFFI.build/Release-iphoneos/LiveKitUniFFI.build/Objects-normal/arm64/LiveKitUniFFI-OutputFileMap.json

WriteAuxiliaryFile /Users/mh/orca/workspaces/sonar-live-audio/build/release/UnsignedDerivedData/Build/Intermediates.noindex/LiveKitUniFFI.build/Release-iphoneos/LiveKitUniFFI.build/Objects-normal/arm64/LiveKitUniFFI.SwiftFileList (in target 'LiveKitUniFFI' from project 'LiveKitUniFFI')
    cd /Users/mh/orca/workspaces/sonar-live-audio/build/release/UnsignedDerivedData/SourcePackages/checkouts/livekit-uniffi-xcframework
    write-file /Users/mh/orca/workspaces/sonar-live-audio/build/release/UnsignedDerivedData/Build/Intermediates.noindex/LiveKitUniFFI.build/Release-iphoneos/LiveKitUniFFI.build/Objects-normal/arm64/LiveKitUniFFI.SwiftFileList

Copy /Users/mh/orca/workspaces/sonar-live-audio/build/release/UnsignedDerivedData/Build/Intermediates.noindex/GeneratedModuleMaps-iphoneos/LiveKitUniFFI.modulemap /Users/mh/orca/workspaces/sonar-live-audio/build/release/UnsignedDerivedData/Build/Intermediates.noindex/LiveKitUniFFI.build/Release-iphoneos/LiveKitUniFFI.build/LiveKitUniFFI.modulemap (in target 'LiveKitUniFFI' from project 'LiveKitUniFFI')
    cd /Users/mh/orca/workspaces/sonar-live-audio/build/release/UnsignedDerivedData/SourcePackages/checkouts/livekit-uniffi-xcframework
    builtin-copy -exclude .DS_Store -exclude CVS -exclude .svn -exclude .git -exclude .hg -strip-unsigned-binaries -strip-deterministic -strip-tool /Applications/Xcode.app/Contents/Developer/Toolchains/XcodeDefault.xctoolchain/usr/bin/strip -resolve-src-symlinks /Users/mh/orca/workspaces/sonar-live-audio/build/release/UnsignedDerivedData/Build/Intermediates.noindex/LiveKitUniFFI.build/Release-iphoneos/LiveKitUniFFI.build/LiveKitUniFFI.modulemap /Users/mh/orca/workspaces/sonar-live-audio/build/release/UnsignedDerivedData/Build/Intermediates.noindex/GeneratedModuleMaps-iphoneos

Touch /Users/mh/orca/workspaces/sonar-live-audio/build/release/UnsignedDerivedData/Build/Products/Release-iphoneos/LiveKit_LiveKit.bundle (in target 'LiveKit_LiveKit' from project 'LiveKit')
    cd /Users/mh/orca/workspaces/sonar-live-audio/build/release/UnsignedDerivedData/SourcePackages/checkouts/client-sdk-swift
    /usr/bin/touch -c /Users/mh/orca/workspaces/sonar-live-audio/build/release/UnsignedDerivedData/Build/Products/Release-iphoneos/LiveKit_LiveKit.bundle

Touch /Users/mh/orca/workspaces/sonar-live-audio/build/release/UnsignedDerivedData/Build/Products/Release-iphoneos/swift-transformers_Hub.bundle (in target 'swift-transformers_Hub' from project 'swift-transformers')
    cd /Users/mh/orca/workspaces/sonar-live-audio/build/release/UnsignedDerivedData/SourcePackages/checkouts/swift-transformers
    /usr/bin/touch -c /Users/mh/orca/workspaces/sonar-live-audio/build/release/UnsignedDerivedData/Build/Products/Release-iphoneos/swift-transformers_Hub.bundle

WriteAuxiliaryFile /Users/mh/orca/workspaces/sonar-live-audio/build/release/UnsignedDerivedData/Build/Intermediates.noindex/Sonar.build/Release-iphoneos/Sonar.build/Sonar-project-headers.hmap (in target 'Sonar' from project 'Sonar')
    cd /Users/mh/orca/workspaces/sonar-live-audio
    write-file /Users/mh/orca/workspaces/sonar-live-audio/build/release/UnsignedDerivedData/Build/Intermediates.noindex/Sonar.build/Release-iphoneos/Sonar.build/Sonar-project-headers.hmap

WriteAuxiliaryFile /Users/mh/orca/workspaces/sonar-live-audio/build/release/UnsignedDerivedData/Build/Intermediates.noindex/Sonar.build/Release-iphoneos/Sonar.build/Sonar.DependencyMetadataFileList (in target 'Sonar' from project 'Sonar')
    cd /Users/mh/orca/workspaces/sonar-live-audio
    write-file /Users/mh/orca/workspaces/sonar-live-audio/build/release/UnsignedDerivedData/Build/Intermediates.noindex/Sonar.build/Release-iphoneos/Sonar.build/Sonar.DependencyMetadataFileList

WriteAuxiliaryFile /Users/mh/orca/workspaces/sonar-live-audio/build/release/UnsignedDerivedData/Build/Intermediates.noindex/Sonar.build/Release-iphoneos/Sonar.build/Sonar-all-target-headers.hmap (in target 'Sonar' from project 'Sonar')
    cd /Users/mh/orca/workspaces/sonar-live-audio
    write-file /Users/mh/orca/workspaces/sonar-live-audio/build/release/UnsignedDerivedData/Build/Intermediates.noindex/Sonar.build/Release-iphoneos/Sonar.build/Sonar-all-target-headers.hmap

WriteAuxiliaryFile /Users/mh/orca/workspaces/sonar-live-audio/build/release/UnsignedDerivedData/Build/Intermediates.noindex/Sonar.build/Release-iphoneos/Sonar.build/Sonar-generated-files.hmap (in target 'Sonar' from project 'Sonar')
    cd /Users/mh/orca/workspaces/sonar-live-audio
    write-file /Users/mh/orca/workspaces/sonar-live-audio/build/release/UnsignedDerivedData/Build/Intermediates.noindex/Sonar.build/Release-iphoneos/Sonar.build/Sonar-generated-files.hmap

WriteAuxiliaryFile /Users/mh/orca/workspaces/sonar-live-audio/build/release/UnsignedDerivedData/Build/Intermediates.noindex/Sonar.build/Release-iphoneos/Sonar.build/Sonar-own-target-headers.hmap (in target 'Sonar' from project 'Sonar')
    cd /Users/mh/orca/workspaces/sonar-live-audio
    write-file /Users/mh/orca/workspaces/sonar-live-audio/build/release/UnsignedDerivedData/Build/Intermediates.noindex/Sonar.build/Release-iphoneos/Sonar.build/Sonar-own-target-headers.hmap

WriteAuxiliaryFile /Users/mh/orca/workspaces/sonar-live-audio/build/release/UnsignedDerivedData/Build/Intermediates.noindex/Sonar.build/Release-iphoneos/Sonar.build/Sonar.DependencyStaticMetadataFileList (in target 'Sonar' from project 'Sonar')
    cd /Users/mh/orca/workspaces/sonar-live-audio
    write-file /Users/mh/orca/workspaces/sonar-live-audio/build/release/UnsignedDerivedData/Build/Intermediates.noindex/Sonar.build/Release-iphoneos/Sonar.build/Sonar.DependencyStaticMetadataFileList

WriteAuxiliaryFile /Users/mh/orca/workspaces/sonar-live-audio/build/release/UnsignedDerivedData/Build/Intermediates.noindex/Sonar.build/Release-iphoneos/Sonar.build/Sonar.hmap (in target 'Sonar' from project 'Sonar')
    cd /Users/mh/orca/workspaces/sonar-live-audio
    write-file /Users/mh/orca/workspaces/sonar-live-audio/build/release/UnsignedDerivedData/Build/Intermediates.noindex/Sonar.build/Release-iphoneos/Sonar.build/Sonar.hmap

WriteAuxiliaryFile /Users/mh/orca/workspaces/sonar-live-audio/build/release/UnsignedDerivedData/Build/Intermediates.noindex/Sonar.build/Release-iphoneos/Sonar.build/Sonar-all-non-framework-target-headers.hmap (in target 'Sonar' from project 'Sonar')
    cd /Users/mh/orca/workspaces/sonar-live-audio
    write-file /Users/mh/orca/workspaces/sonar-live-audio/build/release/UnsignedDerivedData/Build/Intermediates.noindex/Sonar.build/Release-iphoneos/Sonar.build/Sonar-all-non-framework-target-headers.hmap

WriteAuxiliaryFile /Users/mh/orca/workspaces/sonar-live-audio/build/release/UnsignedDerivedData/Build/Intermediates.noindex/Sonar.build/Release-iphoneos/Sonar.build/Objects-normal/arm64/Sonar.SwiftConstValuesFileList (in target 'Sonar' from project 'Sonar')
    cd /Users/mh/orca/workspaces/sonar-live-audio
    write-file /Users/mh/orca/workspaces/sonar-live-audio/build/release/UnsignedDerivedData/Build/Intermediates.noindex/Sonar.build/Release-iphoneos/Sonar.build/Objects-normal/arm64/Sonar.SwiftConstValuesFileList

WriteAuxiliaryFile /Users/mh/orca/workspaces/sonar-live-audio/build/release/UnsignedDerivedData/Build/Intermediates.noindex/Sonar.build/Release-iphoneos/Sonar.build/Objects-normal/arm64/Sonar_const_extract_protocols.json (in target 'Sonar' from project 'Sonar')
    cd /Users/mh/orca/workspaces/sonar-live-audio
    write-file /Users/mh/orca/workspaces/sonar-live-audio/build/release/UnsignedDerivedData/Build/Intermediates.noindex/Sonar.build/Release-iphoneos/Sonar.build/Objects-normal/arm64/Sonar_const_extract_protocols.json

WriteAuxiliaryFile /Users/mh/orca/workspaces/sonar-live-audio/build/release/UnsignedDerivedData/Build/Intermediates.noindex/Sonar.build/Release-iphoneos/Sonar.build/Objects-normal/arm64/Sonar.SwiftFileList (in target 'Sonar' from project 'Sonar')
    cd /Users/mh/orca/workspaces/sonar-live-audio
    write-file /Users/mh/orca/workspaces/sonar-live-audio/build/release/UnsignedDerivedData/Build/Intermediates.noindex/Sonar.build/Release-iphoneos/Sonar.build/Objects-normal/arm64/Sonar.SwiftFileList

WriteAuxiliaryFile /Users/mh/orca/workspaces/sonar-live-audio/build/release/UnsignedDerivedData/Build/Intermediates.noindex/Sonar.build/Release-iphoneos/Sonar.build/Objects-normal/arm64/Sonar.LinkFileList (in target 'Sonar' from project 'Sonar')
    cd /Users/mh/orca/workspaces/sonar-live-audio
    write-file /Users/mh/orca/workspaces/sonar-live-audio/build/release/UnsignedDerivedData/Build/Intermediates.noindex/Sonar.build/Release-iphoneos/Sonar.build/Objects-normal/arm64/Sonar.LinkFileList

WriteAuxiliaryFile /Users/mh/orca/workspaces/sonar-live-audio/build/release/UnsignedDerivedData/Build/Intermediates.noindex/Sonar.build/Release-iphoneos/Sonar.build/Objects-normal/arm64/Sonar-OutputFileMap.json (in target 'Sonar' from project 'Sonar')
    cd /Users/mh/orca/workspaces/sonar-live-audio
    write-file /Users/mh/orca/workspaces/sonar-live-audio/build/release/UnsignedDerivedData/Build/Intermediates.noindex/Sonar.build/Release-iphoneos/Sonar.build/Objects-normal/arm64/Sonar-OutputFileMap.json

WriteAuxiliaryFile /Users/mh/orca/workspaces/sonar-live-audio/build/release/UnsignedDerivedData/Build/Intermediates.noindex/LiveKit.build/Release-iphoneos/LiveKit.build/Objects-normal/arm64/LiveKit_const_extract_protocols.json (in target 'LiveKit' from project 'LiveKit')
    cd /Users/mh/orca/workspaces/sonar-live-audio/build/release/UnsignedDerivedData/SourcePackages/checkouts/client-sdk-swift
    write-file /Users/mh/orca/workspaces/sonar-live-audio/build/release/UnsignedDerivedData/Build/Intermediates.noindex/LiveKit.build/Release-iphoneos/LiveKit.build/Objects-normal/arm64/LiveKit_const_extract_protocols.json

WriteAuxiliaryFile /Users/mh/orca/workspaces/sonar-live-audio/build/release/UnsignedDerivedData/Build/Intermediates.noindex/LiveKit.build/Release-iphoneos/LiveKit.build/Objects-normal/arm64/LiveKit.SwiftFileList (in target 'LiveKit' from project 'LiveKit')
    cd /Users/mh/orca/workspaces/sonar-live-audio/build/release/UnsignedDerivedData/SourcePackages/checkouts/client-sdk-swift
    write-file /Users/mh/orca/workspaces/sonar-live-audio/build/release/UnsignedDerivedData/Build/Intermediates.noindex/LiveKit.build/Release-iphoneos/LiveKit.build/Objects-normal/arm64/LiveKit.SwiftFileList

WriteAuxiliaryFile /Users/mh/orca/workspaces/sonar-live-audio/build/release/UnsignedDerivedData/Build/Intermediates.noindex/LiveKit.build/Release-iphoneos/LiveKit.build/Objects-normal/arm64/LiveKit.SwiftConstValuesFileList (in target 'LiveKit' from project 'LiveKit')
    cd /Users/mh/orca/workspaces/sonar-live-audio/build/release/UnsignedDerivedData/SourcePackages/checkouts/client-sdk-swift
    write-file /Users/mh/orca/workspaces/sonar-live-audio/build/release/UnsignedDerivedData/Build/Intermediates.noindex/LiveKit.build/Release-iphoneos/LiveKit.build/Objects-normal/arm64/LiveKit.SwiftConstValuesFileList

WriteAuxiliaryFile /Users/mh/orca/workspaces/sonar-live-audio/build/release/UnsignedDerivedData/Build/Intermediates.noindex/LiveKit.build/Release-iphoneos/LiveKit.build/Objects-normal/arm64/LiveKit.LinkFileList (in target 'LiveKit' from project 'LiveKit')
    cd /Users/mh/orca/workspaces/sonar-live-audio/build/release/UnsignedDerivedData/SourcePackages/checkouts/client-sdk-swift
    write-file /Users/mh/orca/workspaces/sonar-live-audio/build/release/UnsignedDerivedData/Build/Intermediates.noindex/LiveKit.build/Release-iphoneos/LiveKit.build/Objects-normal/arm64/LiveKit.LinkFileList

WriteAuxiliaryFile /Users/mh/orca/workspaces/sonar-live-audio/build/release/UnsignedDerivedData/Build/Intermediates.noindex/LiveKit.build/Release-iphoneos/LiveKit.build/Objects-normal/arm64/LiveKit-OutputFileMap.json (in target 'LiveKit' from project 'LiveKit')
    cd /Users/mh/orca/workspaces/sonar-live-audio/build/release/UnsignedDerivedData/SourcePackages/checkouts/client-sdk-swift
    write-file /Users/mh/orca/workspaces/sonar-live-audio/build/release/UnsignedDerivedData/Build/Intermediates.noindex/LiveKit.build/Release-iphoneos/LiveKit.build/Objects-normal/arm64/LiveKit-OutputFileMap.json

WriteAuxiliaryFile /Users/mh/orca/workspaces/sonar-live-audio/build/release/UnsignedDerivedData/Build/Intermediates.noindex/LiveKit.build/Release-iphoneos/LiveKit.build/LiveKit.DependencyStaticMetadataFileList (in target 'LiveKit' from project 'LiveKit')
    cd /Users/mh/orca/workspaces/sonar-live-audio/build/release/UnsignedDerivedData/SourcePackages/checkouts/client-sdk-swift
    write-file /Users/mh/orca/workspaces/sonar-live-audio/build/release/UnsignedDerivedData/Build/Intermediates.noindex/LiveKit.build/Release-iphoneos/LiveKit.build/LiveKit.DependencyStaticMetadataFileList

WriteAuxiliaryFile /Users/mh/orca/workspaces/sonar-live-audio/build/release/UnsignedDerivedData/Build/Intermediates.noindex/LiveKit.build/Release-iphoneos/LiveKit.build/LiveKit.DependencyMetadataFileList (in target 'LiveKit' from project 'LiveKit')
    cd /Users/mh/orca/workspaces/sonar-live-audio/build/release/UnsignedDerivedData/SourcePackages/checkouts/client-sdk-swift
    write-file /Users/mh/orca/workspaces/sonar-live-audio/build/release/UnsignedDerivedData/Build/Intermediates.noindex/LiveKit.build/Release-iphoneos/LiveKit.build/LiveKit.DependencyMetadataFileList

WriteAuxiliaryFile /Users/mh/orca/workspaces/sonar-live-audio/build/release/UnsignedDerivedData/Build/Intermediates.noindex/LiveKit.build/Release-iphoneos/LiveKit.build/LiveKit.modulemap (in target 'LiveKit' from project 'LiveKit')
    cd /Users/mh/orca/workspaces/sonar-live-audio/build/release/UnsignedDerivedData/SourcePackages/checkouts/client-sdk-swift
    write-file /Users/mh/orca/workspaces/sonar-live-audio/build/release/UnsignedDerivedData/Build/Intermediates.noindex/LiveKit.build/Release-iphoneos/LiveKit.build/LiveKit.modulemap

WriteAuxiliaryFile /Users/mh/orca/workspaces/sonar-live-audio/build/release/UnsignedDerivedData/Build/Intermediates.noindex/LiveKit.build/Release-iphoneos/LiveKit.build/DerivedSources/resource_bundle_accessor.swift (in target 'LiveKit' from project 'LiveKit')
    cd /Users/mh/orca/workspaces/sonar-live-audio/build/release/UnsignedDerivedData/SourcePackages/checkouts/client-sdk-swift
    write-file /Users/mh/orca/workspaces/sonar-live-audio/build/release/UnsignedDerivedData/Build/Intermediates.noindex/LiveKit.build/Release-iphoneos/LiveKit.build/DerivedSources/resource_bundle_accessor.swift

MkDir /Users/mh/orca/workspaces/sonar-live-audio/build/release/UnsignedDerivedData/Build/Products/Release-iphoneos/Sonar.app (in target 'Sonar' from project 'Sonar')
    cd /Users/mh/orca/workspaces/sonar-live-audio
    /bin/mkdir -p /Users/mh/orca/workspaces/sonar-live-audio/build/release/UnsignedDerivedData/Build/Products/Release-iphoneos/Sonar.app

MkDir /Users/mh/orca/workspaces/sonar-live-audio/build/release/UnsignedDerivedData/Build/Products/Release-iphoneos/Sonar.app/Frameworks (in target 'Sonar' from project 'Sonar')
    cd /Users/mh/orca/workspaces/sonar-live-audio
    /bin/mkdir -p /Users/mh/orca/workspaces/sonar-live-audio/build/release/UnsignedDerivedData/Build/Products/Release-iphoneos/Sonar.app/Frameworks

Copy /Users/mh/orca/workspaces/sonar-live-audio/build/release/UnsignedDerivedData/Build/Intermediates.noindex/GeneratedModuleMaps-iphoneos/LiveKit.modulemap /Users/mh/orca/workspaces/sonar-live-audio/build/release/UnsignedDerivedData/Build/Intermediates.noindex/LiveKit.build/Release-iphoneos/LiveKit.build/LiveKit.modulemap (in target 'LiveKit' from project 'LiveKit')
    cd /Users/mh/orca/workspaces/sonar-live-audio/build/release/UnsignedDerivedData/SourcePackages/checkouts/client-sdk-swift
    builtin-copy -exclude .DS_Store -exclude CVS -exclude .svn -exclude .git -exclude .hg -strip-unsigned-binaries -strip-deterministic -strip-tool /Applications/Xcode.app/Contents/Developer/Toolchains/XcodeDefault.xctoolchain/usr/bin/strip -resolve-src-symlinks /Users/mh/orca/workspaces/sonar-live-audio/build/release/UnsignedDerivedData/Build/Intermediates.noindex/LiveKit.build/Release-iphoneos/LiveKit.build/LiveKit.modulemap /Users/mh/orca/workspaces/sonar-live-audio/build/release/UnsignedDerivedData/Build/Intermediates.noindex/GeneratedModuleMaps-iphoneos

Touch /Users/mh/orca/workspaces/sonar-live-audio/build/release/UnsignedDerivedData/Build/Products/Release-iphoneos/swift-crypto_Crypto.bundle (in target 'swift-crypto_Crypto' from project 'swift-crypto')
    cd /Users/mh/orca/workspaces/sonar-live-audio/build/release/UnsignedDerivedData/SourcePackages/checkouts/swift-crypto
    /usr/bin/touch -c /Users/mh/orca/workspaces/sonar-live-audio/build/release/UnsignedDerivedData/Build/Products/Release-iphoneos/swift-crypto_Crypto.bundle

Touch /Users/mh/orca/workspaces/sonar-live-audio/build/release/UnsignedDerivedData/Build/Products/Release-iphoneos/SwiftProtobuf_SwiftProtobuf.bundle (in target 'SwiftProtobuf_SwiftProtobuf' from project 'SwiftProtobuf')
    cd /Users/mh/orca/workspaces/sonar-live-audio/build/release/UnsignedDerivedData/SourcePackages/checkouts/swift-protobuf
    /usr/bin/touch -c /Users/mh/orca/workspaces/sonar-live-audio/build/release/UnsignedDerivedData/Build/Products/Release-iphoneos/SwiftProtobuf_SwiftProtobuf.bundle

ScanDependencies /Users/mh/orca/workspaces/sonar-live-audio/build/release/UnsignedDerivedData/Build/Intermediates.noindex/yyjson.build/Release-iphoneos/yyjson.build/Objects-normal/arm64/yyjson.o /Users/mh/orca/workspaces/sonar-live-audio/build/release/UnsignedDerivedData/SourcePackages/checkouts/yyjson/src/yyjson.c normal arm64 c com.apple.compilers.llvm.clang.1_0.compiler (in target 'yyjson' from project 'yyjson')
    cd /Users/mh/orca/workspaces/sonar-live-audio/Sonar.xcodeproj
    
    Using response file: /Users/mh/orca/workspaces/sonar-live-audio/build/release/UnsignedDerivedData/Build/Intermediates.noindex/yyjson.build/Release-iphoneos/yyjson.build/Objects-normal/arm64/7187679823f38a2a940e0043cdf9d637-common-args.resp
    
    builtin-ScanDependencies -o /Users/mh/orca/workspaces/sonar-live-audio/build/release/UnsignedDerivedData/Build/Intermediates.noindex/yyjson.build/Release-iphoneos/yyjson.build/Objects-normal/arm64/yyjson.o.scan -- /Applications/Xcode.app/Contents/Developer/Toolchains/XcodeDefault.xctoolchain/usr/bin/clang -x c -ivfsstatcache /Users/mh/orca/workspaces/sonar-live-audio/build/release/UnsignedDerivedData/SDKStatCaches.noindex/iphoneos26.5-23F81a-32daed1954a7d5dd0789fcaf2a9bb78b.sdkstatcache -target arm64-apple-ios12.0 -fmessage-length\=0 -fdiagnostics-show-note-include-stack -fmacro-backtrace-limit\=0 -fno-color-diagnostics -fmodules-prune-interval\=86400 -fmodules-prune-after\=345600 -fbuild-session-file\=/Users/mh/orca/workspaces/sonar-live-audio/build/release/UnsignedDerivedData/ModuleCache.noindex/Session.modulevalidation -fmodules-validate-once-per-build-session -Wnon-modular-include-in-framework-module -Werror\=non-modular-include-in-framework-module -Wno-trigraphs -Wno-missing-field-initializers -Wno-missing-prototypes -Wno-return-type -Wno-missing-braces -Wparentheses -Wswitch -Wno-unused-function -Wno-unused-label -Wno-unused-parameter -Wno-unused-variable -Wunused-value -Wno-empty-body -Wno-uninitialized -Wno-unknown-pragmas -w -Wno-shadow -Wno-four-char-constants -Wno-conversion -Wno-constant-conversion -Wno-int-conversion -Wno-bool-conversion -Wno-enum-conversion -Wno-float-conversion -Wno-non-literal-null-conversion -Wno-objc-literal-conversion -Wshorten-64-to-32 -Wpointer-sign -Wno-newline-eof -Wno-implicit-fallthrough -isysroot /Applications/Xcode.app/Contents/Developer/Platforms/iPhoneOS.platform/Developer/SDKs/iPhoneOS26.5.sdk -fstrict-aliasing -Wdeprecated-declarations -Wno-sign-conversion -Wno-infinite-recursion -Wno-comma -Wno-block-capture-autoreleasing -Wno-strict-prototypes -Wno-semicolon-before-method-body @/Users/mh/orca/workspaces/sonar-live-audio/build/release/UnsignedDerivedData/Build/Intermediates.noindex/yyjson.build/Release-iphoneos/yyjson.build/Objects-normal/arm64/7187679823f38a2a940e0043cdf9d637-common-args.resp -MMD -MT dependencies -MF /Users/mh/orca/workspaces/sonar-live-audio/build/release/UnsignedDerivedData/Build/Intermediates.noindex/yyjson.build/Release-iphoneos/yyjson.build/Objects-normal/arm64/yyjson.d --serialize-diagnostics /Users/mh/orca/workspaces/sonar-live-audio/build/release/UnsignedDerivedData/Build/Intermediates.noindex/yyjson.build/Release-iphoneos/yyjson.build/Objects-normal/arm64/yyjson.dia -c /Users/mh/orca/workspaces/sonar-live-audio/build/release/UnsignedDerivedData/SourcePackages/checkouts/yyjson/src/yyjson.c -o /Users/mh/orca/workspaces/sonar-live-audio/build/release/UnsignedDerivedData/Build/Intermediates.noindex/yyjson.build/Release-iphoneos/yyjson.build/Objects-normal/arm64/yyjson.o

ScanDependencies /Users/mh/orca/workspaces/sonar-live-audio/build/release/UnsignedDerivedData/Build/Intermediates.noindex/LiveKit.build/Release-iphoneos/LKObjCHelpers.build/Objects-normal/arm64/LKObjCHelpers.o /Users/mh/orca/workspaces/sonar-live-audio/build/release/UnsignedDerivedData/SourcePackages/checkouts/client-sdk-swift/Sources/LKObjCHelpers/LKObjCHelpers.m normal arm64 objective-c com.apple.compilers.llvm.clang.1_0.compiler (in target 'LKObjCHelpers' from project 'LiveKit')
    cd /Users/mh/orca/workspaces/sonar-live-audio/Sonar.xcodeproj
    
    Using response file: /Users/mh/orca/workspaces/sonar-live-audio/build/release/UnsignedDerivedData/Build/Intermediates.noindex/LiveKit.build/Release-iphoneos/LKObjCHelpers.build/Objects-normal/arm64/e6072d4f65d7061329687fe24e3d63a7-common-args.resp
    
    builtin-ScanDependencies -o /Users/mh/orca/workspaces/sonar-live-audio/build/release/UnsignedDerivedData/Build/Intermediates.noindex/LiveKit.build/Release-iphoneos/LKObjCHelpers.build/Objects-normal/arm64/LKObjCHelpers.o.scan -- /Applications/Xcode.app/Contents/Developer/Toolchains/XcodeDefault.xctoolchain/usr/bin/clang -x objective-c -ivfsstatcache /Users/mh/orca/workspaces/sonar-live-audio/build/release/UnsignedDerivedData/SDKStatCaches.noindex/iphoneos26.5-23F81a-32daed1954a7d5dd0789fcaf2a9bb78b.sdkstatcache -target arm64-apple-ios13.0 -fmessage-length\=0 -fdiagnostics-show-note-include-stack -fmacro-backtrace-limit\=0 -fno-color-diagnostics -fmodules-prune-interval\=86400 -fmodules-prune-after\=345600 -fbuild-session-file\=/Users/mh/orca/workspaces/sonar-live-audio/build/release/UnsignedDerivedData/ModuleCache.noindex/Session.modulevalidation -fmodules-validate-once-per-build-session -Wnon-modular-include-in-framework-module -Werror\=non-modular-include-in-framework-module -Wno-trigraphs -Wno-missing-field-initializers -Wno-missing-prototypes -Wno-return-type -Wno-implicit-atomic-properties -Wno-objc-interface-ivars -Wno-arc-repeated-use-of-weak -Wno-missing-braces -Wparentheses -Wswitch -Wno-unused-function -Wno-unused-label -Wno-unused-parameter -Wno-unused-variable -Wunused-value -Wno-empty-body -Wno-uninitialized -Wno-unknown-pragmas -w -Wno-shadow -Wno-four-char-constants -Wno-conversion -Wno-constant-conversion -Wno-int-conversion -Wno-bool-conversion -Wno-enum-conversion -Wno-float-conversion -Wno-non-literal-null-conversion -Wno-objc-literal-conversion -Wshorten-64-to-32 -Wpointer-sign -Wno-newline-eof -Wno-selector -Wno-strict-selector-match -Wno-undeclared-selector -Wno-deprecated-implementations -Wno-implicit-fallthrough -isysroot /Applications/Xcode.app/Contents/Developer/Platforms/iPhoneOS.platform/Developer/SDKs/iPhoneOS26.5.sdk -fstrict-aliasing -Wprotocol -Wdeprecated-declarations -Wno-sign-conversion -Wno-infinite-recursion -Wno-comma -Wno-block-capture-autoreleasing -Wno-strict-prototypes -Wno-semicolon-before-method-body @/Users/mh/orca/workspaces/sonar-live-audio/build/release/UnsignedDerivedData/Build/Intermediates.noindex/LiveKit.build/Release-iphoneos/LKObjCHelpers.build/Objects-normal/arm64/e6072d4f65d7061329687fe24e3d63a7-common-args.resp -MMD -MT dependencies -MF /Users/mh/orca/workspaces/sonar-live-audio/build/release/UnsignedDerivedData/Build/Intermediates.noindex/LiveKit.build/Release-iphoneos/LKObjCHelpers.build/Objects-normal/arm64/LKObjCHelpers.d --serialize-diagnostics /Users/mh/orca/workspaces/sonar-live-audio/build/release/UnsignedDerivedData/Build/Intermediates.noindex/LiveKit.build/Release-iphoneos/LKObjCHelpers.build/Objects-normal/arm64/LKObjCHelpers.dia -c /Users/mh/orca/workspaces/sonar-live-audio/build/release/UnsignedDerivedData/SourcePackages/checkouts/client-sdk-swift/Sources/LKObjCHelpers/LKObjCHelpers.m -o /Users/mh/orca/workspaces/sonar-live-audio/build/release/UnsignedDerivedData/Build/Intermediates.noindex/LiveKit.build/Release-iphoneos/LKObjCHelpers.build/Objects-normal/arm64/LKObjCHelpers.o

SwiftDriver SwiftProtobuf normal arm64 com.apple.xcode.tools.swift.compiler (in target 'SwiftProtobuf' from project 'SwiftProtobuf')
    cd /Users/mh/orca/workspaces/sonar-live-audio/Sonar.xcodeproj
    builtin-SwiftDriver -- /Applications/Xcode.app/Contents/Developer/Toolchains/XcodeDefault.xctoolchain/usr/bin/swiftc -module-name SwiftProtobuf -O -whole-module-optimization @/Users/mh/orca/workspaces/sonar-live-audio/build/release/UnsignedDerivedData/Build/Intermediates.noindex/SwiftProtobuf.build/Release-iphoneos/SwiftProtobuf.build/Objects-normal/arm64/SwiftProtobuf.SwiftFileList -DSWIFT_PACKAGE -DSWIFT_MODULE_RESOURCE_BUNDLE_AVAILABLE -DBinaryDelimitedStreams -DFieldMaskUtilities -DXcode -enable-upcoming-feature ExistentialAny -plugin-path /Applications/Xcode.app/Contents/Developer/Toolchains/XcodeDefault.xctoolchain/usr/lib/swift/host/plugins/testing -enable-experimental-feature DebugDescriptionMacro -sdk /Applications/Xcode.app/Contents/Developer/Platforms/iPhoneOS.platform/Developer/SDKs/iPhoneOS26.5.sdk -target arm64-apple-ios12.0 -g -module-cache-path /Users/mh/orca/workspaces/sonar-live-audio/build/release/UnsignedDerivedData/ModuleCache.noindex -Xfrontend -serialize-debugging-options -suppress-warnings -swift-version 6 -I /Users/mh/orca/workspaces/sonar-live-audio/build/release/UnsignedDerivedData/Build/Products/Release-iphoneos -Isystem /Applications/Xcode.app/Contents/Developer/Platforms/iPhoneOS.platform/Developer/usr/lib -F /Users/mh/orca/workspaces/sonar-live-audio/build/release/UnsignedDerivedData/Build/Products/Release-iphoneos -F /Applications/Xcode.app/Contents/Developer/Platforms/iPhoneOS.platform/Developer/Library/Frameworks -F /Applications/Xcode.app/Contents/Developer/Platforms/iPhoneOS.platform/Developer/SDKs/iPhoneOS26.5.sdk/Developer/Library/Frameworks -c -num-threads 14 -Xcc -ivfsstatcache -Xcc /Users/mh/orca/workspaces/sonar-live-audio/build/release/UnsignedDerivedData/SDKStatCaches.noindex/iphoneos26.5-23F81a-32daed1954a7d5dd0789fcaf2a9bb78b.sdkstatcache -output-file-map /Users/mh/orca/workspaces/sonar-live-audio/build/release/UnsignedDerivedData/Build/Intermediates.noindex/SwiftProtobuf.build/Release-iphoneos/SwiftProtobuf.build/Objects-normal/arm64/SwiftProtobuf-OutputFileMap.json -use-frontend-parseable-output -save-temps -no-color-diagnostics -explicit-module-build -module-cache-path /Users/mh/orca/workspaces/sonar-live-audio/build/release/UnsignedDerivedData/Build/Intermediates.noindex/SwiftExplicitPrecompiledModules -clang-scanner-module-cache-path /Users/mh/orca/workspaces/sonar-live-audio/build/release/UnsignedDerivedData/ModuleCache.noindex -sdk-module-cache-path /Users/mh/orca/workspaces/sonar-live-audio/build/release/UnsignedDerivedData/ModuleCache.noindex -serialize-diagnostics -emit-dependencies -emit-module -emit-module-path /Users/mh/orca/workspaces/sonar-live-audio/build/release/UnsignedDerivedData/Build/Intermediates.noindex/SwiftProtobuf.build/Release-iphoneos/SwiftProtobuf.build/Objects-normal/arm64/SwiftProtobuf.swiftmodule -user-module-version 1.37.0 -validate-clang-modules-once -clang-build-session-file /Users/mh/orca/workspaces/sonar-live-audio/build/release/UnsignedDerivedData/ModuleCache.noindex/Session.modulevalidation -package-name swift_protobuf -Xcc -I/Users/mh/orca/workspaces/sonar-live-audio/build/release/UnsignedDerivedData/Build/Intermediates.noindex/SwiftProtobuf.build/Release-iphoneos/SwiftProtobuf.build/swift-overrides.hmap -emit-const-values -Xfrontend -const-gather-protocols-file -Xfrontend /Users/mh/orca/workspaces/sonar-live-audio/build/release/UnsignedDerivedData/Build/Intermediates.noindex/SwiftProtobuf.build/Release-iphoneos/SwiftProtobuf.build/Objects-normal/arm64/SwiftProtobuf_const_extract_protocols.json -Xcc -I/Users/mh/orca/workspaces/sonar-live-audio/build/release/UnsignedDerivedData/Build/Products/Release-iphoneos/include -Xcc -I/Users/mh/orca/workspaces/sonar-live-audio/build/release/UnsignedDerivedData/Build/Intermediates.noindex/SwiftProtobuf.build/Release-iphoneos/SwiftProtobuf.build/DerivedSources-normal/arm64 -Xcc -I/Users/mh/orca/workspaces/sonar-live-audio/build/release/UnsignedDerivedData/Build/Intermediates.noindex/SwiftProtobuf.build/Release-iphoneos/SwiftProtobuf.build/DerivedSources/arm64 -Xcc -I/Users/mh/orca/workspaces/sonar-live-audio/build/release/UnsignedDerivedData/Build/Intermediates.noindex/SwiftProtobuf.build/Release-iphoneos/SwiftProtobuf.build/DerivedSources -Xcc -DSWIFT_PACKAGE -emit-objc-header -emit-objc-header-path /Users/mh/orca/workspaces/sonar-live-audio/build/release/UnsignedDerivedData/Build/Intermediates.noindex/SwiftProtobuf.build/Release-iphoneos/SwiftProtobuf.build/Objects-normal/arm64/SwiftProtobuf-Swift.h -working-directory /Users/mh/orca/workspaces/sonar-live-audio/Sonar.xcodeproj -no-emit-module-separately-wmo

SwiftDriver LiveKitUniFFI normal arm64 com.apple.xcode.tools.swift.compiler (in target 'LiveKitUniFFI' from project 'LiveKitUniFFI')
    cd /Users/mh/orca/workspaces/sonar-live-audio/Sonar.xcodeproj
    builtin-SwiftDriver -- /Applications/Xcode.app/Contents/Developer/Toolchains/XcodeDefault.xctoolchain/usr/bin/swiftc -module-name LiveKitUniFFI -O -whole-module-optimization @/Users/mh/orca/workspaces/sonar-live-audio/build/release/UnsignedDerivedData/Build/Intermediates.noindex/LiveKitUniFFI.build/Release-iphoneos/LiveKitUniFFI.build/Objects-normal/arm64/LiveKitUniFFI.SwiftFileList -DSWIFT_PACKAGE -DSWIFT_MODULE_RESOURCE_BUNDLE_UNAVAILABLE -DXcode -plugin-path /Applications/Xcode.app/Contents/Developer/Toolchains/XcodeDefault.xctoolchain/usr/lib/swift/host/plugins/testing -enable-experimental-feature DebugDescriptionMacro -sdk /Applications/Xcode.app/Contents/Developer/Platforms/iPhoneOS.platform/Developer/SDKs/iPhoneOS26.5.sdk -target arm64-apple-ios13.0 -g -module-cache-path /Users/mh/orca/workspaces/sonar-live-audio/build/release/UnsignedDerivedData/ModuleCache.noindex -Xfrontend -serialize-debugging-options -suppress-warnings -swift-version 6 -I /Users/mh/orca/workspaces/sonar-live-audio/build/release/UnsignedDerivedData/Build/Products/Release-iphoneos -Isystem /Applications/Xcode.app/Contents/Developer/Platforms/iPhoneOS.platform/Developer/usr/lib -F /Users/mh/orca/workspaces/sonar-live-audio/build/release/UnsignedDerivedData/Build/Products/Release-iphoneos -F /Applications/Xcode.app/Contents/Developer/Platforms/iPhoneOS.platform/Developer/Library/Frameworks -F /Applications/Xcode.app/Contents/Developer/Platforms/iPhoneOS.platform/Developer/SDKs/iPhoneOS26.5.sdk/Developer/Library/Frameworks -parse-as-library -c -num-threads 14 -Xcc -ivfsstatcache -Xcc /Users/mh/orca/workspaces/sonar-live-audio/build/release/UnsignedDerivedData/SDKStatCaches.noindex/iphoneos26.5-23F81a-32daed1954a7d5dd0789fcaf2a9bb78b.sdkstatcache -output-file-map /Users/mh/orca/workspaces/sonar-live-audio/build/release/UnsignedDerivedData/Build/Intermediates.noindex/LiveKitUniFFI.build/Release-iphoneos/LiveKitUniFFI.build/Objects-normal/arm64/LiveKitUniFFI-OutputFileMap.json -use-frontend-parseable-output -save-temps -no-color-diagnostics -explicit-module-build -module-cache-path /Users/mh/orca/workspaces/sonar-live-audio/build/release/UnsignedDerivedData/Build/Intermediates.noindex/SwiftExplicitPrecompiledModules -clang-scanner-module-cache-path /Users/mh/orca/workspaces/sonar-live-audio/build/release/UnsignedDerivedData/ModuleCache.noindex -sdk-module-cache-path /Users/mh/orca/workspaces/sonar-live-audio/build/release/UnsignedDerivedData/ModuleCache.noindex -serialize-diagnostics -emit-dependencies -emit-module -emit-module-path /Users/mh/orca/workspaces/sonar-live-audio/build/release/UnsignedDerivedData/Build/Intermediates.noindex/LiveKitUniFFI.build/Release-iphoneos/LiveKitUniFFI.build/Objects-normal/arm64/LiveKitUniFFI.swiftmodule -user-module-version 0.0.5 -validate-clang-modules-once -clang-build-session-file /Users/mh/orca/workspaces/sonar-live-audio/build/release/UnsignedDerivedData/ModuleCache.noindex/Session.modulevalidation -package-name livekit_uniffi_xcframework -Xcc -I/Users/mh/orca/workspaces/sonar-live-audio/build/release/UnsignedDerivedData/Build/Intermediates.noindex/LiveKitUniFFI.build/Release-iphoneos/LiveKitUniFFI.build/swift-overrides.hmap -emit-const-values -Xfrontend -const-gather-protocols-file -Xfrontend /Users/mh/orca/workspaces/sonar-live-audio/build/release/UnsignedDerivedData/Build/Intermediates.noindex/LiveKitUniFFI.build/Release-iphoneos/LiveKitUniFFI.build/Objects-normal/arm64/LiveKitUniFFI_const_extract_protocols.json -Xcc -I/Users/mh/orca/workspaces/sonar-live-audio/build/release/UnsignedDerivedData/Build/Products/Release-iphoneos/include -Xcc -I/Users/mh/orca/workspaces/sonar-live-audio/build/release/UnsignedDerivedData/Build/Intermediates.noindex/LiveKitUniFFI.build/Release-iphoneos/LiveKitUniFFI.build/DerivedSources-normal/arm64 -Xcc -I/Users/mh/orca/workspaces/sonar-live-audio/build/release/UnsignedDerivedData/Build/Intermediates.noindex/LiveKitUniFFI.build/Release-iphoneos/LiveKitUniFFI.build/DerivedSources/arm64 -Xcc -I/Users/mh/orca/workspaces/sonar-live-audio/build/release/UnsignedDerivedData/Build/Intermediates.noindex/LiveKitUniFFI.build/Release-iphoneos/LiveKitUniFFI.build/DerivedSources -Xcc -DSWIFT_PACKAGE -emit-objc-header -emit-objc-header-path /Users/mh/orca/workspaces/sonar-live-audio/build/release/UnsignedDerivedData/Build/Intermediates.noindex/LiveKitUniFFI.build/Release-iphoneos/LiveKitUniFFI.build/Objects-normal/arm64/LiveKitUniFFI-Swift.h -working-directory /Users/mh/orca/workspaces/sonar-live-audio/Sonar.xcodeproj -no-emit-module-separately-wmo

SwiftDriver Crypto normal arm64 com.apple.xcode.tools.swift.compiler (in target 'Crypto' from project 'swift-crypto')
    cd /Users/mh/orca/workspaces/sonar-live-audio/Sonar.xcodeproj
    builtin-SwiftDriver -- /Applications/Xcode.app/Contents/Developer/Toolchains/XcodeDefault.xctoolchain/usr/bin/swiftc -module-name Crypto -O -whole-module-optimization @/Users/mh/orca/workspaces/sonar-live-audio/build/release/UnsignedDerivedData/Build/Intermediates.noindex/swift-crypto.build/Release-iphoneos/Crypto.build/Objects-normal/arm64/Crypto.SwiftFileList -DSWIFT_PACKAGE -DSWIFT_MODULE_RESOURCE_BUNDLE_AVAILABLE -DCRYPTO_IN_SWIFTPM -DXcode -enable-upcoming-feature MemberImportVisibility -plugin-path /Applications/Xcode.app/Contents/Developer/Toolchains/XcodeDefault.xctoolchain/usr/lib/swift/host/plugins/testing -enable-experimental-feature DebugDescriptionMacro -sdk /Applications/Xcode.app/Contents/Developer/Platforms/iPhoneOS.platform/Developer/SDKs/iPhoneOS26.5.sdk -target arm64-apple-ios12.0 -g -module-cache-path /Users/mh/orca/workspaces/sonar-live-audio/build/release/UnsignedDerivedData/ModuleCache.noindex -Xfrontend -serialize-debugging-options -suppress-warnings -swift-version 6 -I /Users/mh/orca/workspaces/sonar-live-audio/build/release/UnsignedDerivedData/Build/Products/Release-iphoneos -Isystem /Applications/Xcode.app/Contents/Developer/Platforms/iPhoneOS.platform/Developer/usr/lib -F /Users/mh/orca/workspaces/sonar-live-audio/build/release/UnsignedDerivedData/Build/Products/Release-iphoneos -F /Applications/Xcode.app/Contents/Developer/Platforms/iPhoneOS.platform/Developer/Library/Frameworks -F /Applications/Xcode.app/Contents/Developer/Platforms/iPhoneOS.platform/Developer/SDKs/iPhoneOS26.5.sdk/Developer/Library/Frameworks -c -num-threads 14 -Xcc -ivfsstatcache -Xcc /Users/mh/orca/workspaces/sonar-live-audio/build/release/UnsignedDerivedData/SDKStatCaches.noindex/iphoneos26.5-23F81a-32daed1954a7d5dd0789fcaf2a9bb78b.sdkstatcache -output-file-map /Users/mh/orca/workspaces/sonar-live-audio/build/release/UnsignedDerivedData/Build/Intermediates.noindex/swift-crypto.build/Release-iphoneos/Crypto.build/Objects-normal/arm64/Crypto-OutputFileMap.json -use-frontend-parseable-output -save-temps -no-color-diagnostics -explicit-module-build -module-cache-path /Users/mh/orca/workspaces/sonar-live-audio/build/release/UnsignedDerivedData/Build/Intermediates.noindex/SwiftExplicitPrecompiledModules -clang-scanner-module-cache-path /Users/mh/orca/workspaces/sonar-live-audio/build/release/UnsignedDerivedData/ModuleCache.noindex -sdk-module-cache-path /Users/mh/orca/workspaces/sonar-live-audio/build/release/UnsignedDerivedData/ModuleCache.noindex -serialize-diagnostics -emit-dependencies -emit-module -emit-module-path /Users/mh/orca/workspaces/sonar-live-audio/build/release/UnsignedDerivedData/Build/Intermediates.noindex/swift-crypto.build/Release-iphoneos/Crypto.build/Objects-normal/arm64/Crypto.swiftmodule -user-module-version 4.5.0 -validate-clang-modules-once -clang-build-session-file /Users/mh/orca/workspaces/sonar-live-audio/build/release/UnsignedDerivedData/ModuleCache.noindex/Session.modulevalidation -package-name swift_crypto -Xcc -I/Users/mh/orca/workspaces/sonar-live-audio/build/release/UnsignedDerivedData/Build/Intermediates.noindex/swift-crypto.build/Release-iphoneos/Crypto.build/swift-overrides.hmap -emit-const-values -Xfrontend -const-gather-protocols-file -Xfrontend /Users/mh/orca/workspaces/sonar-live-audio/build/release/UnsignedDerivedData/Build/Intermediates.noindex/swift-crypto.build/Release-iphoneos/Crypto.build/Objects-normal/arm64/Crypto_const_extract_protocols.json -Xcc -I/Users/mh/orca/workspaces/sonar-live-audio/build/release/UnsignedDerivedData/Build/Products/Release-iphoneos/include -Xcc -I/Users/mh/orca/workspaces/sonar-live-audio/build/release/UnsignedDerivedData/Build/Intermediates.noindex/swift-crypto.build/Release-iphoneos/Crypto.build/DerivedSources-normal/arm64 -Xcc -I/Users/mh/orca/workspaces/sonar-live-audio/build/release/UnsignedDerivedData/Build/Intermediates.noindex/swift-crypto.build/Release-iphoneos/Crypto.build/DerivedSources/arm64 -Xcc -I/Users/mh/orca/workspaces/sonar-live-audio/build/release/UnsignedDerivedData/Build/Intermediates.noindex/swift-crypto.build/Release-iphoneos/Crypto.build/DerivedSources -Xcc -DSWIFT_PACKAGE -emit-objc-header -emit-objc-header-path /Users/mh/orca/workspaces/sonar-live-audio/build/release/UnsignedDerivedData/Build/Intermediates.noindex/swift-crypto.build/Release-iphoneos/Crypto.build/Objects-normal/arm64/Crypto-Swift.h -working-directory /Users/mh/orca/workspaces/sonar-live-audio/Sonar.xcodeproj -no-emit-module-separately-wmo

SwiftDriver InternalCollectionsUtilities normal arm64 com.apple.xcode.tools.swift.compiler (in target 'InternalCollectionsUtilities' from project 'swift-collections')
    cd /Users/mh/orca/workspaces/sonar-live-audio/Sonar.xcodeproj
    builtin-SwiftDriver -- /Applications/Xcode.app/Contents/Developer/Toolchains/XcodeDefault.xctoolchain/usr/bin/swiftc -module-name InternalCollectionsUtilities -O -whole-module-optimization @/Users/mh/orca/workspaces/sonar-live-audio/build/release/UnsignedDerivedData/Build/Intermediates.noindex/swift-collections.build/Release-iphoneos/InternalCollectionsUtilities.build/Objects-normal/arm64/InternalCollectionsUtilities.SwiftFileList -DSWIFT_PACKAGE -DSWIFT_MODULE_RESOURCE_BUNDLE_UNAVAILABLE -DCOLLECTIONS_RANDOMIZED_TESTING -DXcode -enable-experimental-feature AvailabilityMacro\=SwiftStdlib\ 5.0:\ macOS\ 10.14.4,\ iOS\ 12.2,\ watchOS\ 5.2,\ tvOS\ 12.2 -enable-experimental-feature AvailabilityMacro\=SwiftStdlib\ 5.1:\ macOS\ 10.15,\ iOS\ 13.0,\ watchOS\ 6.0,\ tvOS\ 13.0 -enable-experimental-feature AvailabilityMacro\=SwiftStdlib\ 5.6:\ macOS\ 12.3,\ iOS\ 15.4,\ watchOS\ 8.5,\ tvOS\ 15.4 -enable-experimental-feature AvailabilityMacro\=SwiftStdlib\ 5.7:\ macOS\ 13.0,\ iOS\ 16.0,\ watchOS\ 9.0,\ tvOS\ 16.0 -enable-experimental-feature AvailabilityMacro\=SwiftStdlib\ 5.8:\ macOS\ 13.3,\ iOS\ 16.4,\ watchOS\ 9.4,\ tvOS\ 16.4 -enable-experimental-feature AvailabilityMacro\=SwiftStdlib\ 5.9:\ macOS\ 14.0,\ iOS\ 17.0,\ watchOS\ 10.0,\ tvOS\ 17.0 -enable-experimental-feature AvailabilityMacro\=SwiftStdlib\ 5.10:\ macOS\ 14.4,\ iOS\ 17.4,\ watchOS\ 10.4,\ tvOS\ 17.4,\ visionOS\ 1.1 -enable-experimental-feature AvailabilityMacro\=SwiftStdlib\ 6.0:\ macOS\ 15.0,\ iOS\ 18.0,\ watchOS\ 11.0,\ tvOS\ 18.0,\ visionOS\ 2.0 -enable-experimental-feature AvailabilityMacro\=SwiftStdlib\ 6.1:\ macOS\ 15.4,\ iOS\ 18.4,\ watchOS\ 11.4,\ tvOS\ 18.4,\ visionOS\ 2.4 -enable-experimental-feature AvailabilityMacro\=SwiftStdlib\ 6.2:\ macOS\ 26.0,\ iOS\ 26.0,\ watchOS\ 26.0,\ tvOS\ 26.0,\ visionOS\ 26.0 -enable-experimental-feature AvailabilityMacro\=SwiftStdlib\ 6.3:\ macOS\ 26.4,\ iOS\ 26.4,\ watchOS\ 26.4,\ tvOS\ 26.4,\ visionOS\ 26.4 -enable-upcoming-feature MemberImportVisibility -enable-experimental-feature BuiltinModule -enable-experimental-feature Lifetimes -enable-experimental-feature InoutLifetimeDependence -enable-experimental-feature SuppressedAssociatedTypes -enable-experimental-feature AddressableParameters -enable-experimental-feature AddressableTypes -plugin-path /Applications/Xcode.app/Contents/Developer/Toolchains/XcodeDefault.xctoolchain/usr/lib/swift/host/plugins/testing -enable-experimental-feature DebugDescriptionMacro -sdk /Applications/Xcode.app/Contents/Developer/Platforms/iPhoneOS.platform/Developer/SDKs/iPhoneOS26.5.sdk -target arm64-apple-ios12.0 -g -module-cache-path /Users/mh/orca/workspaces/sonar-live-audio/build/release/UnsignedDerivedData/ModuleCache.noindex -Xfrontend -serialize-debugging-options -suppress-warnings -swift-version 6 -I /Users/mh/orca/workspaces/sonar-live-audio/build/release/UnsignedDerivedData/Build/Products/Release-iphoneos -Isystem /Applications/Xcode.app/Contents/Developer/Platforms/iPhoneOS.platform/Developer/usr/lib -F /Users/mh/orca/workspaces/sonar-live-audio/build/release/UnsignedDerivedData/Build/Products/Release-iphoneos -F /Applications/Xcode.app/Contents/Developer/Platforms/iPhoneOS.platform/Developer/Library/Frameworks -F /Applications/Xcode.app/Contents/Developer/Platforms/iPhoneOS.platform/Developer/SDKs/iPhoneOS26.5.sdk/Developer/Library/Frameworks -c -num-threads 14 -Xcc -ivfsstatcache -Xcc /Users/mh/orca/workspaces/sonar-live-audio/build/release/UnsignedDerivedData/SDKStatCaches.noindex/iphoneos26.5-23F81a-32daed1954a7d5dd0789fcaf2a9bb78b.sdkstatcache -output-file-map /Users/mh/orca/workspaces/sonar-live-audio/build/release/UnsignedDerivedData/Build/Intermediates.noindex/swift-collections.build/Release-iphoneos/InternalCollectionsUtilities.build/Objects-normal/arm64/InternalCollectionsUtilities-OutputFileMap.json -use-frontend-parseable-output -save-temps -no-color-diagnostics -explicit-module-build -module-cache-path /Users/mh/orca/workspaces/sonar-live-audio/build/release/UnsignedDerivedData/Build/Intermediates.noindex/SwiftExplicitPrecompiledModules -clang-scanner-module-cache-path /Users/mh/orca/workspaces/sonar-live-audio/build/release/UnsignedDerivedData/ModuleCache.noindex -sdk-module-cache-path /Users/mh/orca/workspaces/sonar-live-audio/build/release/UnsignedDerivedData/ModuleCache.noindex -serialize-diagnostics -emit-dependencies -emit-module -emit-module-path /Users/mh/orca/workspaces/sonar-live-audio/build/release/UnsignedDerivedData/Build/Intermediates.noindex/swift-collections.build/Release-iphoneos/InternalCollectionsUtilities.build/Objects-normal/arm64/InternalCollectionsUtilities.swiftmodule -user-module-version 1.4.1 -validate-clang-modules-once -clang-build-session-file /Users/mh/orca/workspaces/sonar-live-audio/build/release/UnsignedDerivedData/ModuleCache.noindex/Session.modulevalidation -package-name swift_collections -Xcc -I/Users/mh/orca/workspaces/sonar-live-audio/build/release/UnsignedDerivedData/Build/Intermediates.noindex/swift-collections.build/Release-iphoneos/InternalCollectionsUtilities.build/swift-overrides.hmap -emit-const-values -Xfrontend -const-gather-protocols-file -Xfrontend /Users/mh/orca/workspaces/sonar-live-audio/build/release/UnsignedDerivedData/Build/Intermediates.noindex/swift-collections.build/Release-iphoneos/InternalCollectionsUtilities.build/Objects-normal/arm64/InternalCollectionsUtilities_const_extract_protocols.json -Xcc -I/Users/mh/orca/workspaces/sonar-live-audio/build/release/UnsignedDerivedData/Build/Products/Release-iphoneos/include -Xcc -I/Users/mh/orca/workspaces/sonar-live-audio/build/release/UnsignedDerivedData/Build/Intermediates.noindex/swift-collections.build/Release-iphoneos/InternalCollectionsUtilities.build/DerivedSources-normal/arm64 -Xcc -I/Users/mh/orca/workspaces/sonar-live-audio/build/release/UnsignedDerivedData/Build/Intermediates.noindex/swift-collections.build/Release-iphoneos/InternalCollectionsUtilities.build/DerivedSources/arm64 -Xcc -I/Users/mh/orca/workspaces/sonar-live-audio/build/release/UnsignedDerivedData/Build/Intermediates.noindex/swift-collections.build/Release-iphoneos/InternalCollectionsUtilities.build/DerivedSources -Xcc -DSWIFT_PACKAGE -emit-objc-header -emit-objc-header-path /Users/mh/orca/workspaces/sonar-live-audio/build/release/UnsignedDerivedData/Build/Intermediates.noindex/swift-collections.build/Release-iphoneos/InternalCollectionsUtilities.build/Objects-normal/arm64/InternalCollectionsUtilities-Swift.h -working-directory /Users/mh/orca/workspaces/sonar-live-audio/Sonar.xcodeproj -no-emit-module-separately-wmo

SwiftDriver\ Compilation InternalCollectionsUtilities normal arm64 com.apple.xcode.tools.swift.compiler (in target 'InternalCollectionsUtilities' from project 'swift-collections')
    cd /Users/mh/orca/workspaces/sonar-live-audio/Sonar.xcodeproj
    builtin-Swift-Compilation -- /Applications/Xcode.app/Contents/Developer/Toolchains/XcodeDefault.xctoolchain/usr/bin/swiftc -module-name InternalCollectionsUtilities -O -whole-module-optimization @/Users/mh/orca/workspaces/sonar-live-audio/build/release/UnsignedDerivedData/Build/Intermediates.noindex/swift-collections.build/Release-iphoneos/InternalCollectionsUtilities.build/Objects-normal/arm64/InternalCollectionsUtilities.SwiftFileList -DSWIFT_PACKAGE -DSWIFT_MODULE_RESOURCE_BUNDLE_UNAVAILABLE -DCOLLECTIONS_RANDOMIZED_TESTING -DXcode -enable-experimental-feature AvailabilityMacro\=SwiftStdlib\ 5.0:\ macOS\ 10.14.4,\ iOS\ 12.2,\ watchOS\ 5.2,\ tvOS\ 12.2 -enable-experimental-feature AvailabilityMacro\=SwiftStdlib\ 5.1:\ macOS\ 10.15,\ iOS\ 13.0,\ watchOS\ 6.0,\ tvOS\ 13.0 -enable-experimental-feature AvailabilityMacro\=SwiftStdlib\ 5.6:\ macOS\ 12.3,\ iOS\ 15.4,\ watchOS\ 8.5,\ tvOS\ 15.4 -enable-experimental-feature AvailabilityMacro\=SwiftStdlib\ 5.7:\ macOS\ 13.0,\ iOS\ 16.0,\ watchOS\ 9.0,\ tvOS\ 16.0 -enable-experimental-feature AvailabilityMacro\=SwiftStdlib\ 5.8:\ macOS\ 13.3,\ iOS\ 16.4,\ watchOS\ 9.4,\ tvOS\ 16.4 -enable-experimental-feature AvailabilityMacro\=SwiftStdlib\ 5.9:\ macOS\ 14.0,\ iOS\ 17.0,\ watchOS\ 10.0,\ tvOS\ 17.0 -enable-experimental-feature AvailabilityMacro\=SwiftStdlib\ 5.10:\ macOS\ 14.4,\ iOS\ 17.4,\ watchOS\ 10.4,\ tvOS\ 17.4,\ visionOS\ 1.1 -enable-experimental-feature AvailabilityMacro\=SwiftStdlib\ 6.0:\ macOS\ 15.0,\ iOS\ 18.0,\ watchOS\ 11.0,\ tvOS\ 18.0,\ visionOS\ 2.0 -enable-experimental-feature AvailabilityMacro\=SwiftStdlib\ 6.1:\ macOS\ 15.4,\ iOS\ 18.4,\ watchOS\ 11.4,\ tvOS\ 18.4,\ visionOS\ 2.4 -enable-experimental-feature AvailabilityMacro\=SwiftStdlib\ 6.2:\ macOS\ 26.0,\ iOS\ 26.0,\ watchOS\ 26.0,\ tvOS\ 26.0,\ visionOS\ 26.0 -enable-experimental-feature AvailabilityMacro\=SwiftStdlib\ 6.3:\ macOS\ 26.4,\ iOS\ 26.4,\ watchOS\ 26.4,\ tvOS\ 26.4,\ visionOS\ 26.4 -enable-upcoming-feature MemberImportVisibility -enable-experimental-feature BuiltinModule -enable-experimental-feature Lifetimes -enable-experimental-feature InoutLifetimeDependence -enable-experimental-feature SuppressedAssociatedTypes -enable-experimental-feature AddressableParameters -enable-experimental-feature AddressableTypes -plugin-path /Applications/Xcode.app/Contents/Developer/Toolchains/XcodeDefault.xctoolchain/usr/lib/swift/host/plugins/testing -enable-experimental-feature DebugDescriptionMacro -sdk /Applications/Xcode.app/Contents/Developer/Platforms/iPhoneOS.platform/Developer/SDKs/iPhoneOS26.5.sdk -target arm64-apple-ios12.0 -g -module-cache-path /Users/mh/orca/workspaces/sonar-live-audio/build/release/UnsignedDerivedData/ModuleCache.noindex -Xfrontend -serialize-debugging-options -suppress-warnings -swift-version 6 -I /Users/mh/orca/workspaces/sonar-live-audio/build/release/UnsignedDerivedData/Build/Products/Release-iphoneos -Isystem /Applications/Xcode.app/Contents/Developer/Platforms/iPhoneOS.platform/Developer/usr/lib -F /Users/mh/orca/workspaces/sonar-live-audio/build/release/UnsignedDerivedData/Build/Products/Release-iphoneos -F /Applications/Xcode.app/Contents/Developer/Platforms/iPhoneOS.platform/Developer/Library/Frameworks -F /Applications/Xcode.app/Contents/Developer/Platforms/iPhoneOS.platform/Developer/SDKs/iPhoneOS26.5.sdk/Developer/Library/Frameworks -c -num-threads 14 -Xcc -ivfsstatcache -Xcc /Users/mh/orca/workspaces/sonar-live-audio/build/release/UnsignedDerivedData/SDKStatCaches.noindex/iphoneos26.5-23F81a-32daed1954a7d5dd0789fcaf2a9bb78b.sdkstatcache -output-file-map /Users/mh/orca/workspaces/sonar-live-audio/build/release/UnsignedDerivedData/Build/Intermediates.noindex/swift-collections.build/Release-iphoneos/InternalCollectionsUtilities.build/Objects-normal/arm64/InternalCollectionsUtilities-OutputFileMap.json -use-frontend-parseable-output -save-temps -no-color-diagnostics -explicit-module-build -module-cache-path /Users/mh/orca/workspaces/sonar-live-audio/build/release/UnsignedDerivedData/Build/Intermediates.noindex/SwiftExplicitPrecompiledModules -clang-scanner-module-cache-path /Users/mh/orca/workspaces/sonar-live-audio/build/release/UnsignedDerivedData/ModuleCache.noindex -sdk-module-cache-path /Users/mh/orca/workspaces/sonar-live-audio/build/release/UnsignedDerivedData/ModuleCache.noindex -serialize-diagnostics -emit-dependencies -emit-module -emit-module-path /Users/mh/orca/workspaces/sonar-live-audio/build/release/UnsignedDerivedData/Build/Intermediates.noindex/swift-collections.build/Release-iphoneos/InternalCollectionsUtilities.build/Objects-normal/arm64/InternalCollectionsUtilities.swiftmodule -user-module-version 1.4.1 -validate-clang-modules-once -clang-build-session-file /Users/mh/orca/workspaces/sonar-live-audio/build/release/UnsignedDerivedData/ModuleCache.noindex/Session.modulevalidation -package-name swift_collections -Xcc -I/Users/mh/orca/workspaces/sonar-live-audio/build/release/UnsignedDerivedData/Build/Intermediates.noindex/swift-collections.build/Release-iphoneos/InternalCollectionsUtilities.build/swift-overrides.hmap -emit-const-values -Xfrontend -const-gather-protocols-file -Xfrontend /Users/mh/orca/workspaces/sonar-live-audio/build/release/UnsignedDerivedData/Build/Intermediates.noindex/swift-collections.build/Release-iphoneos/InternalCollectionsUtilities.build/Objects-normal/arm64/InternalCollectionsUtilities_const_extract_protocols.json -Xcc -I/Users/mh/orca/workspaces/sonar-live-audio/build/release/UnsignedDerivedData/Build/Products/Release-iphoneos/include -Xcc -I/Users/mh/orca/workspaces/sonar-live-audio/build/release/UnsignedDerivedData/Build/Intermediates.noindex/swift-collections.build/Release-iphoneos/InternalCollectionsUtilities.build/DerivedSources-normal/arm64 -Xcc -I/Users/mh/orca/workspaces/sonar-live-audio/build/release/UnsignedDerivedData/Build/Intermediates.noindex/swift-collections.build/Release-iphoneos/InternalCollectionsUtilities.build/DerivedSources/arm64 -Xcc -I/Users/mh/orca/workspaces/sonar-live-audio/build/release/UnsignedDerivedData/Build/Intermediates.noindex/swift-collections.build/Release-iphoneos/InternalCollectionsUtilities.build/DerivedSources -Xcc -DSWIFT_PACKAGE -emit-objc-header -emit-objc-header-path /Users/mh/orca/workspaces/sonar-live-audio/build/release/UnsignedDerivedData/Build/Intermediates.noindex/swift-collections.build/Release-iphoneos/InternalCollectionsUtilities.build/Objects-normal/arm64/InternalCollectionsUtilities-Swift.h -working-directory /Users/mh/orca/workspaces/sonar-live-audio/Sonar.xcodeproj -no-emit-module-separately-wmo

SwiftExplicitDependencyGeneratePcm arm64 /Users/mh/orca/workspaces/sonar-live-audio/build/release/UnsignedDerivedData/ModuleCache.noindex/_SwiftConcurrencyShims-11UAPQAANGA5YHKZ24YUAO823.pcm

SwiftExplicitDependencyGeneratePcm arm64 /Users/mh/orca/workspaces/sonar-live-audio/build/release/UnsignedDerivedData/ModuleCache.noindex/SwiftShims-6UXPXJEFW29V32EXS1LZUA40G.pcm

SwiftCompile normal arm64 Compiling\ Debugging.swift,\ Descriptions.swift,\ FixedWidthInteger+roundUpToPowerOfTwo.swift,\ Integer\ rank.swift,\ UInt+first\ and\ last\ set\ bit.swift,\ UInt+reversed.swift,\ LifetimeOverride.swift,\ RandomAccessCollection+Offsets.swift,\ Span+Extras.swift,\ String+Padding.swift,\ _UnsafeBitSet+Index.swift,\ _UnsafeBitSet+_Word.swift,\ _UnsafeBitSet.swift,\ UnsafeBufferPointer+Extras.swift,\ UnsafeMutableBufferPointer+Extras.swift,\ UnsafeMutableRawBufferPointer+Extras.swift,\ UnsafeRawBufferPointer+Extras.swift,\ _SortedCollection.swift,\ _UniqueCollection.swift /Users/mh/orca/workspaces/sonar-live-audio/build/release/UnsignedDerivedData/SourcePackages/checkouts/swift-collections/Sources/InternalCollectionsUtilities/Debugging.swift /Users/mh/orca/workspaces/sonar-live-audio/build/release/UnsignedDerivedData/SourcePackages/checkouts/swift-collections/Sources/InternalCollectionsUtilities/Descriptions.swift /Users/mh/orca/workspaces/sonar-live-audio/build/release/UnsignedDerivedData/SourcePackages/checkouts/swift-collections/Sources/InternalCollectionsUtilities/IntegerTricks/FixedWidthInteger+roundUpToPowerOfTwo.swift /Users/mh/orca/workspaces/sonar-live-audio/build/release/UnsignedDerivedData/SourcePackages/checkouts/swift-collections/Sources/InternalCollectionsUtilities/IntegerTricks/Integer\ rank.swift /Users/mh/orca/workspaces/sonar-live-audio/build/release/UnsignedDerivedData/SourcePackages/checkouts/swift-collections/Sources/InternalCollectionsUtilities/IntegerTricks/UInt+first\ and\ last\ set\ bit.swift /Users/mh/orca/workspaces/sonar-live-audio/build/release/UnsignedDerivedData/SourcePackages/checkouts/swift-collections/Sources/InternalCollectionsUtilities/IntegerTricks/UInt+reversed.swift /Users/mh/orca/workspaces/sonar-live-audio/build/release/UnsignedDerivedData/SourcePackages/checkouts/swift-collections/Sources/InternalCollectionsUtilities/LifetimeOverride.swift /Users/mh/orca/workspaces/sonar-live-audio/build/release/UnsignedDerivedData/SourcePackages/checkouts/swift-collections/Sources/InternalCollectionsUtilities/RandomAccessCollection+Offsets.swift /Users/mh/orca/workspaces/sonar-live-audio/build/release/UnsignedDerivedData/SourcePackages/checkouts/swift-collections/Sources/InternalCollectionsUtilities/Span+Extras.swift /Users/mh/orca/workspaces/sonar-live-audio/build/release/UnsignedDerivedData/SourcePackages/checkouts/swift-collections/Sources/InternalCollectionsUtilities/String+Padding.swift /Users/mh/orca/workspaces/sonar-live-audio/build/release/UnsignedDerivedData/SourcePackages/checkouts/swift-collections/Sources/InternalCollectionsUtilities/UnsafeBitSet/_UnsafeBitSet+Index.swift /Users/mh/orca/workspaces/sonar-live-audio/build/release/UnsignedDerivedData/SourcePackages/checkouts/swift-collections/Sources/InternalCollectionsUtilities/UnsafeBitSet/_UnsafeBitSet+_Word.swift /Users/mh/orca/workspaces/sonar-live-audio/build/release/UnsignedDerivedData/SourcePackages/checkouts/swift-collections/Sources/InternalCollectionsUtilities/UnsafeBitSet/_UnsafeBitSet.swift /Users/mh/orca/workspaces/sonar-live-audio/build/release/UnsignedDerivedData/SourcePackages/checkouts/swift-collections/Sources/InternalCollectionsUtilities/UnsafeBufferPointer+Extras.swift /Users/mh/orca/workspaces/sonar-live-audio/build/release/UnsignedDerivedData/SourcePackages/checkouts/swift-collections/Sources/InternalCollectionsUtilities/UnsafeMutableBufferPointer+Extras.swift /Users/mh/orca/workspaces/sonar-live-audio/build/release/UnsignedDerivedData/SourcePackages/checkouts/swift-collections/Sources/InternalCollectionsUtilities/UnsafeMutableRawBufferPointer+Extras.swift /Users/mh/orca/workspaces/sonar-live-audio/build/release/UnsignedDerivedData/SourcePackages/checkouts/swift-collections/Sources/InternalCollectionsUtilities/UnsafeRawBufferPointer+Extras.swift /Users/mh/orca/workspaces/sonar-live-audio/build/release/UnsignedDerivedData/SourcePackages/checkouts/swift-collections/Sources/InternalCollectionsUtilities/_SortedCollection.swift /Users/mh/orca/workspaces/sonar-live-audio/build/release/UnsignedDerivedData/SourcePackages/checkouts/swift-collections/Sources/InternalCollectionsUtilities/_UniqueCollection.swift /Applications/Xcode.app/Contents/Developer/Toolchains/XcodeDefault.xctoolchain/usr/lib/swift/iphoneos/prebuilt-modules/26.5/_StringProcessing.swiftmodule/arm64e-apple-ios.swiftmodule /Applications/Xcode.app/Contents/Developer/Toolchains/XcodeDefault.xctoolchain/usr/lib/swift/iphoneos/prebuilt-modules/26.5/_Concurrency.swiftmodule/arm64e-apple-ios.swiftmodule /Applications/Xcode.app/Contents/Developer/Toolchains/XcodeDefault.xctoolchain/usr/lib/swift/iphoneos/prebuilt-modules/26.5/Swift.swiftmodule/arm64e-apple-ios.swiftmodule /Users/mh/orca/workspaces/sonar-live-audio/build/release/UnsignedDerivedData/ModuleCache.noindex/SwiftShims-6UXPXJEFW29V32EXS1LZUA40G.pcm /Users/mh/orca/workspaces/sonar-live-audio/build/release/UnsignedDerivedData/ModuleCache.noindex/_SwiftConcurrencyShims-11UAPQAANGA5YHKZ24YUAO823.pcm /Users/mh/orca/workspaces/sonar-live-audio/build/release/UnsignedDerivedData/Build/Intermediates.noindex/swift-collections.build/Release-iphoneos/InternalCollectionsUtilities.build/Objects-normal/arm64/InternalCollectionsUtilities-dependencies-1.json (in target 'InternalCollectionsUtilities' from project 'swift-collections')
CompileSwift normal arm64 (in target 'InternalCollectionsUtilities' from project 'swift-collections')
    cd /Users/mh/orca/workspaces/sonar-live-audio/Sonar.xcodeproj
    

PrecompileModule /Users/mh/orca/workspaces/sonar-live-audio/build/release/UnsignedDerivedData/Build/Intermediates.noindex/ExplicitPrecompiledModules/ptrcheck-1J0BLUVL4EFGWXLVYLIZHYG4C.scan
    cd /
    builtin-precompileModule /Users/mh/orca/workspaces/sonar-live-audio/build/release/UnsignedDerivedData/Build/Intermediates.noindex/ExplicitPrecompiledModules/ptrcheck-1J0BLUVL4EFGWXLVYLIZHYG4C.scan

PrecompileModule /Users/mh/orca/workspaces/sonar-live-audio/build/release/UnsignedDerivedData/Build/Intermediates.noindex/ExplicitPrecompiledModules/_Builtin_float-B9P90HHGTEC3V7MV4Q5M3TSFE.scan
    cd /
    builtin-precompileModule /Users/mh/orca/workspaces/sonar-live-audio/build/release/UnsignedDerivedData/Build/Intermediates.noindex/ExplicitPrecompiledModules/_Builtin_float-B9P90HHGTEC3V7MV4Q5M3TSFE.scan

PrecompileModule /Users/mh/orca/workspaces/sonar-live-audio/build/release/UnsignedDerivedData/Build/Intermediates.noindex/ExplicitPrecompiledModules/_Builtin_stdbool-DGGQR1CH05FIS3N9G3QOI4W0Q.scan
    cd /
    builtin-precompileModule /Users/mh/orca/workspaces/sonar-live-audio/build/release/UnsignedDerivedData/Build/Intermediates.noindex/ExplicitPrecompiledModules/_Builtin_stdbool-DGGQR1CH05FIS3N9G3QOI4W0Q.scan

PrecompileModule /Users/mh/orca/workspaces/sonar-live-audio/build/release/UnsignedDerivedData/Build/Intermediates.noindex/ExplicitPrecompiledModules/_Builtin_stddef-7QEDE2NRJ4CMHJDB06XIMHNWR.scan
    cd /
    builtin-precompileModule /Users/mh/orca/workspaces/sonar-live-audio/build/release/UnsignedDerivedData/Build/Intermediates.noindex/ExplicitPrecompiledModules/_Builtin_stddef-7QEDE2NRJ4CMHJDB06XIMHNWR.scan

PrecompileModule /Users/mh/orca/workspaces/sonar-live-audio/build/release/UnsignedDerivedData/Build/Intermediates.noindex/ExplicitPrecompiledModules/_AvailabilityInternal-79L9JMP6HBD2071JLW3JZLOAZ.scan
    cd /
    builtin-precompileModule /Users/mh/orca/workspaces/sonar-live-audio/build/release/UnsignedDerivedData/Build/Intermediates.noindex/ExplicitPrecompiledModules/_AvailabilityInternal-79L9JMP6HBD2071JLW3JZLOAZ.scan

PrecompileModule /Users/mh/orca/workspaces/sonar-live-audio/build/release/UnsignedDerivedData/Build/Intermediates.noindex/ExplicitPrecompiledModules/_Builtin_stdarg-ASWF3PR7T3HIRP8RKTURK5J32.scan
    cd /
    builtin-precompileModule /Users/mh/orca/workspaces/sonar-live-audio/build/release/UnsignedDerivedData/Build/Intermediates.noindex/ExplicitPrecompiledModules/_Builtin_stdarg-ASWF3PR7T3HIRP8RKTURK5J32.scan

PrecompileModule /Users/mh/orca/workspaces/sonar-live-audio/build/release/UnsignedDerivedData/Build/Intermediates.noindex/ExplicitPrecompiledModules/_DarwinFoundation1-A91CHTBHYF4SJSX66LQU0CXFG.scan
    cd /
    builtin-precompileModule /Users/mh/orca/workspaces/sonar-live-audio/build/release/UnsignedDerivedData/Build/Intermediates.noindex/ExplicitPrecompiledModules/_DarwinFoundation1-A91CHTBHYF4SJSX66LQU0CXFG.scan

SwiftDriver\ Compilation LiveKitUniFFI normal arm64 com.apple.xcode.tools.swift.compiler (in target 'LiveKitUniFFI' from project 'LiveKitUniFFI')
    cd /Users/mh/orca/workspaces/sonar-live-audio/Sonar.xcodeproj
    builtin-Swift-Compilation -- /Applications/Xcode.app/Contents/Developer/Toolchains/XcodeDefault.xctoolchain/usr/bin/swiftc -module-name LiveKitUniFFI -O -whole-module-optimization @/Users/mh/orca/workspaces/sonar-live-audio/build/release/UnsignedDerivedData/Build/Intermediates.noindex/LiveKitUniFFI.build/Release-iphoneos/LiveKitUniFFI.build/Objects-normal/arm64/LiveKitUniFFI.SwiftFileList -DSWIFT_PACKAGE -DSWIFT_MODULE_RESOURCE_BUNDLE_UNAVAILABLE -DXcode -plugin-path /Applications/Xcode.app/Contents/Developer/Toolchains/XcodeDefault.xctoolchain/usr/lib/swift/host/plugins/testing -enable-experimental-feature DebugDescriptionMacro -sdk /Applications/Xcode.app/Contents/Developer/Platforms/iPhoneOS.platform/Developer/SDKs/iPhoneOS26.5.sdk -target arm64-apple-ios13.0 -g -module-cache-path /Users/mh/orca/workspaces/sonar-live-audio/build/release/UnsignedDerivedData/ModuleCache.noindex -Xfrontend -serialize-debugging-options -suppress-warnings -swift-version 6 -I /Users/mh/orca/workspaces/sonar-live-audio/build/release/UnsignedDerivedData/Build/Products/Release-iphoneos -Isystem /Applications/Xcode.app/Contents/Developer/Platforms/iPhoneOS.platform/Developer/usr/lib -F /Users/mh/orca/workspaces/sonar-live-audio/build/release/UnsignedDerivedData/Build/Products/Release-iphoneos -F /Applications/Xcode.app/Contents/Developer/Platforms/iPhoneOS.platform/Developer/Library/Frameworks -F /Applications/Xcode.app/Contents/Developer/Platforms/iPhoneOS.platform/Developer/SDKs/iPhoneOS26.5.sdk/Developer/Library/Frameworks -parse-as-library -c -num-threads 14 -Xcc -ivfsstatcache -Xcc /Users/mh/orca/workspaces/sonar-live-audio/build/release/UnsignedDerivedData/SDKStatCaches.noindex/iphoneos26.5-23F81a-32daed1954a7d5dd0789fcaf2a9bb78b.sdkstatcache -output-file-map /Users/mh/orca/workspaces/sonar-live-audio/build/release/UnsignedDerivedData/Build/Intermediates.noindex/LiveKitUniFFI.build/Release-iphoneos/LiveKitUniFFI.build/Objects-normal/arm64/LiveKitUniFFI-OutputFileMap.json -use-frontend-parseable-output -save-temps -no-color-diagnostics -explicit-module-build -module-cache-path /Users/mh/orca/workspaces/sonar-live-audio/build/release/UnsignedDerivedData/Build/Intermediates.noindex/SwiftExplicitPrecompiledModules -clang-scanner-module-cache-path /Users/mh/orca/workspaces/sonar-live-audio/build/release/UnsignedDerivedData/ModuleCache.noindex -sdk-module-cache-path /Users/mh/orca/workspaces/sonar-live-audio/build/release/UnsignedDerivedData/ModuleCache.noindex -serialize-diagnostics -emit-dependencies -emit-module -emit-module-path /Users/mh/orca/workspaces/sonar-live-audio/build/release/UnsignedDerivedData/Build/Intermediates.noindex/LiveKitUniFFI.build/Release-iphoneos/LiveKitUniFFI.build/Objects-normal/arm64/LiveKitUniFFI.swiftmodule -user-module-version 0.0.5 -validate-clang-modules-once -clang-build-session-file /Users/mh/orca/workspaces/sonar-live-audio/build/release/UnsignedDerivedData/ModuleCache.noindex/Session.modulevalidation -package-name livekit_uniffi_xcframework -Xcc -I/Users/mh/orca/workspaces/sonar-live-audio/build/release/UnsignedDerivedData/Build/Intermediates.noindex/LiveKitUniFFI.build/Release-iphoneos/LiveKitUniFFI.build/swift-overrides.hmap -emit-const-values -Xfrontend -const-gather-protocols-file -Xfrontend /Users/mh/orca/workspaces/sonar-live-audio/build/release/UnsignedDerivedData/Build/Intermediates.noindex/LiveKitUniFFI.build/Release-iphoneos/LiveKitUniFFI.build/Objects-normal/arm64/LiveKitUniFFI_const_extract_protocols.json -Xcc -I/Users/mh/orca/workspaces/sonar-live-audio/build/release/UnsignedDerivedData/Build/Products/Release-iphoneos/include -Xcc -I/Users/mh/orca/workspaces/sonar-live-audio/build/release/UnsignedDerivedData/Build/Intermediates.noindex/LiveKitUniFFI.build/Release-iphoneos/LiveKitUniFFI.build/DerivedSources-normal/arm64 -Xcc -I/Users/mh/orca/workspaces/sonar-live-audio/build/release/UnsignedDerivedData/Build/Intermediates.noindex/LiveKitUniFFI.build/Release-iphoneos/LiveKitUniFFI.build/DerivedSources/arm64 -Xcc -I/Users/mh/orca/workspaces/sonar-live-audio/build/release/UnsignedDerivedData/Build/Intermediates.noindex/LiveKitUniFFI.build/Release-iphoneos/LiveKitUniFFI.build/DerivedSources -Xcc -DSWIFT_PACKAGE -emit-objc-header -emit-objc-header-path /Users/mh/orca/workspaces/sonar-live-audio/build/release/UnsignedDerivedData/Build/Intermediates.noindex/LiveKitUniFFI.build/Release-iphoneos/LiveKitUniFFI.build/Objects-normal/arm64/LiveKitUniFFI-Swift.h -working-directory /Users/mh/orca/workspaces/sonar-live-audio/Sonar.xcodeproj -no-emit-module-separately-wmo

SwiftExplicitDependencyGeneratePcm arm64 /Users/mh/orca/workspaces/sonar-live-audio/build/release/UnsignedDerivedData/ModuleCache.noindex/_Builtin_stddef-FXSYLC29RZNEH05EOL1NPBTM.pcm

SwiftExplicitDependencyGeneratePcm arm64 /Users/mh/orca/workspaces/sonar-live-audio/build/release/UnsignedDerivedData/ModuleCache.noindex/_Builtin_stdarg-2CDIYHPRFI3OM48MKIGF8UJLP.pcm

SwiftExplicitDependencyGeneratePcm arm64 /Users/mh/orca/workspaces/sonar-live-audio/build/release/UnsignedDerivedData/ModuleCache.noindex/_AvailabilityInternal-1F0V8WZ9K4QZ7Z31MMYGN3YJ2.pcm

SwiftExplicitDependencyGeneratePcm arm64 /Users/mh/orca/workspaces/sonar-live-audio/build/release/UnsignedDerivedData/ModuleCache.noindex/ptrcheck-CHZKETGK29RHVIG3L9SHAGSYN.pcm

SwiftExplicitDependencyGeneratePcm arm64 /Users/mh/orca/workspaces/sonar-live-audio/build/release/UnsignedDerivedData/ModuleCache.noindex/_Builtin_float-BQN8ZHJ3KXL77P4HQ70FW8HIZ.pcm

SwiftExplicitDependencyGeneratePcm arm64 /Users/mh/orca/workspaces/sonar-live-audio/build/release/UnsignedDerivedData/ModuleCache.noindex/ptrauth-DYG9RVM2HUQUWWFOBKKOVSVFS.pcm

SwiftExplicitDependencyGeneratePcm arm64 /Users/mh/orca/workspaces/sonar-live-audio/build/release/UnsignedDerivedData/ModuleCache.noindex/_Builtin_stdbool-F325X3SUC2SVYBT33CYZYUFEP.pcm

PrecompileModule /Users/mh/orca/workspaces/sonar-live-audio/build/release/UnsignedDerivedData/Build/Intermediates.noindex/ExplicitPrecompiledModules/_Builtin_limits-9XFA18AUJFEA625NWC4SSF0GJ.scan
    cd /
    builtin-precompileModule /Users/mh/orca/workspaces/sonar-live-audio/build/release/UnsignedDerivedData/Build/Intermediates.noindex/ExplicitPrecompiledModules/_Builtin_limits-9XFA18AUJFEA625NWC4SSF0GJ.scan

PrecompileModule /Users/mh/orca/workspaces/sonar-live-audio/build/release/UnsignedDerivedData/Build/Intermediates.noindex/ExplicitPrecompiledModules/_DarwinFoundation2-8E1G2MXXXXOUP0JEE7L3L1KX4.scan
    cd /
    builtin-precompileModule /Users/mh/orca/workspaces/sonar-live-audio/build/release/UnsignedDerivedData/Build/Intermediates.noindex/ExplicitPrecompiledModules/_DarwinFoundation2-8E1G2MXXXXOUP0JEE7L3L1KX4.scan

SwiftDriver\ Compilation SwiftProtobuf normal arm64 com.apple.xcode.tools.swift.compiler (in target 'SwiftProtobuf' from project 'SwiftProtobuf')
    cd /Users/mh/orca/workspaces/sonar-live-audio/Sonar.xcodeproj
    builtin-Swift-Compilation -- /Applications/Xcode.app/Contents/Developer/Toolchains/XcodeDefault.xctoolchain/usr/bin/swiftc -module-name SwiftProtobuf -O -whole-module-optimization @/Users/mh/orca/workspaces/sonar-live-audio/build/release/UnsignedDerivedData/Build/Intermediates.noindex/SwiftProtobuf.build/Release-iphoneos/SwiftProtobuf.build/Objects-normal/arm64/SwiftProtobuf.SwiftFileList -DSWIFT_PACKAGE -DSWIFT_MODULE_RESOURCE_BUNDLE_AVAILABLE -DBinaryDelimitedStreams -DFieldMaskUtilities -DXcode -enable-upcoming-feature ExistentialAny -plugin-path /Applications/Xcode.app/Contents/Developer/Toolchains/XcodeDefault.xctoolchain/usr/lib/swift/host/plugins/testing -enable-experimental-feature DebugDescriptionMacro -sdk /Applications/Xcode.app/Contents/Developer/Platforms/iPhoneOS.platform/Developer/SDKs/iPhoneOS26.5.sdk -target arm64-apple-ios12.0 -g -module-cache-path /Users/mh/orca/workspaces/sonar-live-audio/build/release/UnsignedDerivedData/ModuleCache.noindex -Xfrontend -serialize-debugging-options -suppress-warnings -swift-version 6 -I /Users/mh/orca/workspaces/sonar-live-audio/build/release/UnsignedDerivedData/Build/Products/Release-iphoneos -Isystem /Applications/Xcode.app/Contents/Developer/Platforms/iPhoneOS.platform/Developer/usr/lib -F /Users/mh/orca/workspaces/sonar-live-audio/build/release/UnsignedDerivedData/Build/Products/Release-iphoneos -F /Applications/Xcode.app/Contents/Developer/Platforms/iPhoneOS.platform/Developer/Library/Frameworks -F /Applications/Xcode.app/Contents/Developer/Platforms/iPhoneOS.platform/Developer/SDKs/iPhoneOS26.5.sdk/Developer/Library/Frameworks -c -num-threads 14 -Xcc -ivfsstatcache -Xcc /Users/mh/orca/workspaces/sonar-live-audio/build/release/UnsignedDerivedData/SDKStatCaches.noindex/iphoneos26.5-23F81a-32daed1954a7d5dd0789fcaf2a9bb78b.sdkstatcache -output-file-map /Users/mh/orca/workspaces/sonar-live-audio/build/release/UnsignedDerivedData/Build/Intermediates.noindex/SwiftProtobuf.build/Release-iphoneos/SwiftProtobuf.build/Objects-normal/arm64/SwiftProtobuf-OutputFileMap.json -use-frontend-parseable-output -save-temps -no-color-diagnostics -explicit-module-build -module-cache-path /Users/mh/orca/workspaces/sonar-live-audio/build/release/UnsignedDerivedData/Build/Intermediates.noindex/SwiftExplicitPrecompiledModules -clang-scanner-module-cache-path /Users/mh/orca/workspaces/sonar-live-audio/build/release/UnsignedDerivedData/ModuleCache.noindex -sdk-module-cache-path /Users/mh/orca/workspaces/sonar-live-audio/build/release/UnsignedDerivedData/ModuleCache.noindex -serialize-diagnostics -emit-dependencies -emit-module -emit-module-path /Users/mh/orca/workspaces/sonar-live-audio/build/release/UnsignedDerivedData/Build/Intermediates.noindex/SwiftProtobuf.build/Release-iphoneos/SwiftProtobuf.build/Objects-normal/arm64/SwiftProtobuf.swiftmodule -user-module-version 1.37.0 -validate-clang-modules-once -clang-build-session-file /Users/mh/orca/workspaces/sonar-live-audio/build/release/UnsignedDerivedData/ModuleCache.noindex/Session.modulevalidation -package-name swift_protobuf -Xcc -I/Users/mh/orca/workspaces/sonar-live-audio/build/release/UnsignedDerivedData/Build/Intermediates.noindex/SwiftProtobuf.build/Release-iphoneos/SwiftProtobuf.build/swift-overrides.hmap -emit-const-values -Xfrontend -const-gather-protocols-file -Xfrontend /Users/mh/orca/workspaces/sonar-live-audio/build/release/UnsignedDerivedData/Build/Intermediates.noindex/SwiftProtobuf.build/Release-iphoneos/SwiftProtobuf.build/Objects-normal/arm64/SwiftProtobuf_const_extract_protocols.json -Xcc -I/Users/mh/orca/workspaces/sonar-live-audio/build/release/UnsignedDerivedData/Build/Products/Release-iphoneos/include -Xcc -I/Users/mh/orca/workspaces/sonar-live-audio/build/release/UnsignedDerivedData/Build/Intermediates.noindex/SwiftProtobuf.build/Release-iphoneos/SwiftProtobuf.build/DerivedSources-normal/arm64 -Xcc -I/Users/mh/orca/workspaces/sonar-live-audio/build/release/UnsignedDerivedData/Build/Intermediates.noindex/SwiftProtobuf.build/Release-iphoneos/SwiftProtobuf.build/DerivedSources/arm64 -Xcc -I/Users/mh/orca/workspaces/sonar-live-audio/build/release/UnsignedDerivedData/Build/Intermediates.noindex/SwiftProtobuf.build/Release-iphoneos/SwiftProtobuf.build/DerivedSources -Xcc -DSWIFT_PACKAGE -emit-objc-header -emit-objc-header-path /Users/mh/orca/workspaces/sonar-live-audio/build/release/UnsignedDerivedData/Build/Intermediates.noindex/SwiftProtobuf.build/Release-iphoneos/SwiftProtobuf.build/Objects-normal/arm64/SwiftProtobuf-Swift.h -working-directory /Users/mh/orca/workspaces/sonar-live-audio/Sonar.xcodeproj -no-emit-module-separately-wmo

SwiftDriver\ Compilation Crypto normal arm64 com.apple.xcode.tools.swift.compiler (in target 'Crypto' from project 'swift-crypto')
    cd /Users/mh/orca/workspaces/sonar-live-audio/Sonar.xcodeproj
    builtin-Swift-Compilation -- /Applications/Xcode.app/Contents/Developer/Toolchains/XcodeDefault.xctoolchain/usr/bin/swiftc -module-name Crypto -O -whole-module-optimization @/Users/mh/orca/workspaces/sonar-live-audio/build/release/UnsignedDerivedData/Build/Intermediates.noindex/swift-crypto.build/Release-iphoneos/Crypto.build/Objects-normal/arm64/Crypto.SwiftFileList -DSWIFT_PACKAGE -DSWIFT_MODULE_RESOURCE_BUNDLE_AVAILABLE -DCRYPTO_IN_SWIFTPM -DXcode -enable-upcoming-feature MemberImportVisibility -plugin-path /Applications/Xcode.app/Contents/Developer/Toolchains/XcodeDefault.xctoolchain/usr/lib/swift/host/plugins/testing -enable-experimental-feature DebugDescriptionMacro -sdk /Applications/Xcode.app/Contents/Developer/Platforms/iPhoneOS.platform/Developer/SDKs/iPhoneOS26.5.sdk -target arm64-apple-ios12.0 -g -module-cache-path /Users/mh/orca/workspaces/sonar-live-audio/build/release/UnsignedDerivedData/ModuleCache.noindex -Xfrontend -serialize-debugging-options -suppress-warnings -swift-version 6 -I /Users/mh/orca/workspaces/sonar-live-audio/build/release/UnsignedDerivedData/Build/Products/Release-iphoneos -Isystem /Applications/Xcode.app/Contents/Developer/Platforms/iPhoneOS.platform/Developer/usr/lib -F /Users/mh/orca/workspaces/sonar-live-audio/build/release/UnsignedDerivedData/Build/Products/Release-iphoneos -F /Applications/Xcode.app/Contents/Developer/Platforms/iPhoneOS.platform/Developer/Library/Frameworks -F /Applications/Xcode.app/Contents/Developer/Platforms/iPhoneOS.platform/Developer/SDKs/iPhoneOS26.5.sdk/Developer/Library/Frameworks -c -num-threads 14 -Xcc -ivfsstatcache -Xcc /Users/mh/orca/workspaces/sonar-live-audio/build/release/UnsignedDerivedData/SDKStatCaches.noindex/iphoneos26.5-23F81a-32daed1954a7d5dd0789fcaf2a9bb78b.sdkstatcache -output-file-map /Users/mh/orca/workspaces/sonar-live-audio/build/release/UnsignedDerivedData/Build/Intermediates.noindex/swift-crypto.build/Release-iphoneos/Crypto.build/Objects-normal/arm64/Crypto-OutputFileMap.json -use-frontend-parseable-output -save-temps -no-color-diagnostics -explicit-module-build -module-cache-path /Users/mh/orca/workspaces/sonar-live-audio/build/release/UnsignedDerivedData/Build/Intermediates.noindex/SwiftExplicitPrecompiledModules -clang-scanner-module-cache-path /Users/mh/orca/workspaces/sonar-live-audio/build/release/UnsignedDerivedData/ModuleCache.noindex -sdk-module-cache-path /Users/mh/orca/workspaces/sonar-live-audio/build/release/UnsignedDerivedData/ModuleCache.noindex -serialize-diagnostics -emit-dependencies -emit-module -emit-module-path /Users/mh/orca/workspaces/sonar-live-audio/build/release/UnsignedDerivedData/Build/Intermediates.noindex/swift-crypto.build/Release-iphoneos/Crypto.build/Objects-normal/arm64/Crypto.swiftmodule -user-module-version 4.5.0 -validate-clang-modules-once -clang-build-session-file /Users/mh/orca/workspaces/sonar-live-audio/build/release/UnsignedDerivedData/ModuleCache.noindex/Session.modulevalidation -package-name swift_crypto -Xcc -I/Users/mh/orca/workspaces/sonar-live-audio/build/release/UnsignedDerivedData/Build/Intermediates.noindex/swift-crypto.build/Release-iphoneos/Crypto.build/swift-overrides.hmap -emit-const-values -Xfrontend -const-gather-protocols-file -Xfrontend /Users/mh/orca/workspaces/sonar-live-audio/build/release/UnsignedDerivedData/Build/Intermediates.noindex/swift-crypto.build/Release-iphoneos/Crypto.build/Objects-normal/arm64/Crypto_const_extract_protocols.json -Xcc -I/Users/mh/orca/workspaces/sonar-live-audio/build/release/UnsignedDerivedData/Build/Products/Release-iphoneos/include -Xcc -I/Users/mh/orca/workspaces/sonar-live-audio/build/release/UnsignedDerivedData/Build/Intermediates.noindex/swift-crypto.build/Release-iphoneos/Crypto.build/DerivedSources-normal/arm64 -Xcc -I/Users/mh/orca/workspaces/sonar-live-audio/build/release/UnsignedDerivedData/Build/Intermediates.noindex/swift-crypto.build/Release-iphoneos/Crypto.build/DerivedSources/arm64 -Xcc -I/Users/mh/orca/workspaces/sonar-live-audio/build/release/UnsignedDerivedData/Build/Intermediates.noindex/swift-crypto.build/Release-iphoneos/Crypto.build/DerivedSources -Xcc -DSWIFT_PACKAGE -emit-objc-header -emit-objc-header-path /Users/mh/orca/workspaces/sonar-live-audio/build/release/UnsignedDerivedData/Build/Intermediates.noindex/swift-crypto.build/Release-iphoneos/Crypto.build/Objects-normal/arm64/Crypto-Swift.h -working-directory /Users/mh/orca/workspaces/sonar-live-audio/Sonar.xcodeproj -no-emit-module-separately-wmo

SwiftExplicitDependencyGeneratePcm arm64 /Users/mh/orca/workspaces/sonar-live-audio/build/release/UnsignedDerivedData/ModuleCache.noindex/_DarwinFoundation1-2OZT8TC8Q6Q2DJX6B7EGQK1K6.pcm

PrecompileModule /Users/mh/orca/workspaces/sonar-live-audio/build/release/UnsignedDerivedData/Build/Intermediates.noindex/ExplicitPrecompiledModules/_Builtin_stdint-2I3ZNCFHSNA60DMA2T9620PA0.scan
    cd /
    builtin-precompileModule /Users/mh/orca/workspaces/sonar-live-audio/build/release/UnsignedDerivedData/Build/Intermediates.noindex/ExplicitPrecompiledModules/_Builtin_stdint-2I3ZNCFHSNA60DMA2T9620PA0.scan

PrecompileModule /Users/mh/orca/workspaces/sonar-live-audio/build/release/UnsignedDerivedData/Build/Intermediates.noindex/ExplicitPrecompiledModules/_DarwinFoundation3-7OLD36VJTS2BISG0527UPLNAZ.scan
    cd /
    builtin-precompileModule /Users/mh/orca/workspaces/sonar-live-audio/build/release/UnsignedDerivedData/Build/Intermediates.noindex/ExplicitPrecompiledModules/_DarwinFoundation3-7OLD36VJTS2BISG0527UPLNAZ.scan

PrecompileModule /Users/mh/orca/workspaces/sonar-live-audio/build/release/UnsignedDerivedData/Build/Intermediates.noindex/ExplicitPrecompiledModules/_Builtin_inttypes-7EG63942AT6S9PCBUDZTP87ID.scan
    cd /
    builtin-precompileModule /Users/mh/orca/workspaces/sonar-live-audio/build/release/UnsignedDerivedData/Build/Intermediates.noindex/ExplicitPrecompiledModules/_Builtin_inttypes-7EG63942AT6S9PCBUDZTP87ID.scan

SwiftExplicitDependencyGeneratePcm arm64 /Users/mh/orca/workspaces/sonar-live-audio/build/release/UnsignedDerivedData/ModuleCache.noindex/_DarwinFoundation2-6C34IGAFGME18GYKGM5FSRS7C.pcm

SwiftExplicitDependencyGeneratePcm arm64 /Users/mh/orca/workspaces/sonar-live-audio/build/release/UnsignedDerivedData/ModuleCache.noindex/_Builtin_limits-9K0B399CADU9D4K9EFT0D9VZZ.pcm

PrecompileModule /Users/mh/orca/workspaces/sonar-live-audio/build/release/UnsignedDerivedData/Build/Intermediates.noindex/ExplicitPrecompiledModules/Darwin-D7J8IKEPM15P2YZUXWKGGV81Y.scan
    cd /
    builtin-precompileModule /Users/mh/orca/workspaces/sonar-live-audio/build/release/UnsignedDerivedData/Build/Intermediates.noindex/ExplicitPrecompiledModules/Darwin-D7J8IKEPM15P2YZUXWKGGV81Y.scan

SwiftExplicitDependencyGeneratePcm arm64 /Users/mh/orca/workspaces/sonar-live-audio/build/release/UnsignedDerivedData/ModuleCache.noindex/_Builtin_stdint-F31AQRHAWWA3NO869IG8CYXZ1.pcm

SwiftExplicitDependencyGeneratePcm arm64 /Users/mh/orca/workspaces/sonar-live-audio/build/release/UnsignedDerivedData/ModuleCache.noindex/sys_types-D5SXD16Y0PKFSXF7UR5STRXSB.pcm

SwiftExplicitDependencyGeneratePcm arm64 /Users/mh/orca/workspaces/sonar-live-audio/build/release/UnsignedDerivedData/ModuleCache.noindex/_DarwinFoundation3-4NIROI5RTDHXUNN83C9I57AZX.pcm

SwiftExplicitDependencyGeneratePcm arm64 /Users/mh/orca/workspaces/sonar-live-audio/build/release/UnsignedDerivedData/Build/Intermediates.noindex/SwiftExplicitPrecompiledModules/RustLiveKitUniFFI-8HQMSUHZE6LHQYPMGPF3KI9Y5.pcm

CompileC /Users/mh/orca/workspaces/sonar-live-audio/build/release/UnsignedDerivedData/Build/Intermediates.noindex/yyjson.build/Release-iphoneos/yyjson.build/Objects-normal/arm64/yyjson.o /Users/mh/orca/workspaces/sonar-live-audio/build/release/UnsignedDerivedData/SourcePackages/checkouts/yyjson/src/yyjson.c normal arm64 c com.apple.compilers.llvm.clang.1_0.compiler (in target 'yyjson' from project 'yyjson')
    cd /Users/mh/orca/workspaces/sonar-live-audio/Sonar.xcodeproj
    
    Using response file: /Users/mh/orca/workspaces/sonar-live-audio/build/release/UnsignedDerivedData/Build/Intermediates.noindex/yyjson.build/Release-iphoneos/yyjson.build/Objects-normal/arm64/7187679823f38a2a940e0043cdf9d637-common-args.resp
    
    /Applications/Xcode.app/Contents/Developer/Toolchains/XcodeDefault.xctoolchain/usr/bin/clang -x c -ivfsstatcache /Users/mh/orca/workspaces/sonar-live-audio/build/release/UnsignedDerivedData/SDKStatCaches.noindex/iphoneos26.5-23F81a-32daed1954a7d5dd0789fcaf2a9bb78b.sdkstatcache -target arm64-apple-ios12.0 -fmessage-length\=0 -fdiagnostics-show-note-include-stack -fmacro-backtrace-limit\=0 -fno-color-diagnostics -fmodules-prune-interval\=86400 -fmodules-prune-after\=345600 -fbuild-session-file\=/Users/mh/orca/workspaces/sonar-live-audio/build/release/UnsignedDerivedData/ModuleCache.noindex/Session.modulevalidation -fmodules-validate-once-per-build-session -Wnon-modular-include-in-framework-module -Werror\=non-modular-include-in-framework-module -Wno-trigraphs -Wno-missing-field-initializers -Wno-missing-prototypes -Wno-return-type -Wno-missing-braces -Wparentheses -Wswitch -Wno-unused-function -Wno-unused-label -Wno-unused-parameter -Wno-unused-variable -Wunused-value -Wno-empty-body -Wno-uninitialized -Wno-unknown-pragmas -w -Wno-shadow -Wno-four-char-constants -Wno-conversion -Wno-constant-conversion -Wno-int-conversion -Wno-bool-conversion -Wno-enum-conversion -Wno-float-conversion -Wno-non-literal-null-conversion -Wno-objc-literal-conversion -Wshorten-64-to-32 -Wpointer-sign -Wno-newline-eof -Wno-implicit-fallthrough -isysroot /Applications/Xcode.app/Contents/Developer/Platforms/iPhoneOS.platform/Developer/SDKs/iPhoneOS26.5.sdk -fstrict-aliasing -Wdeprecated-declarations -Wno-sign-conversion -Wno-infinite-recursion -Wno-comma -Wno-block-capture-autoreleasing -Wno-strict-prototypes -Wno-semicolon-before-method-body @/Users/mh/orca/workspaces/sonar-live-audio/build/release/UnsignedDerivedData/Build/Intermediates.noindex/yyjson.build/Release-iphoneos/yyjson.build/Objects-normal/arm64/7187679823f38a2a940e0043cdf9d637-common-args.resp -MMD -MT dependencies -MF /Users/mh/orca/workspaces/sonar-live-audio/build/release/UnsignedDerivedData/Build/Intermediates.noindex/yyjson.build/Release-iphoneos/yyjson.build/Objects-normal/arm64/yyjson.d --serialize-diagnostics /Users/mh/orca/workspaces/sonar-live-audio/build/release/UnsignedDerivedData/Build/Intermediates.noindex/yyjson.build/Release-iphoneos/yyjson.build/Objects-normal/arm64/yyjson.dia -c /Users/mh/orca/workspaces/sonar-live-audio/build/release/UnsignedDerivedData/SourcePackages/checkouts/yyjson/src/yyjson.c -o /Users/mh/orca/workspaces/sonar-live-audio/build/release/UnsignedDerivedData/Build/Intermediates.noindex/yyjson.build/Release-iphoneos/yyjson.build/Objects-normal/arm64/yyjson.o

SwiftExplicitDependencyGeneratePcm arm64 /Users/mh/orca/workspaces/sonar-live-audio/build/release/UnsignedDerivedData/ModuleCache.noindex/_Builtin_inttypes-8FYND4IJRYEFAFR9XQGRUBZ3G.pcm

SwiftExplicitDependencyGeneratePcm arm64 /Users/mh/orca/workspaces/sonar-live-audio/build/release/UnsignedDerivedData/ModuleCache.noindex/Darwin-2W3PA00YNQ7ZWKAWH90B9ZYWP.pcm

PrecompileModule /Users/mh/orca/workspaces/sonar-live-audio/build/release/UnsignedDerivedData/Build/Intermediates.noindex/ExplicitPrecompiledModules/_Builtin_float-6OQLX8GKRW8P2EJFWK0CSO8P1.scan
    cd /
    builtin-precompileModule /Users/mh/orca/workspaces/sonar-live-audio/build/release/UnsignedDerivedData/Build/Intermediates.noindex/ExplicitPrecompiledModules/_Builtin_float-6OQLX8GKRW8P2EJFWK0CSO8P1.scan

PrecompileModule /Users/mh/orca/workspaces/sonar-live-audio/build/release/UnsignedDerivedData/Build/Intermediates.noindex/ExplicitPrecompiledModules/_Builtin_stdbool-787IFSLKV9A860B1KTR1QRWLP.scan
    cd /
    builtin-precompileModule /Users/mh/orca/workspaces/sonar-live-audio/build/release/UnsignedDerivedData/Build/Intermediates.noindex/ExplicitPrecompiledModules/_Builtin_stdbool-787IFSLKV9A860B1KTR1QRWLP.scan

PrecompileModule /Users/mh/orca/workspaces/sonar-live-audio/build/release/UnsignedDerivedData/Build/Intermediates.noindex/ExplicitPrecompiledModules/ptrauth-DT8IX5UKDC49KDF64VKAW7ILB.scan
    cd /
    builtin-precompileModule /Users/mh/orca/workspaces/sonar-live-audio/build/release/UnsignedDerivedData/Build/Intermediates.noindex/ExplicitPrecompiledModules/ptrauth-DT8IX5UKDC49KDF64VKAW7ILB.scan

PrecompileModule /Users/mh/orca/workspaces/sonar-live-audio/build/release/UnsignedDerivedData/Build/Intermediates.noindex/ExplicitPrecompiledModules/_AvailabilityInternal-1R7C98LCW7GBJ9QLWQVHOK8YH.scan
    cd /
    builtin-precompileModule /Users/mh/orca/workspaces/sonar-live-audio/build/release/UnsignedDerivedData/Build/Intermediates.noindex/ExplicitPrecompiledModules/_AvailabilityInternal-1R7C98LCW7GBJ9QLWQVHOK8YH.scan

PrecompileModule /Users/mh/orca/workspaces/sonar-live-audio/build/release/UnsignedDerivedData/Build/Intermediates.noindex/ExplicitPrecompiledModules/_Builtin_stdarg-4ADYXT3YRSY0A0I4H8CB9ZI87.scan
    cd /
    builtin-precompileModule /Users/mh/orca/workspaces/sonar-live-audio/build/release/UnsignedDerivedData/Build/Intermediates.noindex/ExplicitPrecompiledModules/_Builtin_stdarg-4ADYXT3YRSY0A0I4H8CB9ZI87.scan

PrecompileModule /Users/mh/orca/workspaces/sonar-live-audio/build/release/UnsignedDerivedData/Build/Intermediates.noindex/ExplicitPrecompiledModules/ptrcheck-2L9A4PMG73D6YNZ20BKAEMF1C.scan
    cd /
    builtin-precompileModule /Users/mh/orca/workspaces/sonar-live-audio/build/release/UnsignedDerivedData/Build/Intermediates.noindex/ExplicitPrecompiledModules/ptrcheck-2L9A4PMG73D6YNZ20BKAEMF1C.scan

PrecompileModule /Users/mh/orca/workspaces/sonar-live-audio/build/release/UnsignedDerivedData/Build/Intermediates.noindex/ExplicitPrecompiledModules/_Builtin_stddef-SOCSE7AEPUKX2X4S7F0JPO8R.scan
    cd /
    builtin-precompileModule /Users/mh/orca/workspaces/sonar-live-audio/build/release/UnsignedDerivedData/Build/Intermediates.noindex/ExplicitPrecompiledModules/_Builtin_stddef-SOCSE7AEPUKX2X4S7F0JPO8R.scan

SwiftExplicitDependencyGeneratePcm arm64 /Users/mh/orca/workspaces/sonar-live-audio/build/release/UnsignedDerivedData/ModuleCache.noindex/ObjectiveC-6FRGQPV9FMLX4SYGCIY94O2ZF.pcm

SwiftDriverJobDiscovery normal arm64 Compiling Debugging.swift, Descriptions.swift, FixedWidthInteger+roundUpToPowerOfTwo.swift, Integer rank.swift, UInt+first and last set bit.swift, UInt+reversed.swift, LifetimeOverride.swift, RandomAccessCollection+Offsets.swift, Span+Extras.swift, String+Padding.swift, _UnsafeBitSet+Index.swift, _UnsafeBitSet+_Word.swift, _UnsafeBitSet.swift, UnsafeBufferPointer+Extras.swift, UnsafeMutableBufferPointer+Extras.swift, UnsafeMutableRawBufferPointer+Extras.swift, UnsafeRawBufferPointer+Extras.swift, _SortedCollection.swift, _UniqueCollection.swift (in target 'InternalCollectionsUtilities' from project 'swift-collections')

SwiftDriver\ Compilation\ Requirements InternalCollectionsUtilities normal arm64 com.apple.xcode.tools.swift.compiler (in target 'InternalCollectionsUtilities' from project 'swift-collections')
    cd /Users/mh/orca/workspaces/sonar-live-audio/Sonar.xcodeproj
    builtin-Swift-Compilation-Requirements -- /Applications/Xcode.app/Contents/Developer/Toolchains/XcodeDefault.xctoolchain/usr/bin/swiftc -module-name InternalCollectionsUtilities -O -whole-module-optimization @/Users/mh/orca/workspaces/sonar-live-audio/build/release/UnsignedDerivedData/Build/Intermediates.noindex/swift-collections.build/Release-iphoneos/InternalCollectionsUtilities.build/Objects-normal/arm64/InternalCollectionsUtilities.SwiftFileList -DSWIFT_PACKAGE -DSWIFT_MODULE_RESOURCE_BUNDLE_UNAVAILABLE -DCOLLECTIONS_RANDOMIZED_TESTING -DXcode -enable-experimental-feature AvailabilityMacro\=SwiftStdlib\ 5.0:\ macOS\ 10.14.4,\ iOS\ 12.2,\ watchOS\ 5.2,\ tvOS\ 12.2 -enable-experimental-feature AvailabilityMacro\=SwiftStdlib\ 5.1:\ macOS\ 10.15,\ iOS\ 13.0,\ watchOS\ 6.0,\ tvOS\ 13.0 -enable-experimental-feature AvailabilityMacro\=SwiftStdlib\ 5.6:\ macOS\ 12.3,\ iOS\ 15.4,\ watchOS\ 8.5,\ tvOS\ 15.4 -enable-experimental-feature AvailabilityMacro\=SwiftStdlib\ 5.7:\ macOS\ 13.0,\ iOS\ 16.0,\ watchOS\ 9.0,\ tvOS\ 16.0 -enable-experimental-feature AvailabilityMacro\=SwiftStdlib\ 5.8:\ macOS\ 13.3,\ iOS\ 16.4,\ watchOS\ 9.4,\ tvOS\ 16.4 -enable-experimental-feature AvailabilityMacro\=SwiftStdlib\ 5.9:\ macOS\ 14.0,\ iOS\ 17.0,\ watchOS\ 10.0,\ tvOS\ 17.0 -enable-experimental-feature AvailabilityMacro\=SwiftStdlib\ 5.10:\ macOS\ 14.4,\ iOS\ 17.4,\ watchOS\ 10.4,\ tvOS\ 17.4,\ visionOS\ 1.1 -enable-experimental-feature AvailabilityMacro\=SwiftStdlib\ 6.0:\ macOS\ 15.0,\ iOS\ 18.0,\ watchOS\ 11.0,\ tvOS\ 18.0,\ visionOS\ 2.0 -enable-experimental-feature AvailabilityMacro\=SwiftStdlib\ 6.1:\ macOS\ 15.4,\ iOS\ 18.4,\ watchOS\ 11.4,\ tvOS\ 18.4,\ visionOS\ 2.4 -enable-experimental-feature AvailabilityMacro\=SwiftStdlib\ 6.2:\ macOS\ 26.0,\ iOS\ 26.0,\ watchOS\ 26.0,\ tvOS\ 26.0,\ visionOS\ 26.0 -enable-experimental-feature AvailabilityMacro\=SwiftStdlib\ 6.3:\ macOS\ 26.4,\ iOS\ 26.4,\ watchOS\ 26.4,\ tvOS\ 26.4,\ visionOS\ 26.4 -enable-upcoming-feature MemberImportVisibility -enable-experimental-feature BuiltinModule -enable-experimental-feature Lifetimes -enable-experimental-feature InoutLifetimeDependence -enable-experimental-feature SuppressedAssociatedTypes -enable-experimental-feature AddressableParameters -enable-experimental-feature AddressableTypes -plugin-path /Applications/Xcode.app/Contents/Developer/Toolchains/XcodeDefault.xctoolchain/usr/lib/swift/host/plugins/testing -enable-experimental-feature DebugDescriptionMacro -sdk /Applications/Xcode.app/Contents/Developer/Platforms/iPhoneOS.platform/Developer/SDKs/iPhoneOS26.5.sdk -target arm64-apple-ios12.0 -g -module-cache-path /Users/mh/orca/workspaces/sonar-live-audio/build/release/UnsignedDerivedData/ModuleCache.noindex -Xfrontend -serialize-debugging-options -suppress-warnings -swift-version 6 -I /Users/mh/orca/workspaces/sonar-live-audio/build/release/UnsignedDerivedData/Build/Products/Release-iphoneos -Isystem /Applications/Xcode.app/Contents/Developer/Platforms/iPhoneOS.platform/Developer/usr/lib -F /Users/mh/orca/workspaces/sonar-live-audio/build/release/UnsignedDerivedData/Build/Products/Release-iphoneos -F /Applications/Xcode.app/Contents/Developer/Platforms/iPhoneOS.platform/Developer/Library/Frameworks -F /Applications/Xcode.app/Contents/Developer/Platforms/iPhoneOS.platform/Developer/SDKs/iPhoneOS26.5.sdk/Developer/Library/Frameworks -c -num-threads 14 -Xcc -ivfsstatcache -Xcc /Users/mh/orca/workspaces/sonar-live-audio/build/release/UnsignedDerivedData/SDKStatCaches.noindex/iphoneos26.5-23F81a-32daed1954a7d5dd0789fcaf2a9bb78b.sdkstatcache -output-file-map /Users/mh/orca/workspaces/sonar-live-audio/build/release/UnsignedDerivedData/Build/Intermediates.noindex/swift-collections.build/Release-iphoneos/InternalCollectionsUtilities.build/Objects-normal/arm64/InternalCollectionsUtilities-OutputFileMap.json -use-frontend-parseable-output -save-temps -no-color-diagnostics -explicit-module-build -module-cache-path /Users/mh/orca/workspaces/sonar-live-audio/build/release/UnsignedDerivedData/Build/Intermediates.noindex/SwiftExplicitPrecompiledModules -clang-scanner-module-cache-path /Users/mh/orca/workspaces/sonar-live-audio/build/release/UnsignedDerivedData/ModuleCache.noindex -sdk-module-cache-path /Users/mh/orca/workspaces/sonar-live-audio/build/release/UnsignedDerivedData/ModuleCache.noindex -serialize-diagnostics -emit-dependencies -emit-module -emit-module-path /Users/mh/orca/workspaces/sonar-live-audio/build/release/UnsignedDerivedData/Build/Intermediates.noindex/swift-collections.build/Release-iphoneos/InternalCollectionsUtilities.build/Objects-normal/arm64/InternalCollectionsUtilities.swiftmodule -user-module-version 1.4.1 -validate-clang-modules-once -clang-build-session-file /Users/mh/orca/workspaces/sonar-live-audio/build/release/UnsignedDerivedData/ModuleCache.noindex/Session.modulevalidation -package-name swift_collections -Xcc -I/Users/mh/orca/workspaces/sonar-live-audio/build/release/UnsignedDerivedData/Build/Intermediates.noindex/swift-collections.build/Release-iphoneos/InternalCollectionsUtilities.build/swift-overrides.hmap -emit-const-values -Xfrontend -const-gather-protocols-file -Xfrontend /Users/mh/orca/workspaces/sonar-live-audio/build/release/UnsignedDerivedData/Build/Intermediates.noindex/swift-collections.build/Release-iphoneos/InternalCollectionsUtilities.build/Objects-normal/arm64/InternalCollectionsUtilities_const_extract_protocols.json -Xcc -I/Users/mh/orca/workspaces/sonar-live-audio/build/release/UnsignedDerivedData/Build/Products/Release-iphoneos/include -Xcc -I/Users/mh/orca/workspaces/sonar-live-audio/build/release/UnsignedDerivedData/Build/Intermediates.noindex/swift-collections.build/Release-iphoneos/InternalCollectionsUtilities.build/DerivedSources-normal/arm64 -Xcc -I/Users/mh/orca/workspaces/sonar-live-audio/build/release/UnsignedDerivedData/Build/Intermediates.noindex/swift-collections.build/Release-iphoneos/InternalCollectionsUtilities.build/DerivedSources/arm64 -Xcc -I/Users/mh/orca/workspaces/sonar-live-audio/build/release/UnsignedDerivedData/Build/Intermediates.noindex/swift-collections.build/Release-iphoneos/InternalCollectionsUtilities.build/DerivedSources -Xcc -DSWIFT_PACKAGE -emit-objc-header -emit-objc-header-path /Users/mh/orca/workspaces/sonar-live-audio/build/release/UnsignedDerivedData/Build/Intermediates.noindex/swift-collections.build/Release-iphoneos/InternalCollectionsUtilities.build/Objects-normal/arm64/InternalCollectionsUtilities-Swift.h -working-directory /Users/mh/orca/workspaces/sonar-live-audio/Sonar.xcodeproj -no-emit-module-separately-wmo

SwiftMergeGeneratedHeaders /Users/mh/orca/workspaces/sonar-live-audio/build/release/UnsignedDerivedData/Build/Intermediates.noindex/GeneratedModuleMaps-iphoneos/InternalCollectionsUtilities-Swift.h /Users/mh/orca/workspaces/sonar-live-audio/build/release/UnsignedDerivedData/Build/Intermediates.noindex/swift-collections.build/Release-iphoneos/InternalCollectionsUtilities.build/Objects-normal/arm64/InternalCollectionsUtilities-Swift.h (in target 'InternalCollectionsUtilities' from project 'swift-collections')
    cd /Users/mh/orca/workspaces/sonar-live-audio/build/release/UnsignedDerivedData/SourcePackages/checkouts/swift-collections
    builtin-swiftHeaderTool -arch arm64 /Users/mh/orca/workspaces/sonar-live-audio/build/release/UnsignedDerivedData/Build/Intermediates.noindex/swift-collections.build/Release-iphoneos/InternalCollectionsUtilities.build/Objects-normal/arm64/InternalCollectionsUtilities-Swift.h -o /Users/mh/orca/workspaces/sonar-live-audio/build/release/UnsignedDerivedData/Build/Intermediates.noindex/GeneratedModuleMaps-iphoneos/InternalCollectionsUtilities-Swift.h

Copy /Users/mh/orca/workspaces/sonar-live-audio/build/release/UnsignedDerivedData/Build/Products/Release-iphoneos/InternalCollectionsUtilities.swiftmodule/arm64-apple-ios.swiftdoc /Users/mh/orca/workspaces/sonar-live-audio/build/release/UnsignedDerivedData/Build/Intermediates.noindex/swift-collections.build/Release-iphoneos/InternalCollectionsUtilities.build/Objects-normal/arm64/InternalCollectionsUtilities.swiftdoc (in target 'InternalCollectionsUtilities' from project 'swift-collections')
    cd /Users/mh/orca/workspaces/sonar-live-audio/build/release/UnsignedDerivedData/SourcePackages/checkouts/swift-collections
    builtin-copy -exclude .DS_Store -exclude CVS -exclude .svn -exclude .git -exclude .hg -strip-unsigned-binaries -strip-deterministic -strip-tool /Applications/Xcode.app/Contents/Developer/Toolchains/XcodeDefault.xctoolchain/usr/bin/strip -resolve-src-symlinks -rename /Users/mh/orca/workspaces/sonar-live-audio/build/release/UnsignedDerivedData/Build/Intermediates.noindex/swift-collections.build/Release-iphoneos/InternalCollectionsUtilities.build/Objects-normal/arm64/InternalCollectionsUtilities.swiftdoc /Users/mh/orca/workspaces/sonar-live-audio/build/release/UnsignedDerivedData/Build/Products/Release-iphoneos/InternalCollectionsUtilities.swiftmodule/arm64-apple-ios.swiftdoc

Copy /Users/mh/orca/workspaces/sonar-live-audio/build/release/UnsignedDerivedData/Build/Products/Release-iphoneos/InternalCollectionsUtilities.swiftmodule/arm64-apple-ios.swiftmodule /Users/mh/orca/workspaces/sonar-live-audio/build/release/UnsignedDerivedData/Build/Intermediates.noindex/swift-collections.build/Release-iphoneos/InternalCollectionsUtilities.build/Objects-normal/arm64/InternalCollectionsUtilities.swiftmodule (in target 'InternalCollectionsUtilities' from project 'swift-collections')
    cd /Users/mh/orca/workspaces/sonar-live-audio/build/release/UnsignedDerivedData/SourcePackages/checkouts/swift-collections
    builtin-copy -exclude .DS_Store -exclude CVS -exclude .svn -exclude .git -exclude .hg -strip-unsigned-binaries -strip-deterministic -strip-tool /Applications/Xcode.app/Contents/Developer/Toolchains/XcodeDefault.xctoolchain/usr/bin/strip -resolve-src-symlinks -rename /Users/mh/orca/workspaces/sonar-live-audio/build/release/UnsignedDerivedData/Build/Intermediates.noindex/swift-collections.build/Release-iphoneos/InternalCollectionsUtilities.build/Objects-normal/arm64/InternalCollectionsUtilities.swiftmodule /Users/mh/orca/workspaces/sonar-live-audio/build/release/UnsignedDerivedData/Build/Products/Release-iphoneos/InternalCollectionsUtilities.swiftmodule/arm64-apple-ios.swiftmodule

Copy /Users/mh/orca/workspaces/sonar-live-audio/build/release/UnsignedDerivedData/Build/Products/Release-iphoneos/InternalCollectionsUtilities.swiftmodule/Project/arm64-apple-ios.swiftsourceinfo /Users/mh/orca/workspaces/sonar-live-audio/build/release/UnsignedDerivedData/Build/Intermediates.noindex/swift-collections.build/Release-iphoneos/InternalCollectionsUtilities.build/Objects-normal/arm64/InternalCollectionsUtilities.swiftsourceinfo (in target 'InternalCollectionsUtilities' from project 'swift-collections')
    cd /Users/mh/orca/workspaces/sonar-live-audio/build/release/UnsignedDerivedData/SourcePackages/checkouts/swift-collections
    builtin-copy -exclude .DS_Store -exclude CVS -exclude .svn -exclude .git -exclude .hg -strip-unsigned-binaries -strip-deterministic -strip-tool /Applications/Xcode.app/Contents/Developer/Toolchains/XcodeDefault.xctoolchain/usr/bin/strip -resolve-src-symlinks -rename /Users/mh/orca/workspaces/sonar-live-audio/build/release/UnsignedDerivedData/Build/Intermediates.noindex/swift-collections.build/Release-iphoneos/InternalCollectionsUtilities.build/Objects-normal/arm64/InternalCollectionsUtilities.swiftsourceinfo /Users/mh/orca/workspaces/sonar-live-audio/build/release/UnsignedDerivedData/Build/Products/Release-iphoneos/InternalCollectionsUtilities.swiftmodule/Project/arm64-apple-ios.swiftsourceinfo

Copy /Users/mh/orca/workspaces/sonar-live-audio/build/release/UnsignedDerivedData/Build/Products/Release-iphoneos/InternalCollectionsUtilities.swiftmodule/arm64-apple-ios.abi.json /Users/mh/orca/workspaces/sonar-live-audio/build/release/UnsignedDerivedData/Build/Intermediates.noindex/swift-collections.build/Release-iphoneos/InternalCollectionsUtilities.build/Objects-normal/arm64/InternalCollectionsUtilities.abi.json (in target 'InternalCollectionsUtilities' from project 'swift-collections')
    cd /Users/mh/orca/workspaces/sonar-live-audio/build/release/UnsignedDerivedData/SourcePackages/checkouts/swift-collections
    builtin-copy -exclude .DS_Store -exclude CVS -exclude .svn -exclude .git -exclude .hg -strip-unsigned-binaries -strip-deterministic -strip-tool /Applications/Xcode.app/Contents/Developer/Toolchains/XcodeDefault.xctoolchain/usr/bin/strip -resolve-src-symlinks -rename /Users/mh/orca/workspaces/sonar-live-audio/build/release/UnsignedDerivedData/Build/Intermediates.noindex/swift-collections.build/Release-iphoneos/InternalCollectionsUtilities.build/Objects-normal/arm64/InternalCollectionsUtilities.abi.json /Users/mh/orca/workspaces/sonar-live-audio/build/release/UnsignedDerivedData/Build/Products/Release-iphoneos/InternalCollectionsUtilities.swiftmodule/arm64-apple-ios.abi.json

PrecompileModule /Users/mh/orca/workspaces/sonar-live-audio/build/release/UnsignedDerivedData/Build/Intermediates.noindex/ExplicitPrecompiledModules/_DarwinFoundation1-2F6WCYXQIU2YDOZJLN6OKIVFY.scan
    cd /
    builtin-precompileModule /Users/mh/orca/workspaces/sonar-live-audio/build/release/UnsignedDerivedData/Build/Intermediates.noindex/ExplicitPrecompiledModules/_DarwinFoundation1-2F6WCYXQIU2YDOZJLN6OKIVFY.scan

Ld /Users/mh/orca/workspaces/sonar-live-audio/build/release/UnsignedDerivedData/Build/Products/Release-iphoneos/InternalCollectionsUtilities.o normal (in target 'InternalCollectionsUtilities' from project 'swift-collections')
    cd /Users/mh/orca/workspaces/sonar-live-audio/build/release/UnsignedDerivedData/SourcePackages/checkouts/swift-collections
    /Applications/Xcode.app/Contents/Developer/Toolchains/XcodeDefault.xctoolchain/usr/bin/clang -Xlinker -reproducible -target arm64-apple-ios12.0 -r -isysroot /Applications/Xcode.app/Contents/Developer/Platforms/iPhoneOS.platform/Developer/SDKs/iPhoneOS26.5.sdk -Os -w -F/Users/mh/orca/workspaces/sonar-live-audio/build/release/UnsignedDerivedData/Build/Intermediates.noindex/EagerLinkingTBDs/Release-iphoneos -F/Users/mh/orca/workspaces/sonar-live-audio/build/release/UnsignedDerivedData/Build/Products/Release-iphoneos -iframework /Applications/Xcode.app/Contents/Developer/Platforms/iPhoneOS.platform/Developer/Library/Frameworks -iframework /Applications/Xcode.app/Contents/Developer/Platforms/iPhoneOS.platform/Developer/SDKs/iPhoneOS26.5.sdk/Developer/Library/Frameworks -filelist /Users/mh/orca/workspaces/sonar-live-audio/build/release/UnsignedDerivedData/Build/Intermediates.noindex/swift-collections.build/Release-iphoneos/InternalCollectionsUtilities.build/Objects-normal/arm64/InternalCollectionsUtilities.LinkFileList -nostdlib -Xlinker -object_path_lto -Xlinker /Users/mh/orca/workspaces/sonar-live-audio/build/release/UnsignedDerivedData/Build/Intermediates.noindex/swift-collections.build/Release-iphoneos/InternalCollectionsUtilities.build/Objects-normal/arm64/InternalCollectionsUtilities_lto.o -Xlinker -dependency_info -Xlinker /Users/mh/orca/workspaces/sonar-live-audio/build/release/UnsignedDerivedData/Build/Intermediates.noindex/swift-collections.build/Release-iphoneos/InternalCollectionsUtilities.build/Objects-normal/arm64/InternalCollectionsUtilities_dependency_info.dat -fobjc-link-runtime -L/Applications/Xcode.app/Contents/Developer/Toolchains/XcodeDefault.xctoolchain/usr/lib/swift/iphoneos -L/usr/lib/swift -Xlinker -add_ast_path -Xlinker /Users/mh/orca/workspaces/sonar-live-audio/build/release/UnsignedDerivedData/Build/Intermediates.noindex/swift-collections.build/Release-iphoneos/InternalCollectionsUtilities.build/Objects-normal/arm64/InternalCollectionsUtilities.swiftmodule @/Users/mh/orca/workspaces/sonar-live-audio/build/release/UnsignedDerivedData/Build/Intermediates.noindex/swift-collections.build/Release-iphoneos/InternalCollectionsUtilities.build/Objects-normal/arm64/InternalCollectionsUtilities-linker-args.resp -o /Users/mh/orca/workspaces/sonar-live-audio/build/release/UnsignedDerivedData/Build/Products/Release-iphoneos/InternalCollectionsUtilities.o

SwiftDriver OrderedCollections normal arm64 com.apple.xcode.tools.swift.compiler (in target 'OrderedCollections' from project 'swift-collections')
    cd /Users/mh/orca/workspaces/sonar-live-audio/Sonar.xcodeproj
    builtin-SwiftDriver -- /Applications/Xcode.app/Contents/Developer/Toolchains/XcodeDefault.xctoolchain/usr/bin/swiftc -module-name OrderedCollections -O -whole-module-optimization @/Users/mh/orca/workspaces/sonar-live-audio/build/release/UnsignedDerivedData/Build/Intermediates.noindex/swift-collections.build/Release-iphoneos/OrderedCollections.build/Objects-normal/arm64/OrderedCollections.SwiftFileList -DSWIFT_PACKAGE -DSWIFT_MODULE_RESOURCE_BUNDLE_UNAVAILABLE -DCOLLECTIONS_RANDOMIZED_TESTING -DXcode -enable-experimental-feature AvailabilityMacro\=SwiftStdlib\ 5.0:\ macOS\ 10.14.4,\ iOS\ 12.2,\ watchOS\ 5.2,\ tvOS\ 12.2 -enable-experimental-feature AvailabilityMacro\=SwiftStdlib\ 5.1:\ macOS\ 10.15,\ iOS\ 13.0,\ watchOS\ 6.0,\ tvOS\ 13.0 -enable-experimental-feature AvailabilityMacro\=SwiftStdlib\ 5.6:\ macOS\ 12.3,\ iOS\ 15.4,\ watchOS\ 8.5,\ tvOS\ 15.4 -enable-experimental-feature AvailabilityMacro\=SwiftStdlib\ 5.7:\ macOS\ 13.0,\ iOS\ 16.0,\ watchOS\ 9.0,\ tvOS\ 16.0 -enable-experimental-feature AvailabilityMacro\=SwiftStdlib\ 5.8:\ macOS\ 13.3,\ iOS\ 16.4,\ watchOS\ 9.4,\ tvOS\ 16.4 -enable-experimental-feature AvailabilityMacro\=SwiftStdlib\ 5.9:\ macOS\ 14.0,\ iOS\ 17.0,\ watchOS\ 10.0,\ tvOS\ 17.0 -enable-experimental-feature AvailabilityMacro\=SwiftStdlib\ 5.10:\ macOS\ 14.4,\ iOS\ 17.4,\ watchOS\ 10.4,\ tvOS\ 17.4,\ visionOS\ 1.1 -enable-experimental-feature AvailabilityMacro\=SwiftStdlib\ 6.0:\ macOS\ 15.0,\ iOS\ 18.0,\ watchOS\ 11.0,\ tvOS\ 18.0,\ visionOS\ 2.0 -enable-experimental-feature AvailabilityMacro\=SwiftStdlib\ 6.1:\ macOS\ 15.4,\ iOS\ 18.4,\ watchOS\ 11.4,\ tvOS\ 18.4,\ visionOS\ 2.4 -enable-experimental-feature AvailabilityMacro\=SwiftStdlib\ 6.2:\ macOS\ 26.0,\ iOS\ 26.0,\ watchOS\ 26.0,\ tvOS\ 26.0,\ visionOS\ 26.0 -enable-experimental-feature AvailabilityMacro\=SwiftStdlib\ 6.3:\ macOS\ 26.4,\ iOS\ 26.4,\ watchOS\ 26.4,\ tvOS\ 26.4,\ visionOS\ 26.4 -enable-upcoming-feature MemberImportVisibility -enable-experimental-feature BuiltinModule -enable-experimental-feature Lifetimes -enable-experimental-feature InoutLifetimeDependence -enable-experimental-feature SuppressedAssociatedTypes -enable-experimental-feature AddressableParameters -enable-experimental-feature AddressableTypes -plugin-path /Applications/Xcode.app/Contents/Developer/Toolchains/XcodeDefault.xctoolchain/usr/lib/swift/host/plugins/testing -enable-experimental-feature DebugDescriptionMacro -sdk /Applications/Xcode.app/Contents/Developer/Platforms/iPhoneOS.platform/Developer/SDKs/iPhoneOS26.5.sdk -target arm64-apple-ios12.0 -g -module-cache-path /Users/mh/orca/workspaces/sonar-live-audio/build/release/UnsignedDerivedData/ModuleCache.noindex -Xfrontend -serialize-debugging-options -suppress-warnings -swift-version 6 -I /Users/mh/orca/workspaces/sonar-live-audio/build/release/UnsignedDerivedData/Build/Products/Release-iphoneos -Isystem /Applications/Xcode.app/Contents/Developer/Platforms/iPhoneOS.platform/Developer/usr/lib -F /Users/mh/orca/workspaces/sonar-live-audio/build/release/UnsignedDerivedData/Build/Products/Release-iphoneos/PackageFrameworks -F /Users/mh/orca/workspaces/sonar-live-audio/build/release/UnsignedDerivedData/Build/Products/Release-iphoneos -F /Applications/Xcode.app/Contents/Developer/Platforms/iPhoneOS.platform/Developer/Library/Frameworks -F /Applications/Xcode.app/Contents/Developer/Platforms/iPhoneOS.platform/Developer/SDKs/iPhoneOS26.5.sdk/Developer/Library/Frameworks -c -num-threads 14 -Xcc -ivfsstatcache -Xcc /Users/mh/orca/workspaces/sonar-live-audio/build/release/UnsignedDerivedData/SDKStatCaches.noindex/iphoneos26.5-23F81a-32daed1954a7d5dd0789fcaf2a9bb78b.sdkstatcache -output-file-map /Users/mh/orca/workspaces/sonar-live-audio/build/release/UnsignedDerivedData/Build/Intermediates.noindex/swift-collections.build/Release-iphoneos/OrderedCollections.build/Objects-normal/arm64/OrderedCollections-OutputFileMap.json -use-frontend-parseable-output -save-temps -no-color-diagnostics -explicit-module-build -module-cache-path /Users/mh/orca/workspaces/sonar-live-audio/build/release/UnsignedDerivedData/Build/Intermediates.noindex/SwiftExplicitPrecompiledModules -clang-scanner-module-cache-path /Users/mh/orca/workspaces/sonar-live-audio/build/release/UnsignedDerivedData/ModuleCache.noindex -sdk-module-cache-path /Users/mh/orca/workspaces/sonar-live-audio/build/release/UnsignedDerivedData/ModuleCache.noindex -serialize-diagnostics -emit-dependencies -emit-module -emit-module-path /Users/mh/orca/workspaces/sonar-live-audio/build/release/UnsignedDerivedData/Build/Intermediates.noindex/swift-collections.build/Release-iphoneos/OrderedCollections.build/Objects-normal/arm64/OrderedCollections.swiftmodule -user-module-version 1.4.1 -validate-clang-modules-once -clang-build-session-file /Users/mh/orca/workspaces/sonar-live-audio/build/release/UnsignedDerivedData/ModuleCache.noindex/Session.modulevalidation -package-name swift_collections -Xcc -I/Users/mh/orca/workspaces/sonar-live-audio/build/release/UnsignedDerivedData/Build/Intermediates.noindex/swift-collections.build/Release-iphoneos/OrderedCollections.build/swift-overrides.hmap -emit-const-values -Xfrontend -const-gather-protocols-file -Xfrontend /Users/mh/orca/workspaces/sonar-live-audio/build/release/UnsignedDerivedData/Build/Intermediates.noindex/swift-collections.build/Release-iphoneos/OrderedCollections.build/Objects-normal/arm64/OrderedCollections_const_extract_protocols.json -Xcc -I/Users/mh/orca/workspaces/sonar-live-audio/build/release/UnsignedDerivedData/Build/Products/Release-iphoneos/include -Xcc -I/Users/mh/orca/workspaces/sonar-live-audio/build/release/UnsignedDerivedData/Build/Intermediates.noindex/swift-collections.build/Release-iphoneos/OrderedCollections.build/DerivedSources-normal/arm64 -Xcc -I/Users/mh/orca/workspaces/sonar-live-audio/build/release/UnsignedDerivedData/Build/Intermediates.noindex/swift-collections.build/Release-iphoneos/OrderedCollections.build/DerivedSources/arm64 -Xcc -I/Users/mh/orca/workspaces/sonar-live-audio/build/release/UnsignedDerivedData/Build/Intermediates.noindex/swift-collections.build/Release-iphoneos/OrderedCollections.build/DerivedSources -Xcc -DSWIFT_PACKAGE -emit-objc-header -emit-objc-header-path /Users/mh/orca/workspaces/sonar-live-audio/build/release/UnsignedDerivedData/Build/Intermediates.noindex/swift-collections.build/Release-iphoneos/OrderedCollections.build/Objects-normal/arm64/OrderedCollections-Swift.h -working-directory /Users/mh/orca/workspaces/sonar-live-audio/Sonar.xcodeproj -no-emit-module-separately-wmo

PrecompileModule /Users/mh/orca/workspaces/sonar-live-audio/build/release/UnsignedDerivedData/Build/Intermediates.noindex/ExplicitPrecompiledModules/_DarwinFoundation2-5JFG40W8XOZ9U9R78QYQOLB70.scan
    cd /
    builtin-precompileModule /Users/mh/orca/workspaces/sonar-live-audio/build/release/UnsignedDerivedData/Build/Intermediates.noindex/ExplicitPrecompiledModules/_DarwinFoundation2-5JFG40W8XOZ9U9R78QYQOLB70.scan

PrecompileModule /Users/mh/orca/workspaces/sonar-live-audio/build/release/UnsignedDerivedData/Build/Intermediates.noindex/ExplicitPrecompiledModules/_Builtin_limits-7GP9RSA8JY6TR8R4HPU9L2JUK.scan
    cd /
    builtin-precompileModule /Users/mh/orca/workspaces/sonar-live-audio/build/release/UnsignedDerivedData/Build/Intermediates.noindex/ExplicitPrecompiledModules/_Builtin_limits-7GP9RSA8JY6TR8R4HPU9L2JUK.scan

ExtractAppIntentsMetadata (in target 'InternalCollectionsUtilities' from project 'swift-collections')
    cd /Users/mh/orca/workspaces/sonar-live-audio/build/release/UnsignedDerivedData/SourcePackages/checkouts/swift-collections
    /Applications/Xcode.app/Contents/Developer/Toolchains/XcodeDefault.xctoolchain/usr/bin/appintentsmetadataprocessor --toolchain-dir /Applications/Xcode.app/Contents/Developer/Toolchains/XcodeDefault.xctoolchain --module-name InternalCollectionsUtilities --sdk-root /Applications/Xcode.app/Contents/Developer/Platforms/iPhoneOS.platform/Developer/SDKs/iPhoneOS26.5.sdk --xcode-version 17F113 --platform-family iOS --deployment-target 12.0 --bundle-identifier swift-collections.InternalCollectionsUtilities --output /Users/mh/orca/workspaces/sonar-live-audio/build/release/UnsignedDerivedData/Build/Products/Release-iphoneos/InternalCollectionsUtilities.appintents --target-triple arm64-apple-ios12.0 --binary-file /Users/mh/orca/workspaces/sonar-live-audio/build/release/UnsignedDerivedData/Build/Products/Release-iphoneos/InternalCollectionsUtilities.o --dependency-file /Users/mh/orca/workspaces/sonar-live-audio/build/release/UnsignedDerivedData/Build/Intermediates.noindex/swift-collections.build/Release-iphoneos/InternalCollectionsUtilities.build/Objects-normal/arm64/InternalCollectionsUtilities_dependency_info.dat --stringsdata-file /Users/mh/orca/workspaces/sonar-live-audio/build/release/UnsignedDerivedData/Build/Intermediates.noindex/swift-collections.build/Release-iphoneos/InternalCollectionsUtilities.build/Objects-normal/arm64/ExtractedAppShortcutsMetadata.stringsdata --source-file-list /Users/mh/orca/workspaces/sonar-live-audio/build/release/UnsignedDerivedData/Build/Intermediates.noindex/swift-collections.build/Release-iphoneos/InternalCollectionsUtilities.build/Objects-normal/arm64/InternalCollectionsUtilities.SwiftFileList --metadata-file-list /Users/mh/orca/workspaces/sonar-live-audio/build/release/UnsignedDerivedData/Build/Intermediates.noindex/swift-collections.build/Release-iphoneos/InternalCollectionsUtilities.build/InternalCollectionsUtilities.DependencyMetadataFileList --static-metadata-file-list /Users/mh/orca/workspaces/sonar-live-audio/build/release/UnsignedDerivedData/Build/Intermediates.noindex/swift-collections.build/Release-iphoneos/InternalCollectionsUtilities.build/InternalCollectionsUtilities.DependencyStaticMetadataFileList --swift-const-vals-list /Users/mh/orca/workspaces/sonar-live-audio/build/release/UnsignedDerivedData/Build/Intermediates.noindex/swift-collections.build/Release-iphoneos/InternalCollectionsUtilities.build/Objects-normal/arm64/InternalCollectionsUtilities.SwiftConstValuesFileList --force --compile-time-extraction --deployment-aware-processing --validate-assistant-intents --no-app-shortcuts-localization
2026-08-10 00:28:24.098 appintentsmetadataprocessor[73019:2284424] Starting appintentsmetadataprocessor export
2026-08-10 00:28:24.114 appintentsmetadataprocessor[73019:2284424] Extracted no relevant App Intents symbols, skipping writing output

SwiftDriver\ Compilation OrderedCollections normal arm64 com.apple.xcode.tools.swift.compiler (in target 'OrderedCollections' from project 'swift-collections')
    cd /Users/mh/orca/workspaces/sonar-live-audio/Sonar.xcodeproj
    builtin-Swift-Compilation -- /Applications/Xcode.app/Contents/Developer/Toolchains/XcodeDefault.xctoolchain/usr/bin/swiftc -module-name OrderedCollections -O -whole-module-optimization @/Users/mh/orca/workspaces/sonar-live-audio/build/release/UnsignedDerivedData/Build/Intermediates.noindex/swift-collections.build/Release-iphoneos/OrderedCollections.build/Objects-normal/arm64/OrderedCollections.SwiftFileList -DSWIFT_PACKAGE -DSWIFT_MODULE_RESOURCE_BUNDLE_UNAVAILABLE -DCOLLECTIONS_RANDOMIZED_TESTING -DXcode -enable-experimental-feature AvailabilityMacro\=SwiftStdlib\ 5.0:\ macOS\ 10.14.4,\ iOS\ 12.2,\ watchOS\ 5.2,\ tvOS\ 12.2 -enable-experimental-feature AvailabilityMacro\=SwiftStdlib\ 5.1:\ macOS\ 10.15,\ iOS\ 13.0,\ watchOS\ 6.0,\ tvOS\ 13.0 -enable-experimental-feature AvailabilityMacro\=SwiftStdlib\ 5.6:\ macOS\ 12.3,\ iOS\ 15.4,\ watchOS\ 8.5,\ tvOS\ 15.4 -enable-experimental-feature AvailabilityMacro\=SwiftStdlib\ 5.7:\ macOS\ 13.0,\ iOS\ 16.0,\ watchOS\ 9.0,\ tvOS\ 16.0 -enable-experimental-feature AvailabilityMacro\=SwiftStdlib\ 5.8:\ macOS\ 13.3,\ iOS\ 16.4,\ watchOS\ 9.4,\ tvOS\ 16.4 -enable-experimental-feature AvailabilityMacro\=SwiftStdlib\ 5.9:\ macOS\ 14.0,\ iOS\ 17.0,\ watchOS\ 10.0,\ tvOS\ 17.0 -enable-experimental-feature AvailabilityMacro\=SwiftStdlib\ 5.10:\ macOS\ 14.4,\ iOS\ 17.4,\ watchOS\ 10.4,\ tvOS\ 17.4,\ visionOS\ 1.1 -enable-experimental-feature AvailabilityMacro\=SwiftStdlib\ 6.0:\ macOS\ 15.0,\ iOS\ 18.0,\ watchOS\ 11.0,\ tvOS\ 18.0,\ visionOS\ 2.0 -enable-experimental-feature AvailabilityMacro\=SwiftStdlib\ 6.1:\ macOS\ 15.4,\ iOS\ 18.4,\ watchOS\ 11.4,\ tvOS\ 18.4,\ visionOS\ 2.4 -enable-experimental-feature AvailabilityMacro\=SwiftStdlib\ 6.2:\ macOS\ 26.0,\ iOS\ 26.0,\ watchOS\ 26.0,\ tvOS\ 26.0,\ visionOS\ 26.0 -enable-experimental-feature AvailabilityMacro\=SwiftStdlib\ 6.3:\ macOS\ 26.4,\ iOS\ 26.4,\ watchOS\ 26.4,\ tvOS\ 26.4,\ visionOS\ 26.4 -enable-upcoming-feature MemberImportVisibility -enable-experimental-feature BuiltinModule -enable-experimental-feature Lifetimes -enable-experimental-feature InoutLifetimeDependence -enable-experimental-feature SuppressedAssociatedTypes -enable-experimental-feature AddressableParameters -enable-experimental-feature AddressableTypes -plugin-path /Applications/Xcode.app/Contents/Developer/Toolchains/XcodeDefault.xctoolchain/usr/lib/swift/host/plugins/testing -enable-experimental-feature DebugDescriptionMacro -sdk /Applications/Xcode.app/Contents/Developer/Platforms/iPhoneOS.platform/Developer/SDKs/iPhoneOS26.5.sdk -target arm64-apple-ios12.0 -g -module-cache-path /Users/mh/orca/workspaces/sonar-live-audio/build/release/UnsignedDerivedData/ModuleCache.noindex -Xfrontend -serialize-debugging-options -suppress-warnings -swift-version 6 -I /Users/mh/orca/workspaces/sonar-live-audio/build/release/UnsignedDerivedData/Build/Products/Release-iphoneos -Isystem /Applications/Xcode.app/Contents/Developer/Platforms/iPhoneOS.platform/Developer/usr/lib -F /Users/mh/orca/workspaces/sonar-live-audio/build/release/UnsignedDerivedData/Build/Products/Release-iphoneos/PackageFrameworks -F /Users/mh/orca/workspaces/sonar-live-audio/build/release/UnsignedDerivedData/Build/Products/Release-iphoneos -F /Applications/Xcode.app/Contents/Developer/Platforms/iPhoneOS.platform/Developer/Library/Frameworks -F /Applications/Xcode.app/Contents/Developer/Platforms/iPhoneOS.platform/Developer/SDKs/iPhoneOS26.5.sdk/Developer/Library/Frameworks -c -num-threads 14 -Xcc -ivfsstatcache -Xcc /Users/mh/orca/workspaces/sonar-live-audio/build/release/UnsignedDerivedData/SDKStatCaches.noindex/iphoneos26.5-23F81a-32daed1954a7d5dd0789fcaf2a9bb78b.sdkstatcache -output-file-map /Users/mh/orca/workspaces/sonar-live-audio/build/release/UnsignedDerivedData/Build/Intermediates.noindex/swift-collections.build/Release-iphoneos/OrderedCollections.build/Objects-normal/arm64/OrderedCollections-OutputFileMap.json -use-frontend-parseable-output -save-temps -no-color-diagnostics -explicit-module-build -module-cache-path /Users/mh/orca/workspaces/sonar-live-audio/build/release/UnsignedDerivedData/Build/Intermediates.noindex/SwiftExplicitPrecompiledModules -clang-scanner-module-cache-path /Users/mh/orca/workspaces/sonar-live-audio/build/release/UnsignedDerivedData/ModuleCache.noindex -sdk-module-cache-path /Users/mh/orca/workspaces/sonar-live-audio/build/release/UnsignedDerivedData/ModuleCache.noindex -serialize-diagnostics -emit-dependencies -emit-module -emit-module-path /Users/mh/orca/workspaces/sonar-live-audio/build/release/UnsignedDerivedData/Build/Intermediates.noindex/swift-collections.build/Release-iphoneos/OrderedCollections.build/Objects-normal/arm64/OrderedCollections.swiftmodule -user-module-version 1.4.1 -validate-clang-modules-once -clang-build-session-file /Users/mh/orca/workspaces/sonar-live-audio/build/release/UnsignedDerivedData/ModuleCache.noindex/Session.modulevalidation -package-name swift_collections -Xcc -I/Users/mh/orca/workspaces/sonar-live-audio/build/release/UnsignedDerivedData/Build/Intermediates.noindex/swift-collections.build/Release-iphoneos/OrderedCollections.build/swift-overrides.hmap -emit-const-values -Xfrontend -const-gather-protocols-file -Xfrontend /Users/mh/orca/workspaces/sonar-live-audio/build/release/UnsignedDerivedData/Build/Intermediates.noindex/swift-collections.build/Release-iphoneos/OrderedCollections.build/Objects-normal/arm64/OrderedCollections_const_extract_protocols.json -Xcc -I/Users/mh/orca/workspaces/sonar-live-audio/build/release/UnsignedDerivedData/Build/Products/Release-iphoneos/include -Xcc -I/Users/mh/orca/workspaces/sonar-live-audio/build/release/UnsignedDerivedData/Build/Intermediates.noindex/swift-collections.build/Release-iphoneos/OrderedCollections.build/DerivedSources-normal/arm64 -Xcc -I/Users/mh/orca/workspaces/sonar-live-audio/build/release/UnsignedDerivedData/Build/Intermediates.noindex/swift-collections.build/Release-iphoneos/OrderedCollections.build/DerivedSources/arm64 -Xcc -I/Users/mh/orca/workspaces/sonar-live-audio/build/release/UnsignedDerivedData/Build/Intermediates.noindex/swift-collections.build/Release-iphoneos/OrderedCollections.build/DerivedSources -Xcc -DSWIFT_PACKAGE -emit-objc-header -emit-objc-header-path /Users/mh/orca/workspaces/sonar-live-audio/build/release/UnsignedDerivedData/Build/Intermediates.noindex/swift-collections.build/Release-iphoneos/OrderedCollections.build/Objects-normal/arm64/OrderedCollections-Swift.h -working-directory /Users/mh/orca/workspaces/sonar-live-audio/Sonar.xcodeproj -no-emit-module-separately-wmo

SwiftCompile normal arm64 Compiling\ _HashTable+Bucket.swift,\ _HashTable+BucketIterator.swift,\ _HashTable+Constants.swift,\ _HashTable+CustomStringConvertible.swift,\ _HashTable+Testing.swift,\ _HashTable+UnsafeHandle.swift,\ _HashTable.swift,\ _Hashtable+Header.swift,\ OrderedDictionary+Codable.swift,\ OrderedDictionary+CustomReflectable.swift,\ OrderedDictionary+Deprecations.swift,\ OrderedDictionary+Descriptions.swift,\ OrderedDictionary+Elements.SubSequence.swift,\ OrderedDictionary+Elements.swift,\ OrderedDictionary+Equatable.swift,\ OrderedDictionary+ExpressibleByDictionaryLiteral.swift,\ OrderedDictionary+Hashable.swift,\ OrderedDictionary+Initializers.swift,\ OrderedDictionary+Invariants.swift,\ OrderedDictionary+Partial\ MutableCollection.swift,\ OrderedDictionary+Partial\ RangeReplaceableCollection.swift,\ OrderedDictionary+Sendable.swift,\ OrderedDictionary+Sequence.swift,\ OrderedDictionary+Values.swift,\ OrderedDictionary.swift,\ OrderedSet+Codable.swift,\ OrderedSet+CustomReflectable.swift,\ OrderedSet+Descriptions.swift,\ OrderedSet+Diffing.swift,\ OrderedSet+Equatable.swift,\ OrderedSet+ExpressibleByArrayLiteral.swift,\ OrderedSet+Hashable.swift,\ OrderedSet+Initializers.swift,\ OrderedSet+Insertions.swift,\ OrderedSet+Invariants.swift,\ OrderedSet+Partial\ MutableCollection.swift,\ OrderedSet+Partial\ RangeReplaceableCollection.swift,\ OrderedSet+Partial\ SetAlgebra\ formIntersection.swift,\ OrderedSet+Partial\ SetAlgebra\ formSymmetricDifference.swift,\ OrderedSet+Partial\ SetAlgebra\ formUnion.swift,\ OrderedSet+Partial\ SetAlgebra\ intersection.swift,\ OrderedSet+Partial\ SetAlgebra\ isDisjoint.swift,\ OrderedSet+Partial\ SetAlgebra\ isEqualSet.swift,\ OrderedSet+Partial\ SetAlgebra\ isStrictSubset.swift,\ OrderedSet+Partial\ SetAlgebra\ isStrictSuperset.swift,\ OrderedSet+Partial\ SetAlgebra\ isSubset.swift,\ OrderedSet+Partial\ SetAlgebra\ isSuperset.swift,\ OrderedSet+Partial\ SetAlgebra\ subtract.swift,\ OrderedSet+Partial\ SetAlgebra\ subtracting.swift,\ OrderedSet+Partial\ SetAlgebra\ symmetricDifference.swift,\ OrderedSet+Partial\ SetAlgebra\ union.swift,\ OrderedSet+Partial\ SetAlgebra+Basics.swift,\ OrderedSet+RandomAccessCollection.swift,\ OrderedSet+ReserveCapacity.swift,\ OrderedSet+Sendable.swift,\ OrderedSet+SubSequence.swift,\ OrderedSet+Testing.swift,\ OrderedSet+UnorderedView.swift,\ OrderedSet+UnstableInternals.swift,\ OrderedSet.swift,\ _UnsafeBitset.swift /Users/mh/orca/workspaces/sonar-live-audio/build/release/UnsignedDerivedData/SourcePackages/checkouts/swift-collections/Sources/OrderedCollections/HashTable/_HashTable+Bucket.swift /Users/mh/orca/workspaces/sonar-live-audio/build/release/UnsignedDerivedData/SourcePackages/checkouts/swift-collections/Sources/OrderedCollections/HashTable/_HashTable+BucketIterator.swift /Users/mh/orca/workspaces/sonar-live-audio/build/release/UnsignedDerivedData/SourcePackages/checkouts/swift-collections/Sources/OrderedCollections/HashTable/_HashTable+Constants.swift /Users/mh/orca/workspaces/sonar-live-audio/build/release/UnsignedDerivedData/SourcePackages/checkouts/swift-collections/Sources/OrderedCollections/HashTable/_HashTable+CustomStringConvertible.swift /Users/mh/orca/workspaces/sonar-live-audio/build/release/UnsignedDerivedData/SourcePackages/checkouts/swift-collections/Sources/OrderedCollections/HashTable/_HashTable+Testing.swift /Users/mh/orca/workspaces/sonar-live-audio/build/release/UnsignedDerivedData/SourcePackages/checkouts/swift-collections/Sources/OrderedCollections/HashTable/_HashTable+UnsafeHandle.swift /Users/mh/orca/workspaces/sonar-live-audio/build/release/UnsignedDerivedData/SourcePackages/checkouts/swift-collections/Sources/OrderedCollections/HashTable/_HashTable.swift /Users/mh/orca/workspaces/sonar-live-audio/build/release/UnsignedDerivedData/SourcePackages/checkouts/swift-collections/Sources/OrderedCollections/HashTable/_Hashtable+Header.swift /Users/mh/orca/workspaces/sonar-live-audio/build/release/UnsignedDerivedData/SourcePackages/checkouts/swift-collections/Sources/OrderedCollections/OrderedDictionary/OrderedDictionary+Codable.swift /Users/mh/orca/workspaces/sonar-live-audio/build/release/UnsignedDerivedData/SourcePackages/checkouts/swift-collections/Sources/OrderedCollections/OrderedDictionary/OrderedDictionary+CustomReflectable.swift /Users/mh/orca/workspaces/sonar-live-audio/build/release/UnsignedDerivedData/SourcePackages/checkouts/swift-collections/Sources/OrderedCollections/OrderedDictionary/OrderedDictionary+Deprecations.swift /Users/mh/orca/workspaces/sonar-live-audio/build/release/UnsignedDerivedData/SourcePackages/checkouts/swift-collections/Sources/OrderedCollections/OrderedDictionary/OrderedDictionary+Descriptions.swift /Users/mh/orca/workspaces/sonar-live-audio/build/release/UnsignedDerivedData/SourcePackages/checkouts/swift-collections/Sources/OrderedCollections/OrderedDictionary/OrderedDictionary+Elements.SubSequence.swift /Users/mh/orca/workspaces/sonar-live-audio/build/release/UnsignedDerivedData/SourcePackages/checkouts/swift-collections/Sources/OrderedCollections/OrderedDictionary/OrderedDictionary+Elements.swift /Users/mh/orca/workspaces/sonar-live-audio/build/release/UnsignedDerivedData/SourcePackages/checkouts/swift-collections/Sources/OrderedCollections/OrderedDictionary/OrderedDictionary+Equatable.swift /Users/mh/orca/workspaces/sonar-live-audio/build/release/UnsignedDerivedData/SourcePackages/checkouts/swift-collections/Sources/OrderedCollections/OrderedDictionary/OrderedDictionary+ExpressibleByDictionaryLiteral.swift /Users/mh/orca/workspaces/sonar-live-audio/build/release/UnsignedDerivedData/SourcePackages/checkouts/swift-collections/Sources/OrderedCollections/OrderedDictionary/OrderedDictionary+Hashable.swift /Users/mh/orca/workspaces/sonar-live-audio/build/release/UnsignedDerivedData/SourcePackages/checkouts/swift-collections/Sources/OrderedCollections/OrderedDictionary/OrderedDictionary+Initializers.swift /Users/mh/orca/workspaces/sonar-live-audio/build/release/UnsignedDerivedData/SourcePackages/checkouts/swift-collections/Sources/OrderedCollections/OrderedDictionary/OrderedDictionary+Invariants.swift /Users/mh/orca/workspaces/sonar-live-audio/build/release/UnsignedDerivedData/SourcePackages/checkouts/swift-collections/Sources/OrderedCollections/OrderedDictionary/OrderedDictionary+Partial\ MutableCollection.swift /Users/mh/orca/workspaces/sonar-live-audio/build/release/UnsignedDerivedData/SourcePackages/checkouts/swift-collections/Sources/OrderedCollections/OrderedDictionary/OrderedDictionary+Partial\ RangeReplaceableCollection.swift /Users/mh/orca/workspaces/sonar-live-audio/build/release/UnsignedDerivedData/SourcePackages/checkouts/swift-collections/Sources/OrderedCollections/OrderedDictionary/OrderedDictionary+Sendable.swift /Users/mh/orca/workspaces/sonar-live-audio/build/release/UnsignedDerivedData/SourcePackages/checkouts/swift-collections/Sources/OrderedCollections/OrderedDictionary/OrderedDictionary+Sequence.swift /Users/mh/orca/workspaces/sonar-live-audio/build/release/UnsignedDerivedData/SourcePackages/checkouts/swift-collections/Sources/OrderedCollections/OrderedDictionary/OrderedDictionary+Values.swift /Users/mh/orca/workspaces/sonar-live-audio/build/release/UnsignedDerivedData/SourcePackages/checkouts/swift-collections/Sources/OrderedCollections/OrderedDictionary/OrderedDictionary.swift /Users/mh/orca/workspaces/sonar-live-audio/build/release/UnsignedDerivedData/SourcePackages/checkouts/swift-collections/Sources/OrderedCollections/OrderedSet/OrderedSet+Codable.swift /Users/mh/orca/workspaces/sonar-live-audio/build/release/UnsignedDerivedData/SourcePackages/checkouts/swift-collections/Sources/OrderedCollections/OrderedSet/OrderedSet+CustomReflectable.swift /Users/mh/orca/workspaces/sonar-live-audio/build/release/UnsignedDerivedData/SourcePackages/checkouts/swift-collections/Sources/OrderedCollections/OrderedSet/OrderedSet+Descriptions.swift /Users/mh/orca/workspaces/sonar-live-audio/build/release/UnsignedDerivedData/SourcePackages/checkouts/swift-collections/Sources/OrderedCollections/OrderedSet/OrderedSet+Diffing.swift /Users/mh/orca/workspaces/sonar-live-audio/build/release/UnsignedDerivedData/SourcePackages/checkouts/swift-collections/Sources/OrderedCollections/OrderedSet/OrderedSet+Equatable.swift /Users/mh/orca/workspaces/sonar-live-audio/build/release/UnsignedDerivedData/SourcePackages/checkouts/swift-collections/Sources/OrderedCollections/OrderedSet/OrderedSet+ExpressibleByArrayLiteral.swift /Users/mh/orca/workspaces/sonar-live-audio/build/release/UnsignedDerivedData/SourcePackages/checkouts/swift-collections/Sources/OrderedCollections/OrderedSet/OrderedSet+Hashable.swift /Users/mh/orca/workspaces/sonar-live-audio/build/release/UnsignedDerivedData/SourcePackages/checkouts/swift-collections/Sources/OrderedCollections/OrderedSet/OrderedSet+Initializers.swift /Users/mh/orca/workspaces/sonar-live-audio/build/release/UnsignedDerivedData/SourcePackages/checkouts/swift-collections/Sources/OrderedCollections/OrderedSet/OrderedSet+Insertions.swift /Users/mh/orca/workspaces/sonar-live-audio/build/release/UnsignedDerivedData/SourcePackages/checkouts/swift-collections/Sources/OrderedCollections/OrderedSet/OrderedSet+Invariants.swift /Users/mh/orca/workspaces/sonar-live-audio/build/release/UnsignedDerivedData/SourcePackages/checkouts/swift-collections/Sources/OrderedCollections/OrderedSet/OrderedSet+Partial\ MutableCollection.swift /Users/mh/orca/workspaces/sonar-live-audio/build/release/UnsignedDerivedData/SourcePackages/checkouts/swift-collections/Sources/OrderedCollections/OrderedSet/OrderedSet+Partial\ RangeReplaceableCollection.swift /Users/mh/orca/workspaces/sonar-live-audio/build/release/UnsignedDerivedData/SourcePackages/checkouts/swift-collections/Sources/OrderedCollections/OrderedSet/OrderedSet+Partial\ SetAlgebra\ formIntersection.swift /Users/mh/orca/workspaces/sonar-live-audio/build/release/UnsignedDerivedData/SourcePackages/checkouts/swift-collections/Sources/OrderedCollections/OrderedSet/OrderedSet+Partial\ SetAlgebra\ formSymmetricDifference.swift /Users/mh/orca/workspaces/sonar-live-audio/build/release/UnsignedDerivedData/SourcePackages/checkouts/swift-collections/Sources/OrderedCollections/OrderedSet/OrderedSet+Partial\ SetAlgebra\ formUnion.swift /Users/mh/orca/workspaces/sonar-live-audio/build/release/UnsignedDerivedData/SourcePackages/checkouts/swift-collections/Sources/OrderedCollections/OrderedSet/OrderedSet+Partial\ SetAlgebra\ intersection.swift /Users/mh/orca/workspaces/sonar-live-audio/build/release/UnsignedDerivedData/SourcePackages/checkouts/swift-collections/Sources/OrderedCollections/OrderedSet/OrderedSet+Partial\ SetAlgebra\ isDisjoint.swift /Users/mh/orca/workspaces/sonar-live-audio/build/release/UnsignedDerivedData/SourcePackages/checkouts/swift-collections/Sources/OrderedCollections/OrderedSet/OrderedSet+Partial\ SetAlgebra\ isEqualSet.swift /Users/mh/orca/workspaces/sonar-live-audio/build/release/UnsignedDerivedData/SourcePackages/checkouts/swift-collections/Sources/OrderedCollections/OrderedSet/OrderedSet+Partial\ SetAlgebra\ isStrictSubset.swift /Users/mh/orca/workspaces/sonar-live-audio/build/release/UnsignedDerivedData/SourcePackages/checkouts/swift-collections/Sources/OrderedCollections/OrderedSet/OrderedSet+Partial\ SetAlgebra\ isStrictSuperset.swift /Users/mh/orca/workspaces/sonar-live-audio/build/release/UnsignedDerivedData/SourcePackages/checkouts/swift-collections/Sources/OrderedCollections/OrderedSet/OrderedSet+Partial\ SetAlgebra\ isSubset.swift /Users/mh/orca/workspaces/sonar-live-audio/build/release/UnsignedDerivedData/SourcePackages/checkouts/swift-collections/Sources/OrderedCollections/OrderedSet/OrderedSet+Partial\ SetAlgebra\ isSuperset.swift /Users/mh/orca/workspaces/sonar-live-audio/build/release/UnsignedDerivedData/SourcePackages/checkouts/swift-collections/Sources/OrderedCollections/OrderedSet/OrderedSet+Partial\ SetAlgebra\ subtract.swift /Users/mh/orca/workspaces/sonar-live-audio/build/release/UnsignedDerivedData/SourcePackages/checkouts/swift-collections/Sources/OrderedCollections/OrderedSet/OrderedSet+Partial\ SetAlgebra\ subtracting.swift /Users/mh/orca/workspaces/sonar-live-audio/build/release/UnsignedDerivedData/SourcePackages/checkouts/swift-collections/Sources/OrderedCollections/OrderedSet/OrderedSet+Partial\ SetAlgebra\ symmetricDifference.swift /Users/mh/orca/workspaces/sonar-live-audio/build/release/UnsignedDerivedData/SourcePackages/checkouts/swift-collections/Sources/OrderedCollections/OrderedSet/OrderedSet+Partial\ SetAlgebra\ union.swift /Users/mh/orca/workspaces/sonar-live-audio/build/release/UnsignedDerivedData/SourcePackages/checkouts/swift-collections/Sources/OrderedCollections/OrderedSet/OrderedSet+Partial\ SetAlgebra+Basics.swift /Users/mh/orca/workspaces/sonar-live-audio/build/release/UnsignedDerivedData/SourcePackages/checkouts/swift-collections/Sources/OrderedCollections/OrderedSet/OrderedSet+RandomAccessCollection.swift /Users/mh/orca/workspaces/sonar-live-audio/build/release/UnsignedDerivedData/SourcePackages/checkouts/swift-collections/Sources/OrderedCollections/OrderedSet/OrderedSet+ReserveCapacity.swift /Users/mh/orca/workspaces/sonar-live-audio/build/release/UnsignedDerivedData/SourcePackages/checkouts/swift-collections/Sources/OrderedCollections/OrderedSet/OrderedSet+Sendable.swift /Users/mh/orca/workspaces/sonar-live-audio/build/release/UnsignedDerivedData/SourcePackages/checkouts/swift-collections/Sources/OrderedCollections/OrderedSet/OrderedSet+SubSequence.swift /Users/mh/orca/workspaces/sonar-live-audio/build/release/UnsignedDerivedData/SourcePackages/checkouts/swift-collections/Sources/OrderedCollections/OrderedSet/OrderedSet+Testing.swift /Users/mh/orca/workspaces/sonar-live-audio/build/release/UnsignedDerivedData/SourcePackages/checkouts/swift-collections/Sources/OrderedCollections/OrderedSet/OrderedSet+UnorderedView.swift /Users/mh/orca/workspaces/sonar-live-audio/build/release/UnsignedDerivedData/SourcePackages/checkouts/swift-collections/Sources/OrderedCollections/OrderedSet/OrderedSet+UnstableInternals.swift /Users/mh/orca/workspaces/sonar-live-audio/build/release/UnsignedDerivedData/SourcePackages/checkouts/swift-collections/Sources/OrderedCollections/OrderedSet/OrderedSet.swift /Users/mh/orca/workspaces/sonar-live-audio/build/release/UnsignedDerivedData/SourcePackages/checkouts/swift-collections/Sources/OrderedCollections/Utilities/_UnsafeBitset.swift /Applications/Xcode.app/Contents/Developer/Toolchains/XcodeDefault.xctoolchain/usr/lib/swift/iphoneos/prebuilt-modules/26.5/_StringProcessing.swiftmodule/arm64e-apple-ios.swiftmodule /Applications/Xcode.app/Contents/Developer/Toolchains/XcodeDefault.xctoolchain/usr/lib/swift/iphoneos/prebuilt-modules/26.5/Swift.swiftmodule/arm64e-apple-ios.swiftmodule /Applications/Xcode.app/Contents/Developer/Toolchains/XcodeDefault.xctoolchain/usr/lib/swift/iphoneos/prebuilt-modules/26.5/_Concurrency.swiftmodule/arm64e-apple-ios.swiftmodule /Users/mh/orca/workspaces/sonar-live-audio/build/release/UnsignedDerivedData/Build/Products/Release-iphoneos/InternalCollectionsUtilities.swiftmodule/arm64-apple-ios.swiftmodule /Users/mh/orca/workspaces/sonar-live-audio/build/release/UnsignedDerivedData/ModuleCache.noindex/_SwiftConcurrencyShims-11UAPQAANGA5YHKZ24YUAO823.pcm /Users/mh/orca/workspaces/sonar-live-audio/build/release/UnsignedDerivedData/ModuleCache.noindex/SwiftShims-6UXPXJEFW29V32EXS1LZUA40G.pcm /Users/mh/orca/workspaces/sonar-live-audio/build/release/UnsignedDerivedData/Build/Intermediates.noindex/swift-collections.build/Release-iphoneos/OrderedCollections.build/Objects-normal/arm64/OrderedCollections-dependencies-1.json (in target 'OrderedCollections' from project 'swift-collections')

CompileSwift normal arm64 (in target 'OrderedCollections' from project 'swift-collections')
    cd /Users/mh/orca/workspaces/sonar-live-audio/Sonar.xcodeproj
    

SwiftExplicitDependencyGeneratePcm arm64 /Users/mh/orca/workspaces/sonar-live-audio/build/release/UnsignedDerivedData/ModuleCache.noindex/os_object-BKKPFYQAI1EJRIJQC087R47BJ.pcm

PrecompileModule /Users/mh/orca/workspaces/sonar-live-audio/build/release/UnsignedDerivedData/Build/Intermediates.noindex/ExplicitPrecompiledModules/_Builtin_stdint-306GS1FDXOTQONW8FTWDP6E0S.scan
    cd /
    builtin-precompileModule /Users/mh/orca/workspaces/sonar-live-audio/build/release/UnsignedDerivedData/Build/Intermediates.noindex/ExplicitPrecompiledModules/_Builtin_stdint-306GS1FDXOTQONW8FTWDP6E0S.scan

PrecompileModule /Users/mh/orca/workspaces/sonar-live-audio/build/release/UnsignedDerivedData/Build/Intermediates.noindex/ExplicitPrecompiledModules/_Builtin_tgmath-4ECE8CC1XKNEOKQE1LOQLAKP2.scan
    cd /
    builtin-precompileModule /Users/mh/orca/workspaces/sonar-live-audio/build/release/UnsignedDerivedData/Build/Intermediates.noindex/ExplicitPrecompiledModules/_Builtin_tgmath-4ECE8CC1XKNEOKQE1LOQLAKP2.scan

PrecompileModule /Users/mh/orca/workspaces/sonar-live-audio/build/release/UnsignedDerivedData/Build/Intermediates.noindex/ExplicitPrecompiledModules/_Builtin_intrinsics-9G01AWKIYGOBRPPLMVQANP51A.scan
    cd /
    builtin-precompileModule /Users/mh/orca/workspaces/sonar-live-audio/build/release/UnsignedDerivedData/Build/Intermediates.noindex/ExplicitPrecompiledModules/_Builtin_intrinsics-9G01AWKIYGOBRPPLMVQANP51A.scan

PrecompileModule /Users/mh/orca/workspaces/sonar-live-audio/build/release/UnsignedDerivedData/Build/Intermediates.noindex/ExplicitPrecompiledModules/_DarwinFoundation3-BH1HZ3FNABIN0BUR6CQGAVJ0F.scan
    cd /
    builtin-precompileModule /Users/mh/orca/workspaces/sonar-live-audio/build/release/UnsignedDerivedData/Build/Intermediates.noindex/ExplicitPrecompiledModules/_DarwinFoundation3-BH1HZ3FNABIN0BUR6CQGAVJ0F.scan

RegisterExecutionPolicyException /Users/mh/orca/workspaces/sonar-live-audio/build/release/UnsignedDerivedData/Build/Products/Release-iphoneos/InternalCollectionsUtilities.o (in target 'InternalCollectionsUtilities' from project 'swift-collections')
    cd /Users/mh/orca/workspaces/sonar-live-audio/build/release/UnsignedDerivedData/SourcePackages/checkouts/swift-collections
    builtin-RegisterExecutionPolicyException /Users/mh/orca/workspaces/sonar-live-audio/build/release/UnsignedDerivedData/Build/Products/Release-iphoneos/InternalCollectionsUtilities.o

SwiftExplicitDependencyGeneratePcm arm64 /Users/mh/orca/workspaces/sonar-live-audio/build/release/UnsignedDerivedData/ModuleCache.noindex/os_workgroup-7LN7GZVRVF8NKGNBTPLGAHIFP.pcm

PrecompileModule /Users/mh/orca/workspaces/sonar-live-audio/build/release/UnsignedDerivedData/Build/Intermediates.noindex/ExplicitPrecompiledModules/_Builtin_inttypes-COWLQE6UIIEX17DM1Z2HTSXL6.scan
    cd /
    builtin-precompileModule /Users/mh/orca/workspaces/sonar-live-audio/build/release/UnsignedDerivedData/Build/Intermediates.noindex/ExplicitPrecompiledModules/_Builtin_inttypes-COWLQE6UIIEX17DM1Z2HTSXL6.scan

PrecompileModule /Users/mh/orca/workspaces/sonar-live-audio/build/release/UnsignedDerivedData/Build/Intermediates.noindex/ExplicitPrecompiledModules/Darwin-BG0A3BBQDUMBGFLT2GCIJWMIJ.scan
    cd /
    builtin-precompileModule /Users/mh/orca/workspaces/sonar-live-audio/build/release/UnsignedDerivedData/Build/Intermediates.noindex/ExplicitPrecompiledModules/Darwin-BG0A3BBQDUMBGFLT2GCIJWMIJ.scan

SwiftExplicitDependencyGeneratePcm arm64 /Users/mh/orca/workspaces/sonar-live-audio/build/release/UnsignedDerivedData/ModuleCache.noindex/Dispatch-3KBOI087RW0W3228UPXWD7YJD.pcm

PrecompileModule /Users/mh/orca/workspaces/sonar-live-audio/build/release/UnsignedDerivedData/Build/Intermediates.noindex/ExplicitPrecompiledModules/simd-2WAGXF74Q2CS5TTZ8DOOOT89J.scan
    cd /
    builtin-precompileModule /Users/mh/orca/workspaces/sonar-live-audio/build/release/UnsignedDerivedData/Build/Intermediates.noindex/ExplicitPrecompiledModules/simd-2WAGXF74Q2CS5TTZ8DOOOT89J.scan

SwiftExplicitDependencyGeneratePcm arm64 /Users/mh/orca/workspaces/sonar-live-audio/build/release/UnsignedDerivedData/ModuleCache.noindex/CoreFoundation-7TIFRPGBIV4SXYJYQPVP6RYBG.pcm

SwiftExplicitDependencyGeneratePcm arm64 /Users/mh/orca/workspaces/sonar-live-audio/build/release/UnsignedDerivedData/ModuleCache.noindex/XPC-ERZUJ55EUO1JZ5A0OH4UTWCF.pcm

PrecompileModule /Users/mh/orca/workspaces/sonar-live-audio/build/release/UnsignedDerivedData/Build/Intermediates.noindex/ExplicitPrecompiledModules/ObjectiveC-F18JE3LT7VAPLWOYS5OJV76VA.scan
    cd /
    builtin-precompileModule /Users/mh/orca/workspaces/sonar-live-audio/build/release/UnsignedDerivedData/Build/Intermediates.noindex/ExplicitPrecompiledModules/ObjectiveC-F18JE3LT7VAPLWOYS5OJV76VA.scan

PrecompileModule /Users/mh/orca/workspaces/sonar-live-audio/build/release/UnsignedDerivedData/Build/Intermediates.noindex/ExplicitPrecompiledModules/os_object-8NTTTFK7F8ZDCY9Y8DZNLDNGB.scan
    cd /
    builtin-precompileModule /Users/mh/orca/workspaces/sonar-live-audio/build/release/UnsignedDerivedData/Build/Intermediates.noindex/ExplicitPrecompiledModules/os_object-8NTTTFK7F8ZDCY9Y8DZNLDNGB.scan

SwiftExplicitDependencyGeneratePcm arm64 /Users/mh/orca/workspaces/sonar-live-audio/build/release/UnsignedDerivedData/ModuleCache.noindex/Security-2B60Z9JBLD96HCW1UXI7542LJ.pcm

SwiftExplicitDependencyGeneratePcm arm64 /Users/mh/orca/workspaces/sonar-live-audio/build/release/UnsignedDerivedData/ModuleCache.noindex/CFNetwork-9ZZ6OBJWGG1NT3GQV0GFI9NKE.pcm

PrecompileModule /Users/mh/orca/workspaces/sonar-live-audio/build/release/UnsignedDerivedData/Build/Intermediates.noindex/ExplicitPrecompiledModules/os_workgroup-8M0C56DINY0A29LASFGZN8Y1E.scan
    cd /
    builtin-precompileModule /Users/mh/orca/workspaces/sonar-live-audio/build/release/UnsignedDerivedData/Build/Intermediates.noindex/ExplicitPrecompiledModules/os_workgroup-8M0C56DINY0A29LASFGZN8Y1E.scan

PrecompileModule /Users/mh/orca/workspaces/sonar-live-audio/build/release/UnsignedDerivedData/Build/Intermediates.noindex/ExplicitPrecompiledModules/Dispatch-AMTKJ9CJE3M5OI6BJA2EACX1G.scan
    cd /
    builtin-precompileModule /Users/mh/orca/workspaces/sonar-live-audio/build/release/UnsignedDerivedData/Build/Intermediates.noindex/ExplicitPrecompiledModules/Dispatch-AMTKJ9CJE3M5OI6BJA2EACX1G.scan

PrecompileModule /Users/mh/orca/workspaces/sonar-live-audio/build/release/UnsignedDerivedData/Build/Intermediates.noindex/ExplicitPrecompiledModules/dnssd-2FU4Z95ARJY52PIV6VG3VKHM6.scan
    cd /
    builtin-precompileModule /Users/mh/orca/workspaces/sonar-live-audio/build/release/UnsignedDerivedData/Build/Intermediates.noindex/ExplicitPrecompiledModules/dnssd-2FU4Z95ARJY52PIV6VG3VKHM6.scan

PrecompileModule /Users/mh/orca/workspaces/sonar-live-audio/build/release/UnsignedDerivedData/Build/Intermediates.noindex/ExplicitPrecompiledModules/CoreFoundation-DXZ4FV8Y5LGYC0WRCPB4T1UND.scan
    cd /
    builtin-precompileModule /Users/mh/orca/workspaces/sonar-live-audio/build/release/UnsignedDerivedData/Build/Intermediates.noindex/ExplicitPrecompiledModules/CoreFoundation-DXZ4FV8Y5LGYC0WRCPB4T1UND.scan

PrecompileModule /Users/mh/orca/workspaces/sonar-live-audio/build/release/UnsignedDerivedData/Build/Intermediates.noindex/ExplicitPrecompiledModules/XPC-AYOF5BTLGAPH7TGJR8A9JGM8K.scan
    cd /
    builtin-precompileModule /Users/mh/orca/workspaces/sonar-live-audio/build/release/UnsignedDerivedData/Build/Intermediates.noindex/ExplicitPrecompiledModules/XPC-AYOF5BTLGAPH7TGJR8A9JGM8K.scan

SwiftExplicitDependencyGeneratePcm arm64 /Users/mh/orca/workspaces/sonar-live-audio/build/release/UnsignedDerivedData/ModuleCache.noindex/Foundation-64LPWEB0H28KYQUF049N3UQ6F.pcm

PrecompileModule /Users/mh/orca/workspaces/sonar-live-audio/build/release/UnsignedDerivedData/Build/Intermediates.noindex/ExplicitPrecompiledModules/CFNetwork-9EJ9XV9HBSXWP0MH0XTZ7ODGP.scan
    cd /
    builtin-precompileModule /Users/mh/orca/workspaces/sonar-live-audio/build/release/UnsignedDerivedData/Build/Intermediates.noindex/ExplicitPrecompiledModules/CFNetwork-9EJ9XV9HBSXWP0MH0XTZ7ODGP.scan

PrecompileModule /Users/mh/orca/workspaces/sonar-live-audio/build/release/UnsignedDerivedData/Build/Intermediates.noindex/ExplicitPrecompiledModules/CoreAudioTypes-ZKXHVM69LZ2A7SIQ6TS6LOGE.scan
    cd /
    builtin-precompileModule /Users/mh/orca/workspaces/sonar-live-audio/build/release/UnsignedDerivedData/Build/Intermediates.noindex/ExplicitPrecompiledModules/CoreAudioTypes-ZKXHVM69LZ2A7SIQ6TS6LOGE.scan

PrecompileModule /Users/mh/orca/workspaces/sonar-live-audio/build/release/UnsignedDerivedData/Build/Intermediates.noindex/ExplicitPrecompiledModules/CoreGraphics-1G5PHOI2JIKDYT0DS81HL1BE9.scan
    cd /
    builtin-precompileModule /Users/mh/orca/workspaces/sonar-live-audio/build/release/UnsignedDerivedData/Build/Intermediates.noindex/ExplicitPrecompiledModules/CoreGraphics-1G5PHOI2JIKDYT0DS81HL1BE9.scan

PrecompileModule /Users/mh/orca/workspaces/sonar-live-audio/build/release/UnsignedDerivedData/Build/Intermediates.noindex/ExplicitPrecompiledModules/Security-1U986NEQOVXELCLZI7TBYWWHE.scan
    cd /
    builtin-precompileModule /Users/mh/orca/workspaces/sonar-live-audio/build/release/UnsignedDerivedData/Build/Intermediates.noindex/ExplicitPrecompiledModules/Security-1U986NEQOVXELCLZI7TBYWWHE.scan

PrecompileModule /Users/mh/orca/workspaces/sonar-live-audio/build/release/UnsignedDerivedData/Build/Intermediates.noindex/ExplicitPrecompiledModules/CoreAudio-2RQ20AO5QLLCUB6J48WSNJ7FN.scan
    cd /
    builtin-precompileModule /Users/mh/orca/workspaces/sonar-live-audio/build/release/UnsignedDerivedData/Build/Intermediates.noindex/ExplicitPrecompiledModules/CoreAudio-2RQ20AO5QLLCUB6J48WSNJ7FN.scan

PrecompileModule /Users/mh/orca/workspaces/sonar-live-audio/build/release/UnsignedDerivedData/Build/Intermediates.noindex/ExplicitPrecompiledModules/Foundation-26ZZDAO6H884THQK62E6O2AND.scan
    cd /
    builtin-precompileModule /Users/mh/orca/workspaces/sonar-live-audio/build/release/UnsignedDerivedData/Build/Intermediates.noindex/ExplicitPrecompiledModules/Foundation-26ZZDAO6H884THQK62E6O2AND.scan

PrecompileModule /Users/mh/orca/workspaces/sonar-live-audio/build/release/UnsignedDerivedData/Build/Intermediates.noindex/ExplicitPrecompiledModules/CoreText-7N0SCHS0K13UEF2ZBS25BW4L3.scan
    cd /
    builtin-precompileModule /Users/mh/orca/workspaces/sonar-live-audio/build/release/UnsignedDerivedData/Build/Intermediates.noindex/ExplicitPrecompiledModules/CoreText-7N0SCHS0K13UEF2ZBS25BW4L3.scan

PrecompileModule /Users/mh/orca/workspaces/sonar-live-audio/build/release/UnsignedDerivedData/Build/Intermediates.noindex/ExplicitPrecompiledModules/ImageIO-85F68ZUT15UGDR82WH4R0GB84.scan
    cd /
    builtin-precompileModule /Users/mh/orca/workspaces/sonar-live-audio/build/release/UnsignedDerivedData/Build/Intermediates.noindex/ExplicitPrecompiledModules/ImageIO-85F68ZUT15UGDR82WH4R0GB84.scan

PrecompileModule /Users/mh/orca/workspaces/sonar-live-audio/build/release/UnsignedDerivedData/Build/Intermediates.noindex/ExplicitPrecompiledModules/Symbols-53IY8F7DKSPA5VTTJHY93LZKC.scan
    cd /
    builtin-precompileModule /Users/mh/orca/workspaces/sonar-live-audio/build/release/UnsignedDerivedData/Build/Intermediates.noindex/ExplicitPrecompiledModules/Symbols-53IY8F7DKSPA5VTTJHY93LZKC.scan

PrecompileModule /Users/mh/orca/workspaces/sonar-live-audio/build/release/UnsignedDerivedData/Build/Intermediates.noindex/ExplicitPrecompiledModules/UserNotifications-8TV9MH3GF7UW8XNKNLPJNG5U0.scan
    cd /
    builtin-precompileModule /Users/mh/orca/workspaces/sonar-live-audio/build/release/UnsignedDerivedData/Build/Intermediates.noindex/ExplicitPrecompiledModules/UserNotifications-8TV9MH3GF7UW8XNKNLPJNG5U0.scan

PrecompileModule /Users/mh/orca/workspaces/sonar-live-audio/build/release/UnsignedDerivedData/Build/Intermediates.noindex/ExplicitPrecompiledModules/IOSurface-3B4DU4KJKF2TMCT6Q778MALLS.scan
    cd /
    builtin-precompileModule /Users/mh/orca/workspaces/sonar-live-audio/build/release/UnsignedDerivedData/Build/Intermediates.noindex/ExplicitPrecompiledModules/IOSurface-3B4DU4KJKF2TMCT6Q778MALLS.scan

PrecompileModule /Users/mh/orca/workspaces/sonar-live-audio/build/release/UnsignedDerivedData/Build/Intermediates.noindex/ExplicitPrecompiledModules/UniformTypeIdentifiers-APW467LMDSSHCOHN1KCBO4I6Z.scan
    cd /
    builtin-precompileModule /Users/mh/orca/workspaces/sonar-live-audio/build/release/UnsignedDerivedData/Build/Intermediates.noindex/ExplicitPrecompiledModules/UniformTypeIdentifiers-APW467LMDSSHCOHN1KCBO4I6Z.scan

PrecompileModule /Users/mh/orca/workspaces/sonar-live-audio/build/release/UnsignedDerivedData/Build/Intermediates.noindex/ExplicitPrecompiledModules/Network-EF9ABA895C1JUAPIK6CJ9VIOI.scan
    cd /
    builtin-precompileModule /Users/mh/orca/workspaces/sonar-live-audio/build/release/UnsignedDerivedData/Build/Intermediates.noindex/ExplicitPrecompiledModules/Network-EF9ABA895C1JUAPIK6CJ9VIOI.scan

PrecompileModule /Users/mh/orca/workspaces/sonar-live-audio/build/release/UnsignedDerivedData/Build/Intermediates.noindex/ExplicitPrecompiledModules/FileProvider-7JZ60RPLFX7K6SGQKMMSZ2GQ3.scan
    cd /
    builtin-precompileModule /Users/mh/orca/workspaces/sonar-live-audio/build/release/UnsignedDerivedData/Build/Intermediates.noindex/ExplicitPrecompiledModules/FileProvider-7JZ60RPLFX7K6SGQKMMSZ2GQ3.scan

PrecompileModule /Users/mh/orca/workspaces/sonar-live-audio/build/release/UnsignedDerivedData/Build/Intermediates.noindex/ExplicitPrecompiledModules/CoreMIDI-6Y637U7L6PO3JOYLWXAX4A08R.scan
    cd /
    builtin-precompileModule /Users/mh/orca/workspaces/sonar-live-audio/build/release/UnsignedDerivedData/Build/Intermediates.noindex/ExplicitPrecompiledModules/CoreMIDI-6Y637U7L6PO3JOYLWXAX4A08R.scan

PrecompileModule /Users/mh/orca/workspaces/sonar-live-audio/build/release/UnsignedDerivedData/Build/Intermediates.noindex/ExplicitPrecompiledModules/UIUtilities-E9PK9UU7UZW0EIKGQSJJUQBB.scan
    cd /
    builtin-precompileModule /Users/mh/orca/workspaces/sonar-live-audio/build/release/UnsignedDerivedData/Build/Intermediates.noindex/ExplicitPrecompiledModules/UIUtilities-E9PK9UU7UZW0EIKGQSJJUQBB.scan

SwiftCompile normal arm64 Compiling\ resource_bundle_accessor.swift,\ AnyMessageStorage.swift,\ AnyUnpackError.swift,\ AsyncMessageSequence.swift,\ BinaryDecoder.swift,\ BinaryDecodingError.swift,\ BinaryDecodingOptions.swift,\ BinaryDelimited.swift,\ BinaryEncoder.swift,\ BinaryEncodingError.swift,\ BinaryEncodingOptions.swift,\ BinaryEncodingSizeVisitor.swift,\ BinaryEncodingVisitor.swift,\ BytecodeInterpreter.swift,\ BytecodeReader.swift,\ CustomJSONCodable.swift,\ Decoder.swift,\ DoubleParser.swift,\ Enum.swift,\ ExtensibleMessage.swift,\ ExtensionFieldValueSet.swift,\ ExtensionFields.swift,\ ExtensionMap.swift,\ FieldTag.swift,\ FieldTypes.swift,\ Google_Protobuf_Any+Extensions.swift,\ Google_Protobuf_Any+Registry.swift,\ Google_Protobuf_Duration+Extensions.swift,\ Google_Protobuf_FieldMask+Extensions.swift,\ Google_Protobuf_ListValue+Extensions.swift,\ Google_Protobuf_NullValue+Extensions.swift,\ Google_Protobuf_Struct+Extensions.swift,\ Google_Protobuf_Timestamp+Extensions.swift,\ Google_Protobuf_Value+Extensions.swift,\ Google_Protobuf_Wrappers+Extensions.swift,\ HashVisitor.swift,\ Internal.swift,\ JSONDecoder.swift,\ JSONDecodingError.swift,\ JSONDecodingOptions.swift,\ JSONEncoder.swift,\ JSONEncodingError.swift,\ JSONEncodingOptions.swift,\ JSONEncodingVisitor.swift,\ JSONMapEncodingVisitor.swift,\ JSONScanner.swift,\ MathUtils.swift,\ Message+AnyAdditions.swift,\ Message+BinaryAdditions.swift,\ Message+BinaryAdditions_Data.swift,\ Message+FieldMask.swift,\ Message+JSONAdditions.swift,\ Message+JSONAdditions_Data.swift,\ Message+JSONArrayAdditions.swift,\ Message+JSONArrayAdditions_Data.swift,\ Message+TextFormatAdditions.swift,\ Message.swift,\ MessageExtension.swift,\ NameMap.swift,\ PathDecoder.swift,\ PathVisitor.swift,\ ProtoNameProviding.swift,\ ProtobufAPIVersionCheck.swift,\ ProtobufMap.swift,\ SelectiveVisitor.swift,\ SimpleExtensionMap.swift,\ StringUtils.swift,\ SwiftProtobufContiguousBytes.swift,\ SwiftProtobufError.swift,\ TextFormatDecoder.swift,\ TextFormatDecodingError.swift,\ TextFormatDecodingOptions.swift,\ TextFormatEncoder.swift,\ TextFormatEncodingOptions.swift,\ TextFormatEncodingVisitor.swift,\ TextFormatScanner.swift,\ TimeUtils.swift,\ UnknownStorage.swift,\ UnsafeRawPointer+Shims.swift,\ Varint.swift,\ Version.swift,\ Visitor.swift,\ WireFormat.swift,\ ZigZag.swift,\ any.pb.swift,\ api.pb.swift,\ descriptor.pb.swift,\ duration.pb.swift,\ empty.pb.swift,\ field_mask.pb.swift,\ source_context.pb.swift,\ struct.pb.swift,\ timestamp.pb.swift,\ type.pb.swift,\ wrappers.pb.swift /Users/mh/orca/workspaces/sonar-live-audio/build/release/UnsignedDerivedData/Build/Intermediates.noindex/SwiftProtobuf.build/Release-iphoneos/SwiftProtobuf.build/DerivedSources/resource_bundle_accessor.swift /Users/mh/orca/workspaces/sonar-live-audio/build/release/UnsignedDerivedData/SourcePackages/checkouts/swift-protobuf/Sources/SwiftProtobuf/AnyMessageStorage.swift /Users/mh/orca/workspaces/sonar-live-audio/build/release/UnsignedDerivedData/SourcePackages/checkouts/swift-protobuf/Sources/SwiftProtobuf/AnyUnpackError.swift /Users/mh/orca/workspaces/sonar-live-audio/build/release/UnsignedDerivedData/SourcePackages/checkouts/swift-protobuf/Sources/SwiftProtobuf/AsyncMessageSequence.swift /Users/mh/orca/workspaces/sonar-live-audio/build/release/UnsignedDerivedData/SourcePackages/checkouts/swift-protobuf/Sources/SwiftProtobuf/BinaryDecoder.swift /Users/mh/orca/workspaces/sonar-live-audio/build/release/UnsignedDerivedData/SourcePackages/checkouts/swift-protobuf/Sources/SwiftProtobuf/BinaryDecodingError.swift /Users/mh/orca/workspaces/sonar-live-audio/build/release/UnsignedDerivedData/SourcePackages/checkouts/swift-protobuf/Sources/SwiftProtobuf/BinaryDecodingOptions.swift /Users/mh/orca/workspaces/sonar-live-audio/build/release/UnsignedDerivedData/SourcePackages/checkouts/swift-protobuf/Sources/SwiftProtobuf/BinaryDelimited.swift /Users/mh/orca/workspaces/sonar-live-audio/build/release/UnsignedDerivedData/SourcePackages/checkouts/swift-protobuf/Sources/SwiftProtobuf/BinaryEncoder.swift /Users/mh/orca/workspaces/sonar-live-audio/build/release/UnsignedDerivedData/SourcePackages/checkouts/swift-protobuf/Sources/SwiftProtobuf/BinaryEncodingError.swift /Users/mh/orca/workspaces/sonar-live-audio/build/release/UnsignedDerivedData/SourcePackages/checkouts/swift-protobuf/Sources/SwiftProtobuf/BinaryEncodingOptions.swift /Users/mh/orca/workspaces/sonar-live-audio/build/release/UnsignedDerivedData/SourcePackages/checkouts/swift-protobuf/Sources/SwiftProtobuf/BinaryEncodingSizeVisitor.swift /Users/mh/orca/workspaces/sonar-live-audio/build/release/UnsignedDerivedData/SourcePackages/checkouts/swift-protobuf/Sources/SwiftProtobuf/BinaryEncodingVisitor.swift /Users/mh/orca/workspaces/sonar-live-audio/build/release/UnsignedDerivedData/SourcePackages/checkouts/swift-protobuf/Sources/SwiftProtobuf/BytecodeInterpreter.swift /Users/mh/orca/workspaces/sonar-live-audio/build/release/UnsignedDerivedData/SourcePackages/checkouts/swift-protobuf/Sources/SwiftProtobuf/BytecodeReader.swift /Users/mh/orca/workspaces/sonar-live-audio/build/release/UnsignedDerivedData/SourcePackages/checkouts/swift-protobuf/Sources/SwiftProtobuf/CustomJSONCodable.swift /Users/mh/orca/workspaces/sonar-live-audio/build/release/UnsignedDerivedData/SourcePackages/checkouts/swift-protobuf/Sources/SwiftProtobuf/Decoder.swift /Users/mh/orca/workspaces/sonar-live-audio/build/release/UnsignedDerivedData/SourcePackages/checkouts/swift-protobuf/Sources/SwiftProtobuf/DoubleParser.swift /Users/mh/orca/workspaces/sonar-live-audio/build/release/UnsignedDerivedData/SourcePackages/checkouts/swift-protobuf/Sources/SwiftProtobuf/Enum.swift /Users/mh/orca/workspaces/sonar-live-audio/build/release/UnsignedDerivedData/SourcePackages/checkouts/swift-protobuf/Sources/SwiftProtobuf/ExtensibleMessage.swift /Users/mh/orca/workspaces/sonar-live-audio/build/release/UnsignedDerivedData/SourcePackages/checkouts/swift-protobuf/Sources/SwiftProtobuf/ExtensionFieldValueSet.swift /Users/mh/orca/workspaces/sonar-live-audio/build/release/UnsignedDerivedData/SourcePackages/checkouts/swift-protobuf/Sources/SwiftProtobuf/ExtensionFields.swift /Users/mh/orca/workspaces/sonar-live-audio/build/release/UnsignedDerivedData/SourcePackages/checkouts/swift-protobuf/Sources/SwiftProtobuf/ExtensionMap.swift /Users/mh/orca/workspaces/sonar-live-audio/build/release/UnsignedDerivedData/SourcePackages/checkouts/swift-protobuf/Sources/SwiftProtobuf/FieldTag.swift /Users/mh/orca/workspaces/sonar-live-audio/build/release/UnsignedDerivedData/SourcePackages/checkouts/swift-protobuf/Sources/SwiftProtobuf/FieldTypes.swift /Users/mh/orca/workspaces/sonar-live-audio/build/release/UnsignedDerivedData/SourcePackages/checkouts/swift-protobuf/Sources/SwiftProtobuf/Google_Protobuf_Any+Extensions.swift /Users/mh/orca/workspaces/sonar-live-audio/build/release/UnsignedDerivedData/SourcePackages/checkouts/swift-protobuf/Sources/SwiftProtobuf/Google_Protobuf_Any+Registry.swift /Users/mh/orca/workspaces/sonar-live-audio/build/release/UnsignedDerivedData/SourcePackages/checkouts/swift-protobuf/Sources/SwiftProtobuf/Google_Protobuf_Duration+Extensions.swift /Users/mh/orca/workspaces/sonar-live-audio/build/release/UnsignedDerivedData/SourcePackages/checkouts/swift-protobuf/Sources/SwiftProtobuf/Google_Protobuf_FieldMask+Extensions.swift /Users/mh/orca/workspaces/sonar-live-audio/build/release/UnsignedDerivedData/SourcePackages/checkouts/swift-protobuf/Sources/SwiftProtobuf/Google_Protobuf_ListValue+Extensions.swift /Users/mh/orca/workspaces/sonar-live-audio/build/release/UnsignedDerivedData/SourcePackages/checkouts/swift-protobuf/Sources/SwiftProtobuf/Google_Protobuf_NullValue+Extensions.swift /Users/mh/orca/workspaces/sonar-live-audio/build/release/UnsignedDerivedData/SourcePackages/checkouts/swift-protobuf/Sources/SwiftProtobuf/Google_Protobuf_Struct+Extensions.swift /Users/mh/orca/workspaces/sonar-live-audio/build/release/UnsignedDerivedData/SourcePackages/checkouts/swift-protobuf/Sources/SwiftProtobuf/Google_Protobuf_Timestamp+Extensions.swift /Users/mh/orca/workspaces/sonar-live-audio/build/release/UnsignedDerivedData/SourcePackages/checkouts/swift-protobuf/Sources/SwiftProtobuf/Google_Protobuf_Value+Extensions.swift /Users/mh/orca/workspaces/sonar-live-audio/build/release/UnsignedDerivedData/SourcePackages/checkouts/swift-protobuf/Sources/SwiftProtobuf/Google_Protobuf_Wrappers+Extensions.swift /Users/mh/orca/workspaces/sonar-live-audio/build/release/UnsignedDerivedData/SourcePackages/checkouts/swift-protobuf/Sources/SwiftProtobuf/HashVisitor.swift /Users/mh/orca/workspaces/sonar-live-audio/build/release/UnsignedDerivedData/SourcePackages/checkouts/swift-protobuf/Sources/SwiftProtobuf/Internal.swift /Users/mh/orca/workspaces/sonar-live-audio/build/release/UnsignedDerivedData/SourcePackages/checkouts/swift-protobuf/Sources/SwiftProtobuf/JSONDecoder.swift /Users/mh/orca/workspaces/sonar-live-audio/build/release/UnsignedDerivedData/SourcePackages/checkouts/swift-protobuf/Sources/SwiftProtobuf/JSONDecodingError.swift /Users/mh/orca/workspaces/sonar-live-audio/build/release/UnsignedDerivedData/SourcePackages/checkouts/swift-protobuf/Sources/SwiftProtobuf/JSONDecodingOptions.swift /Users/mh/orca/workspaces/sonar-live-audio/build/release/UnsignedDerivedData/SourcePackages/checkouts/swift-protobuf/Sources/SwiftProtobuf/JSONEncoder.swift /Users/mh/orca/workspaces/sonar-live-audio/build/release/UnsignedDerivedData/SourcePackages/checkouts/swift-protobuf/Sources/SwiftProtobuf/JSONEncodingError.swift /Users/mh/orca/workspaces/sonar-live-audio/build/release/UnsignedDerivedData/SourcePackages/checkouts/swift-protobuf/Sources/SwiftProtobuf/JSONEncodingOptions.swift /Users/mh/orca/workspaces/sonar-live-audio/build/release/UnsignedDerivedData/SourcePackages/checkouts/swift-protobuf/Sources/SwiftProtobuf/JSONEncodingVisitor.swift /Users/mh/orca/workspaces/sonar-live-audio/build/release/UnsignedDerivedData/SourcePackages/checkouts/swift-protobuf/Sources/SwiftProtobuf/JSONMapEncodingVisitor.swift /Users/mh/orca/workspaces/sonar-live-audio/build/release/UnsignedDerivedData/SourcePackages/checkouts/swift-protobuf/Sources/SwiftProtobuf/JSONScanner.swift /Users/mh/orca/workspaces/sonar-live-audio/build/release/UnsignedDerivedData/SourcePackages/checkouts/swift-protobuf/Sources/SwiftProtobuf/MathUtils.swift /Users/mh/orca/workspaces/sonar-live-audio/build/release/UnsignedDerivedData/SourcePackages/checkouts/swift-protobuf/Sources/SwiftProtobuf/Message+AnyAdditions.swift /Users/mh/orca/workspaces/sonar-live-audio/build/release/UnsignedDerivedData/SourcePackages/checkouts/swift-protobuf/Sources/SwiftProtobuf/Message+BinaryAdditions.swift /Users/mh/orca/workspaces/sonar-live-audio/build/release/UnsignedDerivedData/SourcePackages/checkouts/swift-protobuf/Sources/SwiftProtobuf/Message+BinaryAdditions_Data.swift /Users/mh/orca/workspaces/sonar-live-audio/build/release/UnsignedDerivedData/SourcePackages/checkouts/swift-protobuf/Sources/SwiftProtobuf/Message+FieldMask.swift /Users/mh/orca/workspaces/sonar-live-audio/build/release/UnsignedDerivedData/SourcePackages/checkouts/swift-protobuf/Sources/SwiftProtobuf/Message+JSONAdditions.swift /Users/mh/orca/workspaces/sonar-live-audio/build/release/UnsignedDerivedData/SourcePackages/checkouts/swift-protobuf/Sources/SwiftProtobuf/Message+JSONAdditions_Data.swift /Users/mh/orca/workspaces/sonar-live-audio/build/release/UnsignedDerivedData/SourcePackages/checkouts/swift-protobuf/Sources/SwiftProtobuf/Message+JSONArrayAdditions.swift /Users/mh/orca/workspaces/sonar-live-audio/build/release/UnsignedDerivedData/SourcePackages/checkouts/swift-protobuf/Sources/SwiftProtobuf/Message+JSONArrayAdditions_Data.swift /Users/mh/orca/workspaces/sonar-live-audio/build/release/UnsignedDerivedData/SourcePackages/checkouts/swift-protobuf/Sources/SwiftProtobuf/Message+TextFormatAdditions.swift /Users/mh/orca/workspaces/sonar-live-audio/build/release/UnsignedDerivedData/SourcePackages/checkouts/swift-protobuf/Sources/SwiftProtobuf/Message.swift /Users/mh/orca/workspaces/sonar-live-audio/build/release/UnsignedDerivedData/SourcePackages/checkouts/swift-protobuf/Sources/SwiftProtobuf/MessageExtension.swift /Users/mh/orca/workspaces/sonar-live-audio/build/release/UnsignedDerivedData/SourcePackages/checkouts/swift-protobuf/Sources/SwiftProtobuf/NameMap.swift /Users/mh/orca/workspaces/sonar-live-audio/build/release/UnsignedDerivedData/SourcePackages/checkouts/swift-protobuf/Sources/SwiftProtobuf/PathDecoder.swift /Users/mh/orca/workspaces/sonar-live-audio/build/release/UnsignedDerivedData/SourcePackages/checkouts/swift-protobuf/Sources/SwiftProtobuf/PathVisitor.swift /Users/mh/orca/workspaces/sonar-live-audio/build/release/UnsignedDerivedData/SourcePackages/checkouts/swift-protobuf/Sources/SwiftProtobuf/ProtoNameProviding.swift /Users/mh/orca/workspaces/sonar-live-audio/build/release/UnsignedDerivedData/SourcePackages/checkouts/swift-protobuf/Sources/SwiftProtobuf/ProtobufAPIVersionCheck.swift /Users/mh/orca/workspaces/sonar-live-audio/build/release/UnsignedDerivedData/SourcePackages/checkouts/swift-protobuf/Sources/SwiftProtobuf/ProtobufMap.swift /Users/mh/orca/workspaces/sonar-live-audio/build/release/UnsignedDerivedData/SourcePackages/checkouts/swift-protobuf/Sources/SwiftProtobuf/SelectiveVisitor.swift /Users/mh/orca/workspaces/sonar-live-audio/build/release/UnsignedDerivedData/SourcePackages/checkouts/swift-protobuf/Sources/SwiftProtobuf/SimpleExtensionMap.swift /Users/mh/orca/workspaces/sonar-live-audio/build/release/UnsignedDerivedData/SourcePackages/checkouts/swift-protobuf/Sources/SwiftProtobuf/StringUtils.swift /Users/mh/orca/workspaces/sonar-live-audio/build/release/UnsignedDerivedData/SourcePackages/checkouts/swift-protobuf/Sources/SwiftProtobuf/SwiftProtobufContiguousBytes.swift /Users/mh/orca/workspaces/sonar-live-audio/build/release/UnsignedDerivedData/SourcePackages/checkouts/swift-protobuf/Sources/SwiftProtobuf/SwiftProtobufError.swift /Users/mh/orca/workspaces/sonar-live-audio/build/release/UnsignedDerivedData/SourcePackages/checkouts/swift-protobuf/Sources/SwiftProtobuf/TextFormatDecoder.swift /Users/mh/orca/workspaces/sonar-live-audio/build/release/UnsignedDerivedData/SourcePackages/checkouts/swift-protobuf/Sources/SwiftProtobuf/TextFormatDecodingError.swift /Users/mh/orca/workspaces/sonar-live-audio/build/release/UnsignedDerivedData/SourcePackages/checkouts/swift-protobuf/Sources/SwiftProtobuf/TextFormatDecodingOptions.swift /Users/mh/orca/workspaces/sonar-live-audio/build/release/UnsignedDerivedData/SourcePackages/checkouts/swift-protobuf/Sources/SwiftProtobuf/TextFormatEncoder.swift /Users/mh/orca/workspaces/sonar-live-audio/build/release/UnsignedDerivedData/SourcePackages/checkouts/swift-protobuf/Sources/SwiftProtobuf/TextFormatEncodingOptions.swift /Users/mh/orca/workspaces/sonar-live-audio/build/release/UnsignedDerivedData/SourcePackages/checkouts/swift-protobuf/Sources/SwiftProtobuf/TextFormatEncodingVisitor.swift /Users/mh/orca/workspaces/sonar-live-audio/build/release/UnsignedDerivedData/SourcePackages/checkouts/swift-protobuf/Sources/SwiftProtobuf/TextFormatScanner.swift /Users/mh/orca/workspaces/sonar-live-audio/build/release/UnsignedDerivedData/SourcePackages/checkouts/swift-protobuf/Sources/SwiftProtobuf/TimeUtils.swift /Users/mh/orca/workspaces/sonar-live-audio/build/release/UnsignedDerivedData/SourcePackages/checkouts/swift-protobuf/Sources/SwiftProtobuf/UnknownStorage.swift /Users/mh/orca/workspaces/sonar-live-audio/build/release/UnsignedDerivedData/SourcePackages/checkouts/swift-protobuf/Sources/SwiftProtobuf/UnsafeRawPointer+Shims.swift /Users/mh/orca/workspaces/sonar-live-audio/build/release/UnsignedDerivedData/SourcePackages/checkouts/swift-protobuf/Sources/SwiftProtobuf/Varint.swift /Users/mh/orca/workspaces/sonar-live-audio/build/release/UnsignedDerivedData/SourcePackages/checkouts/swift-protobuf/Sources/SwiftProtobuf/Version.swift /Users/mh/orca/workspaces/sonar-live-audio/build/release/UnsignedDerivedData/SourcePackages/checkouts/swift-protobuf/Sources/SwiftProtobuf/Visitor.swift /Users/mh/orca/workspaces/sonar-live-audio/build/release/UnsignedDerivedData/SourcePackages/checkouts/swift-protobuf/Sources/SwiftProtobuf/WireFormat.swift /Users/mh/orca/workspaces/sonar-live-audio/build/release/UnsignedDerivedData/SourcePackages/checkouts/swift-protobuf/Sources/SwiftProtobuf/ZigZag.swift /Users/mh/orca/workspaces/sonar-live-audio/build/release/UnsignedDerivedData/SourcePackages/checkouts/swift-protobuf/Sources/SwiftProtobuf/any.pb.swift /Users/mh/orca/workspaces/sonar-live-audio/build/release/UnsignedDerivedData/SourcePackages/checkouts/swift-protobuf/Sources/SwiftProtobuf/api.pb.swift /Users/mh/orca/workspaces/sonar-live-audio/build/release/UnsignedDerivedData/SourcePackages/checkouts/swift-protobuf/Sources/SwiftProtobuf/descriptor.pb.swift /Users/mh/orca/workspaces/sonar-live-audio/build/release/UnsignedDerivedData/SourcePackages/checkouts/swift-protobuf/Sources/SwiftProtobuf/duration.pb.swift /Users/mh/orca/workspaces/sonar-live-audio/build/release/UnsignedDerivedData/SourcePackages/checkouts/swift-protobuf/Sources/SwiftProtobuf/empty.pb.swift /Users/mh/orca/workspaces/sonar-live-audio/build/release/UnsignedDerivedData/SourcePackages/checkouts/swift-protobuf/Sources/SwiftProtobuf/field_mask.pb.swift /Users/mh/orca/workspaces/sonar-live-audio/build/release/UnsignedDerivedData/SourcePackages/checkouts/swift-protobuf/Sources/SwiftProtobuf/source_context.pb.swift /Users/mh/orca/workspaces/sonar-live-audio/build/release/UnsignedDerivedData/SourcePackages/checkouts/swift-protobuf/Sources/SwiftProtobuf/struct.pb.swift /Users/mh/orca/workspaces/sonar-live-audio/build/release/UnsignedDerivedData/SourcePackages/checkouts/swift-protobuf/Sources/SwiftProtobuf/timestamp.pb.swift /Users/mh/orca/workspaces/sonar-live-audio/build/release/UnsignedDerivedData/SourcePackages/checkouts/swift-protobuf/Sources/SwiftProtobuf/type.pb.swift /Users/mh/orca/workspaces/sonar-live-audio/build/release/UnsignedDerivedData/SourcePackages/checkouts/swift-protobuf/Sources/SwiftProtobuf/wrappers.pb.swift /Applications/Xcode.app/Contents/Developer/Toolchains/XcodeDefault.xctoolchain/usr/lib/swift/iphoneos/prebuilt-modules/26.5/System.swiftmodule/arm64e-apple-ios.swiftmodule /Applications/Xcode.app/Contents/Developer/Toolchains/XcodeDefault.xctoolchain/usr/lib/swift/iphoneos/prebuilt-modules/26.5/_DarwinFoundation3.swiftmodule/arm64e-apple-ios.swiftmodule /Applications/Xcode.app/Contents/Developer/Toolchains/XcodeDefault.xctoolchain/usr/lib/swift/iphoneos/prebuilt-modules/26.5/Foundation.swiftmodule/arm64e-apple-ios.swiftmodule /Applications/Xcode.app/Contents/Developer/Toolchains/XcodeDefault.xctoolchain/usr/lib/swift/iphoneos/prebuilt-modules/26.5/Darwin.swiftmodule/arm64e-apple-ios.swiftmodule /Applications/Xcode.app/Contents/Developer/Toolchains/XcodeDefault.xctoolchain/usr/lib/swift/iphoneos/prebuilt-modules/26.5/_StringProcessing.swiftmodule/arm64e-apple-ios.swiftmodule /Applications/Xcode.app/Contents/Developer/Toolchains/XcodeDefault.xctoolchain/usr/lib/swift/iphoneos/prebuilt-modules/26.5/Dispatch.swiftmodule/arm64e-apple-ios.swiftmodule /Applications/Xcode.app/Contents/Developer/Toolchains/XcodeDefault.xctoolchain/usr/lib/swift/iphoneos/prebuilt-modules/26.5/Combine.swiftmodule/arm64e-apple-ios.swiftmodule /Applications/Xcode.app/Contents/Developer/Toolchains/XcodeDefault.xctoolchain/usr/lib/swift/iphoneos/prebuilt-modules/26.5/CoreFoundation.swiftmodule/arm64e-apple-ios.swiftmodule /Applications/Xcode.app/Contents/Developer/Toolchains/XcodeDefault.xctoolchain/usr/lib/swift/iphoneos/prebuilt-modules/26.5/_DarwinFoundation2.swiftmodule/arm64e-apple-ios.swiftmodule /Applications/Xcode.app/Contents/Developer/Toolchains/XcodeDefault.xctoolchain/usr/lib/swift/iphoneos/prebuilt-modules/26.5/ObjectiveC.swiftmodule/arm64e-apple-ios.swiftmodule /Applications/Xcode.app/Contents/Developer/Toolchains/XcodeDefault.xctoolchain/usr/lib/swift/iphoneos/prebuilt-modules/26.5/_Builtin_float.swiftmodule/arm64e-apple-ios.swiftmodule /Applications/Xcode.app/Contents/Developer/Toolchains/XcodeDefault.xctoolchain/usr/lib/swift/iphoneos/prebuilt-modules/26.5/_DarwinFoundation1.swiftmodule/arm64e-apple-ios.swiftmodule /Applications/Xcode.app/Contents/Developer/Toolchains/XcodeDefault.xctoolchain/usr/lib/swift/iphoneos/prebuilt-modules/26.5/Swift.swiftmodule/arm64e-apple-ios.swiftmodule /Applications/Xcode.app/Contents/Developer/Toolchains/XcodeDefault.xctoolchain/usr/lib/swift/iphoneos/prebuilt-modules/26.5/Observation.swiftmodule/arm64e-apple-ios.swiftmodule /Applications/Xcode.app/Contents/Developer/Toolchains/XcodeDefault.xctoolchain/usr/lib/swift/iphoneos/prebuilt-modules/26.5/XPC.swiftmodule/arm64e-apple-ios.swiftmodule /Applications/Xcode.app/Contents/Developer/Toolchains/XcodeDefault.xctoolchain/usr/lib/swift/iphoneos/prebuilt-modules/26.5/_Concurrency.swiftmodule/arm64e-apple-ios.swiftmodule /Users/mh/orca/workspaces/sonar-live-audio/build/release/UnsignedDerivedData/ModuleCache.noindex/ptrcheck-CHZKETGK29RHVIG3L9SHAGSYN.pcm /Users/mh/orca/workspaces/sonar-live-audio/build/release/UnsignedDerivedData/ModuleCache.noindex/Dispatch-3KBOI087RW0W3228UPXWD7YJD.pcm /Users/mh/orca/workspaces/sonar-live-audio/build/release/UnsignedDerivedData/ModuleCache.noindex/XPC-ERZUJ55EUO1JZ5A0OH4UTWCF.pcm /Users/mh/orca/workspaces/sonar-live-audio/build/release/UnsignedDerivedData/ModuleCache.noindex/_SwiftConcurrencyShims-11UAPQAANGA5YHKZ24YUAO823.pcm /Users/mh/orca/workspaces/sonar-live-audio/build/release/UnsignedDerivedData/ModuleCache.noindex/_DarwinFoundation1-2OZT8TC8Q6Q2DJX6B7EGQK1K6.pcm /Users/mh/orca/workspaces/sonar-live-audio/build/release/UnsignedDerivedData/ModuleCache.noindex/_Builtin_inttypes-8FYND4IJRYEFAFR9XQGRUBZ3G.pcm /Users/mh/orca/workspaces/sonar-live-audio/build/release/UnsignedDerivedData/ModuleCache.noindex/ptrauth-DYG9RVM2HUQUWWFOBKKOVSVFS.pcm /Users/mh/orca/workspaces/sonar-live-audio/build/release/UnsignedDerivedData/ModuleCache.noindex/_DarwinFoundation3-4NIROI5RTDHXUNN83C9I57AZX.pcm /Users/mh/orca/workspaces/sonar-live-audio/build/release/UnsignedDerivedData/ModuleCache.noindex/os_object-BKKPFYQAI1EJRIJQC087R47BJ.pcm /Users/mh/orca/workspaces/sonar-live-audio/build/release/UnsignedDerivedData/ModuleCache.noindex/Security-2B60Z9JBLD96HCW1UXI7542LJ.pcm /Users/mh/orca/workspaces/sonar-live-audio/build/release/UnsignedDerivedData/ModuleCache.noindex/sys_types-D5SXD16Y0PKFSXF7UR5STRXSB.pcm /Users/mh/orca/workspaces/sonar-live-audio/build/release/UnsignedDerivedData/ModuleCache.noindex/_Builtin_limits-9K0B399CADU9D4K9EFT0D9VZZ.pcm /Users/mh/orca/workspaces/sonar-live-audio/build/release/UnsignedDerivedData/ModuleCache.noindex/ObjectiveC-6FRGQPV9FMLX4SYGCIY94O2ZF.pcm /Users/mh/orca/workspaces/sonar-live-audio/build/release/UnsignedDerivedData/ModuleCache.noindex/Foundation-64LPWEB0H28KYQUF049N3UQ6F.pcm /Users/mh/orca/workspaces/sonar-live-audio/build/release/UnsignedDerivedData/ModuleCache.noindex/_Builtin_stdbool-F325X3SUC2SVYBT33CYZYUFEP.pcm /Users/mh/orca/workspaces/sonar-live-audio/build/release/UnsignedDerivedData/ModuleCache.noindex/CFNetwork-9ZZ6OBJWGG1NT3GQV0GFI9NKE.pcm /Users/mh/orca/workspaces/sonar-live-audio/build/release/UnsignedDerivedData/ModuleCache.noindex/_DarwinFoundation2-6C34IGAFGME18GYKGM5FSRS7C.pcm /Users/mh/orca/workspaces/sonar-live-audio/build/release/UnsignedDerivedData/ModuleCache.noindex/Darwin-2W3PA00YNQ7ZWKAWH90B9ZYWP.pcm /Users/mh/orca/workspaces/sonar-live-audio/build/release/UnsignedDerivedData/ModuleCache.noindex/_Builtin_stdint-F31AQRHAWWA3NO869IG8CYXZ1.pcm /Users/mh/orca/workspaces/sonar-live-audio/build/release/UnsignedDerivedData/ModuleCache.noindex/_Builtin_stdarg-2CDIYHPRFI3OM48MKIGF8UJLP.pcm /Users/mh/orca/workspaces/sonar-live-audio/build/release/UnsignedDerivedData/ModuleCache.noindex/SwiftShims-6UXPXJEFW29V32EXS1LZUA40G.pcm /Users/mh/orca/workspaces/sonar-live-audio/build/release/UnsignedDerivedData/ModuleCache.noindex/_AvailabilityInternal-1F0V8WZ9K4QZ7Z31MMYGN3YJ2.pcm /Users/mh/orca/workspaces/sonar-live-audio/build/release/UnsignedDerivedData/ModuleCache.noindex/_Builtin_stddef-FXSYLC29RZNEH05EOL1NPBTM.pcm /Users/mh/orca/workspaces/sonar-live-audio/build/release/UnsignedDerivedData/ModuleCache.noindex/_Builtin_float-BQN8ZHJ3KXL77P4HQ70FW8HIZ.pcm /Users/mh/orca/workspaces/sonar-live-audio/build/release/UnsignedDerivedData/ModuleCache.noindex/os_workgroup-7LN7GZVRVF8NKGNBTPLGAHIFP.pcm /Users/mh/orca/workspaces/sonar-live-audio/build/release/UnsignedDerivedData/ModuleCache.noindex/CoreFoundation-7TIFRPGBIV4SXYJYQPVP6RYBG.pcm /Users/mh/orca/workspaces/sonar-live-audio/build/release/UnsignedDerivedData/Build/Intermediates.noindex/SwiftProtobuf.build/Release-iphoneos/SwiftProtobuf.build/Objects-normal/arm64/SwiftProtobuf-dependencies-1.json (in target 'SwiftProtobuf' from project 'SwiftProtobuf')
CompileSwift normal arm64 (in target 'SwiftProtobuf' from project 'SwiftProtobuf')
    cd /Users/mh/orca/workspaces/sonar-live-audio/Sonar.xcodeproj
    

SwiftCompile normal arm64 Compiling\ livekit_uniffi.swift /Users/mh/orca/workspaces/sonar-live-audio/build/release/UnsignedDerivedData/SourcePackages/checkouts/livekit-uniffi-xcframework/Sources/LiveKitUniFFI/livekit_uniffi.swift /Applications/Xcode.app/Contents/Developer/Toolchains/XcodeDefault.xctoolchain/usr/lib/swift/iphoneos/prebuilt-modules/26.5/System.swiftmodule/arm64e-apple-ios.swiftmodule /Applications/Xcode.app/Contents/Developer/Toolchains/XcodeDefault.xctoolchain/usr/lib/swift/iphoneos/prebuilt-modules/26.5/_DarwinFoundation3.swiftmodule/arm64e-apple-ios.swiftmodule /Applications/Xcode.app/Contents/Developer/Toolchains/XcodeDefault.xctoolchain/usr/lib/swift/iphoneos/prebuilt-modules/26.5/Darwin.swiftmodule/arm64e-apple-ios.swiftmodule /Applications/Xcode.app/Contents/Developer/Toolchains/XcodeDefault.xctoolchain/usr/lib/swift/iphoneos/prebuilt-modules/26.5/Foundation.swiftmodule/arm64e-apple-ios.swiftmodule /Applications/Xcode.app/Contents/Developer/Toolchains/XcodeDefault.xctoolchain/usr/lib/swift/iphoneos/prebuilt-modules/26.5/_StringProcessing.swiftmodule/arm64e-apple-ios.swiftmodule /Applications/Xcode.app/Contents/Developer/Toolchains/XcodeDefault.xctoolchain/usr/lib/swift/iphoneos/prebuilt-modules/26.5/Dispatch.swiftmodule/arm64e-apple-ios.swiftmodule /Applications/Xcode.app/Contents/Developer/Toolchains/XcodeDefault.xctoolchain/usr/lib/swift/iphoneos/prebuilt-modules/26.5/Combine.swiftmodule/arm64e-apple-ios.swiftmodule /Applications/Xcode.app/Contents/Developer/Toolchains/XcodeDefault.xctoolchain/usr/lib/swift/iphoneos/prebuilt-modules/26.5/CoreFoundation.swiftmodule/arm64e-apple-ios.swiftmodule /Applications/Xcode.app/Contents/Developer/Toolchains/XcodeDefault.xctoolchain/usr/lib/swift/iphoneos/prebuilt-modules/26.5/_DarwinFoundation2.swiftmodule/arm64e-apple-ios.swiftmodule /Applications/Xcode.app/Contents/Developer/Toolchains/XcodeDefault.xctoolchain/usr/lib/swift/iphoneos/prebuilt-modules/26.5/ObjectiveC.swiftmodule/arm64e-apple-ios.swiftmodule /Applications/Xcode.app/Contents/Developer/Toolchains/XcodeDefault.xctoolchain/usr/lib/swift/iphoneos/prebuilt-modules/26.5/_Builtin_float.swiftmodule/arm64e-apple-ios.swiftmodule /Applications/Xcode.app/Contents/Developer/Toolchains/XcodeDefault.xctoolchain/usr/lib/swift/iphoneos/prebuilt-modules/26.5/_DarwinFoundation1.swiftmodule/arm64e-apple-ios.swiftmodule /Applications/Xcode.app/Contents/Developer/Toolchains/XcodeDefault.xctoolchain/usr/lib/swift/iphoneos/prebuilt-modules/26.5/Swift.swiftmodule/arm64e-apple-ios.swiftmodule /Applications/Xcode.app/Contents/Developer/Toolchains/XcodeDefault.xctoolchain/usr/lib/swift/iphoneos/prebuilt-modules/26.5/Observation.swiftmodule/arm64e-apple-ios.swiftmodule /Applications/Xcode.app/Contents/Developer/Toolchains/XcodeDefault.xctoolchain/usr/lib/swift/iphoneos/prebuilt-modules/26.5/XPC.swiftmodule/arm64e-apple-ios.swiftmodule /Applications/Xcode.app/Contents/Developer/Toolchains/XcodeDefault.xctoolchain/usr/lib/swift/iphoneos/prebuilt-modules/26.5/_Concurrency.swiftmodule/arm64e-apple-ios.swiftmodule /Users/mh/orca/workspaces/sonar-live-audio/build/release/UnsignedDerivedData/ModuleCache.noindex/_DarwinFoundation2-6C34IGAFGME18GYKGM5FSRS7C.pcm /Users/mh/orca/workspaces/sonar-live-audio/build/release/UnsignedDerivedData/Build/Intermediates.noindex/SwiftExplicitPrecompiledModules/RustLiveKitUniFFI-8HQMSUHZE6LHQYPMGPF3KI9Y5.pcm /Users/mh/orca/workspaces/sonar-live-audio/build/release/UnsignedDerivedData/ModuleCache.noindex/Dispatch-3KBOI087RW0W3228UPXWD7YJD.pcm /Users/mh/orca/workspaces/sonar-live-audio/build/release/UnsignedDerivedData/ModuleCache.noindex/_DarwinFoundation1-2OZT8TC8Q6Q2DJX6B7EGQK1K6.pcm /Users/mh/orca/workspaces/sonar-live-audio/build/release/UnsignedDerivedData/ModuleCache.noindex/_Builtin_limits-9K0B399CADU9D4K9EFT0D9VZZ.pcm /Users/mh/orca/workspaces/sonar-live-audio/build/release/UnsignedDerivedData/ModuleCache.noindex/Darwin-2W3PA00YNQ7ZWKAWH90B9ZYWP.pcm /Users/mh/orca/workspaces/sonar-live-audio/build/release/UnsignedDerivedData/ModuleCache.noindex/_Builtin_stdbool-F325X3SUC2SVYBT33CYZYUFEP.pcm /Users/mh/orca/workspaces/sonar-live-audio/build/release/UnsignedDerivedData/ModuleCache.noindex/os_workgroup-7LN7GZVRVF8NKGNBTPLGAHIFP.pcm /Users/mh/orca/workspaces/sonar-live-audio/build/release/UnsignedDerivedData/ModuleCache.noindex/_DarwinFoundation3-4NIROI5RTDHXUNN83C9I57AZX.pcm /Users/mh/orca/workspaces/sonar-live-audio/build/release/UnsignedDerivedData/ModuleCache.noindex/_Builtin_stdarg-2CDIYHPRFI3OM48MKIGF8UJLP.pcm /Users/mh/orca/workspaces/sonar-live-audio/build/release/UnsignedDerivedData/ModuleCache.noindex/_Builtin_inttypes-8FYND4IJRYEFAFR9XQGRUBZ3G.pcm /Users/mh/orca/workspaces/sonar-live-audio/build/release/UnsignedDerivedData/ModuleCache.noindex/_SwiftConcurrencyShims-11UAPQAANGA5YHKZ24YUAO823.pcm /Users/mh/orca/workspaces/sonar-live-audio/build/release/UnsignedDerivedData/ModuleCache.noindex/Foundation-64LPWEB0H28KYQUF049N3UQ6F.pcm /Users/mh/orca/workspaces/sonar-live-audio/build/release/UnsignedDerivedData/ModuleCache.noindex/CFNetwork-9ZZ6OBJWGG1NT3GQV0GFI9NKE.pcm /Users/mh/orca/workspaces/sonar-live-audio/build/release/UnsignedDerivedData/ModuleCache.noindex/_AvailabilityInternal-1F0V8WZ9K4QZ7Z31MMYGN3YJ2.pcm /Users/mh/orca/workspaces/sonar-live-audio/build/release/UnsignedDerivedData/ModuleCache.noindex/ObjectiveC-6FRGQPV9FMLX4SYGCIY94O2ZF.pcm /Users/mh/orca/workspaces/sonar-live-audio/build/release/UnsignedDerivedData/ModuleCache.noindex/Security-2B60Z9JBLD96HCW1UXI7542LJ.pcm /Users/mh/orca/workspaces/sonar-live-audio/build/release/UnsignedDerivedData/ModuleCache.noindex/_Builtin_float-BQN8ZHJ3KXL77P4HQ70FW8HIZ.pcm /Users/mh/orca/workspaces/sonar-live-audio/build/release/UnsignedDerivedData/ModuleCache.noindex/sys_types-D5SXD16Y0PKFSXF7UR5STRXSB.pcm /Users/mh/orca/workspaces/sonar-live-audio/build/release/UnsignedDerivedData/ModuleCache.noindex/XPC-ERZUJ55EUO1JZ5A0OH4UTWCF.pcm /Users/mh/orca/workspaces/sonar-live-audio/build/release/UnsignedDerivedData/ModuleCache.noindex/ptrcheck-CHZKETGK29RHVIG3L9SHAGSYN.pcm /Users/mh/orca/workspaces/sonar-live-audio/build/release/UnsignedDerivedData/ModuleCache.noindex/_Builtin_stddef-FXSYLC29RZNEH05EOL1NPBTM.pcm /Users/mh/orca/workspaces/sonar-live-audio/build/release/UnsignedDerivedData/ModuleCache.noindex/CoreFoundation-7TIFRPGBIV4SXYJYQPVP6RYBG.pcm /Users/mh/orca/workspaces/sonar-live-audio/build/release/UnsignedDerivedData/ModuleCache.noindex/os_object-BKKPFYQAI1EJRIJQC087R47BJ.pcm /Users/mh/orca/workspaces/sonar-live-audio/build/release/UnsignedDerivedData/ModuleCache.noindex/SwiftShims-6UXPXJEFW29V32EXS1LZUA40G.pcm /Users/mh/orca/workspaces/sonar-live-audio/build/release/UnsignedDerivedData/ModuleCache.noindex/ptrauth-DYG9RVM2HUQUWWFOBKKOVSVFS.pcm /Users/mh/orca/workspaces/sonar-live-audio/build/release/UnsignedDerivedData/ModuleCache.noindex/_Builtin_stdint-F31AQRHAWWA3NO869IG8CYXZ1.pcm /Users/mh/orca/workspaces/sonar-live-audio/build/release/UnsignedDerivedData/Build/Intermediates.noindex/LiveKitUniFFI.build/Release-iphoneos/LiveKitUniFFI.build/Objects-normal/arm64/LiveKitUniFFI-dependencies-1.json (in target 'LiveKitUniFFI' from project 'LiveKitUniFFI')

SwiftCompile normal arm64 /Users/mh/orca/workspaces/sonar-live-audio/build/release/UnsignedDerivedData/SourcePackages/checkouts/livekit-uniffi-xcframework/Sources/LiveKitUniFFI/livekit_uniffi.swift (in target 'LiveKitUniFFI' from project 'LiveKitUniFFI')
    cd /Users/mh/orca/workspaces/sonar-live-audio/Sonar.xcodeproj
    

SwiftExplicitDependencyGeneratePcm arm64 /Users/mh/orca/workspaces/sonar-live-audio/build/release/UnsignedDerivedData/ModuleCache.noindex/LocalAuthentication-44B8QEG7LAK2537NF178RWFTG.pcm

PrecompileModule /Users/mh/orca/workspaces/sonar-live-audio/build/release/UnsignedDerivedData/Build/Intermediates.noindex/ExplicitPrecompiledModules/OpenGLES-8C3689TRKPS04XBUXM4DWI75C.scan
    cd /
    builtin-precompileModule /Users/mh/orca/workspaces/sonar-live-audio/build/release/UnsignedDerivedData/Build/Intermediates.noindex/ExplicitPrecompiledModules/OpenGLES-8C3689TRKPS04XBUXM4DWI75C.scan

PrecompileModule /Users/mh/orca/workspaces/sonar-live-audio/build/release/UnsignedDerivedData/Build/Intermediates.noindex/ExplicitPrecompiledModules/Metal-30CAIP4X30QLZB91MDZJL0QS6.scan
    cd /
    builtin-precompileModule /Users/mh/orca/workspaces/sonar-live-audio/build/release/UnsignedDerivedData/Build/Intermediates.noindex/ExplicitPrecompiledModules/Metal-30CAIP4X30QLZB91MDZJL0QS6.scan

PrecompileModule /Users/mh/orca/workspaces/sonar-live-audio/build/release/UnsignedDerivedData/Build/Intermediates.noindex/ExplicitPrecompiledModules/AudioToolbox-E19J45KB0BYZS80IP9QEMPMY8.scan
    cd /
    builtin-precompileModule /Users/mh/orca/workspaces/sonar-live-audio/build/release/UnsignedDerivedData/Build/Intermediates.noindex/ExplicitPrecompiledModules/AudioToolbox-E19J45KB0BYZS80IP9QEMPMY8.scan

PrecompileModule /Users/mh/orca/workspaces/sonar-live-audio/build/release/UnsignedDerivedData/Build/Intermediates.noindex/ExplicitPrecompiledModules/AVRouting-3B0MXGEAO9JBU01ZK7C4VZ4XY.scan
    cd /
    builtin-precompileModule /Users/mh/orca/workspaces/sonar-live-audio/build/release/UnsignedDerivedData/Build/Intermediates.noindex/ExplicitPrecompiledModules/AVRouting-3B0MXGEAO9JBU01ZK7C4VZ4XY.scan

SwiftCompile normal arm64 Compiling\ resource_bundle_accessor.swift,\ AES-GCM.swift,\ AES-GCM_boring.swift,\ ChaChaPoly_boring.swift,\ ChaChaPoly.swift,\ Cipher.swift,\ Nonces.swift,\ ASN1.swift,\ ASN1Any.swift,\ ASN1BitString.swift,\ ASN1Boolean.swift,\ ASN1Identifier.swift,\ ASN1Integer.swift,\ ASN1Null.swift,\ ASN1OctetString.swift,\ ASN1Strings.swift,\ ArraySliceBigint.swift,\ GeneralizedTime.swift,\ ObjectIdentifier.swift,\ ECDSASignature.swift,\ PEMDocument.swift,\ PKCS8PrivateKey.swift,\ SEC1PrivateKey.swift,\ SubjectPublicKeyInfo.swift,\ CryptoError_boring.swift,\ CryptoKitErrors.swift,\ Digest_boring.swift,\ Digest.swift,\ Digests.swift,\ HashFunctions.swift,\ HashFunctions_SHA2.swift,\ HashFunctions_SHA3.swift,\ Digest_xkcp.swift,\ HPKE-AEAD.swift,\ HPKE-Ciphersuite.swift,\ HPKE-KDF.swift,\ HPKE-KexKeyDerivation.swift,\ HPKE-LabeledExtract.swift,\ HPKE-Utils.swift,\ DHKEM.swift,\ HPKE-KEM-Curve25519.swift,\ HPKE-NIST-EC-KEMs.swift,\ HPKE-KEM.swift,\ HPKE-Errors.swift,\ HPKE.swift,\ HPKE-Context.swift,\ HPKE-KeySchedule.swift,\ HPKE-Modes.swift,\ Insecure.swift,\ Insecure_HashFunctions.swift,\ MLKEM_boring.swift,\ MLKEM_wrapper.swift,\ XWing_boring.swift,\ KEM-Errors.swift,\ KEM.swift,\ MLKEM.swift,\ XWing.swift,\ ECDH_boring.swift,\ DH.swift,\ ECDH.swift,\ ANSIx963.swift,\ HKDF.swift,\ AESWrap.swift,\ AESWrap_boring.swift,\ Ed25519_boring.swift,\ NISTCurvesKeys_boring.swift,\ X25519Keys_boring.swift,\ Curve25519.swift,\ Ed25519Keys.swift,\ NISTCurvesKeys.swift,\ X25519Keys.swift,\ SymmetricKeys.swift,\ HMAC.swift,\ MACFunctions.swift,\ MessageAuthenticationCode.swift,\ AES.swift,\ ECDSASignature_boring.swift,\ ECDSA_boring.swift,\ EdDSA_boring.swift,\ MLDSA_boring.swift,\ MLDSA_wrapper.swift,\ ECDSA.swift,\ Ed25519.swift,\ MLDSA.swift,\ Signature.swift,\ CryptoKitErrors_boring.swift,\ Optional+withUnsafeBytes_boring.swift,\ RNG_boring.swift,\ SafeCompare_boring.swift,\ Zeroization_boring.swift,\ _CryptoModuleAnchor.swift,\ PrettyBytes.swift,\ SafeCompare.swift,\ SecureBytes.swift,\ Zeroization.swift /Users/mh/orca/workspaces/sonar-live-audio/build/release/UnsignedDerivedData/Build/Intermediates.noindex/swift-crypto.build/Release-iphoneos/Crypto.build/DerivedSources/resource_bundle_accessor.swift /Users/mh/orca/workspaces/sonar-live-audio/build/release/UnsignedDerivedData/SourcePackages/checkouts/swift-crypto/Sources/Crypto/AEADs/AES/GCM/AES-GCM.swift /Users/mh/orca/workspaces/sonar-live-audio/build/release/UnsignedDerivedData/SourcePackages/checkouts/swift-crypto/Sources/Crypto/AEADs/AES/GCM/BoringSSL/AES-GCM_boring.swift /Users/mh/orca/workspaces/sonar-live-audio/build/release/UnsignedDerivedData/SourcePackages/checkouts/swift-crypto/Sources/Crypto/AEADs/ChachaPoly/BoringSSL/ChaChaPoly_boring.swift /Users/mh/orca/workspaces/sonar-live-audio/build/release/UnsignedDerivedData/SourcePackages/checkouts/swift-crypto/Sources/Crypto/AEADs/ChachaPoly/ChaChaPoly.swift /Users/mh/orca/workspaces/sonar-live-audio/build/release/UnsignedDerivedData/SourcePackages/checkouts/swift-crypto/Sources/Crypto/AEADs/Cipher.swift /Users/mh/orca/workspaces/sonar-live-audio/build/release/UnsignedDerivedData/SourcePackages/checkouts/swift-crypto/Sources/Crypto/AEADs/Nonces.swift /Users/mh/orca/workspaces/sonar-live-audio/build/release/UnsignedDerivedData/SourcePackages/checkouts/swift-crypto/Sources/Crypto/ASN1/ASN1.swift /Users/mh/orca/workspaces/sonar-live-audio/build/release/UnsignedDerivedData/SourcePackages/checkouts/swift-crypto/Sources/Crypto/ASN1/Basic\ ASN1\ Types/ASN1Any.swift /Users/mh/orca/workspaces/sonar-live-audio/build/release/UnsignedDerivedData/SourcePackages/checkouts/swift-crypto/Sources/Crypto/ASN1/Basic\ ASN1\ Types/ASN1BitString.swift /Users/mh/orca/workspaces/sonar-live-audio/build/release/UnsignedDerivedData/SourcePackages/checkouts/swift-crypto/Sources/Crypto/ASN1/Basic\ ASN1\ Types/ASN1Boolean.swift /Users/mh/orca/workspaces/sonar-live-audio/build/release/UnsignedDerivedData/SourcePackages/checkouts/swift-crypto/Sources/Crypto/ASN1/Basic\ ASN1\ Types/ASN1Identifier.swift /Users/mh/orca/workspaces/sonar-live-audio/build/release/UnsignedDerivedData/SourcePackages/checkouts/swift-crypto/Sources/Crypto/ASN1/Basic\ ASN1\ Types/ASN1Integer.swift /Users/mh/orca/workspaces/sonar-live-audio/build/release/UnsignedDerivedData/SourcePackages/checkouts/swift-crypto/Sources/Crypto/ASN1/Basic\ ASN1\ Types/ASN1Null.swift /Users/mh/orca/workspaces/sonar-live-audio/build/release/UnsignedDerivedData/SourcePackages/checkouts/swift-crypto/Sources/Crypto/ASN1/Basic\ ASN1\ Types/ASN1OctetString.swift /Users/mh/orca/workspaces/sonar-live-audio/build/release/UnsignedDerivedData/SourcePackages/checkouts/swift-crypto/Sources/Crypto/ASN1/Basic\ ASN1\ Types/ASN1Strings.swift /Users/mh/orca/workspaces/sonar-live-audio/build/release/UnsignedDerivedData/SourcePackages/checkouts/swift-crypto/Sources/Crypto/ASN1/Basic\ ASN1\ Types/ArraySliceBigint.swift /Users/mh/orca/workspaces/sonar-live-audio/build/release/UnsignedDerivedData/SourcePackages/checkouts/swift-crypto/Sources/Crypto/ASN1/Basic\ ASN1\ Types/GeneralizedTime.swift /Users/mh/orca/workspaces/sonar-live-audio/build/release/UnsignedDerivedData/SourcePackages/checkouts/swift-crypto/Sources/Crypto/ASN1/Basic\ ASN1\ Types/ObjectIdentifier.swift /Users/mh/orca/workspaces/sonar-live-audio/build/release/UnsignedDerivedData/SourcePackages/checkouts/swift-crypto/Sources/Crypto/ASN1/ECDSASignature.swift /Users/mh/orca/workspaces/sonar-live-audio/build/release/UnsignedDerivedData/SourcePackages/checkouts/swift-crypto/Sources/Crypto/ASN1/PEMDocument.swift /Users/mh/orca/workspaces/sonar-live-audio/build/release/UnsignedDerivedData/SourcePackages/checkouts/swift-crypto/Sources/Crypto/ASN1/PKCS8PrivateKey.swift /Users/mh/orca/workspaces/sonar-live-audio/build/release/UnsignedDerivedData/SourcePackages/checkouts/swift-crypto/Sources/Crypto/ASN1/SEC1PrivateKey.swift /Users/mh/orca/workspaces/sonar-live-audio/build/release/UnsignedDerivedData/SourcePackages/checkouts/swift-crypto/Sources/Crypto/ASN1/SubjectPublicKeyInfo.swift /Users/mh/orca/workspaces/sonar-live-audio/build/release/UnsignedDerivedData/SourcePackages/checkouts/swift-crypto/Sources/Crypto/CryptoError_boring.swift /Users/mh/orca/workspaces/sonar-live-audio/build/release/UnsignedDerivedData/SourcePackages/checkouts/swift-crypto/Sources/Crypto/CryptoKitErrors.swift /Users/mh/orca/workspaces/sonar-live-audio/build/release/UnsignedDerivedData/SourcePackages/checkouts/swift-crypto/Sources/Crypto/Digests/BoringSSL/Digest_boring.swift /Users/mh/orca/workspaces/sonar-live-audio/build/release/UnsignedDerivedData/SourcePackages/checkouts/swift-crypto/Sources/Crypto/Digests/Digest.swift /Users/mh/orca/workspaces/sonar-live-audio/build/release/UnsignedDerivedData/SourcePackages/checkouts/swift-crypto/Sources/Crypto/Digests/Digests.swift /Users/mh/orca/workspaces/sonar-live-audio/build/release/UnsignedDerivedData/SourcePackages/checkouts/swift-crypto/Sources/Crypto/Digests/HashFunctions.swift /Users/mh/orca/workspaces/sonar-live-audio/build/release/UnsignedDerivedData/SourcePackages/checkouts/swift-crypto/Sources/Crypto/Digests/HashFunctions_SHA2.swift /Users/mh/orca/workspaces/sonar-live-audio/build/release/UnsignedDerivedData/SourcePackages/checkouts/swift-crypto/Sources/Crypto/Digests/HashFunctions_SHA3.swift /Users/mh/orca/workspaces/sonar-live-audio/build/release/UnsignedDerivedData/SourcePackages/checkouts/swift-crypto/Sources/Crypto/Digests/XKCP/Digest_xkcp.swift /Users/mh/orca/workspaces/sonar-live-audio/build/release/UnsignedDerivedData/SourcePackages/checkouts/swift-crypto/Sources/Crypto/HPKE/Ciphersuite/HPKE-AEAD.swift /Users/mh/orca/workspaces/sonar-live-audio/build/release/UnsignedDerivedData/SourcePackages/checkouts/swift-crypto/Sources/Crypto/HPKE/Ciphersuite/HPKE-Ciphersuite.swift /Users/mh/orca/workspaces/sonar-live-audio/build/release/UnsignedDerivedData/SourcePackages/checkouts/swift-crypto/Sources/Crypto/HPKE/Ciphersuite/HPKE-KDF.swift /Users/mh/orca/workspaces/sonar-live-audio/build/release/UnsignedDerivedData/SourcePackages/checkouts/swift-crypto/Sources/Crypto/HPKE/Ciphersuite/HPKE-KexKeyDerivation.swift /Users/mh/orca/workspaces/sonar-live-audio/build/release/UnsignedDerivedData/SourcePackages/checkouts/swift-crypto/Sources/Crypto/HPKE/Ciphersuite/HPKE-LabeledExtract.swift /Users/mh/orca/workspaces/sonar-live-audio/build/release/UnsignedDerivedData/SourcePackages/checkouts/swift-crypto/Sources/Crypto/HPKE/Ciphersuite/HPKE-Utils.swift /Users/mh/orca/workspaces/sonar-live-audio/build/release/UnsignedDerivedData/SourcePackages/checkouts/swift-crypto/Sources/Crypto/HPKE/Ciphersuite/KEM/Conformances/DHKEM.swift /Users/mh/orca/workspaces/sonar-live-audio/build/release/UnsignedDerivedData/SourcePackages/checkouts/swift-crypto/Sources/Crypto/HPKE/Ciphersuite/KEM/Conformances/HPKE-KEM-Curve25519.swift /Users/mh/orca/workspaces/sonar-live-audio/build/release/UnsignedDerivedData/SourcePackages/checkouts/swift-crypto/Sources/Crypto/HPKE/Ciphersuite/KEM/Conformances/HPKE-NIST-EC-KEMs.swift /Users/mh/orca/workspaces/sonar-live-audio/build/release/UnsignedDerivedData/SourcePackages/checkouts/swift-crypto/Sources/Crypto/HPKE/Ciphersuite/KEM/HPKE-KEM.swift /Users/mh/orca/workspaces/sonar-live-audio/build/release/UnsignedDerivedData/SourcePackages/checkouts/swift-crypto/Sources/Crypto/HPKE/HPKE-Errors.swift /Users/mh/orca/workspaces/sonar-live-audio/build/release/UnsignedDerivedData/SourcePackages/checkouts/swift-crypto/Sources/Crypto/HPKE/HPKE.swift /Users/mh/orca/workspaces/sonar-live-audio/build/release/UnsignedDerivedData/SourcePackages/checkouts/swift-crypto/Sources/Crypto/HPKE/Key\ Schedule/HPKE-Context.swift /Users/mh/orca/workspaces/sonar-live-audio/build/release/UnsignedDerivedData/SourcePackages/checkouts/swift-crypto/Sources/Crypto/HPKE/Key\ Schedule/HPKE-KeySchedule.swift /Users/mh/orca/workspaces/sonar-live-audio/build/release/UnsignedDerivedData/SourcePackages/checkouts/swift-crypto/Sources/Crypto/HPKE/Modes/HPKE-Modes.swift /Users/mh/orca/workspaces/sonar-live-audio/build/release/UnsignedDerivedData/SourcePackages/checkouts/swift-crypto/Sources/Crypto/Insecure/Insecure.swift /Users/mh/orca/workspaces/sonar-live-audio/build/release/UnsignedDerivedData/SourcePackages/checkouts/swift-crypto/Sources/Crypto/Insecure/Insecure_HashFunctions.swift /Users/mh/orca/workspaces/sonar-live-audio/build/release/UnsignedDerivedData/SourcePackages/checkouts/swift-crypto/Sources/Crypto/KEM/BoringSSL/MLKEM_boring.swift /Users/mh/orca/workspaces/sonar-live-audio/build/release/UnsignedDerivedData/SourcePackages/checkouts/swift-crypto/Sources/Crypto/KEM/BoringSSL/MLKEM_wrapper.swift /Users/mh/orca/workspaces/sonar-live-audio/build/release/UnsignedDerivedData/SourcePackages/checkouts/swift-crypto/Sources/Crypto/KEM/BoringSSL/XWing_boring.swift /Users/mh/orca/workspaces/sonar-live-audio/build/release/UnsignedDerivedData/SourcePackages/checkouts/swift-crypto/Sources/Crypto/KEM/KEM-Errors.swift /Users/mh/orca/workspaces/sonar-live-audio/build/release/UnsignedDerivedData/SourcePackages/checkouts/swift-crypto/Sources/Crypto/KEM/KEM.swift /Users/mh/orca/workspaces/sonar-live-audio/build/release/UnsignedDerivedData/SourcePackages/checkouts/swift-crypto/Sources/Crypto/KEM/MLKEM.swift /Users/mh/orca/workspaces/sonar-live-audio/build/release/UnsignedDerivedData/SourcePackages/checkouts/swift-crypto/Sources/Crypto/KEM/XWing.swift /Users/mh/orca/workspaces/sonar-live-audio/build/release/UnsignedDerivedData/SourcePackages/checkouts/swift-crypto/Sources/Crypto/Key\ Agreement/BoringSSL/ECDH_boring.swift /Users/mh/orca/workspaces/sonar-live-audio/build/release/UnsignedDerivedData/SourcePackages/checkouts/swift-crypto/Sources/Crypto/Key\ Agreement/DH.swift /Users/mh/orca/workspaces/sonar-live-audio/build/release/UnsignedDerivedData/SourcePackages/checkouts/swift-crypto/Sources/Crypto/Key\ Agreement/ECDH.swift /Users/mh/orca/workspaces/sonar-live-audio/build/release/UnsignedDerivedData/SourcePackages/checkouts/swift-crypto/Sources/Crypto/Key\ Derivation/ANSIx963.swift /Users/mh/orca/workspaces/sonar-live-audio/build/release/UnsignedDerivedData/SourcePackages/checkouts/swift-crypto/Sources/Crypto/Key\ Derivation/HKDF.swift /Users/mh/orca/workspaces/sonar-live-audio/build/release/UnsignedDerivedData/SourcePackages/checkouts/swift-crypto/Sources/Crypto/Key\ Wrapping/AESWrap.swift /Users/mh/orca/workspaces/sonar-live-audio/build/release/UnsignedDerivedData/SourcePackages/checkouts/swift-crypto/Sources/Crypto/Key\ Wrapping/BoringSSL/AESWrap_boring.swift /Users/mh/orca/workspaces/sonar-live-audio/build/release/UnsignedDerivedData/SourcePackages/checkouts/swift-crypto/Sources/Crypto/Keys/EC/BoringSSL/Ed25519_boring.swift /Users/mh/orca/workspaces/sonar-live-audio/build/release/UnsignedDerivedData/SourcePackages/checkouts/swift-crypto/Sources/Crypto/Keys/EC/BoringSSL/NISTCurvesKeys_boring.swift /Users/mh/orca/workspaces/sonar-live-audio/build/release/UnsignedDerivedData/SourcePackages/checkouts/swift-crypto/Sources/Crypto/Keys/EC/BoringSSL/X25519Keys_boring.swift /Users/mh/orca/workspaces/sonar-live-audio/build/release/UnsignedDerivedData/SourcePackages/checkouts/swift-crypto/Sources/Crypto/Keys/EC/Curve25519.swift /Users/mh/orca/workspaces/sonar-live-audio/build/release/UnsignedDerivedData/SourcePackages/checkouts/swift-crypto/Sources/Crypto/Keys/EC/Ed25519Keys.swift /Users/mh/orca/workspaces/sonar-live-audio/build/release/UnsignedDerivedData/SourcePackages/checkouts/swift-crypto/Sources/Crypto/Keys/EC/NISTCurvesKeys.swift /Users/mh/orca/workspaces/sonar-live-audio/build/release/UnsignedDerivedData/SourcePackages/checkouts/swift-crypto/Sources/Crypto/Keys/EC/X25519Keys.swift /Users/mh/orca/workspaces/sonar-live-audio/build/release/UnsignedDerivedData/SourcePackages/checkouts/swift-crypto/Sources/Crypto/Keys/Symmetric/SymmetricKeys.swift /Users/mh/orca/workspaces/sonar-live-audio/build/release/UnsignedDerivedData/SourcePackages/checkouts/swift-crypto/Sources/Crypto/Message\ Authentication\ Codes/HMAC/HMAC.swift /Users/mh/orca/workspaces/sonar-live-audio/build/release/UnsignedDerivedData/SourcePackages/checkouts/swift-crypto/Sources/Crypto/Message\ Authentication\ Codes/MACFunctions.swift /Users/mh/orca/workspaces/sonar-live-audio/build/release/UnsignedDerivedData/SourcePackages/checkouts/swift-crypto/Sources/Crypto/Message\ Authentication\ Codes/MessageAuthenticationCode.swift /Users/mh/orca/workspaces/sonar-live-audio/build/release/UnsignedDerivedData/SourcePackages/checkouts/swift-crypto/Sources/Crypto/PRF/AES.swift /Users/mh/orca/workspaces/sonar-live-audio/build/release/UnsignedDerivedData/SourcePackages/checkouts/swift-crypto/Sources/Crypto/Signatures/BoringSSL/ECDSASignature_boring.swift /Users/mh/orca/workspaces/sonar-live-audio/build/release/UnsignedDerivedData/SourcePackages/checkouts/swift-crypto/Sources/Crypto/Signatures/BoringSSL/ECDSA_boring.swift /Users/mh/orca/workspaces/sonar-live-audio/build/release/UnsignedDerivedData/SourcePackages/checkouts/swift-crypto/Sources/Crypto/Signatures/BoringSSL/EdDSA_boring.swift /Users/mh/orca/workspaces/sonar-live-audio/build/release/UnsignedDerivedData/SourcePackages/checkouts/swift-crypto/Sources/Crypto/Signatures/BoringSSL/MLDSA_boring.swift /Users/mh/orca/workspaces/sonar-live-audio/build/release/UnsignedDerivedData/SourcePackages/checkouts/swift-crypto/Sources/Crypto/Signatures/BoringSSL/MLDSA_wrapper.swift /Users/mh/orca/workspaces/sonar-live-audio/build/release/UnsignedDerivedData/SourcePackages/checkouts/swift-crypto/Sources/Crypto/Signatures/ECDSA.swift /Users/mh/orca/workspaces/sonar-live-audio/build/release/UnsignedDerivedData/SourcePackages/checkouts/swift-crypto/Sources/Crypto/Signatures/Ed25519.swift /Users/mh/orca/workspaces/sonar-live-audio/build/release/UnsignedDerivedData/SourcePackages/checkouts/swift-crypto/Sources/Crypto/Signatures/MLDSA.swift /Users/mh/orca/workspaces/sonar-live-audio/build/release/UnsignedDerivedData/SourcePackages/checkouts/swift-crypto/Sources/Crypto/Signatures/Signature.swift /Users/mh/orca/workspaces/sonar-live-audio/build/release/UnsignedDerivedData/SourcePackages/checkouts/swift-crypto/Sources/Crypto/Util/BoringSSL/CryptoKitErrors_boring.swift /Users/mh/orca/workspaces/sonar-live-audio/build/release/UnsignedDerivedData/SourcePackages/checkouts/swift-crypto/Sources/Crypto/Util/BoringSSL/Optional+withUnsafeBytes_boring.swift /Users/mh/orca/workspaces/sonar-live-audio/build/release/UnsignedDerivedData/SourcePackages/checkouts/swift-crypto/Sources/Crypto/Util/BoringSSL/RNG_boring.swift /Users/mh/orca/workspaces/sonar-live-audio/build/release/UnsignedDerivedData/SourcePackages/checkouts/swift-crypto/Sources/Crypto/Util/BoringSSL/SafeCompare_boring.swift /Users/mh/orca/workspaces/sonar-live-audio/build/release/UnsignedDerivedData/SourcePackages/checkouts/swift-crypto/Sources/Crypto/Util/BoringSSL/Zeroization_boring.swift /Users/mh/orca/workspaces/sonar-live-audio/build/release/UnsignedDerivedData/SourcePackages/checkouts/swift-crypto/Sources/Crypto/Util/BoringSSL/_CryptoModuleAnchor.swift /Users/mh/orca/workspaces/sonar-live-audio/build/release/UnsignedDerivedData/SourcePackages/checkouts/swift-crypto/Sources/Crypto/Util/PrettyBytes.swift /Users/mh/orca/workspaces/sonar-live-audio/build/release/UnsignedDerivedData/SourcePackages/checkouts/swift-crypto/Sources/Crypto/Util/SafeCompare.swift /Users/mh/orca/workspaces/sonar-live-audio/build/release/UnsignedDerivedData/SourcePackages/checkouts/swift-crypto/Sources/Crypto/Util/SecureBytes.swift /Users/mh/orca/workspaces/sonar-live-audio/build/release/UnsignedDerivedData/SourcePackages/checkouts/swift-crypto/Sources/Crypto/Util/Zeroization.swift /Applications/Xcode.app/Contents/Developer/Toolchains/XcodeDefault.xctoolchain/usr/lib/swift/iphoneos/prebuilt-modules/26.5/System.swiftmodule/arm64e-apple-ios.swiftmodule /Applications/Xcode.app/Contents/Developer/Toolchains/XcodeDefault.xctoolchain/usr/lib/swift/iphoneos/prebuilt-modules/26.5/_DarwinFoundation3.swiftmodule/arm64e-apple-ios.swiftmodule /Applications/Xcode.app/Contents/Developer/Toolchains/XcodeDefault.xctoolchain/usr/lib/swift/iphoneos/prebuilt-modules/26.5/Darwin.swiftmodule/arm64e-apple-ios.swiftmodule /Applications/Xcode.app/Contents/Developer/Toolchains/XcodeDefault.xctoolchain/usr/lib/swift/iphoneos/prebuilt-modules/26.5/Foundation.swiftmodule/arm64e-apple-ios.swiftmodule /Applications/Xcode.app/Contents/Developer/Toolchains/XcodeDefault.xctoolchain/usr/lib/swift/iphoneos/prebuilt-modules/26.5/Dispatch.swiftmodule/arm64e-apple-ios.swiftmodule /Applications/Xcode.app/Contents/Developer/Toolchains/XcodeDefault.xctoolchain/usr/lib/swift/iphoneos/prebuilt-modules/26.5/_StringProcessing.swiftmodule/arm64e-apple-ios.swiftmodule /Applications/Xcode.app/Contents/Developer/Toolchains/XcodeDefault.xctoolchain/usr/lib/swift/iphoneos/prebuilt-modules/26.5/Combine.swiftmodule/arm64e-apple-ios.swiftmodule /Applications/Xcode.app/Contents/Developer/Toolchains/XcodeDefault.xctoolchain/usr/lib/swift/iphoneos/prebuilt-modules/26.5/CoreFoundation.swiftmodule/arm64e-apple-ios.swiftmodule /Applications/Xcode.app/Contents/Developer/Toolchains/XcodeDefault.xctoolchain/usr/lib/swift/iphoneos/prebuilt-modules/26.5/_DarwinFoundation2.swiftmodule/arm64e-apple-ios.swiftmodule /Applications/Xcode.app/Contents/Developer/Toolchains/XcodeDefault.xctoolchain/usr/lib/swift/iphoneos/prebuilt-modules/26.5/LocalAuthentication.swiftmodule/arm64e-apple-ios.swiftmodule /Applications/Xcode.app/Contents/Developer/Toolchains/XcodeDefault.xctoolchain/usr/lib/swift/iphoneos/prebuilt-modules/26.5/ObjectiveC.swiftmodule/arm64e-apple-ios.swiftmodule /Applications/Xcode.app/Contents/Developer/Toolchains/XcodeDefault.xctoolchain/usr/lib/swift/iphoneos/prebuilt-modules/26.5/_DarwinFoundation1.swiftmodule/arm64e-apple-ios.swiftmodule /Applications/Xcode.app/Contents/Developer/Toolchains/XcodeDefault.xctoolchain/usr/lib/swift/iphoneos/prebuilt-modules/26.5/_Builtin_float.swiftmodule/arm64e-apple-ios.swiftmodule /Applications/Xcode.app/Contents/Developer/Toolchains/XcodeDefault.xctoolchain/usr/lib/swift/iphoneos/prebuilt-modules/26.5/Swift.swiftmodule/arm64e-apple-ios.swiftmodule /Applications/Xcode.app/Contents/Developer/Toolchains/XcodeDefault.xctoolchain/usr/lib/swift/iphoneos/prebuilt-modules/26.5/Observation.swiftmodule/arm64e-apple-ios.swiftmodule /Applications/Xcode.app/Contents/Developer/Toolchains/XcodeDefault.xctoolchain/usr/lib/swift/iphoneos/prebuilt-modules/26.5/XPC.swiftmodule/arm64e-apple-ios.swiftmodule /Applications/Xcode.app/Contents/Developer/Toolchains/XcodeDefault.xctoolchain/usr/lib/swift/iphoneos/prebuilt-modules/26.5/CryptoKit.swiftmodule/arm64e-apple-ios.swiftmodule /Applications/Xcode.app/Contents/Developer/Toolchains/XcodeDefault.xctoolchain/usr/lib/swift/iphoneos/prebuilt-modules/26.5/_Concurrency.swiftmodule/arm64e-apple-ios.swiftmodule /Users/mh/orca/workspaces/sonar-live-audio/build/release/UnsignedDerivedData/ModuleCache.noindex/Darwin-2W3PA00YNQ7ZWKAWH90B9ZYWP.pcm /Users/mh/orca/workspaces/sonar-live-audio/build/release/UnsignedDerivedData/ModuleCache.noindex/_AvailabilityInternal-1F0V8WZ9K4QZ7Z31MMYGN3YJ2.pcm /Users/mh/orca/workspaces/sonar-live-audio/build/release/UnsignedDerivedData/ModuleCache.noindex/_DarwinFoundation2-6C34IGAFGME18GYKGM5FSRS7C.pcm /Users/mh/orca/workspaces/sonar-live-audio/build/release/UnsignedDerivedData/ModuleCache.noindex/os_workgroup-7LN7GZVRVF8NKGNBTPLGAHIFP.pcm /Users/mh/orca/workspaces/sonar-live-audio/build/release/UnsignedDerivedData/ModuleCache.noindex/Security-2B60Z9JBLD96HCW1UXI7542LJ.pcm /Users/mh/orca/workspaces/sonar-live-audio/build/release/UnsignedDerivedData/ModuleCache.noindex/Dispatch-3KBOI087RW0W3228UPXWD7YJD.pcm /Users/mh/orca/workspaces/sonar-live-audio/build/release/UnsignedDerivedData/ModuleCache.noindex/_Builtin_limits-9K0B399CADU9D4K9EFT0D9VZZ.pcm /Users/mh/orca/workspaces/sonar-live-audio/build/release/UnsignedDerivedData/ModuleCache.noindex/CFNetwork-9ZZ6OBJWGG1NT3GQV0GFI9NKE.pcm /Users/mh/orca/workspaces/sonar-live-audio/build/release/UnsignedDerivedData/ModuleCache.noindex/ptrauth-DYG9RVM2HUQUWWFOBKKOVSVFS.pcm /Users/mh/orca/workspaces/sonar-live-audio/build/release/UnsignedDerivedData/ModuleCache.noindex/_Builtin_stdint-F31AQRHAWWA3NO869IG8CYXZ1.pcm /Users/mh/orca/workspaces/sonar-live-audio/build/release/UnsignedDerivedData/ModuleCache.noindex/ptrcheck-CHZKETGK29RHVIG3L9SHAGSYN.pcm /Users/mh/orca/workspaces/sonar-live-audio/build/release/UnsignedDerivedData/ModuleCache.noindex/CoreFoundation-7TIFRPGBIV4SXYJYQPVP6RYBG.pcm /Users/mh/orca/workspaces/sonar-live-audio/build/release/UnsignedDerivedData/ModuleCache.noindex/sys_types-D5SXD16Y0PKFSXF7UR5STRXSB.pcm /Users/mh/orca/workspaces/sonar-live-audio/build/release/UnsignedDerivedData/ModuleCache.noindex/os_object-BKKPFYQAI1EJRIJQC087R47BJ.pcm /Users/mh/orca/workspaces/sonar-live-audio/build/release/UnsignedDerivedData/ModuleCache.noindex/_Builtin_stddef-FXSYLC29RZNEH05EOL1NPBTM.pcm /Users/mh/orca/workspaces/sonar-live-audio/build/release/UnsignedDerivedData/ModuleCache.noindex/_Builtin_inttypes-8FYND4IJRYEFAFR9XQGRUBZ3G.pcm /Users/mh/orca/workspaces/sonar-live-audio/build/release/UnsignedDerivedData/ModuleCache.noindex/LocalAuthentication-44B8QEG7LAK2537NF178RWFTG.pcm /Users/mh/orca/workspaces/sonar-live-audio/build/release/UnsignedDerivedData/ModuleCache.noindex/_Builtin_stdbool-F325X3SUC2SVYBT33CYZYUFEP.pcm /Users/mh/orca/workspaces/sonar-live-audio/build/release/UnsignedDerivedData/ModuleCache.noindex/ObjectiveC-6FRGQPV9FMLX4SYGCIY94O2ZF.pcm /Users/mh/orca/workspaces/sonar-live-audio/build/release/UnsignedDerivedData/ModuleCache.noindex/_DarwinFoundation1-2OZT8TC8Q6Q2DJX6B7EGQK1K6.pcm /Users/mh/orca/workspaces/sonar-live-audio/build/release/UnsignedDerivedData/ModuleCache.noindex/_Builtin_stdarg-2CDIYHPRFI3OM48MKIGF8UJLP.pcm /Users/mh/orca/workspaces/sonar-live-audio/build/release/UnsignedDerivedData/ModuleCache.noindex/SwiftShims-6UXPXJEFW29V32EXS1LZUA40G.pcm /Users/mh/orca/workspaces/sonar-live-audio/build/release/UnsignedDerivedData/ModuleCache.noindex/_Builtin_float-BQN8ZHJ3KXL77P4HQ70FW8HIZ.pcm /Users/mh/orca/workspaces/sonar-live-audio/build/release/UnsignedDerivedData/ModuleCache.noindex/XPC-ERZUJ55EUO1JZ5A0OH4UTWCF.pcm /Users/mh/orca/workspaces/sonar-live-audio/build/release/UnsignedDerivedData/ModuleCache.noindex/_DarwinFoundation3-4NIROI5RTDHXUNN83C9I57AZX.pcm /Users/mh/orca/workspaces/sonar-live-audio/build/release/UnsignedDerivedData/ModuleCache.noindex/_SwiftConcurrencyShims-11UAPQAANGA5YHKZ24YUAO823.pcm /Users/mh/orca/workspaces/sonar-live-audio/build/release/UnsignedDerivedData/ModuleCache.noindex/Foundation-64LPWEB0H28KYQUF049N3UQ6F.pcm /Users/mh/orca/workspaces/sonar-live-audio/build/release/UnsignedDerivedData/Build/Intermediates.noindex/swift-crypto.build/Release-iphoneos/Crypto.build/Objects-normal/arm64/Crypto-dependencies-1.json (in target 'Crypto' from project 'swift-crypto')

CompileSwift normal arm64 (in target 'Crypto' from project 'swift-crypto')
    cd /Users/mh/orca/workspaces/sonar-live-audio/Sonar.xcodeproj
    

PrecompileModule /Users/mh/orca/workspaces/sonar-live-audio/build/release/UnsignedDerivedData/Build/Intermediates.noindex/ExplicitPrecompiledModules/CoreVideo-BAVV59UOC1E3HBIWGMR7VKRHM.scan
    cd /
    builtin-precompileModule /Users/mh/orca/workspaces/sonar-live-audio/build/release/UnsignedDerivedData/Build/Intermediates.noindex/ExplicitPrecompiledModules/CoreVideo-BAVV59UOC1E3HBIWGMR7VKRHM.scan

PrecompileModule /Users/mh/orca/workspaces/sonar-live-audio/build/release/UnsignedDerivedData/Build/Intermediates.noindex/ExplicitPrecompiledModules/CoreMedia-EBP6JZGVAVOM2DQZ9ZF6VK9XZ.scan
    cd /
    builtin-precompileModule /Users/mh/orca/workspaces/sonar-live-audio/build/release/UnsignedDerivedData/Build/Intermediates.noindex/ExplicitPrecompiledModules/CoreMedia-EBP6JZGVAVOM2DQZ9ZF6VK9XZ.scan

PrecompileModule /Users/mh/orca/workspaces/sonar-live-audio/build/release/UnsignedDerivedData/Build/Intermediates.noindex/ExplicitPrecompiledModules/CoreImage-BP43AD3YPRHRWG5ILSL4QVLQ6.scan
    cd /
    builtin-precompileModule /Users/mh/orca/workspaces/sonar-live-audio/build/release/UnsignedDerivedData/Build/Intermediates.noindex/ExplicitPrecompiledModules/CoreImage-BP43AD3YPRHRWG5ILSL4QVLQ6.scan

PrecompileModule /Users/mh/orca/workspaces/sonar-live-audio/build/release/UnsignedDerivedData/Build/Intermediates.noindex/ExplicitPrecompiledModules/QuartzCore-BNWV7KKOU9LWHDXXHONLXIH11.scan
    cd /
    builtin-precompileModule /Users/mh/orca/workspaces/sonar-live-audio/build/release/UnsignedDerivedData/Build/Intermediates.noindex/ExplicitPrecompiledModules/QuartzCore-BNWV7KKOU9LWHDXXHONLXIH11.scan

PrecompileModule /Users/mh/orca/workspaces/sonar-live-audio/build/release/UnsignedDerivedData/Build/Intermediates.noindex/ExplicitPrecompiledModules/MediaToolbox-A3NF4TMWIMV158UQUS5FWRCMQ.scan
    cd /
    builtin-precompileModule /Users/mh/orca/workspaces/sonar-live-audio/build/release/UnsignedDerivedData/Build/Intermediates.noindex/ExplicitPrecompiledModules/MediaToolbox-A3NF4TMWIMV158UQUS5FWRCMQ.scan

PrecompileModule /Users/mh/orca/workspaces/sonar-live-audio/build/release/UnsignedDerivedData/Build/Intermediates.noindex/ExplicitPrecompiledModules/AVFAudio-E9PJXTZ35GAMH5II8P8PK6JCD.scan
    cd /
    builtin-precompileModule /Users/mh/orca/workspaces/sonar-live-audio/build/release/UnsignedDerivedData/Build/Intermediates.noindex/ExplicitPrecompiledModules/AVFAudio-E9PJXTZ35GAMH5II8P8PK6JCD.scan

PrecompileModule /Users/mh/orca/workspaces/sonar-live-audio/build/release/UnsignedDerivedData/Build/Intermediates.noindex/ExplicitPrecompiledModules/UIKit-720IXFMX95OFB3GCZFD1WKD77.scan
    cd /
    builtin-precompileModule /Users/mh/orca/workspaces/sonar-live-audio/build/release/UnsignedDerivedData/Build/Intermediates.noindex/ExplicitPrecompiledModules/UIKit-720IXFMX95OFB3GCZFD1WKD77.scan

PrecompileModule /Users/mh/orca/workspaces/sonar-live-audio/build/release/UnsignedDerivedData/Build/Intermediates.noindex/ExplicitPrecompiledModules/AVFoundation-3TJ5CR9JA51X08BOVVAZCG1CX.scan
    cd /
    builtin-precompileModule /Users/mh/orca/workspaces/sonar-live-audio/build/release/UnsignedDerivedData/Build/Intermediates.noindex/ExplicitPrecompiledModules/AVFoundation-3TJ5CR9JA51X08BOVVAZCG1CX.scan

SwiftDriverJobDiscovery normal arm64 Compiling resource_bundle_accessor.swift, AES-GCM.swift, AES-GCM_boring.swift, ChaChaPoly_boring.swift, ChaChaPoly.swift, Cipher.swift, Nonces.swift, ASN1.swift, ASN1Any.swift, ASN1BitString.swift, ASN1Boolean.swift, ASN1Identifier.swift, ASN1Integer.swift, ASN1Null.swift, ASN1OctetString.swift, ASN1Strings.swift, ArraySliceBigint.swift, GeneralizedTime.swift, ObjectIdentifier.swift, ECDSASignature.swift, PEMDocument.swift, PKCS8PrivateKey.swift, SEC1PrivateKey.swift, SubjectPublicKeyInfo.swift, CryptoError_boring.swift, CryptoKitErrors.swift, Digest_boring.swift, Digest.swift, Digests.swift, HashFunctions.swift, HashFunctions_SHA2.swift, HashFunctions_SHA3.swift, Digest_xkcp.swift, HPKE-AEAD.swift, HPKE-Ciphersuite.swift, HPKE-KDF.swift, HPKE-KexKeyDerivation.swift, HPKE-LabeledExtract.swift, HPKE-Utils.swift, DHKEM.swift, HPKE-KEM-Curve25519.swift, HPKE-NIST-EC-KEMs.swift, HPKE-KEM.swift, HPKE-Errors.swift, HPKE.swift, HPKE-Context.swift, HPKE-KeySchedule.swift, HPKE-Modes.swift, Insecure.swift, Insecure_HashFunctions.swift, MLKEM_boring.swift, MLKEM_wrapper.swift, XWing_boring.swift, KEM-Errors.swift, KEM.swift, MLKEM.swift, XWing.swift, ECDH_boring.swift, DH.swift, ECDH.swift, ANSIx963.swift, HKDF.swift, AESWrap.swift, AESWrap_boring.swift, Ed25519_boring.swift, NISTCurvesKeys_boring.swift, X25519Keys_boring.swift, Curve25519.swift, Ed25519Keys.swift, NISTCurvesKeys.swift, X25519Keys.swift, SymmetricKeys.swift, HMAC.swift, MACFunctions.swift, MessageAuthenticationCode.swift, AES.swift, ECDSASignature_boring.swift, ECDSA_boring.swift, EdDSA_boring.swift, MLDSA_boring.swift, MLDSA_wrapper.swift, ECDSA.swift, Ed25519.swift, MLDSA.swift, Signature.swift, CryptoKitErrors_boring.swift, Optional+withUnsafeBytes_boring.swift, RNG_boring.swift, SafeCompare_boring.swift, Zeroization_boring.swift, _CryptoModuleAnchor.swift, PrettyBytes.swift, SafeCompare.swift, SecureBytes.swift, Zeroization.swift (in target 'Crypto' from project 'swift-crypto')

SwiftDriver\ Compilation\ Requirements Crypto normal arm64 com.apple.xcode.tools.swift.compiler (in target 'Crypto' from project 'swift-crypto')
    cd /Users/mh/orca/workspaces/sonar-live-audio/Sonar.xcodeproj
    builtin-Swift-Compilation-Requirements -- /Applications/Xcode.app/Contents/Developer/Toolchains/XcodeDefault.xctoolchain/usr/bin/swiftc -module-name Crypto -O -whole-module-optimization @/Users/mh/orca/workspaces/sonar-live-audio/build/release/UnsignedDerivedData/Build/Intermediates.noindex/swift-crypto.build/Release-iphoneos/Crypto.build/Objects-normal/arm64/Crypto.SwiftFileList -DSWIFT_PACKAGE -DSWIFT_MODULE_RESOURCE_BUNDLE_AVAILABLE -DCRYPTO_IN_SWIFTPM -DXcode -enable-upcoming-feature MemberImportVisibility -plugin-path /Applications/Xcode.app/Contents/Developer/Toolchains/XcodeDefault.xctoolchain/usr/lib/swift/host/plugins/testing -enable-experimental-feature DebugDescriptionMacro -sdk /Applications/Xcode.app/Contents/Developer/Platforms/iPhoneOS.platform/Developer/SDKs/iPhoneOS26.5.sdk -target arm64-apple-ios12.0 -g -module-cache-path /Users/mh/orca/workspaces/sonar-live-audio/build/release/UnsignedDerivedData/ModuleCache.noindex -Xfrontend -serialize-debugging-options -suppress-warnings -swift-version 6 -I /Users/mh/orca/workspaces/sonar-live-audio/build/release/UnsignedDerivedData/Build/Products/Release-iphoneos -Isystem /Applications/Xcode.app/Contents/Developer/Platforms/iPhoneOS.platform/Developer/usr/lib -F /Users/mh/orca/workspaces/sonar-live-audio/build/release/UnsignedDerivedData/Build/Products/Release-iphoneos -F /Applications/Xcode.app/Contents/Developer/Platforms/iPhoneOS.platform/Developer/Library/Frameworks -F /Applications/Xcode.app/Contents/Developer/Platforms/iPhoneOS.platform/Developer/SDKs/iPhoneOS26.5.sdk/Developer/Library/Frameworks -c -num-threads 14 -Xcc -ivfsstatcache -Xcc /Users/mh/orca/workspaces/sonar-live-audio/build/release/UnsignedDerivedData/SDKStatCaches.noindex/iphoneos26.5-23F81a-32daed1954a7d5dd0789fcaf2a9bb78b.sdkstatcache -output-file-map /Users/mh/orca/workspaces/sonar-live-audio/build/release/UnsignedDerivedData/Build/Intermediates.noindex/swift-crypto.build/Release-iphoneos/Crypto.build/Objects-normal/arm64/Crypto-OutputFileMap.json -use-frontend-parseable-output -save-temps -no-color-diagnostics -explicit-module-build -module-cache-path /Users/mh/orca/workspaces/sonar-live-audio/build/release/UnsignedDerivedData/Build/Intermediates.noindex/SwiftExplicitPrecompiledModules -clang-scanner-module-cache-path /Users/mh/orca/workspaces/sonar-live-audio/build/release/UnsignedDerivedData/ModuleCache.noindex -sdk-module-cache-path /Users/mh/orca/workspaces/sonar-live-audio/build/release/UnsignedDerivedData/ModuleCache.noindex -serialize-diagnostics -emit-dependencies -emit-module -emit-module-path /Users/mh/orca/workspaces/sonar-live-audio/build/release/UnsignedDerivedData/Build/Intermediates.noindex/swift-crypto.build/Release-iphoneos/Crypto.build/Objects-normal/arm64/Crypto.swiftmodule -user-module-version 4.5.0 -validate-clang-modules-once -clang-build-session-file /Users/mh/orca/workspaces/sonar-live-audio/build/release/UnsignedDerivedData/ModuleCache.noindex/Session.modulevalidation -package-name swift_crypto -Xcc -I/Users/mh/orca/workspaces/sonar-live-audio/build/release/UnsignedDerivedData/Build/Intermediates.noindex/swift-crypto.build/Release-iphoneos/Crypto.build/swift-overrides.hmap -emit-const-values -Xfrontend -const-gather-protocols-file -Xfrontend /Users/mh/orca/workspaces/sonar-live-audio/build/release/UnsignedDerivedData/Build/Intermediates.noindex/swift-crypto.build/Release-iphoneos/Crypto.build/Objects-normal/arm64/Crypto_const_extract_protocols.json -Xcc -I/Users/mh/orca/workspaces/sonar-live-audio/build/release/UnsignedDerivedData/Build/Products/Release-iphoneos/include -Xcc -I/Users/mh/orca/workspaces/sonar-live-audio/build/release/UnsignedDerivedData/Build/Intermediates.noindex/swift-crypto.build/Release-iphoneos/Crypto.build/DerivedSources-normal/arm64 -Xcc -I/Users/mh/orca/workspaces/sonar-live-audio/build/release/UnsignedDerivedData/Build/Intermediates.noindex/swift-crypto.build/Release-iphoneos/Crypto.build/DerivedSources/arm64 -Xcc -I/Users/mh/orca/workspaces/sonar-live-audio/build/release/UnsignedDerivedData/Build/Intermediates.noindex/swift-crypto.build/Release-iphoneos/Crypto.build/DerivedSources -Xcc -DSWIFT_PACKAGE -emit-objc-header -emit-objc-header-path /Users/mh/orca/workspaces/sonar-live-audio/build/release/UnsignedDerivedData/Build/Intermediates.noindex/swift-crypto.build/Release-iphoneos/Crypto.build/Objects-normal/arm64/Crypto-Swift.h -working-directory /Users/mh/orca/workspaces/sonar-live-audio/Sonar.xcodeproj -no-emit-module-separately-wmo

SwiftMergeGeneratedHeaders /Users/mh/orca/workspaces/sonar-live-audio/build/release/UnsignedDerivedData/Build/Intermediates.noindex/GeneratedModuleMaps-iphoneos/Crypto-Swift.h /Users/mh/orca/workspaces/sonar-live-audio/build/release/UnsignedDerivedData/Build/Intermediates.noindex/swift-crypto.build/Release-iphoneos/Crypto.build/Objects-normal/arm64/Crypto-Swift.h (in target 'Crypto' from project 'swift-crypto')
    cd /Users/mh/orca/workspaces/sonar-live-audio/build/release/UnsignedDerivedData/SourcePackages/checkouts/swift-crypto
    builtin-swiftHeaderTool -arch arm64 /Users/mh/orca/workspaces/sonar-live-audio/build/release/UnsignedDerivedData/Build/Intermediates.noindex/swift-crypto.build/Release-iphoneos/Crypto.build/Objects-normal/arm64/Crypto-Swift.h -o /Users/mh/orca/workspaces/sonar-live-audio/build/release/UnsignedDerivedData/Build/Intermediates.noindex/GeneratedModuleMaps-iphoneos/Crypto-Swift.h

Copy /Users/mh/orca/workspaces/sonar-live-audio/build/release/UnsignedDerivedData/Build/Products/Release-iphoneos/Crypto.swiftmodule/arm64-apple-ios.abi.json /Users/mh/orca/workspaces/sonar-live-audio/build/release/UnsignedDerivedData/Build/Intermediates.noindex/swift-crypto.build/Release-iphoneos/Crypto.build/Objects-normal/arm64/Crypto.abi.json (in target 'Crypto' from project 'swift-crypto')
    cd /Users/mh/orca/workspaces/sonar-live-audio/build/release/UnsignedDerivedData/SourcePackages/checkouts/swift-crypto
    builtin-copy -exclude .DS_Store -exclude CVS -exclude .svn -exclude .git -exclude .hg -strip-unsigned-binaries -strip-deterministic -strip-tool /Applications/Xcode.app/Contents/Developer/Toolchains/XcodeDefault.xctoolchain/usr/bin/strip -resolve-src-symlinks -rename /Users/mh/orca/workspaces/sonar-live-audio/build/release/UnsignedDerivedData/Build/Intermediates.noindex/swift-crypto.build/Release-iphoneos/Crypto.build/Objects-normal/arm64/Crypto.abi.json /Users/mh/orca/workspaces/sonar-live-audio/build/release/UnsignedDerivedData/Build/Products/Release-iphoneos/Crypto.swiftmodule/arm64-apple-ios.abi.json

Copy /Users/mh/orca/workspaces/sonar-live-audio/build/release/UnsignedDerivedData/Build/Products/Release-iphoneos/Crypto.swiftmodule/arm64-apple-ios.swiftmodule /Users/mh/orca/workspaces/sonar-live-audio/build/release/UnsignedDerivedData/Build/Intermediates.noindex/swift-crypto.build/Release-iphoneos/Crypto.build/Objects-normal/arm64/Crypto.swiftmodule (in target 'Crypto' from project 'swift-crypto')
    cd /Users/mh/orca/workspaces/sonar-live-audio/build/release/UnsignedDerivedData/SourcePackages/checkouts/swift-crypto
    builtin-copy -exclude .DS_Store -exclude CVS -exclude .svn -exclude .git -exclude .hg -strip-unsigned-binaries -strip-deterministic -strip-tool /Applications/Xcode.app/Contents/Developer/Toolchains/XcodeDefault.xctoolchain/usr/bin/strip -resolve-src-symlinks -rename /Users/mh/orca/workspaces/sonar-live-audio/build/release/UnsignedDerivedData/Build/Intermediates.noindex/swift-crypto.build/Release-iphoneos/Crypto.build/Objects-normal/arm64/Crypto.swiftmodule /Users/mh/orca/workspaces/sonar-live-audio/build/release/UnsignedDerivedData/Build/Products/Release-iphoneos/Crypto.swiftmodule/arm64-apple-ios.swiftmodule

Copy /Users/mh/orca/workspaces/sonar-live-audio/build/release/UnsignedDerivedData/Build/Products/Release-iphoneos/Crypto.swiftmodule/arm64-apple-ios.swiftdoc /Users/mh/orca/workspaces/sonar-live-audio/build/release/UnsignedDerivedData/Build/Intermediates.noindex/swift-crypto.build/Release-iphoneos/Crypto.build/Objects-normal/arm64/Crypto.swiftdoc (in target 'Crypto' from project 'swift-crypto')
    cd /Users/mh/orca/workspaces/sonar-live-audio/build/release/UnsignedDerivedData/SourcePackages/checkouts/swift-crypto
    builtin-copy -exclude .DS_Store -exclude CVS -exclude .svn -exclude .git -exclude .hg -strip-unsigned-binaries -strip-deterministic -strip-tool /Applications/Xcode.app/Contents/Developer/Toolchains/XcodeDefault.xctoolchain/usr/bin/strip -resolve-src-symlinks -rename /Users/mh/orca/workspaces/sonar-live-audio/build/release/UnsignedDerivedData/Build/Intermediates.noindex/swift-crypto.build/Release-iphoneos/Crypto.build/Objects-normal/arm64/Crypto.swiftdoc /Users/mh/orca/workspaces/sonar-live-audio/build/release/UnsignedDerivedData/Build/Products/Release-iphoneos/Crypto.swiftmodule/arm64-apple-ios.swiftdoc

Copy /Users/mh/orca/workspaces/sonar-live-audio/build/release/UnsignedDerivedData/Build/Products/Release-iphoneos/Crypto.swiftmodule/Project/arm64-apple-ios.swiftsourceinfo /Users/mh/orca/workspaces/sonar-live-audio/build/release/UnsignedDerivedData/Build/Intermediates.noindex/swift-crypto.build/Release-iphoneos/Crypto.build/Objects-normal/arm64/Crypto.swiftsourceinfo (in target 'Crypto' from project 'swift-crypto')
    cd /Users/mh/orca/workspaces/sonar-live-audio/build/release/UnsignedDerivedData/SourcePackages/checkouts/swift-crypto
    builtin-copy -exclude .DS_Store -exclude CVS -exclude .svn -exclude .git -exclude .hg -strip-unsigned-binaries -strip-deterministic -strip-tool /Applications/Xcode.app/Contents/Developer/Toolchains/XcodeDefault.xctoolchain/usr/bin/strip -resolve-src-symlinks -rename /Users/mh/orca/workspaces/sonar-live-audio/build/release/UnsignedDerivedData/Build/Intermediates.noindex/swift-crypto.build/Release-iphoneos/Crypto.build/Objects-normal/arm64/Crypto.swiftsourceinfo /Users/mh/orca/workspaces/sonar-live-audio/build/release/UnsignedDerivedData/Build/Products/Release-iphoneos/Crypto.swiftmodule/Project/arm64-apple-ios.swiftsourceinfo

Ld /Users/mh/orca/workspaces/sonar-live-audio/build/release/UnsignedDerivedData/Build/Products/Release-iphoneos/Crypto.o normal (in target 'Crypto' from project 'swift-crypto')
    cd /Users/mh/orca/workspaces/sonar-live-audio/build/release/UnsignedDerivedData/SourcePackages/checkouts/swift-crypto
    /Applications/Xcode.app/Contents/Developer/Toolchains/XcodeDefault.xctoolchain/usr/bin/clang -Xlinker -reproducible -target arm64-apple-ios12.0 -r -isysroot /Applications/Xcode.app/Contents/Developer/Platforms/iPhoneOS.platform/Developer/SDKs/iPhoneOS26.5.sdk -Os -w -F/Users/mh/orca/workspaces/sonar-live-audio/build/release/UnsignedDerivedData/Build/Intermediates.noindex/EagerLinkingTBDs/Release-iphoneos -F/Users/mh/orca/workspaces/sonar-live-audio/build/release/UnsignedDerivedData/Build/Products/Release-iphoneos -iframework /Applications/Xcode.app/Contents/Developer/Platforms/iPhoneOS.platform/Developer/Library/Frameworks -iframework /Applications/Xcode.app/Contents/Developer/Platforms/iPhoneOS.platform/Developer/SDKs/iPhoneOS26.5.sdk/Developer/Library/Frameworks -filelist /Users/mh/orca/workspaces/sonar-live-audio/build/release/UnsignedDerivedData/Build/Intermediates.noindex/swift-crypto.build/Release-iphoneos/Crypto.build/Objects-normal/arm64/Crypto.LinkFileList -nostdlib -Xlinker -object_path_lto -Xlinker /Users/mh/orca/workspaces/sonar-live-audio/build/release/UnsignedDerivedData/Build/Intermediates.noindex/swift-crypto.build/Release-iphoneos/Crypto.build/Objects-normal/arm64/Crypto_lto.o -Xlinker -dependency_info -Xlinker /Users/mh/orca/workspaces/sonar-live-audio/build/release/UnsignedDerivedData/Build/Intermediates.noindex/swift-crypto.build/Release-iphoneos/Crypto.build/Objects-normal/arm64/Crypto_dependency_info.dat -fobjc-link-runtime -L/Applications/Xcode.app/Contents/Developer/Toolchains/XcodeDefault.xctoolchain/usr/lib/swift/iphoneos -L/usr/lib/swift -Xlinker -add_ast_path -Xlinker /Users/mh/orca/workspaces/sonar-live-audio/build/release/UnsignedDerivedData/Build/Intermediates.noindex/swift-crypto.build/Release-iphoneos/Crypto.build/Objects-normal/arm64/Crypto.swiftmodule @/Users/mh/orca/workspaces/sonar-live-audio/build/release/UnsignedDerivedData/Build/Intermediates.noindex/swift-crypto.build/Release-iphoneos/Crypto.build/Objects-normal/arm64/Crypto-linker-args.resp -o /Users/mh/orca/workspaces/sonar-live-audio/build/release/UnsignedDerivedData/Build/Products/Release-iphoneos/Crypto.o

ExtractAppIntentsMetadata (in target 'Crypto' from project 'swift-crypto')
    cd /Users/mh/orca/workspaces/sonar-live-audio/build/release/UnsignedDerivedData/SourcePackages/checkouts/swift-crypto
    /Applications/Xcode.app/Contents/Developer/Toolchains/XcodeDefault.xctoolchain/usr/bin/appintentsmetadataprocessor --toolchain-dir /Applications/Xcode.app/Contents/Developer/Toolchains/XcodeDefault.xctoolchain --module-name Crypto --sdk-root /Applications/Xcode.app/Contents/Developer/Platforms/iPhoneOS.platform/Developer/SDKs/iPhoneOS26.5.sdk --xcode-version 17F113 --platform-family iOS --deployment-target 12.0 --bundle-identifier swift-crypto.Crypto --output /Users/mh/orca/workspaces/sonar-live-audio/build/release/UnsignedDerivedData/Build/Products/Release-iphoneos/Crypto.appintents --target-triple arm64-apple-ios12.0 --binary-file /Users/mh/orca/workspaces/sonar-live-audio/build/release/UnsignedDerivedData/Build/Products/Release-iphoneos/Crypto.o --dependency-file /Users/mh/orca/workspaces/sonar-live-audio/build/release/UnsignedDerivedData/Build/Intermediates.noindex/swift-crypto.build/Release-iphoneos/Crypto.build/Objects-normal/arm64/Crypto_dependency_info.dat --stringsdata-file /Users/mh/orca/workspaces/sonar-live-audio/build/release/UnsignedDerivedData/Build/Intermediates.noindex/swift-crypto.build/Release-iphoneos/Crypto.build/Objects-normal/arm64/ExtractedAppShortcutsMetadata.stringsdata --source-file-list /Users/mh/orca/workspaces/sonar-live-audio/build/release/UnsignedDerivedData/Build/Intermediates.noindex/swift-crypto.build/Release-iphoneos/Crypto.build/Objects-normal/arm64/Crypto.SwiftFileList --metadata-file-list /Users/mh/orca/workspaces/sonar-live-audio/build/release/UnsignedDerivedData/Build/Intermediates.noindex/swift-crypto.build/Release-iphoneos/Crypto.build/Crypto.DependencyMetadataFileList --static-metadata-file-list /Users/mh/orca/workspaces/sonar-live-audio/build/release/UnsignedDerivedData/Build/Intermediates.noindex/swift-crypto.build/Release-iphoneos/Crypto.build/Crypto.DependencyStaticMetadataFileList --swift-const-vals-list /Users/mh/orca/workspaces/sonar-live-audio/build/release/UnsignedDerivedData/Build/Intermediates.noindex/swift-crypto.build/Release-iphoneos/Crypto.build/Objects-normal/arm64/Crypto.SwiftConstValuesFileList --force --compile-time-extraction --deployment-aware-processing --validate-assistant-intents --no-app-shortcuts-localization
2026-08-10 00:28:25.003 appintentsmetadataprocessor[73129:2284722] Starting appintentsmetadataprocessor export
2026-08-10 00:28:25.010 appintentsmetadataprocessor[73129:2284722] Extracted no relevant App Intents symbols, skipping writing output

PrecompileModule /Users/mh/orca/workspaces/sonar-live-audio/build/release/UnsignedDerivedData/Build/Intermediates.noindex/ExplicitPrecompiledModules/ReplayKit-34CYXOJ2BUO2EINJA3JYLGQTO.scan
    cd /
    builtin-precompileModule /Users/mh/orca/workspaces/sonar-live-audio/build/release/UnsignedDerivedData/Build/Intermediates.noindex/ExplicitPrecompiledModules/ReplayKit-34CYXOJ2BUO2EINJA3JYLGQTO.scan

RegisterExecutionPolicyException /Users/mh/orca/workspaces/sonar-live-audio/build/release/UnsignedDerivedData/Build/Products/Release-iphoneos/Crypto.o (in target 'Crypto' from project 'swift-crypto')
    cd /Users/mh/orca/workspaces/sonar-live-audio/build/release/UnsignedDerivedData/SourcePackages/checkouts/swift-crypto
    builtin-RegisterExecutionPolicyException /Users/mh/orca/workspaces/sonar-live-audio/build/release/UnsignedDerivedData/Build/Products/Release-iphoneos/Crypto.o

CompileC /Users/mh/orca/workspaces/sonar-live-audio/build/release/UnsignedDerivedData/Build/Intermediates.noindex/LiveKit.build/Release-iphoneos/LKObjCHelpers.build/Objects-normal/arm64/LKObjCHelpers.o /Users/mh/orca/workspaces/sonar-live-audio/build/release/UnsignedDerivedData/SourcePackages/checkouts/client-sdk-swift/Sources/LKObjCHelpers/LKObjCHelpers.m normal arm64 objective-c com.apple.compilers.llvm.clang.1_0.compiler (in target 'LKObjCHelpers' from project 'LiveKit')
    cd /Users/mh/orca/workspaces/sonar-live-audio/Sonar.xcodeproj
    
    Using response file: /Users/mh/orca/workspaces/sonar-live-audio/build/release/UnsignedDerivedData/Build/Intermediates.noindex/LiveKit.build/Release-iphoneos/LKObjCHelpers.build/Objects-normal/arm64/e6072d4f65d7061329687fe24e3d63a7-common-args.resp
    
    /Applications/Xcode.app/Contents/Developer/Toolchains/XcodeDefault.xctoolchain/usr/bin/clang -x objective-c -ivfsstatcache /Users/mh/orca/workspaces/sonar-live-audio/build/release/UnsignedDerivedData/SDKStatCaches.noindex/iphoneos26.5-23F81a-32daed1954a7d5dd0789fcaf2a9bb78b.sdkstatcache -target arm64-apple-ios13.0 -fmessage-length\=0 -fdiagnostics-show-note-include-stack -fmacro-backtrace-limit\=0 -fno-color-diagnostics -fmodules-prune-interval\=86400 -fmodules-prune-after\=345600 -fbuild-session-file\=/Users/mh/orca/workspaces/sonar-live-audio/build/release/UnsignedDerivedData/ModuleCache.noindex/Session.modulevalidation -fmodules-validate-once-per-build-session -Wnon-modular-include-in-framework-module -Werror\=non-modular-include-in-framework-module -Wno-trigraphs -Wno-missing-field-initializers -Wno-missing-prototypes -Wno-return-type -Wno-implicit-atomic-properties -Wno-objc-interface-ivars -Wno-arc-repeated-use-of-weak -Wno-missing-braces -Wparentheses -Wswitch -Wno-unused-function -Wno-unused-label -Wno-unused-parameter -Wno-unused-variable -Wunused-value -Wno-empty-body -Wno-uninitialized -Wno-unknown-pragmas -w -Wno-shadow -Wno-four-char-constants -Wno-conversion -Wno-constant-conversion -Wno-int-conversion -Wno-bool-conversion -Wno-enum-conversion -Wno-float-conversion -Wno-non-literal-null-conversion -Wno-objc-literal-conversion -Wshorten-64-to-32 -Wpointer-sign -Wno-newline-eof -Wno-selector -Wno-strict-selector-match -Wno-undeclared-selector -Wno-deprecated-implementations -Wno-implicit-fallthrough -isysroot /Applications/Xcode.app/Contents/Developer/Platforms/iPhoneOS.platform/Developer/SDKs/iPhoneOS26.5.sdk -fstrict-aliasing -Wprotocol -Wdeprecated-declarations -Wno-sign-conversion -Wno-infinite-recursion -Wno-comma -Wno-block-capture-autoreleasing -Wno-strict-prototypes -Wno-semicolon-before-method-body @/Users/mh/orca/workspaces/sonar-live-audio/build/release/UnsignedDerivedData/Build/Intermediates.noindex/LiveKit.build/Release-iphoneos/LKObjCHelpers.build/Objects-normal/arm64/e6072d4f65d7061329687fe24e3d63a7-common-args.resp -MMD -MT dependencies -MF /Users/mh/orca/workspaces/sonar-live-audio/build/release/UnsignedDerivedData/Build/Intermediates.noindex/LiveKit.build/Release-iphoneos/LKObjCHelpers.build/Objects-normal/arm64/LKObjCHelpers.d --serialize-diagnostics /Users/mh/orca/workspaces/sonar-live-audio/build/release/UnsignedDerivedData/Build/Intermediates.noindex/LiveKit.build/Release-iphoneos/LKObjCHelpers.build/Objects-normal/arm64/LKObjCHelpers.dia -c /Users/mh/orca/workspaces/sonar-live-audio/build/release/UnsignedDerivedData/SourcePackages/checkouts/client-sdk-swift/Sources/LKObjCHelpers/LKObjCHelpers.m -o /Users/mh/orca/workspaces/sonar-live-audio/build/release/UnsignedDerivedData/Build/Intermediates.noindex/LiveKit.build/Release-iphoneos/LKObjCHelpers.build/Objects-normal/arm64/LKObjCHelpers.o

Ld /Users/mh/orca/workspaces/sonar-live-audio/build/release/UnsignedDerivedData/Build/Products/Release-iphoneos/LKObjCHelpers.o normal (in target 'LKObjCHelpers' from project 'LiveKit')
    cd /Users/mh/orca/workspaces/sonar-live-audio/build/release/UnsignedDerivedData/SourcePackages/checkouts/client-sdk-swift
    /Applications/Xcode.app/Contents/Developer/Toolchains/XcodeDefault.xctoolchain/usr/bin/clang -Xlinker -reproducible -target arm64-apple-ios13.0 -r -isysroot /Applications/Xcode.app/Contents/Developer/Platforms/iPhoneOS.platform/Developer/SDKs/iPhoneOS26.5.sdk -Os -w -F/Users/mh/orca/workspaces/sonar-live-audio/build/release/UnsignedDerivedData/Build/Intermediates.noindex/EagerLinkingTBDs/Release-iphoneos -F/Users/mh/orca/workspaces/sonar-live-audio/build/release/UnsignedDerivedData/Build/Products/Release-iphoneos -iframework /Applications/Xcode.app/Contents/Developer/Platforms/iPhoneOS.platform/Developer/Library/Frameworks -iframework /Applications/Xcode.app/Contents/Developer/Platforms/iPhoneOS.platform/Developer/SDKs/iPhoneOS26.5.sdk/Developer/Library/Frameworks -filelist /Users/mh/orca/workspaces/sonar-live-audio/build/release/UnsignedDerivedData/Build/Intermediates.noindex/LiveKit.build/Release-iphoneos/LKObjCHelpers.build/Objects-normal/arm64/LKObjCHelpers.LinkFileList -nostdlib -Xlinker -object_path_lto -Xlinker /Users/mh/orca/workspaces/sonar-live-audio/build/release/UnsignedDerivedData/Build/Intermediates.noindex/LiveKit.build/Release-iphoneos/LKObjCHelpers.build/Objects-normal/arm64/LKObjCHelpers_lto.o -Xlinker -dependency_info -Xlinker /Users/mh/orca/workspaces/sonar-live-audio/build/release/UnsignedDerivedData/Build/Intermediates.noindex/LiveKit.build/Release-iphoneos/LKObjCHelpers.build/Objects-normal/arm64/LKObjCHelpers_dependency_info.dat -fobjc-arc -fobjc-link-runtime -o /Users/mh/orca/workspaces/sonar-live-audio/build/release/UnsignedDerivedData/Build/Products/Release-iphoneos/LKObjCHelpers.o

RegisterExecutionPolicyException /Users/mh/orca/workspaces/sonar-live-audio/build/release/UnsignedDerivedData/Build/Products/Release-iphoneos/LKObjCHelpers.o (in target 'LKObjCHelpers' from project 'LiveKit')
    cd /Users/mh/orca/workspaces/sonar-live-audio/build/release/UnsignedDerivedData/SourcePackages/checkouts/client-sdk-swift
    builtin-RegisterExecutionPolicyException /Users/mh/orca/workspaces/sonar-live-audio/build/release/UnsignedDerivedData/Build/Products/Release-iphoneos/LKObjCHelpers.o

SwiftDriverJobDiscovery normal arm64 Compiling _HashTable+Bucket.swift, _HashTable+BucketIterator.swift, _HashTable+Constants.swift, _HashTable+CustomStringConvertible.swift, _HashTable+Testing.swift, _HashTable+UnsafeHandle.swift, _HashTable.swift, _Hashtable+Header.swift, OrderedDictionary+Codable.swift, OrderedDictionary+CustomReflectable.swift, OrderedDictionary+Deprecations.swift, OrderedDictionary+Descriptions.swift, OrderedDictionary+Elements.SubSequence.swift, OrderedDictionary+Elements.swift, OrderedDictionary+Equatable.swift, OrderedDictionary+ExpressibleByDictionaryLiteral.swift, OrderedDictionary+Hashable.swift, OrderedDictionary+Initializers.swift, OrderedDictionary+Invariants.swift, OrderedDictionary+Partial MutableCollection.swift, OrderedDictionary+Partial RangeReplaceableCollection.swift, OrderedDictionary+Sendable.swift, OrderedDictionary+Sequence.swift, OrderedDictionary+Values.swift, OrderedDictionary.swift, OrderedSet+Codable.swift, OrderedSet+CustomReflectable.swift, OrderedSet+Descriptions.swift, OrderedSet+Diffing.swift, OrderedSet+Equatable.swift, OrderedSet+ExpressibleByArrayLiteral.swift, OrderedSet+Hashable.swift, OrderedSet+Initializers.swift, OrderedSet+Insertions.swift, OrderedSet+Invariants.swift, OrderedSet+Partial MutableCollection.swift, OrderedSet+Partial RangeReplaceableCollection.swift, OrderedSet+Partial SetAlgebra formIntersection.swift, OrderedSet+Partial SetAlgebra formSymmetricDifference.swift, OrderedSet+Partial SetAlgebra formUnion.swift, OrderedSet+Partial SetAlgebra intersection.swift, OrderedSet+Partial SetAlgebra isDisjoint.swift, OrderedSet+Partial SetAlgebra isEqualSet.swift, OrderedSet+Partial SetAlgebra isStrictSubset.swift, OrderedSet+Partial SetAlgebra isStrictSuperset.swift, OrderedSet+Partial SetAlgebra isSubset.swift, OrderedSet+Partial SetAlgebra isSuperset.swift, OrderedSet+Partial SetAlgebra subtract.swift, OrderedSet+Partial SetAlgebra subtracting.swift, OrderedSet+Partial SetAlgebra symmetricDifference.swift, OrderedSet+Partial SetAlgebra union.swift, OrderedSet+Partial SetAlgebra+Basics.swift, OrderedSet+RandomAccessCollection.swift, OrderedSet+ReserveCapacity.swift, OrderedSet+Sendable.swift, OrderedSet+SubSequence.swift, OrderedSet+Testing.swift, OrderedSet+UnorderedView.swift, OrderedSet+UnstableInternals.swift, OrderedSet.swift, _UnsafeBitset.swift (in target 'OrderedCollections' from project 'swift-collections')

SwiftDriver\ Compilation\ Requirements OrderedCollections normal arm64 com.apple.xcode.tools.swift.compiler (in target 'OrderedCollections' from project 'swift-collections')
    cd /Users/mh/orca/workspaces/sonar-live-audio/Sonar.xcodeproj
    builtin-Swift-Compilation-Requirements -- /Applications/Xcode.app/Contents/Developer/Toolchains/XcodeDefault.xctoolchain/usr/bin/swiftc -module-name OrderedCollections -O -whole-module-optimization @/Users/mh/orca/workspaces/sonar-live-audio/build/release/UnsignedDerivedData/Build/Intermediates.noindex/swift-collections.build/Release-iphoneos/OrderedCollections.build/Objects-normal/arm64/OrderedCollections.SwiftFileList -DSWIFT_PACKAGE -DSWIFT_MODULE_RESOURCE_BUNDLE_UNAVAILABLE -DCOLLECTIONS_RANDOMIZED_TESTING -DXcode -enable-experimental-feature AvailabilityMacro\=SwiftStdlib\ 5.0:\ macOS\ 10.14.4,\ iOS\ 12.2,\ watchOS\ 5.2,\ tvOS\ 12.2 -enable-experimental-feature AvailabilityMacro\=SwiftStdlib\ 5.1:\ macOS\ 10.15,\ iOS\ 13.0,\ watchOS\ 6.0,\ tvOS\ 13.0 -enable-experimental-feature AvailabilityMacro\=SwiftStdlib\ 5.6:\ macOS\ 12.3,\ iOS\ 15.4,\ watchOS\ 8.5,\ tvOS\ 15.4 -enable-experimental-feature AvailabilityMacro\=SwiftStdlib\ 5.7:\ macOS\ 13.0,\ iOS\ 16.0,\ watchOS\ 9.0,\ tvOS\ 16.0 -enable-experimental-feature AvailabilityMacro\=SwiftStdlib\ 5.8:\ macOS\ 13.3,\ iOS\ 16.4,\ watchOS\ 9.4,\ tvOS\ 16.4 -enable-experimental-feature AvailabilityMacro\=SwiftStdlib\ 5.9:\ macOS\ 14.0,\ iOS\ 17.0,\ watchOS\ 10.0,\ tvOS\ 17.0 -enable-experimental-feature AvailabilityMacro\=SwiftStdlib\ 5.10:\ macOS\ 14.4,\ iOS\ 17.4,\ watchOS\ 10.4,\ tvOS\ 17.4,\ visionOS\ 1.1 -enable-experimental-feature AvailabilityMacro\=SwiftStdlib\ 6.0:\ macOS\ 15.0,\ iOS\ 18.0,\ watchOS\ 11.0,\ tvOS\ 18.0,\ visionOS\ 2.0 -enable-experimental-feature AvailabilityMacro\=SwiftStdlib\ 6.1:\ macOS\ 15.4,\ iOS\ 18.4,\ watchOS\ 11.4,\ tvOS\ 18.4,\ visionOS\ 2.4 -enable-experimental-feature AvailabilityMacro\=SwiftStdlib\ 6.2:\ macOS\ 26.0,\ iOS\ 26.0,\ watchOS\ 26.0,\ tvOS\ 26.0,\ visionOS\ 26.0 -enable-experimental-feature AvailabilityMacro\=SwiftStdlib\ 6.3:\ macOS\ 26.4,\ iOS\ 26.4,\ watchOS\ 26.4,\ tvOS\ 26.4,\ visionOS\ 26.4 -enable-upcoming-feature MemberImportVisibility -enable-experimental-feature BuiltinModule -enable-experimental-feature Lifetimes -enable-experimental-feature InoutLifetimeDependence -enable-experimental-feature SuppressedAssociatedTypes -enable-experimental-feature AddressableParameters -enable-experimental-feature AddressableTypes -plugin-path /Applications/Xcode.app/Contents/Developer/Toolchains/XcodeDefault.xctoolchain/usr/lib/swift/host/plugins/testing -enable-experimental-feature DebugDescriptionMacro -sdk /Applications/Xcode.app/Contents/Developer/Platforms/iPhoneOS.platform/Developer/SDKs/iPhoneOS26.5.sdk -target arm64-apple-ios12.0 -g -module-cache-path /Users/mh/orca/workspaces/sonar-live-audio/build/release/UnsignedDerivedData/ModuleCache.noindex -Xfrontend -serialize-debugging-options -suppress-warnings -swift-version 6 -I /Users/mh/orca/workspaces/sonar-live-audio/build/release/UnsignedDerivedData/Build/Products/Release-iphoneos -Isystem /Applications/Xcode.app/Contents/Developer/Platforms/iPhoneOS.platform/Developer/usr/lib -F /Users/mh/orca/workspaces/sonar-live-audio/build/release/UnsignedDerivedData/Build/Products/Release-iphoneos/PackageFrameworks -F /Users/mh/orca/workspaces/sonar-live-audio/build/release/UnsignedDerivedData/Build/Products/Release-iphoneos -F /Applications/Xcode.app/Contents/Developer/Platforms/iPhoneOS.platform/Developer/Library/Frameworks -F /Applications/Xcode.app/Contents/Developer/Platforms/iPhoneOS.platform/Developer/SDKs/iPhoneOS26.5.sdk/Developer/Library/Frameworks -c -num-threads 14 -Xcc -ivfsstatcache -Xcc /Users/mh/orca/workspaces/sonar-live-audio/build/release/UnsignedDerivedData/SDKStatCaches.noindex/iphoneos26.5-23F81a-32daed1954a7d5dd0789fcaf2a9bb78b.sdkstatcache -output-file-map /Users/mh/orca/workspaces/sonar-live-audio/build/release/UnsignedDerivedData/Build/Intermediates.noindex/swift-collections.build/Release-iphoneos/OrderedCollections.build/Objects-normal/arm64/OrderedCollections-OutputFileMap.json -use-frontend-parseable-output -save-temps -no-color-diagnostics -explicit-module-build -module-cache-path /Users/mh/orca/workspaces/sonar-live-audio/build/release/UnsignedDerivedData/Build/Intermediates.noindex/SwiftExplicitPrecompiledModules -clang-scanner-module-cache-path /Users/mh/orca/workspaces/sonar-live-audio/build/release/UnsignedDerivedData/ModuleCache.noindex -sdk-module-cache-path /Users/mh/orca/workspaces/sonar-live-audio/build/release/UnsignedDerivedData/ModuleCache.noindex -serialize-diagnostics -emit-dependencies -emit-module -emit-module-path /Users/mh/orca/workspaces/sonar-live-audio/build/release/UnsignedDerivedData/Build/Intermediates.noindex/swift-collections.build/Release-iphoneos/OrderedCollections.build/Objects-normal/arm64/OrderedCollections.swiftmodule -user-module-version 1.4.1 -validate-clang-modules-once -clang-build-session-file /Users/mh/orca/workspaces/sonar-live-audio/build/release/UnsignedDerivedData/ModuleCache.noindex/Session.modulevalidation -package-name swift_collections -Xcc -I/Users/mh/orca/workspaces/sonar-live-audio/build/release/UnsignedDerivedData/Build/Intermediates.noindex/swift-collections.build/Release-iphoneos/OrderedCollections.build/swift-overrides.hmap -emit-const-values -Xfrontend -const-gather-protocols-file -Xfrontend /Users/mh/orca/workspaces/sonar-live-audio/build/release/UnsignedDerivedData/Build/Intermediates.noindex/swift-collections.build/Release-iphoneos/OrderedCollections.build/Objects-normal/arm64/OrderedCollections_const_extract_protocols.json -Xcc -I/Users/mh/orca/workspaces/sonar-live-audio/build/release/UnsignedDerivedData/Build/Products/Release-iphoneos/include -Xcc -I/Users/mh/orca/workspaces/sonar-live-audio/build/release/UnsignedDerivedData/Build/Intermediates.noindex/swift-collections.build/Release-iphoneos/OrderedCollections.build/DerivedSources-normal/arm64 -Xcc -I/Users/mh/orca/workspaces/sonar-live-audio/build/release/UnsignedDerivedData/Build/Intermediates.noindex/swift-collections.build/Release-iphoneos/OrderedCollections.build/DerivedSources/arm64 -Xcc -I/Users/mh/orca/workspaces/sonar-live-audio/build/release/UnsignedDerivedData/Build/Intermediates.noindex/swift-collections.build/Release-iphoneos/OrderedCollections.build/DerivedSources -Xcc -DSWIFT_PACKAGE -emit-objc-header -emit-objc-header-path /Users/mh/orca/workspaces/sonar-live-audio/build/release/UnsignedDerivedData/Build/Intermediates.noindex/swift-collections.build/Release-iphoneos/OrderedCollections.build/Objects-normal/arm64/OrderedCollections-Swift.h -working-directory /Users/mh/orca/workspaces/sonar-live-audio/Sonar.xcodeproj -no-emit-module-separately-wmo

SwiftMergeGeneratedHeaders /Users/mh/orca/workspaces/sonar-live-audio/build/release/UnsignedDerivedData/Build/Intermediates.noindex/GeneratedModuleMaps-iphoneos/OrderedCollections-Swift.h /Users/mh/orca/workspaces/sonar-live-audio/build/release/UnsignedDerivedData/Build/Intermediates.noindex/swift-collections.build/Release-iphoneos/OrderedCollections.build/Objects-normal/arm64/OrderedCollections-Swift.h (in target 'OrderedCollections' from project 'swift-collections')
    cd /Users/mh/orca/workspaces/sonar-live-audio/build/release/UnsignedDerivedData/SourcePackages/checkouts/swift-collections
    builtin-swiftHeaderTool -arch arm64 /Users/mh/orca/workspaces/sonar-live-audio/build/release/UnsignedDerivedData/Build/Intermediates.noindex/swift-collections.build/Release-iphoneos/OrderedCollections.build/Objects-normal/arm64/OrderedCollections-Swift.h -o /Users/mh/orca/workspaces/sonar-live-audio/build/release/UnsignedDerivedData/Build/Intermediates.noindex/GeneratedModuleMaps-iphoneos/OrderedCollections-Swift.h

Copy /Users/mh/orca/workspaces/sonar-live-audio/build/release/UnsignedDerivedData/Build/Products/Release-iphoneos/OrderedCollections.swiftmodule/arm64-apple-ios.abi.json /Users/mh/orca/workspaces/sonar-live-audio/build/release/UnsignedDerivedData/Build/Intermediates.noindex/swift-collections.build/Release-iphoneos/OrderedCollections.build/Objects-normal/arm64/OrderedCollections.abi.json (in target 'OrderedCollections' from project 'swift-collections')
    cd /Users/mh/orca/workspaces/sonar-live-audio/build/release/UnsignedDerivedData/SourcePackages/checkouts/swift-collections
    builtin-copy -exclude .DS_Store -exclude CVS -exclude .svn -exclude .git -exclude .hg -strip-unsigned-binaries -strip-deterministic -strip-tool /Applications/Xcode.app/Contents/Developer/Toolchains/XcodeDefault.xctoolchain/usr/bin/strip -resolve-src-symlinks -rename /Users/mh/orca/workspaces/sonar-live-audio/build/release/UnsignedDerivedData/Build/Intermediates.noindex/swift-collections.build/Release-iphoneos/OrderedCollections.build/Objects-normal/arm64/OrderedCollections.abi.json /Users/mh/orca/workspaces/sonar-live-audio/build/release/UnsignedDerivedData/Build/Products/Release-iphoneos/OrderedCollections.swiftmodule/arm64-apple-ios.abi.json

Copy /Users/mh/orca/workspaces/sonar-live-audio/build/release/UnsignedDerivedData/Build/Products/Release-iphoneos/OrderedCollections.swiftmodule/arm64-apple-ios.swiftdoc /Users/mh/orca/workspaces/sonar-live-audio/build/release/UnsignedDerivedData/Build/Intermediates.noindex/swift-collections.build/Release-iphoneos/OrderedCollections.build/Objects-normal/arm64/OrderedCollections.swiftdoc (in target 'OrderedCollections' from project 'swift-collections')
    cd /Users/mh/orca/workspaces/sonar-live-audio/build/release/UnsignedDerivedData/SourcePackages/checkouts/swift-collections
    builtin-copy -exclude .DS_Store -exclude CVS -exclude .svn -exclude .git -exclude .hg -strip-unsigned-binaries -strip-deterministic -strip-tool /Applications/Xcode.app/Contents/Developer/Toolchains/XcodeDefault.xctoolchain/usr/bin/strip -resolve-src-symlinks -rename /Users/mh/orca/workspaces/sonar-live-audio/build/release/UnsignedDerivedData/Build/Intermediates.noindex/swift-collections.build/Release-iphoneos/OrderedCollections.build/Objects-normal/arm64/OrderedCollections.swiftdoc /Users/mh/orca/workspaces/sonar-live-audio/build/release/UnsignedDerivedData/Build/Products/Release-iphoneos/OrderedCollections.swiftmodule/arm64-apple-ios.swiftdoc

Copy /Users/mh/orca/workspaces/sonar-live-audio/build/release/UnsignedDerivedData/Build/Products/Release-iphoneos/OrderedCollections.swiftmodule/arm64-apple-ios.swiftmodule /Users/mh/orca/workspaces/sonar-live-audio/build/release/UnsignedDerivedData/Build/Intermediates.noindex/swift-collections.build/Release-iphoneos/OrderedCollections.build/Objects-normal/arm64/OrderedCollections.swiftmodule (in target 'OrderedCollections' from project 'swift-collections')
    cd /Users/mh/orca/workspaces/sonar-live-audio/build/release/UnsignedDerivedData/SourcePackages/checkouts/swift-collections
    builtin-copy -exclude .DS_Store -exclude CVS -exclude .svn -exclude .git -exclude .hg -strip-unsigned-binaries -strip-deterministic -strip-tool /Applications/Xcode.app/Contents/Developer/Toolchains/XcodeDefault.xctoolchain/usr/bin/strip -resolve-src-symlinks -rename /Users/mh/orca/workspaces/sonar-live-audio/build/release/UnsignedDerivedData/Build/Intermediates.noindex/swift-collections.build/Release-iphoneos/OrderedCollections.build/Objects-normal/arm64/OrderedCollections.swiftmodule /Users/mh/orca/workspaces/sonar-live-audio/build/release/UnsignedDerivedData/Build/Products/Release-iphoneos/OrderedCollections.swiftmodule/arm64-apple-ios.swiftmodule

Copy /Users/mh/orca/workspaces/sonar-live-audio/build/release/UnsignedDerivedData/Build/Products/Release-iphoneos/OrderedCollections.swiftmodule/Project/arm64-apple-ios.swiftsourceinfo /Users/mh/orca/workspaces/sonar-live-audio/build/release/UnsignedDerivedData/Build/Intermediates.noindex/swift-collections.build/Release-iphoneos/OrderedCollections.build/Objects-normal/arm64/OrderedCollections.swiftsourceinfo (in target 'OrderedCollections' from project 'swift-collections')
    cd /Users/mh/orca/workspaces/sonar-live-audio/build/release/UnsignedDerivedData/SourcePackages/checkouts/swift-collections
    builtin-copy -exclude .DS_Store -exclude CVS -exclude .svn -exclude .git -exclude .hg -strip-unsigned-binaries -strip-deterministic -strip-tool /Applications/Xcode.app/Contents/Developer/Toolchains/XcodeDefault.xctoolchain/usr/bin/strip -resolve-src-symlinks -rename /Users/mh/orca/workspaces/sonar-live-audio/build/release/UnsignedDerivedData/Build/Intermediates.noindex/swift-collections.build/Release-iphoneos/OrderedCollections.build/Objects-normal/arm64/OrderedCollections.swiftsourceinfo /Users/mh/orca/workspaces/sonar-live-audio/build/release/UnsignedDerivedData/Build/Products/Release-iphoneos/OrderedCollections.swiftmodule/Project/arm64-apple-ios.swiftsourceinfo

Ld /Users/mh/orca/workspaces/sonar-live-audio/build/release/UnsignedDerivedData/Build/Products/Release-iphoneos/OrderedCollections.o normal (in target 'OrderedCollections' from project 'swift-collections')
    cd /Users/mh/orca/workspaces/sonar-live-audio/build/release/UnsignedDerivedData/SourcePackages/checkouts/swift-collections
    /Applications/Xcode.app/Contents/Developer/Toolchains/XcodeDefault.xctoolchain/usr/bin/clang -Xlinker -reproducible -target arm64-apple-ios12.0 -r -isysroot /Applications/Xcode.app/Contents/Developer/Platforms/iPhoneOS.platform/Developer/SDKs/iPhoneOS26.5.sdk -Os -w -F/Users/mh/orca/workspaces/sonar-live-audio/build/release/UnsignedDerivedData/Build/Intermediates.noindex/EagerLinkingTBDs/Release-iphoneos -F/Users/mh/orca/workspaces/sonar-live-audio/build/release/UnsignedDerivedData/Build/Products/Release-iphoneos/PackageFrameworks -F/Users/mh/orca/workspaces/sonar-live-audio/build/release/UnsignedDerivedData/Build/Products/Release-iphoneos -iframework /Applications/Xcode.app/Contents/Developer/Platforms/iPhoneOS.platform/Developer/Library/Frameworks -iframework /Applications/Xcode.app/Contents/Developer/Platforms/iPhoneOS.platform/Developer/SDKs/iPhoneOS26.5.sdk/Developer/Library/Frameworks -filelist /Users/mh/orca/workspaces/sonar-live-audio/build/release/UnsignedDerivedData/Build/Intermediates.noindex/swift-collections.build/Release-iphoneos/OrderedCollections.build/Objects-normal/arm64/OrderedCollections.LinkFileList -nostdlib -Xlinker -object_path_lto -Xlinker /Users/mh/orca/workspaces/sonar-live-audio/build/release/UnsignedDerivedData/Build/Intermediates.noindex/swift-collections.build/Release-iphoneos/OrderedCollections.build/Objects-normal/arm64/OrderedCollections_lto.o -Xlinker -dependency_info -Xlinker /Users/mh/orca/workspaces/sonar-live-audio/build/release/UnsignedDerivedData/Build/Intermediates.noindex/swift-collections.build/Release-iphoneos/OrderedCollections.build/Objects-normal/arm64/OrderedCollections_dependency_info.dat -fobjc-link-runtime -L/Applications/Xcode.app/Contents/Developer/Toolchains/XcodeDefault.xctoolchain/usr/lib/swift/iphoneos -L/usr/lib/swift -Xlinker -add_ast_path -Xlinker /Users/mh/orca/workspaces/sonar-live-audio/build/release/UnsignedDerivedData/Build/Intermediates.noindex/swift-collections.build/Release-iphoneos/OrderedCollections.build/Objects-normal/arm64/OrderedCollections.swiftmodule @/Users/mh/orca/workspaces/sonar-live-audio/build/release/UnsignedDerivedData/Build/Intermediates.noindex/swift-collections.build/Release-iphoneos/OrderedCollections.build/Objects-normal/arm64/OrderedCollections-linker-args.resp -o /Users/mh/orca/workspaces/sonar-live-audio/build/release/UnsignedDerivedData/Build/Products/Release-iphoneos/OrderedCollections.o

SwiftDriver Jinja normal arm64 com.apple.xcode.tools.swift.compiler (in target 'Jinja' from project 'Jinja')
    cd /Users/mh/orca/workspaces/sonar-live-audio/Sonar.xcodeproj
    builtin-SwiftDriver -- /Applications/Xcode.app/Contents/Developer/Toolchains/XcodeDefault.xctoolchain/usr/bin/swiftc -module-name Jinja -O -whole-module-optimization @/Users/mh/orca/workspaces/sonar-live-audio/build/release/UnsignedDerivedData/Build/Intermediates.noindex/Jinja.build/Release-iphoneos/Jinja.build/Objects-normal/arm64/Jinja.SwiftFileList -DSWIFT_PACKAGE -DSWIFT_MODULE_RESOURCE_BUNDLE_UNAVAILABLE -DXcode -plugin-path /Applications/Xcode.app/Contents/Developer/Toolchains/XcodeDefault.xctoolchain/usr/lib/swift/host/plugins/testing -enable-experimental-feature DebugDescriptionMacro -sdk /Applications/Xcode.app/Contents/Developer/Platforms/iPhoneOS.platform/Developer/SDKs/iPhoneOS26.5.sdk -target arm64-apple-ios16.0 -g -module-cache-path /Users/mh/orca/workspaces/sonar-live-audio/build/release/UnsignedDerivedData/ModuleCache.noindex -Xfrontend -serialize-debugging-options -suppress-warnings -swift-version 6 -I /Users/mh/orca/workspaces/sonar-live-audio/build/release/UnsignedDerivedData/Build/Products/Release-iphoneos -Isystem /Applications/Xcode.app/Contents/Developer/Platforms/iPhoneOS.platform/Developer/usr/lib -F /Users/mh/orca/workspaces/sonar-live-audio/build/release/UnsignedDerivedData/Build/Products/Release-iphoneos/PackageFrameworks -F /Users/mh/orca/workspaces/sonar-live-audio/build/release/UnsignedDerivedData/Build/Products/Release-iphoneos/PackageFrameworks -F /Users/mh/orca/workspaces/sonar-live-audio/build/release/UnsignedDerivedData/Build/Products/Release-iphoneos -F /Applications/Xcode.app/Contents/Developer/Platforms/iPhoneOS.platform/Developer/Library/Frameworks -F /Applications/Xcode.app/Contents/Developer/Platforms/iPhoneOS.platform/Developer/SDKs/iPhoneOS26.5.sdk/Developer/Library/Frameworks -c -num-threads 14 -Xcc -ivfsstatcache -Xcc /Users/mh/orca/workspaces/sonar-live-audio/build/release/UnsignedDerivedData/SDKStatCaches.noindex/iphoneos26.5-23F81a-32daed1954a7d5dd0789fcaf2a9bb78b.sdkstatcache -output-file-map /Users/mh/orca/workspaces/sonar-live-audio/build/release/UnsignedDerivedData/Build/Intermediates.noindex/Jinja.build/Release-iphoneos/Jinja.build/Objects-normal/arm64/Jinja-OutputFileMap.json -use-frontend-parseable-output -save-temps -no-color-diagnostics -explicit-module-build -module-cache-path /Users/mh/orca/workspaces/sonar-live-audio/build/release/UnsignedDerivedData/Build/Intermediates.noindex/SwiftExplicitPrecompiledModules -clang-scanner-module-cache-path /Users/mh/orca/workspaces/sonar-live-audio/build/release/UnsignedDerivedData/ModuleCache.noindex -sdk-module-cache-path /Users/mh/orca/workspaces/sonar-live-audio/build/release/UnsignedDerivedData/ModuleCache.noindex -serialize-diagnostics -emit-dependencies -emit-module -emit-module-path /Users/mh/orca/workspaces/sonar-live-audio/build/release/UnsignedDerivedData/Build/Intermediates.noindex/Jinja.build/Release-iphoneos/Jinja.build/Objects-normal/arm64/Jinja.swiftmodule -user-module-version 2.3.5 -validate-clang-modules-once -clang-build-session-file /Users/mh/orca/workspaces/sonar-live-audio/build/release/UnsignedDerivedData/ModuleCache.noindex/Session.modulevalidation -package-name swift_jinja -Xcc -I/Users/mh/orca/workspaces/sonar-live-audio/build/release/UnsignedDerivedData/Build/Intermediates.noindex/Jinja.build/Release-iphoneos/Jinja.build/swift-overrides.hmap -emit-const-values -Xfrontend -const-gather-protocols-file -Xfrontend /Users/mh/orca/workspaces/sonar-live-audio/build/release/UnsignedDerivedData/Build/Intermediates.noindex/Jinja.build/Release-iphoneos/Jinja.build/Objects-normal/arm64/Jinja_const_extract_protocols.json -Xcc -I/Users/mh/orca/workspaces/sonar-live-audio/build/release/UnsignedDerivedData/Build/Products/Release-iphoneos/include -Xcc -I/Users/mh/orca/workspaces/sonar-live-audio/build/release/UnsignedDerivedData/Build/Intermediates.noindex/Jinja.build/Release-iphoneos/Jinja.build/DerivedSources-normal/arm64 -Xcc -I/Users/mh/orca/workspaces/sonar-live-audio/build/release/UnsignedDerivedData/Build/Intermediates.noindex/Jinja.build/Release-iphoneos/Jinja.build/DerivedSources/arm64 -Xcc -I/Users/mh/orca/workspaces/sonar-live-audio/build/release/UnsignedDerivedData/Build/Intermediates.noindex/Jinja.build/Release-iphoneos/Jinja.build/DerivedSources -Xcc -DSWIFT_PACKAGE -emit-objc-header -emit-objc-header-path /Users/mh/orca/workspaces/sonar-live-audio/build/release/UnsignedDerivedData/Build/Intermediates.noindex/Jinja.build/Release-iphoneos/Jinja.build/Objects-normal/arm64/Jinja-Swift.h -working-directory /Users/mh/orca/workspaces/sonar-live-audio/Sonar.xcodeproj -no-emit-module-separately-wmo

ExtractAppIntentsMetadata (in target 'OrderedCollections' from project 'swift-collections')
    cd /Users/mh/orca/workspaces/sonar-live-audio/build/release/UnsignedDerivedData/SourcePackages/checkouts/swift-collections
    /Applications/Xcode.app/Contents/Developer/Toolchains/XcodeDefault.xctoolchain/usr/bin/appintentsmetadataprocessor --toolchain-dir /Applications/Xcode.app/Contents/Developer/Toolchains/XcodeDefault.xctoolchain --module-name OrderedCollections --sdk-root /Applications/Xcode.app/Contents/Developer/Platforms/iPhoneOS.platform/Developer/SDKs/iPhoneOS26.5.sdk --xcode-version 17F113 --platform-family iOS --deployment-target 12.0 --bundle-identifier swift-collections.OrderedCollections --output /Users/mh/orca/workspaces/sonar-live-audio/build/release/UnsignedDerivedData/Build/Products/Release-iphoneos/OrderedCollections.appintents --target-triple arm64-apple-ios12.0 --binary-file /Users/mh/orca/workspaces/sonar-live-audio/build/release/UnsignedDerivedData/Build/Products/Release-iphoneos/OrderedCollections.o --dependency-file /Users/mh/orca/workspaces/sonar-live-audio/build/release/UnsignedDerivedData/Build/Intermediates.noindex/swift-collections.build/Release-iphoneos/OrderedCollections.build/Objects-normal/arm64/OrderedCollections_dependency_info.dat --stringsdata-file /Users/mh/orca/workspaces/sonar-live-audio/build/release/UnsignedDerivedData/Build/Intermediates.noindex/swift-collections.build/Release-iphoneos/OrderedCollections.build/Objects-normal/arm64/ExtractedAppShortcutsMetadata.stringsdata --source-file-list /Users/mh/orca/workspaces/sonar-live-audio/build/release/UnsignedDerivedData/Build/Intermediates.noindex/swift-collections.build/Release-iphoneos/OrderedCollections.build/Objects-normal/arm64/OrderedCollections.SwiftFileList --metadata-file-list /Users/mh/orca/workspaces/sonar-live-audio/build/release/UnsignedDerivedData/Build/Intermediates.noindex/swift-collections.build/Release-iphoneos/OrderedCollections.build/OrderedCollections.DependencyMetadataFileList --static-metadata-file-list /Users/mh/orca/workspaces/sonar-live-audio/build/release/UnsignedDerivedData/Build/Intermediates.noindex/swift-collections.build/Release-iphoneos/OrderedCollections.build/OrderedCollections.DependencyStaticMetadataFileList --swift-const-vals-list /Users/mh/orca/workspaces/sonar-live-audio/build/release/UnsignedDerivedData/Build/Intermediates.noindex/swift-collections.build/Release-iphoneos/OrderedCollections.build/Objects-normal/arm64/OrderedCollections.SwiftConstValuesFileList --force --compile-time-extraction --deployment-aware-processing --validate-assistant-intents --no-app-shortcuts-localization
2026-08-10 00:28:25.724 appintentsmetadataprocessor[73171:2284875] Starting appintentsmetadataprocessor export
2026-08-10 00:28:25.730 appintentsmetadataprocessor[73171:2284875] Extracted no relevant App Intents symbols, skipping writing output

RegisterExecutionPolicyException /Users/mh/orca/workspaces/sonar-live-audio/build/release/UnsignedDerivedData/Build/Products/Release-iphoneos/OrderedCollections.o (in target 'OrderedCollections' from project 'swift-collections')
    cd /Users/mh/orca/workspaces/sonar-live-audio/build/release/UnsignedDerivedData/SourcePackages/checkouts/swift-collections
    builtin-RegisterExecutionPolicyException /Users/mh/orca/workspaces/sonar-live-audio/build/release/UnsignedDerivedData/Build/Products/Release-iphoneos/OrderedCollections.o

SwiftCompile normal arm64 Compiling\ AST.swift,\ Error.swift,\ Filters.swift,\ Globals.swift,\ Interpreter.swift,\ Lexer.swift,\ Macro.swift,\ Parser.swift,\ PropertyMembers.swift,\ Template.swift,\ Tests.swift,\ Token.swift,\ Utilities.swift,\ Value.swift /Users/mh/orca/workspaces/sonar-live-audio/build/release/UnsignedDerivedData/SourcePackages/checkouts/swift-jinja/Sources/Jinja/AST.swift /Users/mh/orca/workspaces/sonar-live-audio/build/release/UnsignedDerivedData/SourcePackages/checkouts/swift-jinja/Sources/Jinja/Error.swift /Users/mh/orca/workspaces/sonar-live-audio/build/release/UnsignedDerivedData/SourcePackages/checkouts/swift-jinja/Sources/Jinja/Filters.swift /Users/mh/orca/workspaces/sonar-live-audio/build/release/UnsignedDerivedData/SourcePackages/checkouts/swift-jinja/Sources/Jinja/Globals.swift /Users/mh/orca/workspaces/sonar-live-audio/build/release/UnsignedDerivedData/SourcePackages/checkouts/swift-jinja/Sources/Jinja/Interpreter.swift /Users/mh/orca/workspaces/sonar-live-audio/build/release/UnsignedDerivedData/SourcePackages/checkouts/swift-jinja/Sources/Jinja/Lexer.swift /Users/mh/orca/workspaces/sonar-live-audio/build/release/UnsignedDerivedData/SourcePackages/checkouts/swift-jinja/Sources/Jinja/Macro.swift /Users/mh/orca/workspaces/sonar-live-audio/build/release/UnsignedDerivedData/SourcePackages/checkouts/swift-jinja/Sources/Jinja/Parser.swift /Users/mh/orca/workspaces/sonar-live-audio/build/release/UnsignedDerivedData/SourcePackages/checkouts/swift-jinja/Sources/Jinja/PropertyMembers.swift /Users/mh/orca/workspaces/sonar-live-audio/build/release/UnsignedDerivedData/SourcePackages/checkouts/swift-jinja/Sources/Jinja/Template.swift /Users/mh/orca/workspaces/sonar-live-audio/build/release/UnsignedDerivedData/SourcePackages/checkouts/swift-jinja/Sources/Jinja/Tests.swift /Users/mh/orca/workspaces/sonar-live-audio/build/release/UnsignedDerivedData/SourcePackages/checkouts/swift-jinja/Sources/Jinja/Token.swift /Users/mh/orca/workspaces/sonar-live-audio/build/release/UnsignedDerivedData/SourcePackages/checkouts/swift-jinja/Sources/Jinja/Utilities.swift /Users/mh/orca/workspaces/sonar-live-audio/build/release/UnsignedDerivedData/SourcePackages/checkouts/swift-jinja/Sources/Jinja/Value.swift /Applications/Xcode.app/Contents/Developer/Toolchains/XcodeDefault.xctoolchain/usr/lib/swift/iphoneos/prebuilt-modules/26.5/_DarwinFoundation1.swiftmodule/arm64e-apple-ios.swiftmodule /Applications/Xcode.app/Contents/Developer/Toolchains/XcodeDefault.xctoolchain/usr/lib/swift/iphoneos/prebuilt-modules/26.5/_Builtin_float.swiftmodule/arm64e-apple-ios.swiftmodule /Applications/Xcode.app/Contents/Developer/Toolchains/XcodeDefault.xctoolchain/usr/lib/swift/iphoneos/prebuilt-modules/26.5/System.swiftmodule/arm64e-apple-ios.swiftmodule /Applications/Xcode.app/Contents/Developer/Toolchains/XcodeDefault.xctoolchain/usr/lib/swift/iphoneos/prebuilt-modules/26.5/_DarwinFoundation3.swiftmodule/arm64e-apple-ios.swiftmodule /Users/mh/orca/workspaces/sonar-live-audio/build/release/UnsignedDerivedData/Build/Products/Release-iphoneos/OrderedCollections.swiftmodule/arm64-apple-ios.swiftmodule /Applications/Xcode.app/Contents/Developer/Toolchains/XcodeDefault.xctoolchain/usr/lib/swift/iphoneos/prebuilt-modules/26.5/ObjectiveC.swiftmodule/arm64e-apple-ios.swiftmodule /Applications/Xcode.app/Contents/Developer/Toolchains/XcodeDefault.xctoolchain/usr/lib/swift/iphoneos/prebuilt-modules/26.5/Combine.swiftmodule/arm64e-apple-ios.swiftmodule /Applications/Xcode.app/Contents/Developer/Toolchains/XcodeDefault.xctoolchain/usr/lib/swift/iphoneos/prebuilt-modules/26.5/CoreFoundation.swiftmodule/arm64e-apple-ios.swiftmodule /Applications/Xcode.app/Contents/Developer/Toolchains/XcodeDefault.xctoolchain/usr/lib/swift/iphoneos/prebuilt-modules/26.5/Foundation.swiftmodule/arm64e-apple-ios.swiftmodule /Applications/Xcode.app/Contents/Developer/Toolchains/XcodeDefault.xctoolchain/usr/lib/swift/iphoneos/prebuilt-modules/26.5/Observation.swiftmodule/arm64e-apple-ios.swiftmodule /Applications/Xcode.app/Contents/Developer/Toolchains/XcodeDefault.xctoolchain/usr/lib/swift/iphoneos/prebuilt-modules/26.5/XPC.swiftmodule/arm64e-apple-ios.swiftmodule /Applications/Xcode.app/Contents/Developer/Toolchains/XcodeDefault.xctoolchain/usr/lib/swift/iphoneos/prebuilt-modules/26.5/Dispatch.swiftmodule/arm64e-apple-ios.swiftmodule /Applications/Xcode.app/Contents/Developer/Toolchains/XcodeDefault.xctoolchain/usr/lib/swift/iphoneos/prebuilt-modules/26.5/Darwin.swiftmodule/arm64e-apple-ios.swiftmodule /Applications/Xcode.app/Contents/Developer/Toolchains/XcodeDefault.xctoolchain/usr/lib/swift/iphoneos/prebuilt-modules/26.5/_Concurrency.swiftmodule/arm64e-apple-ios.swiftmodule /Applications/Xcode.app/Contents/Developer/Toolchains/XcodeDefault.xctoolchain/usr/lib/swift/iphoneos/prebuilt-modules/26.5/Swift.swiftmodule/arm64e-apple-ios.swiftmodule /Applications/Xcode.app/Contents/Developer/Toolchains/XcodeDefault.xctoolchain/usr/lib/swift/iphoneos/prebuilt-modules/26.5/_StringProcessing.swiftmodule/arm64e-apple-ios.swiftmodule /Users/mh/orca/workspaces/sonar-live-audio/build/release/UnsignedDerivedData/Build/Products/Release-iphoneos/InternalCollectionsUtilities.swiftmodule/arm64-apple-ios.swiftmodule /Applications/Xcode.app/Contents/Developer/Toolchains/XcodeDefault.xctoolchain/usr/lib/swift/iphoneos/prebuilt-modules/26.5/_DarwinFoundation2.swiftmodule/arm64e-apple-ios.swiftmodule /Users/mh/orca/workspaces/sonar-live-audio/build/release/UnsignedDerivedData/ModuleCache.noindex/ObjectiveC-6FRGQPV9FMLX4SYGCIY94O2ZF.pcm /Users/mh/orca/workspaces/sonar-live-audio/build/release/UnsignedDerivedData/ModuleCache.noindex/_Builtin_stdarg-2CDIYHPRFI3OM48MKIGF8UJLP.pcm /Users/mh/orca/workspaces/sonar-live-audio/build/release/UnsignedDerivedData/ModuleCache.noindex/_Builtin_limits-9K0B399CADU9D4K9EFT0D9VZZ.pcm /Users/mh/orca/workspaces/sonar-live-audio/build/release/UnsignedDerivedData/ModuleCache.noindex/ptrcheck-CHZKETGK29RHVIG3L9SHAGSYN.pcm /Users/mh/orca/workspaces/sonar-live-audio/build/release/UnsignedDerivedData/ModuleCache.noindex/Security-2B60Z9JBLD96HCW1UXI7542LJ.pcm /Users/mh/orca/workspaces/sonar-live-audio/build/release/UnsignedDerivedData/ModuleCache.noindex/_DarwinFoundation3-4NIROI5RTDHXUNN83C9I57AZX.pcm /Users/mh/orca/workspaces/sonar-live-audio/build/release/UnsignedDerivedData/ModuleCache.noindex/CFNetwork-9ZZ6OBJWGG1NT3GQV0GFI9NKE.pcm /Users/mh/orca/workspaces/sonar-live-audio/build/release/UnsignedDerivedData/ModuleCache.noindex/os_object-BKKPFYQAI1EJRIJQC087R47BJ.pcm /Users/mh/orca/workspaces/sonar-live-audio/build/release/UnsignedDerivedData/ModuleCache.noindex/os_workgroup-7LN7GZVRVF8NKGNBTPLGAHIFP.pcm /Users/mh/orca/workspaces/sonar-live-audio/build/release/UnsignedDerivedData/ModuleCache.noindex/CoreFoundation-7TIFRPGBIV4SXYJYQPVP6RYBG.pcm /Users/mh/orca/workspaces/sonar-live-audio/build/release/UnsignedDerivedData/ModuleCache.noindex/XPC-ERZUJ55EUO1JZ5A0OH4UTWCF.pcm /Users/mh/orca/workspaces/sonar-live-audio/build/release/UnsignedDerivedData/ModuleCache.noindex/ptrauth-DYG9RVM2HUQUWWFOBKKOVSVFS.pcm /Users/mh/orca/workspaces/sonar-live-audio/build/release/UnsignedDerivedData/ModuleCache.noindex/_Builtin_float-BQN8ZHJ3KXL77P4HQ70FW8HIZ.pcm /Users/mh/orca/workspaces/sonar-live-audio/build/release/UnsignedDerivedData/ModuleCache.noindex/Dispatch-3KBOI087RW0W3228UPXWD7YJD.pcm /Users/mh/orca/workspaces/sonar-live-audio/build/release/UnsignedDerivedData/ModuleCache.noindex/_DarwinFoundation2-6C34IGAFGME18GYKGM5FSRS7C.pcm /Users/mh/orca/workspaces/sonar-live-audio/build/release/UnsignedDerivedData/ModuleCache.noindex/sys_types-D5SXD16Y0PKFSXF7UR5STRXSB.pcm /Users/mh/orca/workspaces/sonar-live-audio/build/release/UnsignedDerivedData/ModuleCache.noindex/_AvailabilityInternal-1F0V8WZ9K4QZ7Z31MMYGN3YJ2.pcm /Users/mh/orca/workspaces/sonar-live-audio/build/release/UnsignedDerivedData/ModuleCache.noindex/_Builtin_inttypes-8FYND4IJRYEFAFR9XQGRUBZ3G.pcm /Users/mh/orca/workspaces/sonar-live-audio/build/release/UnsignedDerivedData/ModuleCache.noindex/_Builtin_stdbool-F325X3SUC2SVYBT33CYZYUFEP.pcm /Users/mh/orca/workspaces/sonar-live-audio/build/release/UnsignedDerivedData/ModuleCache.noindex/Foundation-64LPWEB0H28KYQUF049N3UQ6F.pcm /Users/mh/orca/workspaces/sonar-live-audio/build/release/UnsignedDerivedData/ModuleCache.noindex/_Builtin_stdint-F31AQRHAWWA3NO869IG8CYXZ1.pcm /Users/mh/orca/workspaces/sonar-live-audio/build/release/UnsignedDerivedData/ModuleCache.noindex/Darwin-2W3PA00YNQ7ZWKAWH90B9ZYWP.pcm /Users/mh/orca/workspaces/sonar-live-audio/build/release/UnsignedDerivedData/ModuleCache.noindex/_SwiftConcurrencyShims-11UAPQAANGA5YHKZ24YUAO823.pcm /Users/mh/orca/workspaces/sonar-live-audio/build/release/UnsignedDerivedData/ModuleCache.noindex/_Builtin_stddef-FXSYLC29RZNEH05EOL1NPBTM.pcm /Users/mh/orca/workspaces/sonar-live-audio/build/release/UnsignedDerivedData/ModuleCache.noindex/SwiftShims-6UXPXJEFW29V32EXS1LZUA40G.pcm /Users/mh/orca/workspaces/sonar-live-audio/build/release/UnsignedDerivedData/ModuleCache.noindex/_DarwinFoundation1-2OZT8TC8Q6Q2DJX6B7EGQK1K6.pcm /Users/mh/orca/workspaces/sonar-live-audio/build/release/UnsignedDerivedData/Build/Intermediates.noindex/Jinja.build/Release-iphoneos/Jinja.build/Objects-normal/arm64/Jinja-dependencies-1.json (in target 'Jinja' from project 'Jinja')

CompileSwift normal arm64 (in target 'Jinja' from project 'Jinja')
    cd /Users/mh/orca/workspaces/sonar-live-audio/Sonar.xcodeproj
    

SwiftDriver\ Compilation Jinja normal arm64 com.apple.xcode.tools.swift.compiler (in target 'Jinja' from project 'Jinja')
    cd /Users/mh/orca/workspaces/sonar-live-audio/Sonar.xcodeproj
    builtin-Swift-Compilation -- /Applications/Xcode.app/Contents/Developer/Toolchains/XcodeDefault.xctoolchain/usr/bin/swiftc -module-name Jinja -O -whole-module-optimization @/Users/mh/orca/workspaces/sonar-live-audio/build/release/UnsignedDerivedData/Build/Intermediates.noindex/Jinja.build/Release-iphoneos/Jinja.build/Objects-normal/arm64/Jinja.SwiftFileList -DSWIFT_PACKAGE -DSWIFT_MODULE_RESOURCE_BUNDLE_UNAVAILABLE -DXcode -plugin-path /Applications/Xcode.app/Contents/Developer/Toolchains/XcodeDefault.xctoolchain/usr/lib/swift/host/plugins/testing -enable-experimental-feature DebugDescriptionMacro -sdk /Applications/Xcode.app/Contents/Developer/Platforms/iPhoneOS.platform/Developer/SDKs/iPhoneOS26.5.sdk -target arm64-apple-ios16.0 -g -module-cache-path /Users/mh/orca/workspaces/sonar-live-audio/build/release/UnsignedDerivedData/ModuleCache.noindex -Xfrontend -serialize-debugging-options -suppress-warnings -swift-version 6 -I /Users/mh/orca/workspaces/sonar-live-audio/build/release/UnsignedDerivedData/Build/Products/Release-iphoneos -Isystem /Applications/Xcode.app/Contents/Developer/Platforms/iPhoneOS.platform/Developer/usr/lib -F /Users/mh/orca/workspaces/sonar-live-audio/build/release/UnsignedDerivedData/Build/Products/Release-iphoneos/PackageFrameworks -F /Users/mh/orca/workspaces/sonar-live-audio/build/release/UnsignedDerivedData/Build/Products/Release-iphoneos/PackageFrameworks -F /Users/mh/orca/workspaces/sonar-live-audio/build/release/UnsignedDerivedData/Build/Products/Release-iphoneos -F /Applications/Xcode.app/Contents/Developer/Platforms/iPhoneOS.platform/Developer/Library/Frameworks -F /Applications/Xcode.app/Contents/Developer/Platforms/iPhoneOS.platform/Developer/SDKs/iPhoneOS26.5.sdk/Developer/Library/Frameworks -c -num-threads 14 -Xcc -ivfsstatcache -Xcc /Users/mh/orca/workspaces/sonar-live-audio/build/release/UnsignedDerivedData/SDKStatCaches.noindex/iphoneos26.5-23F81a-32daed1954a7d5dd0789fcaf2a9bb78b.sdkstatcache -output-file-map /Users/mh/orca/workspaces/sonar-live-audio/build/release/UnsignedDerivedData/Build/Intermediates.noindex/Jinja.build/Release-iphoneos/Jinja.build/Objects-normal/arm64/Jinja-OutputFileMap.json -use-frontend-parseable-output -save-temps -no-color-diagnostics -explicit-module-build -module-cache-path /Users/mh/orca/workspaces/sonar-live-audio/build/release/UnsignedDerivedData/Build/Intermediates.noindex/SwiftExplicitPrecompiledModules -clang-scanner-module-cache-path /Users/mh/orca/workspaces/sonar-live-audio/build/release/UnsignedDerivedData/ModuleCache.noindex -sdk-module-cache-path /Users/mh/orca/workspaces/sonar-live-audio/build/release/UnsignedDerivedData/ModuleCache.noindex -serialize-diagnostics -emit-dependencies -emit-module -emit-module-path /Users/mh/orca/workspaces/sonar-live-audio/build/release/UnsignedDerivedData/Build/Intermediates.noindex/Jinja.build/Release-iphoneos/Jinja.build/Objects-normal/arm64/Jinja.swiftmodule -user-module-version 2.3.5 -validate-clang-modules-once -clang-build-session-file /Users/mh/orca/workspaces/sonar-live-audio/build/release/UnsignedDerivedData/ModuleCache.noindex/Session.modulevalidation -package-name swift_jinja -Xcc -I/Users/mh/orca/workspaces/sonar-live-audio/build/release/UnsignedDerivedData/Build/Intermediates.noindex/Jinja.build/Release-iphoneos/Jinja.build/swift-overrides.hmap -emit-const-values -Xfrontend -const-gather-protocols-file -Xfrontend /Users/mh/orca/workspaces/sonar-live-audio/build/release/UnsignedDerivedData/Build/Intermediates.noindex/Jinja.build/Release-iphoneos/Jinja.build/Objects-normal/arm64/Jinja_const_extract_protocols.json -Xcc -I/Users/mh/orca/workspaces/sonar-live-audio/build/release/UnsignedDerivedData/Build/Products/Release-iphoneos/include -Xcc -I/Users/mh/orca/workspaces/sonar-live-audio/build/release/UnsignedDerivedData/Build/Intermediates.noindex/Jinja.build/Release-iphoneos/Jinja.build/DerivedSources-normal/arm64 -Xcc -I/Users/mh/orca/workspaces/sonar-live-audio/build/release/UnsignedDerivedData/Build/Intermediates.noindex/Jinja.build/Release-iphoneos/Jinja.build/DerivedSources/arm64 -Xcc -I/Users/mh/orca/workspaces/sonar-live-audio/build/release/UnsignedDerivedData/Build/Intermediates.noindex/Jinja.build/Release-iphoneos/Jinja.build/DerivedSources -Xcc -DSWIFT_PACKAGE -emit-objc-header -emit-objc-header-path /Users/mh/orca/workspaces/sonar-live-audio/build/release/UnsignedDerivedData/Build/Intermediates.noindex/Jinja.build/Release-iphoneos/Jinja.build/Objects-normal/arm64/Jinja-Swift.h -working-directory /Users/mh/orca/workspaces/sonar-live-audio/Sonar.xcodeproj -no-emit-module-separately-wmo

SwiftDriverJobDiscovery normal arm64 Compiling livekit_uniffi.swift (in target 'LiveKitUniFFI' from project 'LiveKitUniFFI')

SwiftDriver\ Compilation\ Requirements LiveKitUniFFI normal arm64 com.apple.xcode.tools.swift.compiler (in target 'LiveKitUniFFI' from project 'LiveKitUniFFI')
    cd /Users/mh/orca/workspaces/sonar-live-audio/Sonar.xcodeproj
    builtin-Swift-Compilation-Requirements -- /Applications/Xcode.app/Contents/Developer/Toolchains/XcodeDefault.xctoolchain/usr/bin/swiftc -module-name LiveKitUniFFI -O -whole-module-optimization @/Users/mh/orca/workspaces/sonar-live-audio/build/release/UnsignedDerivedData/Build/Intermediates.noindex/LiveKitUniFFI.build/Release-iphoneos/LiveKitUniFFI.build/Objects-normal/arm64/LiveKitUniFFI.SwiftFileList -DSWIFT_PACKAGE -DSWIFT_MODULE_RESOURCE_BUNDLE_UNAVAILABLE -DXcode -plugin-path /Applications/Xcode.app/Contents/Developer/Toolchains/XcodeDefault.xctoolchain/usr/lib/swift/host/plugins/testing -enable-experimental-feature DebugDescriptionMacro -sdk /Applications/Xcode.app/Contents/Developer/Platforms/iPhoneOS.platform/Developer/SDKs/iPhoneOS26.5.sdk -target arm64-apple-ios13.0 -g -module-cache-path /Users/mh/orca/workspaces/sonar-live-audio/build/release/UnsignedDerivedData/ModuleCache.noindex -Xfrontend -serialize-debugging-options -suppress-warnings -swift-version 6 -I /Users/mh/orca/workspaces/sonar-live-audio/build/release/UnsignedDerivedData/Build/Products/Release-iphoneos -Isystem /Applications/Xcode.app/Contents/Developer/Platforms/iPhoneOS.platform/Developer/usr/lib -F /Users/mh/orca/workspaces/sonar-live-audio/build/release/UnsignedDerivedData/Build/Products/Release-iphoneos -F /Applications/Xcode.app/Contents/Developer/Platforms/iPhoneOS.platform/Developer/Library/Frameworks -F /Applications/Xcode.app/Contents/Developer/Platforms/iPhoneOS.platform/Developer/SDKs/iPhoneOS26.5.sdk/Developer/Library/Frameworks -parse-as-library -c -num-threads 14 -Xcc -ivfsstatcache -Xcc /Users/mh/orca/workspaces/sonar-live-audio/build/release/UnsignedDerivedData/SDKStatCaches.noindex/iphoneos26.5-23F81a-32daed1954a7d5dd0789fcaf2a9bb78b.sdkstatcache -output-file-map /Users/mh/orca/workspaces/sonar-live-audio/build/release/UnsignedDerivedData/Build/Intermediates.noindex/LiveKitUniFFI.build/Release-iphoneos/LiveKitUniFFI.build/Objects-normal/arm64/LiveKitUniFFI-OutputFileMap.json -use-frontend-parseable-output -save-temps -no-color-diagnostics -explicit-module-build -module-cache-path /Users/mh/orca/workspaces/sonar-live-audio/build/release/UnsignedDerivedData/Build/Intermediates.noindex/SwiftExplicitPrecompiledModules -clang-scanner-module-cache-path /Users/mh/orca/workspaces/sonar-live-audio/build/release/UnsignedDerivedData/ModuleCache.noindex -sdk-module-cache-path /Users/mh/orca/workspaces/sonar-live-audio/build/release/UnsignedDerivedData/ModuleCache.noindex -serialize-diagnostics -emit-dependencies -emit-module -emit-module-path /Users/mh/orca/workspaces/sonar-live-audio/build/release/UnsignedDerivedData/Build/Intermediates.noindex/LiveKitUniFFI.build/Release-iphoneos/LiveKitUniFFI.build/Objects-normal/arm64/LiveKitUniFFI.swiftmodule -user-module-version 0.0.5 -validate-clang-modules-once -clang-build-session-file /Users/mh/orca/workspaces/sonar-live-audio/build/release/UnsignedDerivedData/ModuleCache.noindex/Session.modulevalidation -package-name livekit_uniffi_xcframework -Xcc -I/Users/mh/orca/workspaces/sonar-live-audio/build/release/UnsignedDerivedData/Build/Intermediates.noindex/LiveKitUniFFI.build/Release-iphoneos/LiveKitUniFFI.build/swift-overrides.hmap -emit-const-values -Xfrontend -const-gather-protocols-file -Xfrontend /Users/mh/orca/workspaces/sonar-live-audio/build/release/UnsignedDerivedData/Build/Intermediates.noindex/LiveKitUniFFI.build/Release-iphoneos/LiveKitUniFFI.build/Objects-normal/arm64/LiveKitUniFFI_const_extract_protocols.json -Xcc -I/Users/mh/orca/workspaces/sonar-live-audio/build/release/UnsignedDerivedData/Build/Products/Release-iphoneos/include -Xcc -I/Users/mh/orca/workspaces/sonar-live-audio/build/release/UnsignedDerivedData/Build/Intermediates.noindex/LiveKitUniFFI.build/Release-iphoneos/LiveKitUniFFI.build/DerivedSources-normal/arm64 -Xcc -I/Users/mh/orca/workspaces/sonar-live-audio/build/release/UnsignedDerivedData/Build/Intermediates.noindex/LiveKitUniFFI.build/Release-iphoneos/LiveKitUniFFI.build/DerivedSources/arm64 -Xcc -I/Users/mh/orca/workspaces/sonar-live-audio/build/release/UnsignedDerivedData/Build/Intermediates.noindex/LiveKitUniFFI.build/Release-iphoneos/LiveKitUniFFI.build/DerivedSources -Xcc -DSWIFT_PACKAGE -emit-objc-header -emit-objc-header-path /Users/mh/orca/workspaces/sonar-live-audio/build/release/UnsignedDerivedData/Build/Intermediates.noindex/LiveKitUniFFI.build/Release-iphoneos/LiveKitUniFFI.build/Objects-normal/arm64/LiveKitUniFFI-Swift.h -working-directory /Users/mh/orca/workspaces/sonar-live-audio/Sonar.xcodeproj -no-emit-module-separately-wmo

SwiftMergeGeneratedHeaders /Users/mh/orca/workspaces/sonar-live-audio/build/release/UnsignedDerivedData/Build/Intermediates.noindex/GeneratedModuleMaps-iphoneos/LiveKitUniFFI-Swift.h /Users/mh/orca/workspaces/sonar-live-audio/build/release/UnsignedDerivedData/Build/Intermediates.noindex/LiveKitUniFFI.build/Release-iphoneos/LiveKitUniFFI.build/Objects-normal/arm64/LiveKitUniFFI-Swift.h (in target 'LiveKitUniFFI' from project 'LiveKitUniFFI')
    cd /Users/mh/orca/workspaces/sonar-live-audio/build/release/UnsignedDerivedData/SourcePackages/checkouts/livekit-uniffi-xcframework
    builtin-swiftHeaderTool -arch arm64 /Users/mh/orca/workspaces/sonar-live-audio/build/release/UnsignedDerivedData/Build/Intermediates.noindex/LiveKitUniFFI.build/Release-iphoneos/LiveKitUniFFI.build/Objects-normal/arm64/LiveKitUniFFI-Swift.h -o /Users/mh/orca/workspaces/sonar-live-audio/build/release/UnsignedDerivedData/Build/Intermediates.noindex/GeneratedModuleMaps-iphoneos/LiveKitUniFFI-Swift.h

Copy /Users/mh/orca/workspaces/sonar-live-audio/build/release/UnsignedDerivedData/Build/Products/Release-iphoneos/LiveKitUniFFI.swiftmodule/arm64-apple-ios.abi.json /Users/mh/orca/workspaces/sonar-live-audio/build/release/UnsignedDerivedData/Build/Intermediates.noindex/LiveKitUniFFI.build/Release-iphoneos/LiveKitUniFFI.build/Objects-normal/arm64/LiveKitUniFFI.abi.json (in target 'LiveKitUniFFI' from project 'LiveKitUniFFI')
    cd /Users/mh/orca/workspaces/sonar-live-audio/build/release/UnsignedDerivedData/SourcePackages/checkouts/livekit-uniffi-xcframework
    builtin-copy -exclude .DS_Store -exclude CVS -exclude .svn -exclude .git -exclude .hg -strip-unsigned-binaries -strip-deterministic -strip-tool /Applications/Xcode.app/Contents/Developer/Toolchains/XcodeDefault.xctoolchain/usr/bin/strip -resolve-src-symlinks -rename /Users/mh/orca/workspaces/sonar-live-audio/build/release/UnsignedDerivedData/Build/Intermediates.noindex/LiveKitUniFFI.build/Release-iphoneos/LiveKitUniFFI.build/Objects-normal/arm64/LiveKitUniFFI.abi.json /Users/mh/orca/workspaces/sonar-live-audio/build/release/UnsignedDerivedData/Build/Products/Release-iphoneos/LiveKitUniFFI.swiftmodule/arm64-apple-ios.abi.json

Copy /Users/mh/orca/workspaces/sonar-live-audio/build/release/UnsignedDerivedData/Build/Products/Release-iphoneos/LiveKitUniFFI.swiftmodule/arm64-apple-ios.swiftmodule /Users/mh/orca/workspaces/sonar-live-audio/build/release/UnsignedDerivedData/Build/Intermediates.noindex/LiveKitUniFFI.build/Release-iphoneos/LiveKitUniFFI.build/Objects-normal/arm64/LiveKitUniFFI.swiftmodule (in target 'LiveKitUniFFI' from project 'LiveKitUniFFI')
    cd /Users/mh/orca/workspaces/sonar-live-audio/build/release/UnsignedDerivedData/SourcePackages/checkouts/livekit-uniffi-xcframework
    builtin-copy -exclude .DS_Store -exclude CVS -exclude .svn -exclude .git -exclude .hg -strip-unsigned-binaries -strip-deterministic -strip-tool /Applications/Xcode.app/Contents/Developer/Toolchains/XcodeDefault.xctoolchain/usr/bin/strip -resolve-src-symlinks -rename /Users/mh/orca/workspaces/sonar-live-audio/build/release/UnsignedDerivedData/Build/Intermediates.noindex/LiveKitUniFFI.build/Release-iphoneos/LiveKitUniFFI.build/Objects-normal/arm64/LiveKitUniFFI.swiftmodule /Users/mh/orca/workspaces/sonar-live-audio/build/release/UnsignedDerivedData/Build/Products/Release-iphoneos/LiveKitUniFFI.swiftmodule/arm64-apple-ios.swiftmodule

Copy /Users/mh/orca/workspaces/sonar-live-audio/build/release/UnsignedDerivedData/Build/Products/Release-iphoneos/LiveKitUniFFI.swiftmodule/arm64-apple-ios.swiftdoc /Users/mh/orca/workspaces/sonar-live-audio/build/release/UnsignedDerivedData/Build/Intermediates.noindex/LiveKitUniFFI.build/Release-iphoneos/LiveKitUniFFI.build/Objects-normal/arm64/LiveKitUniFFI.swiftdoc (in target 'LiveKitUniFFI' from project 'LiveKitUniFFI')
    cd /Users/mh/orca/workspaces/sonar-live-audio/build/release/UnsignedDerivedData/SourcePackages/checkouts/livekit-uniffi-xcframework
    builtin-copy -exclude .DS_Store -exclude CVS -exclude .svn -exclude .git -exclude .hg -strip-unsigned-binaries -strip-deterministic -strip-tool /Applications/Xcode.app/Contents/Developer/Toolchains/XcodeDefault.xctoolchain/usr/bin/strip -resolve-src-symlinks -rename /Users/mh/orca/workspaces/sonar-live-audio/build/release/UnsignedDerivedData/Build/Intermediates.noindex/LiveKitUniFFI.build/Release-iphoneos/LiveKitUniFFI.build/Objects-normal/arm64/LiveKitUniFFI.swiftdoc /Users/mh/orca/workspaces/sonar-live-audio/build/release/UnsignedDerivedData/Build/Products/Release-iphoneos/LiveKitUniFFI.swiftmodule/arm64-apple-ios.swiftdoc

Copy /Users/mh/orca/workspaces/sonar-live-audio/build/release/UnsignedDerivedData/Build/Products/Release-iphoneos/LiveKitUniFFI.swiftmodule/Project/arm64-apple-ios.swiftsourceinfo /Users/mh/orca/workspaces/sonar-live-audio/build/release/UnsignedDerivedData/Build/Intermediates.noindex/LiveKitUniFFI.build/Release-iphoneos/LiveKitUniFFI.build/Objects-normal/arm64/LiveKitUniFFI.swiftsourceinfo (in target 'LiveKitUniFFI' from project 'LiveKitUniFFI')
    cd /Users/mh/orca/workspaces/sonar-live-audio/build/release/UnsignedDerivedData/SourcePackages/checkouts/livekit-uniffi-xcframework
    builtin-copy -exclude .DS_Store -exclude CVS -exclude .svn -exclude .git -exclude .hg -strip-unsigned-binaries -strip-deterministic -strip-tool /Applications/Xcode.app/Contents/Developer/Toolchains/XcodeDefault.xctoolchain/usr/bin/strip -resolve-src-symlinks -rename /Users/mh/orca/workspaces/sonar-live-audio/build/release/UnsignedDerivedData/Build/Intermediates.noindex/LiveKitUniFFI.build/Release-iphoneos/LiveKitUniFFI.build/Objects-normal/arm64/LiveKitUniFFI.swiftsourceinfo /Users/mh/orca/workspaces/sonar-live-audio/build/release/UnsignedDerivedData/Build/Products/Release-iphoneos/LiveKitUniFFI.swiftmodule/Project/arm64-apple-ios.swiftsourceinfo

Ld /Users/mh/orca/workspaces/sonar-live-audio/build/release/UnsignedDerivedData/Build/Products/Release-iphoneos/LiveKitUniFFI.o normal (in target 'LiveKitUniFFI' from project 'LiveKitUniFFI')
    cd /Users/mh/orca/workspaces/sonar-live-audio/build/release/UnsignedDerivedData/SourcePackages/checkouts/livekit-uniffi-xcframework
    /Applications/Xcode.app/Contents/Developer/Toolchains/XcodeDefault.xctoolchain/usr/bin/clang -Xlinker -reproducible -target arm64-apple-ios13.0 -r -isysroot /Applications/Xcode.app/Contents/Developer/Platforms/iPhoneOS.platform/Developer/SDKs/iPhoneOS26.5.sdk -Os -w -F/Users/mh/orca/workspaces/sonar-live-audio/build/release/UnsignedDerivedData/Build/Intermediates.noindex/EagerLinkingTBDs/Release-iphoneos -F/Users/mh/orca/workspaces/sonar-live-audio/build/release/UnsignedDerivedData/Build/Products/Release-iphoneos -iframework /Applications/Xcode.app/Contents/Developer/Platforms/iPhoneOS.platform/Developer/Library/Frameworks -iframework /Applications/Xcode.app/Contents/Developer/Platforms/iPhoneOS.platform/Developer/SDKs/iPhoneOS26.5.sdk/Developer/Library/Frameworks -filelist /Users/mh/orca/workspaces/sonar-live-audio/build/release/UnsignedDerivedData/Build/Intermediates.noindex/LiveKitUniFFI.build/Release-iphoneos/LiveKitUniFFI.build/Objects-normal/arm64/LiveKitUniFFI.LinkFileList -nostdlib -Xlinker -object_path_lto -Xlinker /Users/mh/orca/workspaces/sonar-live-audio/build/release/UnsignedDerivedData/Build/Intermediates.noindex/LiveKitUniFFI.build/Release-iphoneos/LiveKitUniFFI.build/Objects-normal/arm64/LiveKitUniFFI_lto.o -Xlinker -dependency_info -Xlinker /Users/mh/orca/workspaces/sonar-live-audio/build/release/UnsignedDerivedData/Build/Intermediates.noindex/LiveKitUniFFI.build/Release-iphoneos/LiveKitUniFFI.build/Objects-normal/arm64/LiveKitUniFFI_dependency_info.dat -fobjc-link-runtime -L/Applications/Xcode.app/Contents/Developer/Toolchains/XcodeDefault.xctoolchain/usr/lib/swift/iphoneos -L/usr/lib/swift -Xlinker -add_ast_path -Xlinker /Users/mh/orca/workspaces/sonar-live-audio/build/release/UnsignedDerivedData/Build/Intermediates.noindex/LiveKitUniFFI.build/Release-iphoneos/LiveKitUniFFI.build/Objects-normal/arm64/LiveKitUniFFI.swiftmodule @/Users/mh/orca/workspaces/sonar-live-audio/build/release/UnsignedDerivedData/Build/Intermediates.noindex/LiveKitUniFFI.build/Release-iphoneos/LiveKitUniFFI.build/Objects-normal/arm64/LiveKitUniFFI-linker-args.resp -o /Users/mh/orca/workspaces/sonar-live-audio/build/release/UnsignedDerivedData/Build/Products/Release-iphoneos/LiveKitUniFFI.o

ExtractAppIntentsMetadata (in target 'LiveKitUniFFI' from project 'LiveKitUniFFI')
    cd /Users/mh/orca/workspaces/sonar-live-audio/build/release/UnsignedDerivedData/SourcePackages/checkouts/livekit-uniffi-xcframework
    /Applications/Xcode.app/Contents/Developer/Toolchains/XcodeDefault.xctoolchain/usr/bin/appintentsmetadataprocessor --toolchain-dir /Applications/Xcode.app/Contents/Developer/Toolchains/XcodeDefault.xctoolchain --module-name LiveKitUniFFI --sdk-root /Applications/Xcode.app/Contents/Developer/Platforms/iPhoneOS.platform/Developer/SDKs/iPhoneOS26.5.sdk --xcode-version 17F113 --platform-family iOS --deployment-target 13.0 --bundle-identifier livekit-uniffi-xcframework.LiveKitUniFFI --output /Users/mh/orca/workspaces/sonar-live-audio/build/release/UnsignedDerivedData/Build/Products/Release-iphoneos/LiveKitUniFFI.appintents --target-triple arm64-apple-ios13.0 --binary-file /Users/mh/orca/workspaces/sonar-live-audio/build/release/UnsignedDerivedData/Build/Products/Release-iphoneos/LiveKitUniFFI.o --dependency-file /Users/mh/orca/workspaces/sonar-live-audio/build/release/UnsignedDerivedData/Build/Intermediates.noindex/LiveKitUniFFI.build/Release-iphoneos/LiveKitUniFFI.build/Objects-normal/arm64/LiveKitUniFFI_dependency_info.dat --stringsdata-file /Users/mh/orca/workspaces/sonar-live-audio/build/release/UnsignedDerivedData/Build/Intermediates.noindex/LiveKitUniFFI.build/Release-iphoneos/LiveKitUniFFI.build/Objects-normal/arm64/ExtractedAppShortcutsMetadata.stringsdata --source-file-list /Users/mh/orca/workspaces/sonar-live-audio/build/release/UnsignedDerivedData/Build/Intermediates.noindex/LiveKitUniFFI.build/Release-iphoneos/LiveKitUniFFI.build/Objects-normal/arm64/LiveKitUniFFI.SwiftFileList --metadata-file-list /Users/mh/orca/workspaces/sonar-live-audio/build/release/UnsignedDerivedData/Build/Intermediates.noindex/LiveKitUniFFI.build/Release-iphoneos/LiveKitUniFFI.build/LiveKitUniFFI.DependencyMetadataFileList --static-metadata-file-list /Users/mh/orca/workspaces/sonar-live-audio/build/release/UnsignedDerivedData/Build/Intermediates.noindex/LiveKitUniFFI.build/Release-iphoneos/LiveKitUniFFI.build/LiveKitUniFFI.DependencyStaticMetadataFileList --swift-const-vals-list /Users/mh/orca/workspaces/sonar-live-audio/build/release/UnsignedDerivedData/Build/Intermediates.noindex/LiveKitUniFFI.build/Release-iphoneos/LiveKitUniFFI.build/Objects-normal/arm64/LiveKitUniFFI.SwiftConstValuesFileList --force --compile-time-extraction --deployment-aware-processing --validate-assistant-intents --no-app-shortcuts-localization
2026-08-10 00:28:26.128 appintentsmetadataprocessor[73181:2284970] Starting appintentsmetadataprocessor export
2026-08-10 00:28:26.134 appintentsmetadataprocessor[73181:2284970] Extracted no relevant App Intents symbols, skipping writing output

RegisterExecutionPolicyException /Users/mh/orca/workspaces/sonar-live-audio/build/release/UnsignedDerivedData/Build/Products/Release-iphoneos/LiveKitUniFFI.o (in target 'LiveKitUniFFI' from project 'LiveKitUniFFI')
    cd /Users/mh/orca/workspaces/sonar-live-audio/build/release/UnsignedDerivedData/SourcePackages/checkouts/livekit-uniffi-xcframework
    builtin-RegisterExecutionPolicyException /Users/mh/orca/workspaces/sonar-live-audio/build/release/UnsignedDerivedData/Build/Products/Release-iphoneos/LiveKitUniFFI.o

Ld /Users/mh/orca/workspaces/sonar-live-audio/build/release/UnsignedDerivedData/Build/Products/Release-iphoneos/yyjson.o normal (in target 'yyjson' from project 'yyjson')
    cd /Users/mh/orca/workspaces/sonar-live-audio/build/release/UnsignedDerivedData/SourcePackages/checkouts/yyjson
    /Applications/Xcode.app/Contents/Developer/Toolchains/XcodeDefault.xctoolchain/usr/bin/clang -Xlinker -reproducible -target arm64-apple-ios12.0 -r -isysroot /Applications/Xcode.app/Contents/Developer/Platforms/iPhoneOS.platform/Developer/SDKs/iPhoneOS26.5.sdk -Os -w -F/Users/mh/orca/workspaces/sonar-live-audio/build/release/UnsignedDerivedData/Build/Intermediates.noindex/EagerLinkingTBDs/Release-iphoneos -F/Users/mh/orca/workspaces/sonar-live-audio/build/release/UnsignedDerivedData/Build/Products/Release-iphoneos -iframework /Applications/Xcode.app/Contents/Developer/Platforms/iPhoneOS.platform/Developer/Library/Frameworks -iframework /Applications/Xcode.app/Contents/Developer/Platforms/iPhoneOS.platform/Developer/SDKs/iPhoneOS26.5.sdk/Developer/Library/Frameworks -filelist /Users/mh/orca/workspaces/sonar-live-audio/build/release/UnsignedDerivedData/Build/Intermediates.noindex/yyjson.build/Release-iphoneos/yyjson.build/Objects-normal/arm64/yyjson.LinkFileList -nostdlib -Xlinker -object_path_lto -Xlinker /Users/mh/orca/workspaces/sonar-live-audio/build/release/UnsignedDerivedData/Build/Intermediates.noindex/yyjson.build/Release-iphoneos/yyjson.build/Objects-normal/arm64/yyjson_lto.o -Xlinker -dependency_info -Xlinker /Users/mh/orca/workspaces/sonar-live-audio/build/release/UnsignedDerivedData/Build/Intermediates.noindex/yyjson.build/Release-iphoneos/yyjson.build/Objects-normal/arm64/yyjson_dependency_info.dat -o /Users/mh/orca/workspaces/sonar-live-audio/build/release/UnsignedDerivedData/Build/Products/Release-iphoneos/yyjson.o

RegisterExecutionPolicyException /Users/mh/orca/workspaces/sonar-live-audio/build/release/UnsignedDerivedData/Build/Products/Release-iphoneos/yyjson.o (in target 'yyjson' from project 'yyjson')
    cd /Users/mh/orca/workspaces/sonar-live-audio/build/release/UnsignedDerivedData/SourcePackages/checkouts/yyjson
    builtin-RegisterExecutionPolicyException /Users/mh/orca/workspaces/sonar-live-audio/build/release/UnsignedDerivedData/Build/Products/Release-iphoneos/yyjson.o

SwiftDriverJobDiscovery normal arm64 Compiling AST.swift, Error.swift, Filters.swift, Globals.swift, Interpreter.swift, Lexer.swift, Macro.swift, Parser.swift, PropertyMembers.swift, Template.swift, Tests.swift, Token.swift, Utilities.swift, Value.swift (in target 'Jinja' from project 'Jinja')

SwiftDriver\ Compilation\ Requirements Jinja normal arm64 com.apple.xcode.tools.swift.compiler (in target 'Jinja' from project 'Jinja')
    cd /Users/mh/orca/workspaces/sonar-live-audio/Sonar.xcodeproj
    builtin-Swift-Compilation-Requirements -- /Applications/Xcode.app/Contents/Developer/Toolchains/XcodeDefault.xctoolchain/usr/bin/swiftc -module-name Jinja -O -whole-module-optimization @/Users/mh/orca/workspaces/sonar-live-audio/build/release/UnsignedDerivedData/Build/Intermediates.noindex/Jinja.build/Release-iphoneos/Jinja.build/Objects-normal/arm64/Jinja.SwiftFileList -DSWIFT_PACKAGE -DSWIFT_MODULE_RESOURCE_BUNDLE_UNAVAILABLE -DXcode -plugin-path /Applications/Xcode.app/Contents/Developer/Toolchains/XcodeDefault.xctoolchain/usr/lib/swift/host/plugins/testing -enable-experimental-feature DebugDescriptionMacro -sdk /Applications/Xcode.app/Contents/Developer/Platforms/iPhoneOS.platform/Developer/SDKs/iPhoneOS26.5.sdk -target arm64-apple-ios16.0 -g -module-cache-path /Users/mh/orca/workspaces/sonar-live-audio/build/release/UnsignedDerivedData/ModuleCache.noindex -Xfrontend -serialize-debugging-options -suppress-warnings -swift-version 6 -I /Users/mh/orca/workspaces/sonar-live-audio/build/release/UnsignedDerivedData/Build/Products/Release-iphoneos -Isystem /Applications/Xcode.app/Contents/Developer/Platforms/iPhoneOS.platform/Developer/usr/lib -F /Users/mh/orca/workspaces/sonar-live-audio/build/release/UnsignedDerivedData/Build/Products/Release-iphoneos/PackageFrameworks -F /Users/mh/orca/workspaces/sonar-live-audio/build/release/UnsignedDerivedData/Build/Products/Release-iphoneos/PackageFrameworks -F /Users/mh/orca/workspaces/sonar-live-audio/build/release/UnsignedDerivedData/Build/Products/Release-iphoneos -F /Applications/Xcode.app/Contents/Developer/Platforms/iPhoneOS.platform/Developer/Library/Frameworks -F /Applications/Xcode.app/Contents/Developer/Platforms/iPhoneOS.platform/Developer/SDKs/iPhoneOS26.5.sdk/Developer/Library/Frameworks -c -num-threads 14 -Xcc -ivfsstatcache -Xcc /Users/mh/orca/workspaces/sonar-live-audio/build/release/UnsignedDerivedData/SDKStatCaches.noindex/iphoneos26.5-23F81a-32daed1954a7d5dd0789fcaf2a9bb78b.sdkstatcache -output-file-map /Users/mh/orca/workspaces/sonar-live-audio/build/release/UnsignedDerivedData/Build/Intermediates.noindex/Jinja.build/Release-iphoneos/Jinja.build/Objects-normal/arm64/Jinja-OutputFileMap.json -use-frontend-parseable-output -save-temps -no-color-diagnostics -explicit-module-build -module-cache-path /Users/mh/orca/workspaces/sonar-live-audio/build/release/UnsignedDerivedData/Build/Intermediates.noindex/SwiftExplicitPrecompiledModules -clang-scanner-module-cache-path /Users/mh/orca/workspaces/sonar-live-audio/build/release/UnsignedDerivedData/ModuleCache.noindex -sdk-module-cache-path /Users/mh/orca/workspaces/sonar-live-audio/build/release/UnsignedDerivedData/ModuleCache.noindex -serialize-diagnostics -emit-dependencies -emit-module -emit-module-path /Users/mh/orca/workspaces/sonar-live-audio/build/release/UnsignedDerivedData/Build/Intermediates.noindex/Jinja.build/Release-iphoneos/Jinja.build/Objects-normal/arm64/Jinja.swiftmodule -user-module-version 2.3.5 -validate-clang-modules-once -clang-build-session-file /Users/mh/orca/workspaces/sonar-live-audio/build/release/UnsignedDerivedData/ModuleCache.noindex/Session.modulevalidation -package-name swift_jinja -Xcc -I/Users/mh/orca/workspaces/sonar-live-audio/build/release/UnsignedDerivedData/Build/Intermediates.noindex/Jinja.build/Release-iphoneos/Jinja.build/swift-overrides.hmap -emit-const-values -Xfrontend -const-gather-protocols-file -Xfrontend /Users/mh/orca/workspaces/sonar-live-audio/build/release/UnsignedDerivedData/Build/Intermediates.noindex/Jinja.build/Release-iphoneos/Jinja.build/Objects-normal/arm64/Jinja_const_extract_protocols.json -Xcc -I/Users/mh/orca/workspaces/sonar-live-audio/build/release/UnsignedDerivedData/Build/Products/Release-iphoneos/include -Xcc -I/Users/mh/orca/workspaces/sonar-live-audio/build/release/UnsignedDerivedData/Build/Intermediates.noindex/Jinja.build/Release-iphoneos/Jinja.build/DerivedSources-normal/arm64 -Xcc -I/Users/mh/orca/workspaces/sonar-live-audio/build/release/UnsignedDerivedData/Build/Intermediates.noindex/Jinja.build/Release-iphoneos/Jinja.build/DerivedSources/arm64 -Xcc -I/Users/mh/orca/workspaces/sonar-live-audio/build/release/UnsignedDerivedData/Build/Intermediates.noindex/Jinja.build/Release-iphoneos/Jinja.build/DerivedSources -Xcc -DSWIFT_PACKAGE -emit-objc-header -emit-objc-header-path /Users/mh/orca/workspaces/sonar-live-audio/build/release/UnsignedDerivedData/Build/Intermediates.noindex/Jinja.build/Release-iphoneos/Jinja.build/Objects-normal/arm64/Jinja-Swift.h -working-directory /Users/mh/orca/workspaces/sonar-live-audio/Sonar.xcodeproj -no-emit-module-separately-wmo

SwiftMergeGeneratedHeaders /Users/mh/orca/workspaces/sonar-live-audio/build/release/UnsignedDerivedData/Build/Intermediates.noindex/GeneratedModuleMaps-iphoneos/Jinja-Swift.h /Users/mh/orca/workspaces/sonar-live-audio/build/release/UnsignedDerivedData/Build/Intermediates.noindex/Jinja.build/Release-iphoneos/Jinja.build/Objects-normal/arm64/Jinja-Swift.h (in target 'Jinja' from project 'Jinja')
    cd /Users/mh/orca/workspaces/sonar-live-audio/build/release/UnsignedDerivedData/SourcePackages/checkouts/swift-jinja
    builtin-swiftHeaderTool -arch arm64 /Users/mh/orca/workspaces/sonar-live-audio/build/release/UnsignedDerivedData/Build/Intermediates.noindex/Jinja.build/Release-iphoneos/Jinja.build/Objects-normal/arm64/Jinja-Swift.h -o /Users/mh/orca/workspaces/sonar-live-audio/build/release/UnsignedDerivedData/Build/Intermediates.noindex/GeneratedModuleMaps-iphoneos/Jinja-Swift.h

Copy /Users/mh/orca/workspaces/sonar-live-audio/build/release/UnsignedDerivedData/Build/Products/Release-iphoneos/Jinja.swiftmodule/arm64-apple-ios.swiftdoc /Users/mh/orca/workspaces/sonar-live-audio/build/release/UnsignedDerivedData/Build/Intermediates.noindex/Jinja.build/Release-iphoneos/Jinja.build/Objects-normal/arm64/Jinja.swiftdoc (in target 'Jinja' from project 'Jinja')
    cd /Users/mh/orca/workspaces/sonar-live-audio/build/release/UnsignedDerivedData/SourcePackages/checkouts/swift-jinja
    builtin-copy -exclude .DS_Store -exclude CVS -exclude .svn -exclude .git -exclude .hg -strip-unsigned-binaries -strip-deterministic -strip-tool /Applications/Xcode.app/Contents/Developer/Toolchains/XcodeDefault.xctoolchain/usr/bin/strip -resolve-src-symlinks -rename /Users/mh/orca/workspaces/sonar-live-audio/build/release/UnsignedDerivedData/Build/Intermediates.noindex/Jinja.build/Release-iphoneos/Jinja.build/Objects-normal/arm64/Jinja.swiftdoc /Users/mh/orca/workspaces/sonar-live-audio/build/release/UnsignedDerivedData/Build/Products/Release-iphoneos/Jinja.swiftmodule/arm64-apple-ios.swiftdoc

Copy /Users/mh/orca/workspaces/sonar-live-audio/build/release/UnsignedDerivedData/Build/Products/Release-iphoneos/Jinja.swiftmodule/arm64-apple-ios.swiftmodule /Users/mh/orca/workspaces/sonar-live-audio/build/release/UnsignedDerivedData/Build/Intermediates.noindex/Jinja.build/Release-iphoneos/Jinja.build/Objects-normal/arm64/Jinja.swiftmodule (in target 'Jinja' from project 'Jinja')
    cd /Users/mh/orca/workspaces/sonar-live-audio/build/release/UnsignedDerivedData/SourcePackages/checkouts/swift-jinja
    builtin-copy -exclude .DS_Store -exclude CVS -exclude .svn -exclude .git -exclude .hg -strip-unsigned-binaries -strip-deterministic -strip-tool /Applications/Xcode.app/Contents/Developer/Toolchains/XcodeDefault.xctoolchain/usr/bin/strip -resolve-src-symlinks -rename /Users/mh/orca/workspaces/sonar-live-audio/build/release/UnsignedDerivedData/Build/Intermediates.noindex/Jinja.build/Release-iphoneos/Jinja.build/Objects-normal/arm64/Jinja.swiftmodule /Users/mh/orca/workspaces/sonar-live-audio/build/release/UnsignedDerivedData/Build/Products/Release-iphoneos/Jinja.swiftmodule/arm64-apple-ios.swiftmodule

Copy /Users/mh/orca/workspaces/sonar-live-audio/build/release/UnsignedDerivedData/Build/Products/Release-iphoneos/Jinja.swiftmodule/arm64-apple-ios.abi.json /Users/mh/orca/workspaces/sonar-live-audio/build/release/UnsignedDerivedData/Build/Intermediates.noindex/Jinja.build/Release-iphoneos/Jinja.build/Objects-normal/arm64/Jinja.abi.json (in target 'Jinja' from project 'Jinja')
    cd /Users/mh/orca/workspaces/sonar-live-audio/build/release/UnsignedDerivedData/SourcePackages/checkouts/swift-jinja
    builtin-copy -exclude .DS_Store -exclude CVS -exclude .svn -exclude .git -exclude .hg -strip-unsigned-binaries -strip-deterministic -strip-tool /Applications/Xcode.app/Contents/Developer/Toolchains/XcodeDefault.xctoolchain/usr/bin/strip -resolve-src-symlinks -rename /Users/mh/orca/workspaces/sonar-live-audio/build/release/UnsignedDerivedData/Build/Intermediates.noindex/Jinja.build/Release-iphoneos/Jinja.build/Objects-normal/arm64/Jinja.abi.json /Users/mh/orca/workspaces/sonar-live-audio/build/release/UnsignedDerivedData/Build/Products/Release-iphoneos/Jinja.swiftmodule/arm64-apple-ios.abi.json

Copy /Users/mh/orca/workspaces/sonar-live-audio/build/release/UnsignedDerivedData/Build/Products/Release-iphoneos/Jinja.swiftmodule/Project/arm64-apple-ios.swiftsourceinfo /Users/mh/orca/workspaces/sonar-live-audio/build/release/UnsignedDerivedData/Build/Intermediates.noindex/Jinja.build/Release-iphoneos/Jinja.build/Objects-normal/arm64/Jinja.swiftsourceinfo (in target 'Jinja' from project 'Jinja')
    cd /Users/mh/orca/workspaces/sonar-live-audio/build/release/UnsignedDerivedData/SourcePackages/checkouts/swift-jinja
    builtin-copy -exclude .DS_Store -exclude CVS -exclude .svn -exclude .git -exclude .hg -strip-unsigned-binaries -strip-deterministic -strip-tool /Applications/Xcode.app/Contents/Developer/Toolchains/XcodeDefault.xctoolchain/usr/bin/strip -resolve-src-symlinks -rename /Users/mh/orca/workspaces/sonar-live-audio/build/release/UnsignedDerivedData/Build/Intermediates.noindex/Jinja.build/Release-iphoneos/Jinja.build/Objects-normal/arm64/Jinja.swiftsourceinfo /Users/mh/orca/workspaces/sonar-live-audio/build/release/UnsignedDerivedData/Build/Products/Release-iphoneos/Jinja.swiftmodule/Project/arm64-apple-ios.swiftsourceinfo

Ld /Users/mh/orca/workspaces/sonar-live-audio/build/release/UnsignedDerivedData/Build/Products/Release-iphoneos/Jinja.o normal (in target 'Jinja' from project 'Jinja')
    cd /Users/mh/orca/workspaces/sonar-live-audio/build/release/UnsignedDerivedData/SourcePackages/checkouts/swift-jinja
    /Applications/Xcode.app/Contents/Developer/Toolchains/XcodeDefault.xctoolchain/usr/bin/clang -Xlinker -reproducible -target arm64-apple-ios16.0 -r -isysroot /Applications/Xcode.app/Contents/Developer/Platforms/iPhoneOS.platform/Developer/SDKs/iPhoneOS26.5.sdk -Os -w -F/Users/mh/orca/workspaces/sonar-live-audio/build/release/UnsignedDerivedData/Build/Intermediates.noindex/EagerLinkingTBDs/Release-iphoneos -F/Users/mh/orca/workspaces/sonar-live-audio/build/release/UnsignedDerivedData/Build/Products/Release-iphoneos/PackageFrameworks -F/Users/mh/orca/workspaces/sonar-live-audio/build/release/UnsignedDerivedData/Build/Products/Release-iphoneos/PackageFrameworks -F/Users/mh/orca/workspaces/sonar-live-audio/build/release/UnsignedDerivedData/Build/Products/Release-iphoneos -iframework /Applications/Xcode.app/Contents/Developer/Platforms/iPhoneOS.platform/Developer/Library/Frameworks -iframework /Applications/Xcode.app/Contents/Developer/Platforms/iPhoneOS.platform/Developer/SDKs/iPhoneOS26.5.sdk/Developer/Library/Frameworks -filelist /Users/mh/orca/workspaces/sonar-live-audio/build/release/UnsignedDerivedData/Build/Intermediates.noindex/Jinja.build/Release-iphoneos/Jinja.build/Objects-normal/arm64/Jinja.LinkFileList -nostdlib -Xlinker -object_path_lto -Xlinker /Users/mh/orca/workspaces/sonar-live-audio/build/release/UnsignedDerivedData/Build/Intermediates.noindex/Jinja.build/Release-iphoneos/Jinja.build/Objects-normal/arm64/Jinja_lto.o -Xlinker -dependency_info -Xlinker /Users/mh/orca/workspaces/sonar-live-audio/build/release/UnsignedDerivedData/Build/Intermediates.noindex/Jinja.build/Release-iphoneos/Jinja.build/Objects-normal/arm64/Jinja_dependency_info.dat -fobjc-link-runtime -L/Applications/Xcode.app/Contents/Developer/Toolchains/XcodeDefault.xctoolchain/usr/lib/swift/iphoneos -L/usr/lib/swift -Xlinker -add_ast_path -Xlinker /Users/mh/orca/workspaces/sonar-live-audio/build/release/UnsignedDerivedData/Build/Intermediates.noindex/Jinja.build/Release-iphoneos/Jinja.build/Objects-normal/arm64/Jinja.swiftmodule @/Users/mh/orca/workspaces/sonar-live-audio/build/release/UnsignedDerivedData/Build/Intermediates.noindex/Jinja.build/Release-iphoneos/Jinja.build/Objects-normal/arm64/Jinja-linker-args.resp -o /Users/mh/orca/workspaces/sonar-live-audio/build/release/UnsignedDerivedData/Build/Products/Release-iphoneos/Jinja.o

SwiftDriver Hub normal arm64 com.apple.xcode.tools.swift.compiler (in target 'Hub' from project 'swift-transformers')
    cd /Users/mh/orca/workspaces/sonar-live-audio/Sonar.xcodeproj
    builtin-SwiftDriver -- /Applications/Xcode.app/Contents/Developer/Toolchains/XcodeDefault.xctoolchain/usr/bin/swiftc -module-name Hub -O -whole-module-optimization @/Users/mh/orca/workspaces/sonar-live-audio/build/release/UnsignedDerivedData/Build/Intermediates.noindex/swift-transformers.build/Release-iphoneos/Hub.build/Objects-normal/arm64/Hub.SwiftFileList -DSWIFT_PACKAGE -DSWIFT_MODULE_RESOURCE_BUNDLE_AVAILABLE -Xcc -fmodule-map-file\=/Users/mh/orca/workspaces/sonar-live-audio/build/release/UnsignedDerivedData/Build/Intermediates.noindex/GeneratedModuleMaps-iphoneos/yyjson.modulemap -DXcode -enable-experimental-feature StrictConcurrency -plugin-path /Applications/Xcode.app/Contents/Developer/Toolchains/XcodeDefault.xctoolchain/usr/lib/swift/host/plugins/testing -enable-experimental-feature DebugDescriptionMacro -sdk /Applications/Xcode.app/Contents/Developer/Platforms/iPhoneOS.platform/Developer/SDKs/iPhoneOS26.5.sdk -target arm64-apple-ios16.0 -g -module-cache-path /Users/mh/orca/workspaces/sonar-live-audio/build/release/UnsignedDerivedData/ModuleCache.noindex -Xfrontend -serialize-debugging-options -suppress-warnings -swift-version 5 -I /Users/mh/orca/workspaces/sonar-live-audio/build/release/UnsignedDerivedData/Build/Products/Release-iphoneos -Isystem /Applications/Xcode.app/Contents/Developer/Platforms/iPhoneOS.platform/Developer/usr/lib -F /Users/mh/orca/workspaces/sonar-live-audio/build/release/UnsignedDerivedData/Build/Products/Release-iphoneos/PackageFrameworks -F /Users/mh/orca/workspaces/sonar-live-audio/build/release/UnsignedDerivedData/Build/Products/Release-iphoneos/PackageFrameworks -F /Users/mh/orca/workspaces/sonar-live-audio/build/release/UnsignedDerivedData/Build/Products/Release-iphoneos/PackageFrameworks -F /Users/mh/orca/workspaces/sonar-live-audio/build/release/UnsignedDerivedData/Build/Products/Release-iphoneos/PackageFrameworks -F /Users/mh/orca/workspaces/sonar-live-audio/build/release/UnsignedDerivedData/Build/Products/Release-iphoneos/PackageFrameworks -F /Users/mh/orca/workspaces/sonar-live-audio/build/release/UnsignedDerivedData/Build/Products/Release-iphoneos -F /Applications/Xcode.app/Contents/Developer/Platforms/iPhoneOS.platform/Developer/Library/Frameworks -F /Applications/Xcode.app/Contents/Developer/Platforms/iPhoneOS.platform/Developer/SDKs/iPhoneOS26.5.sdk/Developer/Library/Frameworks -c -num-threads 14 -Xcc -ivfsstatcache -Xcc /Users/mh/orca/workspaces/sonar-live-audio/build/release/UnsignedDerivedData/SDKStatCaches.noindex/iphoneos26.5-23F81a-32daed1954a7d5dd0789fcaf2a9bb78b.sdkstatcache -output-file-map /Users/mh/orca/workspaces/sonar-live-audio/build/release/UnsignedDerivedData/Build/Intermediates.noindex/swift-transformers.build/Release-iphoneos/Hub.build/Objects-normal/arm64/Hub-OutputFileMap.json -use-frontend-parseable-output -save-temps -no-color-diagnostics -explicit-module-build -module-cache-path /Users/mh/orca/workspaces/sonar-live-audio/build/release/UnsignedDerivedData/Build/Intermediates.noindex/SwiftExplicitPrecompiledModules -clang-scanner-module-cache-path /Users/mh/orca/workspaces/sonar-live-audio/build/release/UnsignedDerivedData/ModuleCache.noindex -sdk-module-cache-path /Users/mh/orca/workspaces/sonar-live-audio/build/release/UnsignedDerivedData/ModuleCache.noindex -serialize-diagnostics -emit-dependencies -emit-module -emit-module-path /Users/mh/orca/workspaces/sonar-live-audio/build/release/UnsignedDerivedData/Build/Intermediates.noindex/swift-transformers.build/Release-iphoneos/Hub.build/Objects-normal/arm64/Hub.swiftmodule -validate-clang-modules-once -clang-build-session-file /Users/mh/orca/workspaces/sonar-live-audio/build/release/UnsignedDerivedData/ModuleCache.noindex/Session.modulevalidation -package-name swift_transformers -Xcc -I/Users/mh/orca/workspaces/sonar-live-audio/build/release/UnsignedDerivedData/Build/Intermediates.noindex/swift-transformers.build/Release-iphoneos/Hub.build/swift-overrides.hmap -emit-const-values -Xfrontend -const-gather-protocols-file -Xfrontend /Users/mh/orca/workspaces/sonar-live-audio/build/release/UnsignedDerivedData/Build/Intermediates.noindex/swift-transformers.build/Release-iphoneos/Hub.build/Objects-normal/arm64/Hub_const_extract_protocols.json -Xcc -I/Users/mh/orca/workspaces/sonar-live-audio/build/release/UnsignedDerivedData/SourcePackages/checkouts/yyjson/src -Xcc -I/Users/mh/orca/workspaces/sonar-live-audio/build/release/UnsignedDerivedData/Build/Products/Release-iphoneos/include -Xcc -I/Users/mh/orca/workspaces/sonar-live-audio/build/release/UnsignedDerivedData/Build/Intermediates.noindex/swift-transformers.build/Release-iphoneos/Hub.build/DerivedSources-normal/arm64 -Xcc -I/Users/mh/orca/workspaces/sonar-live-audio/build/release/UnsignedDerivedData/Build/Intermediates.noindex/swift-transformers.build/Release-iphoneos/Hub.build/DerivedSources/arm64 -Xcc -I/Users/mh/orca/workspaces/sonar-live-audio/build/release/UnsignedDerivedData/Build/Intermediates.noindex/swift-transformers.build/Release-iphoneos/Hub.build/DerivedSources -Xcc -DSWIFT_PACKAGE -emit-objc-header -emit-objc-header-path /Users/mh/orca/workspaces/sonar-live-audio/build/release/UnsignedDerivedData/Build/Intermediates.noindex/swift-transformers.build/Release-iphoneos/Hub.build/Objects-normal/arm64/Hub-Swift.h -working-directory /Users/mh/orca/workspaces/sonar-live-audio/Sonar.xcodeproj -no-emit-module-separately-wmo

ExtractAppIntentsMetadata (in target 'Jinja' from project 'Jinja')
    cd /Users/mh/orca/workspaces/sonar-live-audio/build/release/UnsignedDerivedData/SourcePackages/checkouts/swift-jinja
    /Applications/Xcode.app/Contents/Developer/Toolchains/XcodeDefault.xctoolchain/usr/bin/appintentsmetadataprocessor --toolchain-dir /Applications/Xcode.app/Contents/Developer/Toolchains/XcodeDefault.xctoolchain --module-name Jinja --sdk-root /Applications/Xcode.app/Contents/Developer/Platforms/iPhoneOS.platform/Developer/SDKs/iPhoneOS26.5.sdk --xcode-version 17F113 --platform-family iOS --deployment-target 16.0 --bundle-identifier swift-jinja.Jinja --output /Users/mh/orca/workspaces/sonar-live-audio/build/release/UnsignedDerivedData/Build/Products/Release-iphoneos/Jinja.appintents --target-triple arm64-apple-ios16.0 --binary-file /Users/mh/orca/workspaces/sonar-live-audio/build/release/UnsignedDerivedData/Build/Products/Release-iphoneos/Jinja.o --dependency-file /Users/mh/orca/workspaces/sonar-live-audio/build/release/UnsignedDerivedData/Build/Intermediates.noindex/Jinja.build/Release-iphoneos/Jinja.build/Objects-normal/arm64/Jinja_dependency_info.dat --stringsdata-file /Users/mh/orca/workspaces/sonar-live-audio/build/release/UnsignedDerivedData/Build/Intermediates.noindex/Jinja.build/Release-iphoneos/Jinja.build/Objects-normal/arm64/ExtractedAppShortcutsMetadata.stringsdata --source-file-list /Users/mh/orca/workspaces/sonar-live-audio/build/release/UnsignedDerivedData/Build/Intermediates.noindex/Jinja.build/Release-iphoneos/Jinja.build/Objects-normal/arm64/Jinja.SwiftFileList --metadata-file-list /Users/mh/orca/workspaces/sonar-live-audio/build/release/UnsignedDerivedData/Build/Intermediates.noindex/Jinja.build/Release-iphoneos/Jinja.build/Jinja.DependencyMetadataFileList --static-metadata-file-list /Users/mh/orca/workspaces/sonar-live-audio/build/release/UnsignedDerivedData/Build/Intermediates.noindex/Jinja.build/Release-iphoneos/Jinja.build/Jinja.DependencyStaticMetadataFileList --swift-const-vals-list /Users/mh/orca/workspaces/sonar-live-audio/build/release/UnsignedDerivedData/Build/Intermediates.noindex/Jinja.build/Release-iphoneos/Jinja.build/Objects-normal/arm64/Jinja.SwiftConstValuesFileList --force --compile-time-extraction --deployment-aware-processing --validate-assistant-intents --no-app-shortcuts-localization
2026-08-10 00:28:35.908 appintentsmetadataprocessor[73740:2286824] Starting appintentsmetadataprocessor export
2026-08-10 00:28:35.917 appintentsmetadataprocessor[73740:2286824] Extracted no relevant App Intents symbols, skipping writing output

RegisterExecutionPolicyException /Users/mh/orca/workspaces/sonar-live-audio/build/release/UnsignedDerivedData/Build/Products/Release-iphoneos/Jinja.o (in target 'Jinja' from project 'Jinja')
    cd /Users/mh/orca/workspaces/sonar-live-audio/build/release/UnsignedDerivedData/SourcePackages/checkouts/swift-jinja
    builtin-RegisterExecutionPolicyException /Users/mh/orca/workspaces/sonar-live-audio/build/release/UnsignedDerivedData/Build/Products/Release-iphoneos/Jinja.o

SwiftDriver\ Compilation Hub normal arm64 com.apple.xcode.tools.swift.compiler (in target 'Hub' from project 'swift-transformers')
    cd /Users/mh/orca/workspaces/sonar-live-audio/Sonar.xcodeproj
    builtin-Swift-Compilation -- /Applications/Xcode.app/Contents/Developer/Toolchains/XcodeDefault.xctoolchain/usr/bin/swiftc -module-name Hub -O -whole-module-optimization @/Users/mh/orca/workspaces/sonar-live-audio/build/release/UnsignedDerivedData/Build/Intermediates.noindex/swift-transformers.build/Release-iphoneos/Hub.build/Objects-normal/arm64/Hub.SwiftFileList -DSWIFT_PACKAGE -DSWIFT_MODULE_RESOURCE_BUNDLE_AVAILABLE -Xcc -fmodule-map-file\=/Users/mh/orca/workspaces/sonar-live-audio/build/release/UnsignedDerivedData/Build/Intermediates.noindex/GeneratedModuleMaps-iphoneos/yyjson.modulemap -DXcode -enable-experimental-feature StrictConcurrency -plugin-path /Applications/Xcode.app/Contents/Developer/Toolchains/XcodeDefault.xctoolchain/usr/lib/swift/host/plugins/testing -enable-experimental-feature DebugDescriptionMacro -sdk /Applications/Xcode.app/Contents/Developer/Platforms/iPhoneOS.platform/Developer/SDKs/iPhoneOS26.5.sdk -target arm64-apple-ios16.0 -g -module-cache-path /Users/mh/orca/workspaces/sonar-live-audio/build/release/UnsignedDerivedData/ModuleCache.noindex -Xfrontend -serialize-debugging-options -suppress-warnings -swift-version 5 -I /Users/mh/orca/workspaces/sonar-live-audio/build/release/UnsignedDerivedData/Build/Products/Release-iphoneos -Isystem /Applications/Xcode.app/Contents/Developer/Platforms/iPhoneOS.platform/Developer/usr/lib -F /Users/mh/orca/workspaces/sonar-live-audio/build/release/UnsignedDerivedData/Build/Products/Release-iphoneos/PackageFrameworks -F /Users/mh/orca/workspaces/sonar-live-audio/build/release/UnsignedDerivedData/Build/Products/Release-iphoneos/PackageFrameworks -F /Users/mh/orca/workspaces/sonar-live-audio/build/release/UnsignedDerivedData/Build/Products/Release-iphoneos/PackageFrameworks -F /Users/mh/orca/workspaces/sonar-live-audio/build/release/UnsignedDerivedData/Build/Products/Release-iphoneos/PackageFrameworks -F /Users/mh/orca/workspaces/sonar-live-audio/build/release/UnsignedDerivedData/Build/Products/Release-iphoneos/PackageFrameworks -F /Users/mh/orca/workspaces/sonar-live-audio/build/release/UnsignedDerivedData/Build/Products/Release-iphoneos -F /Applications/Xcode.app/Contents/Developer/Platforms/iPhoneOS.platform/Developer/Library/Frameworks -F /Applications/Xcode.app/Contents/Developer/Platforms/iPhoneOS.platform/Developer/SDKs/iPhoneOS26.5.sdk/Developer/Library/Frameworks -c -num-threads 14 -Xcc -ivfsstatcache -Xcc /Users/mh/orca/workspaces/sonar-live-audio/build/release/UnsignedDerivedData/SDKStatCaches.noindex/iphoneos26.5-23F81a-32daed1954a7d5dd0789fcaf2a9bb78b.sdkstatcache -output-file-map /Users/mh/orca/workspaces/sonar-live-audio/build/release/UnsignedDerivedData/Build/Intermediates.noindex/swift-transformers.build/Release-iphoneos/Hub.build/Objects-normal/arm64/Hub-OutputFileMap.json -use-frontend-parseable-output -save-temps -no-color-diagnostics -explicit-module-build -module-cache-path /Users/mh/orca/workspaces/sonar-live-audio/build/release/UnsignedDerivedData/Build/Intermediates.noindex/SwiftExplicitPrecompiledModules -clang-scanner-module-cache-path /Users/mh/orca/workspaces/sonar-live-audio/build/release/UnsignedDerivedData/ModuleCache.noindex -sdk-module-cache-path /Users/mh/orca/workspaces/sonar-live-audio/build/release/UnsignedDerivedData/ModuleCache.noindex -serialize-diagnostics -emit-dependencies -emit-module -emit-module-path /Users/mh/orca/workspaces/sonar-live-audio/build/release/UnsignedDerivedData/Build/Intermediates.noindex/swift-transformers.build/Release-iphoneos/Hub.build/Objects-normal/arm64/Hub.swiftmodule -validate-clang-modules-once -clang-build-session-file /Users/mh/orca/workspaces/sonar-live-audio/build/release/UnsignedDerivedData/ModuleCache.noindex/Session.modulevalidation -package-name swift_transformers -Xcc -I/Users/mh/orca/workspaces/sonar-live-audio/build/release/UnsignedDerivedData/Build/Intermediates.noindex/swift-transformers.build/Release-iphoneos/Hub.build/swift-overrides.hmap -emit-const-values -Xfrontend -const-gather-protocols-file -Xfrontend /Users/mh/orca/workspaces/sonar-live-audio/build/release/UnsignedDerivedData/Build/Intermediates.noindex/swift-transformers.build/Release-iphoneos/Hub.build/Objects-normal/arm64/Hub_const_extract_protocols.json -Xcc -I/Users/mh/orca/workspaces/sonar-live-audio/build/release/UnsignedDerivedData/SourcePackages/checkouts/yyjson/src -Xcc -I/Users/mh/orca/workspaces/sonar-live-audio/build/release/UnsignedDerivedData/Build/Products/Release-iphoneos/include -Xcc -I/Users/mh/orca/workspaces/sonar-live-audio/build/release/UnsignedDerivedData/Build/Intermediates.noindex/swift-transformers.build/Release-iphoneos/Hub.build/DerivedSources-normal/arm64 -Xcc -I/Users/mh/orca/workspaces/sonar-live-audio/build/release/UnsignedDerivedData/Build/Intermediates.noindex/swift-transformers.build/Release-iphoneos/Hub.build/DerivedSources/arm64 -Xcc -I/Users/mh/orca/workspaces/sonar-live-audio/build/release/UnsignedDerivedData/Build/Intermediates.noindex/swift-transformers.build/Release-iphoneos/Hub.build/DerivedSources -Xcc -DSWIFT_PACKAGE -emit-objc-header -emit-objc-header-path /Users/mh/orca/workspaces/sonar-live-audio/build/release/UnsignedDerivedData/Build/Intermediates.noindex/swift-transformers.build/Release-iphoneos/Hub.build/Objects-normal/arm64/Hub-Swift.h -working-directory /Users/mh/orca/workspaces/sonar-live-audio/Sonar.xcodeproj -no-emit-module-separately-wmo

SwiftExplicitDependencyGeneratePcm arm64 /Users/mh/orca/workspaces/sonar-live-audio/build/release/UnsignedDerivedData/ModuleCache.noindex/_Builtin_stddef-5TYUNMYA9LUZI23SCHJ89C66U.pcm

SwiftExplicitDependencyGeneratePcm arm64 /Users/mh/orca/workspaces/sonar-live-audio/build/release/UnsignedDerivedData/ModuleCache.noindex/SwiftShims-90WM27EDY7F562CFXGAL31XHX.pcm

SwiftExplicitDependencyGeneratePcm arm64 /Users/mh/orca/workspaces/sonar-live-audio/build/release/UnsignedDerivedData/ModuleCache.noindex/_Builtin_stdarg-EOR2B2JZW9HHDEQS4XINQVGHH.pcm

SwiftExplicitDependencyGeneratePcm arm64 /Users/mh/orca/workspaces/sonar-live-audio/build/release/UnsignedDerivedData/ModuleCache.noindex/ptrcheck-A3OZRMAKOO8LEVDIFKG8X5TEK.pcm

SwiftExplicitDependencyGeneratePcm arm64 /Users/mh/orca/workspaces/sonar-live-audio/build/release/UnsignedDerivedData/ModuleCache.noindex/_Builtin_stdbool-6PAYWKRRIHZ2AIPHOBDGJB31.pcm

SwiftExplicitDependencyGeneratePcm arm64 /Users/mh/orca/workspaces/sonar-live-audio/build/release/UnsignedDerivedData/ModuleCache.noindex/_Builtin_float-1MDSCWQSDHU7R0TUPV35IAHNU.pcm

SwiftExplicitDependencyGeneratePcm arm64 /Users/mh/orca/workspaces/sonar-live-audio/build/release/UnsignedDerivedData/ModuleCache.noindex/_AvailabilityInternal-9Q8IA1U1GT8MAWG17R4WCZMFY.pcm

SwiftExplicitDependencyGeneratePcm arm64 /Users/mh/orca/workspaces/sonar-live-audio/build/release/UnsignedDerivedData/ModuleCache.noindex/_SwiftConcurrencyShims-EW6CN1YQT43KK2G5PPHZVW0HF.pcm

SwiftExplicitDependencyGeneratePcm arm64 /Users/mh/orca/workspaces/sonar-live-audio/build/release/UnsignedDerivedData/ModuleCache.noindex/ptrauth-5IJMPSFIJGG12IT8FMU1HNV89.pcm

SwiftExplicitDependencyGeneratePcm arm64 /Users/mh/orca/workspaces/sonar-live-audio/build/release/UnsignedDerivedData/ModuleCache.noindex/_DarwinFoundation1-3JZHIYDFUDNL8QGFUKJHJ0ZV.pcm

SwiftExplicitDependencyGeneratePcm arm64 /Users/mh/orca/workspaces/sonar-live-audio/build/release/UnsignedDerivedData/ModuleCache.noindex/_Builtin_limits-DZJCFU4KW5OPS0LL2T3G57ACG.pcm

SwiftExplicitDependencyGeneratePcm arm64 /Users/mh/orca/workspaces/sonar-live-audio/build/release/UnsignedDerivedData/ModuleCache.noindex/_DarwinFoundation2-EP6TCP3HSN1UOYDIF75R46GLT.pcm

SwiftExplicitDependencyGeneratePcm arm64 /Users/mh/orca/workspaces/sonar-live-audio/build/release/UnsignedDerivedData/ModuleCache.noindex/_Builtin_stdint-AM83YWY2DK3BOMI4751MOGQJD.pcm

SwiftExplicitDependencyGeneratePcm arm64 /Users/mh/orca/workspaces/sonar-live-audio/build/release/UnsignedDerivedData/ModuleCache.noindex/sys_types-BU93AU76608V2QSR2IV73G1NL.pcm

SwiftExplicitDependencyGeneratePcm arm64 /Users/mh/orca/workspaces/sonar-live-audio/build/release/UnsignedDerivedData/ModuleCache.noindex/_Builtin_stdatomic-DWLG0TSJSOZDF7AROEWBKK1RC.pcm

SwiftExplicitDependencyGeneratePcm arm64 /Users/mh/orca/workspaces/sonar-live-audio/build/release/UnsignedDerivedData/ModuleCache.noindex/_DarwinFoundation3-46IOTLTOYRK0DZOPNWQREATT2.pcm

SwiftExplicitDependencyGeneratePcm arm64 /Users/mh/orca/workspaces/sonar-live-audio/build/release/UnsignedDerivedData/ModuleCache.noindex/_Builtin_inttypes-6S8F8IHP3XON1A8RI9T67SMAI.pcm

SwiftExplicitDependencyGeneratePcm arm64 /Users/mh/orca/workspaces/sonar-live-audio/build/release/UnsignedDerivedData/Build/Intermediates.noindex/SwiftExplicitPrecompiledModules/yyjson-9KB2RRBIJCCEKEF8B86JJRZB9.pcm

SwiftExplicitDependencyGeneratePcm arm64 /Users/mh/orca/workspaces/sonar-live-audio/build/release/UnsignedDerivedData/ModuleCache.noindex/Darwin-CYRI8T0EMS4QKLQNSN9IZ5R3Q.pcm

SwiftExplicitDependencyGeneratePcm arm64 /Users/mh/orca/workspaces/sonar-live-audio/build/release/UnsignedDerivedData/ModuleCache.noindex/MachO-A23YYRUEZETEIJLJCDWGJC5TU.pcm

SwiftExplicitDependencyGeneratePcm arm64 /Users/mh/orca/workspaces/sonar-live-audio/build/release/UnsignedDerivedData/ModuleCache.noindex/ObjectiveC-3C293U2OU6ABMWW6CWYQ6576E.pcm

SwiftExplicitDependencyGeneratePcm arm64 /Users/mh/orca/workspaces/sonar-live-audio/build/release/UnsignedDerivedData/ModuleCache.noindex/os_object-63ZI6FZSNOFVR5QR3CGKGF165.pcm

SwiftExplicitDependencyGeneratePcm arm64 /Users/mh/orca/workspaces/sonar-live-audio/build/release/UnsignedDerivedData/ModuleCache.noindex/os_workgroup-BBER7V0N1DFW4VDUUFKONC35X.pcm

SwiftExplicitDependencyGeneratePcm arm64 /Users/mh/orca/workspaces/sonar-live-audio/build/release/UnsignedDerivedData/ModuleCache.noindex/Dispatch-9DNL28EIRQE17TSDTJOMUM34V.pcm

SwiftExplicitDependencyGeneratePcm arm64 /Users/mh/orca/workspaces/sonar-live-audio/build/release/UnsignedDerivedData/ModuleCache.noindex/dnssd-22VGI6F10GC5KMTAFQ7453X0N.pcm

SwiftExplicitDependencyGeneratePcm arm64 /Users/mh/orca/workspaces/sonar-live-audio/build/release/UnsignedDerivedData/ModuleCache.noindex/CoreFoundation-26MN57JT1T950NNGFNUW4GN4Z.pcm

SwiftExplicitDependencyGeneratePcm arm64 /Users/mh/orca/workspaces/sonar-live-audio/build/release/UnsignedDerivedData/ModuleCache.noindex/XPC-5W4CRXC9J5WEMLEA5HVTQ1N9U.pcm

SwiftExplicitDependencyGeneratePcm arm64 /Users/mh/orca/workspaces/sonar-live-audio/build/release/UnsignedDerivedData/ModuleCache.noindex/os-EAD0JWAZVDTYJD293S327DFXM.pcm

SwiftExplicitDependencyGeneratePcm arm64 /Users/mh/orca/workspaces/sonar-live-audio/build/release/UnsignedDerivedData/ModuleCache.noindex/CFNetwork-21QYWO3BDI6SD30MQQOPUOXCS.pcm

SwiftExplicitDependencyGeneratePcm arm64 /Users/mh/orca/workspaces/sonar-live-audio/build/release/UnsignedDerivedData/ModuleCache.noindex/Security-9T84C26VLZZM8VS65F6G1HBX.pcm

SwiftExplicitDependencyGeneratePcm arm64 /Users/mh/orca/workspaces/sonar-live-audio/build/release/UnsignedDerivedData/ModuleCache.noindex/Foundation-5B099HC0G2GL8SP7E5YH72EXC.pcm

SwiftExplicitDependencyGeneratePcm arm64 /Users/mh/orca/workspaces/sonar-live-audio/build/release/UnsignedDerivedData/ModuleCache.noindex/Network-85E63CG8C0WRZP3H6U6YNWNUO.pcm

SwiftExplicitDependencyGeneratePcm arm64 /Users/mh/orca/workspaces/sonar-live-audio/build/release/UnsignedDerivedData/ModuleCache.noindex/LocalAuthentication-14UNH9505QKVX0YGFR24U4VSS.pcm

SwiftCompile normal arm64 Compiling\ resource_bundle_accessor.swift,\ BinaryDistinct.swift,\ Config.swift,\ Downloader.swift,\ Hub.swift,\ HubApi.swift,\ YYJSONParser.swift /Users/mh/orca/workspaces/sonar-live-audio/build/release/UnsignedDerivedData/Build/Intermediates.noindex/swift-transformers.build/Release-iphoneos/Hub.build/DerivedSources/resource_bundle_accessor.swift /Users/mh/orca/workspaces/sonar-live-audio/build/release/UnsignedDerivedData/SourcePackages/checkouts/swift-transformers/Sources/Hub/BinaryDistinct.swift /Users/mh/orca/workspaces/sonar-live-audio/build/release/UnsignedDerivedData/SourcePackages/checkouts/swift-transformers/Sources/Hub/Config.swift /Users/mh/orca/workspaces/sonar-live-audio/build/release/UnsignedDerivedData/SourcePackages/checkouts/swift-transformers/Sources/Hub/Downloader.swift /Users/mh/orca/workspaces/sonar-live-audio/build/release/UnsignedDerivedData/SourcePackages/checkouts/swift-transformers/Sources/Hub/Hub.swift /Users/mh/orca/workspaces/sonar-live-audio/build/release/UnsignedDerivedData/SourcePackages/checkouts/swift-transformers/Sources/Hub/HubApi.swift /Users/mh/orca/workspaces/sonar-live-audio/build/release/UnsignedDerivedData/SourcePackages/checkouts/swift-transformers/Sources/Hub/YYJSONParser.swift /Users/mh/orca/workspaces/sonar-live-audio/build/release/UnsignedDerivedData/Build/Products/Release-iphoneos/Jinja.swiftmodule/arm64-apple-ios.swiftmodule /Applications/Xcode.app/Contents/Developer/Toolchains/XcodeDefault.xctoolchain/usr/lib/swift/iphoneos/prebuilt-modules/26.5/_Concurrency.swiftmodule/arm64e-apple-ios.swiftmodule /Applications/Xcode.app/Contents/Developer/Toolchains/XcodeDefault.xctoolchain/usr/lib/swift/iphoneos/prebuilt-modules/26.5/Observation.swiftmodule/arm64e-apple-ios.swiftmodule /Applications/Xcode.app/Contents/Developer/Toolchains/XcodeDefault.xctoolchain/usr/lib/swift/iphoneos/prebuilt-modules/26.5/Combine.swiftmodule/arm64e-apple-ios.swiftmodule /Applications/Xcode.app/Contents/Developer/Toolchains/XcodeDefault.xctoolchain/usr/lib/swift/iphoneos/prebuilt-modules/26.5/Dispatch.swiftmodule/arm64e-apple-ios.swiftmodule /Applications/Xcode.app/Contents/Developer/Toolchains/XcodeDefault.xctoolchain/usr/lib/swift/iphoneos/prebuilt-modules/26.5/os.swiftmodule/arm64e-apple-ios.swiftmodule /Applications/Xcode.app/Contents/Developer/Toolchains/XcodeDefault.xctoolchain/usr/lib/swift/iphoneos/prebuilt-modules/26.5/_DarwinFoundation2.swiftmodule/arm64e-apple-ios.swiftmodule /Applications/Xcode.app/Contents/Developer/Toolchains/XcodeDefault.xctoolchain/usr/lib/swift/iphoneos/prebuilt-modules/26.5/Distributed.swiftmodule/arm64e-apple-ios.swiftmodule /Applications/Xcode.app/Contents/Developer/Toolchains/XcodeDefault.xctoolchain/usr/lib/swift/iphoneos/prebuilt-modules/26.5/Network.swiftmodule/arm64e-apple-ios.swiftmodule /Users/mh/orca/workspaces/sonar-live-audio/build/release/UnsignedDerivedData/Build/Products/Release-iphoneos/OrderedCollections.swiftmodule/arm64-apple-ios.swiftmodule /Users/mh/orca/workspaces/sonar-live-audio/build/release/UnsignedDerivedData/Build/Products/Release-iphoneos/InternalCollectionsUtilities.swiftmodule/arm64-apple-ios.swiftmodule /Applications/Xcode.app/Contents/Developer/Toolchains/XcodeDefault.xctoolchain/usr/lib/swift/iphoneos/prebuilt-modules/26.5/_Builtin_float.swiftmodule/arm64e-apple-ios.swiftmodule /Applications/Xcode.app/Contents/Developer/Toolchains/XcodeDefault.xctoolchain/usr/lib/swift/iphoneos/prebuilt-modules/26.5/Foundation.swiftmodule/arm64e-apple-ios.swiftmodule /Applications/Xcode.app/Contents/Developer/Toolchains/XcodeDefault.xctoolchain/usr/lib/swift/iphoneos/prebuilt-modules/26.5/LocalAuthentication.swiftmodule/arm64e-apple-ios.swiftmodule /Applications/Xcode.app/Contents/Developer/Toolchains/XcodeDefault.xctoolchain/usr/lib/swift/iphoneos/prebuilt-modules/26.5/System.swiftmodule/arm64e-apple-ios.swiftmodule /Applications/Xcode.app/Contents/Developer/Toolchains/XcodeDefault.xctoolchain/usr/lib/swift/iphoneos/prebuilt-modules/26.5/_DarwinFoundation1.swiftmodule/arm64e-apple-ios.swiftmodule /Applications/Xcode.app/Contents/Developer/Toolchains/XcodeDefault.xctoolchain/usr/lib/swift/iphoneos/prebuilt-modules/26.5/Swift.swiftmodule/arm64e-apple-ios.swiftmodule /Applications/Xcode.app/Contents/Developer/Toolchains/XcodeDefault.xctoolchain/usr/lib/swift/iphoneos/prebuilt-modules/26.5/XPC.swiftmodule/arm64e-apple-ios.swiftmodule /Applications/Xcode.app/Contents/Developer/Toolchains/XcodeDefault.xctoolchain/usr/lib/swift/iphoneos/prebuilt-modules/26.5/ObjectiveC.swiftmodule/arm64e-apple-ios.swiftmodule /Users/mh/orca/workspaces/sonar-live-audio/build/release/UnsignedDerivedData/Build/Products/Release-iphoneos/Crypto.swiftmodule/arm64-apple-ios.swiftmodule /Applications/Xcode.app/Contents/Developer/Toolchains/XcodeDefault.xctoolchain/usr/lib/swift/iphoneos/prebuilt-modules/26.5/CoreFoundation.swiftmodule/arm64e-apple-ios.swiftmodule /Applications/Xcode.app/Contents/Developer/Toolchains/XcodeDefault.xctoolchain/usr/lib/swift/iphoneos/prebuilt-modules/26.5/_StringProcessing.swiftmodule/arm64e-apple-ios.swiftmodule /Applications/Xcode.app/Contents/Developer/Toolchains/XcodeDefault.xctoolchain/usr/lib/swift/iphoneos/prebuilt-modules/26.5/Darwin.swiftmodule/arm64e-apple-ios.swiftmodule /Applications/Xcode.app/Contents/Developer/Toolchains/XcodeDefault.xctoolchain/usr/lib/swift/iphoneos/prebuilt-modules/26.5/_DarwinFoundation3.swiftmodule/arm64e-apple-ios.swiftmodule /Applications/Xcode.app/Contents/Developer/Toolchains/XcodeDefault.xctoolchain/usr/lib/swift/iphoneos/prebuilt-modules/26.5/CryptoKit.swiftmodule/arm64e-apple-ios.swiftmodule /Users/mh/orca/workspaces/sonar-live-audio/build/release/UnsignedDerivedData/ModuleCache.noindex/os_workgroup-BBER7V0N1DFW4VDUUFKONC35X.pcm /Users/mh/orca/workspaces/sonar-live-audio/build/release/UnsignedDerivedData/ModuleCache.noindex/Dispatch-9DNL28EIRQE17TSDTJOMUM34V.pcm /Users/mh/orca/workspaces/sonar-live-audio/build/release/UnsignedDerivedData/ModuleCache.noindex/_AvailabilityInternal-9Q8IA1U1GT8MAWG17R4WCZMFY.pcm /Users/mh/orca/workspaces/sonar-live-audio/build/release/UnsignedDerivedData/ModuleCache.noindex/_Builtin_stdatomic-DWLG0TSJSOZDF7AROEWBKK1RC.pcm /Users/mh/orca/workspaces/sonar-live-audio/build/release/UnsignedDerivedData/ModuleCache.noindex/_Builtin_stddef-5TYUNMYA9LUZI23SCHJ89C66U.pcm /Users/mh/orca/workspaces/sonar-live-audio/build/release/UnsignedDerivedData/ModuleCache.noindex/_DarwinFoundation1-3JZHIYDFUDNL8QGFUKJHJ0ZV.pcm /Users/mh/orca/workspaces/sonar-live-audio/build/release/UnsignedDerivedData/ModuleCache.noindex/_Builtin_stdbool-6PAYWKRRIHZ2AIPHOBDGJB31.pcm /Users/mh/orca/workspaces/sonar-live-audio/build/release/UnsignedDerivedData/ModuleCache.noindex/LocalAuthentication-14UNH9505QKVX0YGFR24U4VSS.pcm /Users/mh/orca/workspaces/sonar-live-audio/build/release/UnsignedDerivedData/ModuleCache.noindex/Darwin-CYRI8T0EMS4QKLQNSN9IZ5R3Q.pcm /Users/mh/orca/workspaces/sonar-live-audio/build/release/UnsignedDerivedData/ModuleCache.noindex/CFNetwork-21QYWO3BDI6SD30MQQOPUOXCS.pcm /Users/mh/orca/workspaces/sonar-live-audio/build/release/UnsignedDerivedData/ModuleCache.noindex/_Builtin_limits-DZJCFU4KW5OPS0LL2T3G57ACG.pcm /Users/mh/orca/workspaces/sonar-live-audio/build/release/UnsignedDerivedData/ModuleCache.noindex/_Builtin_float-1MDSCWQSDHU7R0TUPV35IAHNU.pcm /Users/mh/orca/workspaces/sonar-live-audio/build/release/UnsignedDerivedData/ModuleCache.noindex/Foundation-5B099HC0G2GL8SP7E5YH72EXC.pcm /Users/mh/orca/workspaces/sonar-live-audio/build/release/UnsignedDerivedData/ModuleCache.noindex/sys_types-BU93AU76608V2QSR2IV73G1NL.pcm /Users/mh/orca/workspaces/sonar-live-audio/build/release/UnsignedDerivedData/ModuleCache.noindex/dnssd-22VGI6F10GC5KMTAFQ7453X0N.pcm /Users/mh/orca/workspaces/sonar-live-audio/build/release/UnsignedDerivedData/ModuleCache.noindex/_Builtin_inttypes-6S8F8IHP3XON1A8RI9T67SMAI.pcm /Users/mh/orca/workspaces/sonar-live-audio/build/release/UnsignedDerivedData/ModuleCache.noindex/_DarwinFoundation3-46IOTLTOYRK0DZOPNWQREATT2.pcm /Users/mh/orca/workspaces/sonar-live-audio/build/release/UnsignedDerivedData/ModuleCache.noindex/XPC-5W4CRXC9J5WEMLEA5HVTQ1N9U.pcm /Users/mh/orca/workspaces/sonar-live-audio/build/release/UnsignedDerivedData/ModuleCache.noindex/os_object-63ZI6FZSNOFVR5QR3CGKGF165.pcm /Users/mh/orca/workspaces/sonar-live-audio/build/release/UnsignedDerivedData/ModuleCache.noindex/SwiftShims-90WM27EDY7F562CFXGAL31XHX.pcm /Users/mh/orca/workspaces/sonar-live-audio/build/release/UnsignedDerivedData/ModuleCache.noindex/CoreFoundation-26MN57JT1T950NNGFNUW4GN4Z.pcm /Users/mh/orca/workspaces/sonar-live-audio/build/release/UnsignedDerivedData/ModuleCache.noindex/ptrcheck-A3OZRMAKOO8LEVDIFKG8X5TEK.pcm /Users/mh/orca/workspaces/sonar-live-audio/build/release/UnsignedDerivedData/ModuleCache.noindex/Security-9T84C26VLZZM8VS65F6G1HBX.pcm /Users/mh/orca/workspaces/sonar-live-audio/build/release/UnsignedDerivedData/ModuleCache.noindex/ObjectiveC-3C293U2OU6ABMWW6CWYQ6576E.pcm /Users/mh/orca/workspaces/sonar-live-audio/build/release/UnsignedDerivedData/ModuleCache.noindex/ptrauth-5IJMPSFIJGG12IT8FMU1HNV89.pcm /Users/mh/orca/workspaces/sonar-live-audio/build/release/UnsignedDerivedData/ModuleCache.noindex/_Builtin_stdint-AM83YWY2DK3BOMI4751MOGQJD.pcm /Users/mh/orca/workspaces/sonar-live-audio/build/release/UnsignedDerivedData/ModuleCache.noindex/Network-85E63CG8C0WRZP3H6U6YNWNUO.pcm /Users/mh/orca/workspaces/sonar-live-audio/build/release/UnsignedDerivedData/ModuleCache.noindex/MachO-A23YYRUEZETEIJLJCDWGJC5TU.pcm /Users/mh/orca/workspaces/sonar-live-audio/build/release/UnsignedDerivedData/Build/Intermediates.noindex/SwiftExplicitPrecompiledModules/yyjson-9KB2RRBIJCCEKEF8B86JJRZB9.pcm /Users/mh/orca/workspaces/sonar-live-audio/build/release/UnsignedDerivedData/ModuleCache.noindex/_SwiftConcurrencyShims-EW6CN1YQT43KK2G5PPHZVW0HF.pcm /Users/mh/orca/workspaces/sonar-live-audio/build/release/UnsignedDerivedData/ModuleCache.noindex/_Builtin_stdarg-EOR2B2JZW9HHDEQS4XINQVGHH.pcm /Users/mh/orca/workspaces/sonar-live-audio/build/release/UnsignedDerivedData/ModuleCache.noindex/os-EAD0JWAZVDTYJD293S327DFXM.pcm /Users/mh/orca/workspaces/sonar-live-audio/build/release/UnsignedDerivedData/ModuleCache.noindex/_DarwinFoundation2-EP6TCP3HSN1UOYDIF75R46GLT.pcm /Users/mh/orca/workspaces/sonar-live-audio/build/release/UnsignedDerivedData/Build/Intermediates.noindex/swift-transformers.build/Release-iphoneos/Hub.build/Objects-normal/arm64/Hub-dependencies-1.json (in target 'Hub' from project 'swift-transformers')
CompileSwift normal arm64 (in target 'Hub' from project 'swift-transformers')
    cd /Users/mh/orca/workspaces/sonar-live-audio/Sonar.xcodeproj
    

SwiftDriverJobDiscovery normal arm64 Compiling resource_bundle_accessor.swift, AnyMessageStorage.swift, AnyUnpackError.swift, AsyncMessageSequence.swift, BinaryDecoder.swift, BinaryDecodingError.swift, BinaryDecodingOptions.swift, BinaryDelimited.swift, BinaryEncoder.swift, BinaryEncodingError.swift, BinaryEncodingOptions.swift, BinaryEncodingSizeVisitor.swift, BinaryEncodingVisitor.swift, BytecodeInterpreter.swift, BytecodeReader.swift, CustomJSONCodable.swift, Decoder.swift, DoubleParser.swift, Enum.swift, ExtensibleMessage.swift, ExtensionFieldValueSet.swift, ExtensionFields.swift, ExtensionMap.swift, FieldTag.swift, FieldTypes.swift, Google_Protobuf_Any+Extensions.swift, Google_Protobuf_Any+Registry.swift, Google_Protobuf_Duration+Extensions.swift, Google_Protobuf_FieldMask+Extensions.swift, Google_Protobuf_ListValue+Extensions.swift, Google_Protobuf_NullValue+Extensions.swift, Google_Protobuf_Struct+Extensions.swift, Google_Protobuf_Timestamp+Extensions.swift, Google_Protobuf_Value+Extensions.swift, Google_Protobuf_Wrappers+Extensions.swift, HashVisitor.swift, Internal.swift, JSONDecoder.swift, JSONDecodingError.swift, JSONDecodingOptions.swift, JSONEncoder.swift, JSONEncodingError.swift, JSONEncodingOptions.swift, JSONEncodingVisitor.swift, JSONMapEncodingVisitor.swift, JSONScanner.swift, MathUtils.swift, Message+AnyAdditions.swift, Message+BinaryAdditions.swift, Message+BinaryAdditions_Data.swift, Message+FieldMask.swift, Message+JSONAdditions.swift, Message+JSONAdditions_Data.swift, Message+JSONArrayAdditions.swift, Message+JSONArrayAdditions_Data.swift, Message+TextFormatAdditions.swift, Message.swift, MessageExtension.swift, NameMap.swift, PathDecoder.swift, PathVisitor.swift, ProtoNameProviding.swift, ProtobufAPIVersionCheck.swift, ProtobufMap.swift, SelectiveVisitor.swift, SimpleExtensionMap.swift, StringUtils.swift, SwiftProtobufContiguousBytes.swift, SwiftProtobufError.swift, TextFormatDecoder.swift, TextFormatDecodingError.swift, TextFormatDecodingOptions.swift, TextFormatEncoder.swift, TextFormatEncodingOptions.swift, TextFormatEncodingVisitor.swift, TextFormatScanner.swift, TimeUtils.swift, UnknownStorage.swift, UnsafeRawPointer+Shims.swift, Varint.swift, Version.swift, Visitor.swift, WireFormat.swift, ZigZag.swift, any.pb.swift, api.pb.swift, descriptor.pb.swift, duration.pb.swift, empty.pb.swift, field_mask.pb.swift, source_context.pb.swift, struct.pb.swift, timestamp.pb.swift, type.pb.swift, wrappers.pb.swift (in target 'SwiftProtobuf' from project 'SwiftProtobuf')

SwiftDriver\ Compilation\ Requirements SwiftProtobuf normal arm64 com.apple.xcode.tools.swift.compiler (in target 'SwiftProtobuf' from project 'SwiftProtobuf')
    cd /Users/mh/orca/workspaces/sonar-live-audio/Sonar.xcodeproj
    builtin-Swift-Compilation-Requirements -- /Applications/Xcode.app/Contents/Developer/Toolchains/XcodeDefault.xctoolchain/usr/bin/swiftc -module-name SwiftProtobuf -O -whole-module-optimization @/Users/mh/orca/workspaces/sonar-live-audio/build/release/UnsignedDerivedData/Build/Intermediates.noindex/SwiftProtobuf.build/Release-iphoneos/SwiftProtobuf.build/Objects-normal/arm64/SwiftProtobuf.SwiftFileList -DSWIFT_PACKAGE -DSWIFT_MODULE_RESOURCE_BUNDLE_AVAILABLE -DBinaryDelimitedStreams -DFieldMaskUtilities -DXcode -enable-upcoming-feature ExistentialAny -plugin-path /Applications/Xcode.app/Contents/Developer/Toolchains/XcodeDefault.xctoolchain/usr/lib/swift/host/plugins/testing -enable-experimental-feature DebugDescriptionMacro -sdk /Applications/Xcode.app/Contents/Developer/Platforms/iPhoneOS.platform/Developer/SDKs/iPhoneOS26.5.sdk -target arm64-apple-ios12.0 -g -module-cache-path /Users/mh/orca/workspaces/sonar-live-audio/build/release/UnsignedDerivedData/ModuleCache.noindex -Xfrontend -serialize-debugging-options -suppress-warnings -swift-version 6 -I /Users/mh/orca/workspaces/sonar-live-audio/build/release/UnsignedDerivedData/Build/Products/Release-iphoneos -Isystem /Applications/Xcode.app/Contents/Developer/Platforms/iPhoneOS.platform/Developer/usr/lib -F /Users/mh/orca/workspaces/sonar-live-audio/build/release/UnsignedDerivedData/Build/Products/Release-iphoneos -F /Applications/Xcode.app/Contents/Developer/Platforms/iPhoneOS.platform/Developer/Library/Frameworks -F /Applications/Xcode.app/Contents/Developer/Platforms/iPhoneOS.platform/Developer/SDKs/iPhoneOS26.5.sdk/Developer/Library/Frameworks -c -num-threads 14 -Xcc -ivfsstatcache -Xcc /Users/mh/orca/workspaces/sonar-live-audio/build/release/UnsignedDerivedData/SDKStatCaches.noindex/iphoneos26.5-23F81a-32daed1954a7d5dd0789fcaf2a9bb78b.sdkstatcache -output-file-map /Users/mh/orca/workspaces/sonar-live-audio/build/release/UnsignedDerivedData/Build/Intermediates.noindex/SwiftProtobuf.build/Release-iphoneos/SwiftProtobuf.build/Objects-normal/arm64/SwiftProtobuf-OutputFileMap.json -use-frontend-parseable-output -save-temps -no-color-diagnostics -explicit-module-build -module-cache-path /Users/mh/orca/workspaces/sonar-live-audio/build/release/UnsignedDerivedData/Build/Intermediates.noindex/SwiftExplicitPrecompiledModules -clang-scanner-module-cache-path /Users/mh/orca/workspaces/sonar-live-audio/build/release/UnsignedDerivedData/ModuleCache.noindex -sdk-module-cache-path /Users/mh/orca/workspaces/sonar-live-audio/build/release/UnsignedDerivedData/ModuleCache.noindex -serialize-diagnostics -emit-dependencies -emit-module -emit-module-path /Users/mh/orca/workspaces/sonar-live-audio/build/release/UnsignedDerivedData/Build/Intermediates.noindex/SwiftProtobuf.build/Release-iphoneos/SwiftProtobuf.build/Objects-normal/arm64/SwiftProtobuf.swiftmodule -user-module-version 1.37.0 -validate-clang-modules-once -clang-build-session-file /Users/mh/orca/workspaces/sonar-live-audio/build/release/UnsignedDerivedData/ModuleCache.noindex/Session.modulevalidation -package-name swift_protobuf -Xcc -I/Users/mh/orca/workspaces/sonar-live-audio/build/release/UnsignedDerivedData/Build/Intermediates.noindex/SwiftProtobuf.build/Release-iphoneos/SwiftProtobuf.build/swift-overrides.hmap -emit-const-values -Xfrontend -const-gather-protocols-file -Xfrontend /Users/mh/orca/workspaces/sonar-live-audio/build/release/UnsignedDerivedData/Build/Intermediates.noindex/SwiftProtobuf.build/Release-iphoneos/SwiftProtobuf.build/Objects-normal/arm64/SwiftProtobuf_const_extract_protocols.json -Xcc -I/Users/mh/orca/workspaces/sonar-live-audio/build/release/UnsignedDerivedData/Build/Products/Release-iphoneos/include -Xcc -I/Users/mh/orca/workspaces/sonar-live-audio/build/release/UnsignedDerivedData/Build/Intermediates.noindex/SwiftProtobuf.build/Release-iphoneos/SwiftProtobuf.build/DerivedSources-normal/arm64 -Xcc -I/Users/mh/orca/workspaces/sonar-live-audio/build/release/UnsignedDerivedData/Build/Intermediates.noindex/SwiftProtobuf.build/Release-iphoneos/SwiftProtobuf.build/DerivedSources/arm64 -Xcc -I/Users/mh/orca/workspaces/sonar-live-audio/build/release/UnsignedDerivedData/Build/Intermediates.noindex/SwiftProtobuf.build/Release-iphoneos/SwiftProtobuf.build/DerivedSources -Xcc -DSWIFT_PACKAGE -emit-objc-header -emit-objc-header-path /Users/mh/orca/workspaces/sonar-live-audio/build/release/UnsignedDerivedData/Build/Intermediates.noindex/SwiftProtobuf.build/Release-iphoneos/SwiftProtobuf.build/Objects-normal/arm64/SwiftProtobuf-Swift.h -working-directory /Users/mh/orca/workspaces/sonar-live-audio/Sonar.xcodeproj -no-emit-module-separately-wmo

SwiftMergeGeneratedHeaders /Users/mh/orca/workspaces/sonar-live-audio/build/release/UnsignedDerivedData/Build/Intermediates.noindex/GeneratedModuleMaps-iphoneos/SwiftProtobuf-Swift.h /Users/mh/orca/workspaces/sonar-live-audio/build/release/UnsignedDerivedData/Build/Intermediates.noindex/SwiftProtobuf.build/Release-iphoneos/SwiftProtobuf.build/Objects-normal/arm64/SwiftProtobuf-Swift.h (in target 'SwiftProtobuf' from project 'SwiftProtobuf')
    cd /Users/mh/orca/workspaces/sonar-live-audio/build/release/UnsignedDerivedData/SourcePackages/checkouts/swift-protobuf
    builtin-swiftHeaderTool -arch arm64 /Users/mh/orca/workspaces/sonar-live-audio/build/release/UnsignedDerivedData/Build/Intermediates.noindex/SwiftProtobuf.build/Release-iphoneos/SwiftProtobuf.build/Objects-normal/arm64/SwiftProtobuf-Swift.h -o /Users/mh/orca/workspaces/sonar-live-audio/build/release/UnsignedDerivedData/Build/Intermediates.noindex/GeneratedModuleMaps-iphoneos/SwiftProtobuf-Swift.h

Copy /Users/mh/orca/workspaces/sonar-live-audio/build/release/UnsignedDerivedData/Build/Products/Release-iphoneos/SwiftProtobuf.swiftmodule/arm64-apple-ios.abi.json /Users/mh/orca/workspaces/sonar-live-audio/build/release/UnsignedDerivedData/Build/Intermediates.noindex/SwiftProtobuf.build/Release-iphoneos/SwiftProtobuf.build/Objects-normal/arm64/SwiftProtobuf.abi.json (in target 'SwiftProtobuf' from project 'SwiftProtobuf')
    cd /Users/mh/orca/workspaces/sonar-live-audio/build/release/UnsignedDerivedData/SourcePackages/checkouts/swift-protobuf
    builtin-copy -exclude .DS_Store -exclude CVS -exclude .svn -exclude .git -exclude .hg -strip-unsigned-binaries -strip-deterministic -strip-tool /Applications/Xcode.app/Contents/Developer/Toolchains/XcodeDefault.xctoolchain/usr/bin/strip -resolve-src-symlinks -rename /Users/mh/orca/workspaces/sonar-live-audio/build/release/UnsignedDerivedData/Build/Intermediates.noindex/SwiftProtobuf.build/Release-iphoneos/SwiftProtobuf.build/Objects-normal/arm64/SwiftProtobuf.abi.json /Users/mh/orca/workspaces/sonar-live-audio/build/release/UnsignedDerivedData/Build/Products/Release-iphoneos/SwiftProtobuf.swiftmodule/arm64-apple-ios.abi.json

Copy /Users/mh/orca/workspaces/sonar-live-audio/build/release/UnsignedDerivedData/Build/Products/Release-iphoneos/SwiftProtobuf.swiftmodule/arm64-apple-ios.swiftmodule /Users/mh/orca/workspaces/sonar-live-audio/build/release/UnsignedDerivedData/Build/Intermediates.noindex/SwiftProtobuf.build/Release-iphoneos/SwiftProtobuf.build/Objects-normal/arm64/SwiftProtobuf.swiftmodule (in target 'SwiftProtobuf' from project 'SwiftProtobuf')
    cd /Users/mh/orca/workspaces/sonar-live-audio/build/release/UnsignedDerivedData/SourcePackages/checkouts/swift-protobuf
    builtin-copy -exclude .DS_Store -exclude CVS -exclude .svn -exclude .git -exclude .hg -strip-unsigned-binaries -strip-deterministic -strip-tool /Applications/Xcode.app/Contents/Developer/Toolchains/XcodeDefault.xctoolchain/usr/bin/strip -resolve-src-symlinks -rename /Users/mh/orca/workspaces/sonar-live-audio/build/release/UnsignedDerivedData/Build/Intermediates.noindex/SwiftProtobuf.build/Release-iphoneos/SwiftProtobuf.build/Objects-normal/arm64/SwiftProtobuf.swiftmodule /Users/mh/orca/workspaces/sonar-live-audio/build/release/UnsignedDerivedData/Build/Products/Release-iphoneos/SwiftProtobuf.swiftmodule/arm64-apple-ios.swiftmodule

Copy /Users/mh/orca/workspaces/sonar-live-audio/build/release/UnsignedDerivedData/Build/Products/Release-iphoneos/SwiftProtobuf.swiftmodule/arm64-apple-ios.swiftdoc /Users/mh/orca/workspaces/sonar-live-audio/build/release/UnsignedDerivedData/Build/Intermediates.noindex/SwiftProtobuf.build/Release-iphoneos/SwiftProtobuf.build/Objects-normal/arm64/SwiftProtobuf.swiftdoc (in target 'SwiftProtobuf' from project 'SwiftProtobuf')
    cd /Users/mh/orca/workspaces/sonar-live-audio/build/release/UnsignedDerivedData/SourcePackages/checkouts/swift-protobuf
    builtin-copy -exclude .DS_Store -exclude CVS -exclude .svn -exclude .git -exclude .hg -strip-unsigned-binaries -strip-deterministic -strip-tool /Applications/Xcode.app/Contents/Developer/Toolchains/XcodeDefault.xctoolchain/usr/bin/strip -resolve-src-symlinks -rename /Users/mh/orca/workspaces/sonar-live-audio/build/release/UnsignedDerivedData/Build/Intermediates.noindex/SwiftProtobuf.build/Release-iphoneos/SwiftProtobuf.build/Objects-normal/arm64/SwiftProtobuf.swiftdoc /Users/mh/orca/workspaces/sonar-live-audio/build/release/UnsignedDerivedData/Build/Products/Release-iphoneos/SwiftProtobuf.swiftmodule/arm64-apple-ios.swiftdoc

Copy /Users/mh/orca/workspaces/sonar-live-audio/build/release/UnsignedDerivedData/Build/Products/Release-iphoneos/SwiftProtobuf.swiftmodule/Project/arm64-apple-ios.swiftsourceinfo /Users/mh/orca/workspaces/sonar-live-audio/build/release/UnsignedDerivedData/Build/Intermediates.noindex/SwiftProtobuf.build/Release-iphoneos/SwiftProtobuf.build/Objects-normal/arm64/SwiftProtobuf.swiftsourceinfo (in target 'SwiftProtobuf' from project 'SwiftProtobuf')
    cd /Users/mh/orca/workspaces/sonar-live-audio/build/release/UnsignedDerivedData/SourcePackages/checkouts/swift-protobuf
    builtin-copy -exclude .DS_Store -exclude CVS -exclude .svn -exclude .git -exclude .hg -strip-unsigned-binaries -strip-deterministic -strip-tool /Applications/Xcode.app/Contents/Developer/Toolchains/XcodeDefault.xctoolchain/usr/bin/strip -resolve-src-symlinks -rename /Users/mh/orca/workspaces/sonar-live-audio/build/release/UnsignedDerivedData/Build/Intermediates.noindex/SwiftProtobuf.build/Release-iphoneos/SwiftProtobuf.build/Objects-normal/arm64/SwiftProtobuf.swiftsourceinfo /Users/mh/orca/workspaces/sonar-live-audio/build/release/UnsignedDerivedData/Build/Products/Release-iphoneos/SwiftProtobuf.swiftmodule/Project/arm64-apple-ios.swiftsourceinfo

Ld /Users/mh/orca/workspaces/sonar-live-audio/build/release/UnsignedDerivedData/Build/Products/Release-iphoneos/SwiftProtobuf.o normal (in target 'SwiftProtobuf' from project 'SwiftProtobuf')
    cd /Users/mh/orca/workspaces/sonar-live-audio/build/release/UnsignedDerivedData/SourcePackages/checkouts/swift-protobuf
    /Applications/Xcode.app/Contents/Developer/Toolchains/XcodeDefault.xctoolchain/usr/bin/clang -Xlinker -reproducible -target arm64-apple-ios12.0 -r -isysroot /Applications/Xcode.app/Contents/Developer/Platforms/iPhoneOS.platform/Developer/SDKs/iPhoneOS26.5.sdk -Os -w -F/Users/mh/orca/workspaces/sonar-live-audio/build/release/UnsignedDerivedData/Build/Intermediates.noindex/EagerLinkingTBDs/Release-iphoneos -F/Users/mh/orca/workspaces/sonar-live-audio/build/release/UnsignedDerivedData/Build/Products/Release-iphoneos -iframework /Applications/Xcode.app/Contents/Developer/Platforms/iPhoneOS.platform/Developer/Library/Frameworks -iframework /Applications/Xcode.app/Contents/Developer/Platforms/iPhoneOS.platform/Developer/SDKs/iPhoneOS26.5.sdk/Developer/Library/Frameworks -filelist /Users/mh/orca/workspaces/sonar-live-audio/build/release/UnsignedDerivedData/Build/Intermediates.noindex/SwiftProtobuf.build/Release-iphoneos/SwiftProtobuf.build/Objects-normal/arm64/SwiftProtobuf.LinkFileList -nostdlib -Xlinker -object_path_lto -Xlinker /Users/mh/orca/workspaces/sonar-live-audio/build/release/UnsignedDerivedData/Build/Intermediates.noindex/SwiftProtobuf.build/Release-iphoneos/SwiftProtobuf.build/Objects-normal/arm64/SwiftProtobuf_lto.o -Xlinker -dependency_info -Xlinker /Users/mh/orca/workspaces/sonar-live-audio/build/release/UnsignedDerivedData/Build/Intermediates.noindex/SwiftProtobuf.build/Release-iphoneos/SwiftProtobuf.build/Objects-normal/arm64/SwiftProtobuf_dependency_info.dat -fobjc-link-runtime -L/Applications/Xcode.app/Contents/Developer/Toolchains/XcodeDefault.xctoolchain/usr/lib/swift/iphoneos -L/usr/lib/swift -Xlinker -add_ast_path -Xlinker /Users/mh/orca/workspaces/sonar-live-audio/build/release/UnsignedDerivedData/Build/Intermediates.noindex/SwiftProtobuf.build/Release-iphoneos/SwiftProtobuf.build/Objects-normal/arm64/SwiftProtobuf.swiftmodule @/Users/mh/orca/workspaces/sonar-live-audio/build/release/UnsignedDerivedData/Build/Intermediates.noindex/SwiftProtobuf.build/Release-iphoneos/SwiftProtobuf.build/Objects-normal/arm64/SwiftProtobuf-linker-args.resp -o /Users/mh/orca/workspaces/sonar-live-audio/build/release/UnsignedDerivedData/Build/Products/Release-iphoneos/SwiftProtobuf.o

SwiftDriver LiveKit normal arm64 com.apple.xcode.tools.swift.compiler (in target 'LiveKit' from project 'LiveKit')
    cd /Users/mh/orca/workspaces/sonar-live-audio/Sonar.xcodeproj
    builtin-SwiftDriver -- /Applications/Xcode.app/Contents/Developer/Toolchains/XcodeDefault.xctoolchain/usr/bin/swiftc -module-name LiveKit -O -whole-module-optimization @/Users/mh/orca/workspaces/sonar-live-audio/build/release/UnsignedDerivedData/Build/Intermediates.noindex/LiveKit.build/Release-iphoneos/LiveKit.build/Objects-normal/arm64/LiveKit.SwiftFileList -DSWIFT_PACKAGE -DSWIFT_MODULE_RESOURCE_BUNDLE_AVAILABLE -Xcc -fmodule-map-file\=/Users/mh/orca/workspaces/sonar-live-audio/build/release/UnsignedDerivedData/Build/Intermediates.noindex/GeneratedModuleMaps-iphoneos/LKObjCHelpers.modulemap -DXcode -enable-experimental-feature AccessLevelOnImport -plugin-path /Applications/Xcode.app/Contents/Developer/Toolchains/XcodeDefault.xctoolchain/usr/lib/swift/host/plugins/testing -enable-experimental-feature DebugDescriptionMacro -sdk /Applications/Xcode.app/Contents/Developer/Platforms/iPhoneOS.platform/Developer/SDKs/iPhoneOS26.5.sdk -target arm64-apple-ios13.0 -g -module-cache-path /Users/mh/orca/workspaces/sonar-live-audio/build/release/UnsignedDerivedData/ModuleCache.noindex -Xfrontend -serialize-debugging-options -suppress-warnings -swift-version 6 -I /Users/mh/orca/workspaces/sonar-live-audio/build/release/UnsignedDerivedData/Build/Products/Release-iphoneos -Isystem /Applications/Xcode.app/Contents/Developer/Platforms/iPhoneOS.platform/Developer/usr/lib -F /Users/mh/orca/workspaces/sonar-live-audio/build/release/UnsignedDerivedData/Build/Products/Release-iphoneos/PackageFrameworks -F /Users/mh/orca/workspaces/sonar-live-audio/build/release/UnsignedDerivedData/Build/Products/Release-iphoneos/PackageFrameworks -F /Users/mh/orca/workspaces/sonar-live-audio/build/release/UnsignedDerivedData/Build/Products/Release-iphoneos/PackageFrameworks -F /Users/mh/orca/workspaces/sonar-live-audio/build/release/UnsignedDerivedData/Build/Products/Release-iphoneos -F /Applications/Xcode.app/Contents/Developer/Platforms/iPhoneOS.platform/Developer/Library/Frameworks -F /Applications/Xcode.app/Contents/Developer/Platforms/iPhoneOS.platform/Developer/SDKs/iPhoneOS26.5.sdk/Developer/Library/Frameworks -c -num-threads 14 -Xcc -ivfsstatcache -Xcc /Users/mh/orca/workspaces/sonar-live-audio/build/release/UnsignedDerivedData/SDKStatCaches.noindex/iphoneos26.5-23F81a-32daed1954a7d5dd0789fcaf2a9bb78b.sdkstatcache -output-file-map /Users/mh/orca/workspaces/sonar-live-audio/build/release/UnsignedDerivedData/Build/Intermediates.noindex/LiveKit.build/Release-iphoneos/LiveKit.build/Objects-normal/arm64/LiveKit-OutputFileMap.json -use-frontend-parseable-output -save-temps -no-color-diagnostics -explicit-module-build -module-cache-path /Users/mh/orca/workspaces/sonar-live-audio/build/release/UnsignedDerivedData/Build/Intermediates.noindex/SwiftExplicitPrecompiledModules -clang-scanner-module-cache-path /Users/mh/orca/workspaces/sonar-live-audio/build/release/UnsignedDerivedData/ModuleCache.noindex -sdk-module-cache-path /Users/mh/orca/workspaces/sonar-live-audio/build/release/UnsignedDerivedData/ModuleCache.noindex -serialize-diagnostics -emit-dependencies -emit-module -emit-module-path /Users/mh/orca/workspaces/sonar-live-audio/build/release/UnsignedDerivedData/Build/Intermediates.noindex/LiveKit.build/Release-iphoneos/LiveKit.build/Objects-normal/arm64/LiveKit.swiftmodule -user-module-version 2.13.0 -validate-clang-modules-once -clang-build-session-file /Users/mh/orca/workspaces/sonar-live-audio/build/release/UnsignedDerivedData/ModuleCache.noindex/Session.modulevalidation -package-name client_sdk_swift -Xcc -I/Users/mh/orca/workspaces/sonar-live-audio/build/release/UnsignedDerivedData/Build/Intermediates.noindex/LiveKit.build/Release-iphoneos/LiveKit.build/swift-overrides.hmap -emit-const-values -Xfrontend -const-gather-protocols-file -Xfrontend /Users/mh/orca/workspaces/sonar-live-audio/build/release/UnsignedDerivedData/Build/Intermediates.noindex/LiveKit.build/Release-iphoneos/LiveKit.build/Objects-normal/arm64/LiveKit_const_extract_protocols.json -Xcc -I/Users/mh/orca/workspaces/sonar-live-audio/build/release/UnsignedDerivedData/SourcePackages/checkouts/client-sdk-swift/Sources/LKObjCHelpers/include -Xcc -I/Users/mh/orca/workspaces/sonar-live-audio/build/release/UnsignedDerivedData/Build/Products/Release-iphoneos/include -Xcc -I/Users/mh/orca/workspaces/sonar-live-audio/build/release/UnsignedDerivedData/Build/Intermediates.noindex/LiveKit.build/Release-iphoneos/LiveKit.build/DerivedSources-normal/arm64 -Xcc -I/Users/mh/orca/workspaces/sonar-live-audio/build/release/UnsignedDerivedData/Build/Intermediates.noindex/LiveKit.build/Release-iphoneos/LiveKit.build/DerivedSources/arm64 -Xcc -I/Users/mh/orca/workspaces/sonar-live-audio/build/release/UnsignedDerivedData/Build/Intermediates.noindex/LiveKit.build/Release-iphoneos/LiveKit.build/DerivedSources -Xcc -DSWIFT_PACKAGE -emit-objc-header -emit-objc-header-path /Users/mh/orca/workspaces/sonar-live-audio/build/release/UnsignedDerivedData/Build/Intermediates.noindex/LiveKit.build/Release-iphoneos/LiveKit.build/Objects-normal/arm64/LiveKit-Swift.h -working-directory /Users/mh/orca/workspaces/sonar-live-audio/Sonar.xcodeproj -no-emit-module-separately-wmo

ExtractAppIntentsMetadata (in target 'SwiftProtobuf' from project 'SwiftProtobuf')
    cd /Users/mh/orca/workspaces/sonar-live-audio/build/release/UnsignedDerivedData/SourcePackages/checkouts/swift-protobuf
    /Applications/Xcode.app/Contents/Developer/Toolchains/XcodeDefault.xctoolchain/usr/bin/appintentsmetadataprocessor --toolchain-dir /Applications/Xcode.app/Contents/Developer/Toolchains/XcodeDefault.xctoolchain --module-name SwiftProtobuf --sdk-root /Applications/Xcode.app/Contents/Developer/Platforms/iPhoneOS.platform/Developer/SDKs/iPhoneOS26.5.sdk --xcode-version 17F113 --platform-family iOS --deployment-target 12.0 --bundle-identifier swift-protobuf.SwiftProtobuf --output /Users/mh/orca/workspaces/sonar-live-audio/build/release/UnsignedDerivedData/Build/Products/Release-iphoneos/SwiftProtobuf.appintents --target-triple arm64-apple-ios12.0 --binary-file /Users/mh/orca/workspaces/sonar-live-audio/build/release/UnsignedDerivedData/Build/Products/Release-iphoneos/SwiftProtobuf.o --dependency-file /Users/mh/orca/workspaces/sonar-live-audio/build/release/UnsignedDerivedData/Build/Intermediates.noindex/SwiftProtobuf.build/Release-iphoneos/SwiftProtobuf.build/Objects-normal/arm64/SwiftProtobuf_dependency_info.dat --stringsdata-file /Users/mh/orca/workspaces/sonar-live-audio/build/release/UnsignedDerivedData/Build/Intermediates.noindex/SwiftProtobuf.build/Release-iphoneos/SwiftProtobuf.build/Objects-normal/arm64/ExtractedAppShortcutsMetadata.stringsdata --source-file-list /Users/mh/orca/workspaces/sonar-live-audio/build/release/UnsignedDerivedData/Build/Intermediates.noindex/SwiftProtobuf.build/Release-iphoneos/SwiftProtobuf.build/Objects-normal/arm64/SwiftProtobuf.SwiftFileList --metadata-file-list /Users/mh/orca/workspaces/sonar-live-audio/build/release/UnsignedDerivedData/Build/Intermediates.noindex/SwiftProtobuf.build/Release-iphoneos/SwiftProtobuf.build/SwiftProtobuf.DependencyMetadataFileList --static-metadata-file-list /Users/mh/orca/workspaces/sonar-live-audio/build/release/UnsignedDerivedData/Build/Intermediates.noindex/SwiftProtobuf.build/Release-iphoneos/SwiftProtobuf.build/SwiftProtobuf.DependencyStaticMetadataFileList --swift-const-vals-list /Users/mh/orca/workspaces/sonar-live-audio/build/release/UnsignedDerivedData/Build/Intermediates.noindex/SwiftProtobuf.build/Release-iphoneos/SwiftProtobuf.build/Objects-normal/arm64/SwiftProtobuf.SwiftConstValuesFileList --force --compile-time-extraction --deployment-aware-processing --validate-assistant-intents --no-app-shortcuts-localization
2026-08-10 00:28:40.040 appintentsmetadataprocessor[73950:2287563] Starting appintentsmetadataprocessor export
2026-08-10 00:28:40.051 appintentsmetadataprocessor[73950:2287563] Extracted no relevant App Intents symbols, skipping writing output

RegisterExecutionPolicyException /Users/mh/orca/workspaces/sonar-live-audio/build/release/UnsignedDerivedData/Build/Products/Release-iphoneos/SwiftProtobuf.o (in target 'SwiftProtobuf' from project 'SwiftProtobuf')
    cd /Users/mh/orca/workspaces/sonar-live-audio/build/release/UnsignedDerivedData/SourcePackages/checkouts/swift-protobuf
    builtin-RegisterExecutionPolicyException /Users/mh/orca/workspaces/sonar-live-audio/build/release/UnsignedDerivedData/Build/Products/Release-iphoneos/SwiftProtobuf.o

SwiftDriver\ Compilation LiveKit normal arm64 com.apple.xcode.tools.swift.compiler (in target 'LiveKit' from project 'LiveKit')
    cd /Users/mh/orca/workspaces/sonar-live-audio/Sonar.xcodeproj
    builtin-Swift-Compilation -- /Applications/Xcode.app/Contents/Developer/Toolchains/XcodeDefault.xctoolchain/usr/bin/swiftc -module-name LiveKit -O -whole-module-optimization @/Users/mh/orca/workspaces/sonar-live-audio/build/release/UnsignedDerivedData/Build/Intermediates.noindex/LiveKit.build/Release-iphoneos/LiveKit.build/Objects-normal/arm64/LiveKit.SwiftFileList -DSWIFT_PACKAGE -DSWIFT_MODULE_RESOURCE_BUNDLE_AVAILABLE -Xcc -fmodule-map-file\=/Users/mh/orca/workspaces/sonar-live-audio/build/release/UnsignedDerivedData/Build/Intermediates.noindex/GeneratedModuleMaps-iphoneos/LKObjCHelpers.modulemap -DXcode -enable-experimental-feature AccessLevelOnImport -plugin-path /Applications/Xcode.app/Contents/Developer/Toolchains/XcodeDefault.xctoolchain/usr/lib/swift/host/plugins/testing -enable-experimental-feature DebugDescriptionMacro -sdk /Applications/Xcode.app/Contents/Developer/Platforms/iPhoneOS.platform/Developer/SDKs/iPhoneOS26.5.sdk -target arm64-apple-ios13.0 -g -module-cache-path /Users/mh/orca/workspaces/sonar-live-audio/build/release/UnsignedDerivedData/ModuleCache.noindex -Xfrontend -serialize-debugging-options -suppress-warnings -swift-version 6 -I /Users/mh/orca/workspaces/sonar-live-audio/build/release/UnsignedDerivedData/Build/Products/Release-iphoneos -Isystem /Applications/Xcode.app/Contents/Developer/Platforms/iPhoneOS.platform/Developer/usr/lib -F /Users/mh/orca/workspaces/sonar-live-audio/build/release/UnsignedDerivedData/Build/Products/Release-iphoneos/PackageFrameworks -F /Users/mh/orca/workspaces/sonar-live-audio/build/release/UnsignedDerivedData/Build/Products/Release-iphoneos/PackageFrameworks -F /Users/mh/orca/workspaces/sonar-live-audio/build/release/UnsignedDerivedData/Build/Products/Release-iphoneos/PackageFrameworks -F /Users/mh/orca/workspaces/sonar-live-audio/build/release/UnsignedDerivedData/Build/Products/Release-iphoneos -F /Applications/Xcode.app/Contents/Developer/Platforms/iPhoneOS.platform/Developer/Library/Frameworks -F /Applications/Xcode.app/Contents/Developer/Platforms/iPhoneOS.platform/Developer/SDKs/iPhoneOS26.5.sdk/Developer/Library/Frameworks -c -num-threads 14 -Xcc -ivfsstatcache -Xcc /Users/mh/orca/workspaces/sonar-live-audio/build/release/UnsignedDerivedData/SDKStatCaches.noindex/iphoneos26.5-23F81a-32daed1954a7d5dd0789fcaf2a9bb78b.sdkstatcache -output-file-map /Users/mh/orca/workspaces/sonar-live-audio/build/release/UnsignedDerivedData/Build/Intermediates.noindex/LiveKit.build/Release-iphoneos/LiveKit.build/Objects-normal/arm64/LiveKit-OutputFileMap.json -use-frontend-parseable-output -save-temps -no-color-diagnostics -explicit-module-build -module-cache-path /Users/mh/orca/workspaces/sonar-live-audio/build/release/UnsignedDerivedData/Build/Intermediates.noindex/SwiftExplicitPrecompiledModules -clang-scanner-module-cache-path /Users/mh/orca/workspaces/sonar-live-audio/build/release/UnsignedDerivedData/ModuleCache.noindex -sdk-module-cache-path /Users/mh/orca/workspaces/sonar-live-audio/build/release/UnsignedDerivedData/ModuleCache.noindex -serialize-diagnostics -emit-dependencies -emit-module -emit-module-path /Users/mh/orca/workspaces/sonar-live-audio/build/release/UnsignedDerivedData/Build/Intermediates.noindex/LiveKit.build/Release-iphoneos/LiveKit.build/Objects-normal/arm64/LiveKit.swiftmodule -user-module-version 2.13.0 -validate-clang-modules-once -clang-build-session-file /Users/mh/orca/workspaces/sonar-live-audio/build/release/UnsignedDerivedData/ModuleCache.noindex/Session.modulevalidation -package-name client_sdk_swift -Xcc -I/Users/mh/orca/workspaces/sonar-live-audio/build/release/UnsignedDerivedData/Build/Intermediates.noindex/LiveKit.build/Release-iphoneos/LiveKit.build/swift-overrides.hmap -emit-const-values -Xfrontend -const-gather-protocols-file -Xfrontend /Users/mh/orca/workspaces/sonar-live-audio/build/release/UnsignedDerivedData/Build/Intermediates.noindex/LiveKit.build/Release-iphoneos/LiveKit.build/Objects-normal/arm64/LiveKit_const_extract_protocols.json -Xcc -I/Users/mh/orca/workspaces/sonar-live-audio/build/release/UnsignedDerivedData/SourcePackages/checkouts/client-sdk-swift/Sources/LKObjCHelpers/include -Xcc -I/Users/mh/orca/workspaces/sonar-live-audio/build/release/UnsignedDerivedData/Build/Products/Release-iphoneos/include -Xcc -I/Users/mh/orca/workspaces/sonar-live-audio/build/release/UnsignedDerivedData/Build/Intermediates.noindex/LiveKit.build/Release-iphoneos/LiveKit.build/DerivedSources-normal/arm64 -Xcc -I/Users/mh/orca/workspaces/sonar-live-audio/build/release/UnsignedDerivedData/Build/Intermediates.noindex/LiveKit.build/Release-iphoneos/LiveKit.build/DerivedSources/arm64 -Xcc -I/Users/mh/orca/workspaces/sonar-live-audio/build/release/UnsignedDerivedData/Build/Intermediates.noindex/LiveKit.build/Release-iphoneos/LiveKit.build/DerivedSources -Xcc -DSWIFT_PACKAGE -emit-objc-header -emit-objc-header-path /Users/mh/orca/workspaces/sonar-live-audio/build/release/UnsignedDerivedData/Build/Intermediates.noindex/LiveKit.build/Release-iphoneos/LiveKit.build/Objects-normal/arm64/LiveKit-Swift.h -working-directory /Users/mh/orca/workspaces/sonar-live-audio/Sonar.xcodeproj -no-emit-module-separately-wmo

SwiftExplicitDependencyGeneratePcm arm64 /Users/mh/orca/workspaces/sonar-live-audio/build/release/UnsignedDerivedData/ModuleCache.noindex/CoreData-A2ZTMRCLFIXF1WPN9ZFQW472P.pcm

SwiftExplicitDependencyGeneratePcm arm64 /Users/mh/orca/workspaces/sonar-live-audio/build/release/UnsignedDerivedData/ModuleCache.noindex/IOSurface-JT63G93N9QS40OGBPUMNYB13.pcm

SwiftExplicitDependencyGeneratePcm arm64 /Users/mh/orca/workspaces/sonar-live-audio/build/release/UnsignedDerivedData/ModuleCache.noindex/UserNotifications-63G1ZOO0PZJRTMFCX4NKH3KGE.pcm

SwiftExplicitDependencyGeneratePcm arm64 /Users/mh/orca/workspaces/sonar-live-audio/build/release/UnsignedDerivedData/ModuleCache.noindex/_Builtin_intrinsics-1P0PG9RL59Y4CLX75HG4KKH53.pcm

SwiftExplicitDependencyGeneratePcm arm64 /Users/mh/orca/workspaces/sonar-live-audio/build/release/UnsignedDerivedData/ModuleCache.noindex/CoreMIDI-1ZF5S4NUC16V737Q3N4Q8O7RN.pcm

SwiftExplicitDependencyGeneratePcm arm64 /Users/mh/orca/workspaces/sonar-live-audio/build/release/UnsignedDerivedData/ModuleCache.noindex/_Builtin_tgmath-2M81MDVCSGL75PMB701OS6BG5.pcm

SwiftExplicitDependencyGeneratePcm arm64 /Users/mh/orca/workspaces/sonar-live-audio/build/release/UnsignedDerivedData/ModuleCache.noindex/CoreAudioTypes-8TP1WHNPYLN7DW5RS4CG06PWN.pcm

SwiftExplicitDependencyGeneratePcm arm64 /Users/mh/orca/workspaces/sonar-live-audio/build/release/UnsignedDerivedData/ModuleCache.noindex/UniformTypeIdentifiers-7RSI5V22VISOVI9RQ6XR0L1L0.pcm

SwiftExplicitDependencyGeneratePcm arm64 /Users/mh/orca/workspaces/sonar-live-audio/build/release/UnsignedDerivedData/ModuleCache.noindex/Symbols-CY7FXVO6AOBX9VLJDI5H3M7XP.pcm

SwiftExplicitDependencyGeneratePcm arm64 /Users/mh/orca/workspaces/sonar-live-audio/build/release/UnsignedDerivedData/ModuleCache.noindex/CoreTransferable-8X148D8MYMDV5X8E5TADHLP8J.pcm

SwiftExplicitDependencyGeneratePcm arm64 /Users/mh/orca/workspaces/sonar-live-audio/build/release/UnsignedDerivedData/ModuleCache.noindex/CoreServices-C62IMYL84NJYYXU3H5R8XVJ0F.pcm

SwiftExplicitDependencyGeneratePcm arm64 /Users/mh/orca/workspaces/sonar-live-audio/build/release/UnsignedDerivedData/ModuleCache.noindex/DeveloperToolsSupport-7MMV0OWPL8L22TZLAX657SEEV.pcm

SwiftExplicitDependencyGeneratePcm arm64 /Users/mh/orca/workspaces/sonar-live-audio/build/release/UnsignedDerivedData/ModuleCache.noindex/CoreGraphics-CA989HXCCOJZH42V29CBZMASG.pcm

SwiftExplicitDependencyGeneratePcm arm64 /Users/mh/orca/workspaces/sonar-live-audio/build/release/UnsignedDerivedData/ModuleCache.noindex/UIUtilities-9Z79U743TJD26I4O4E2GBB9Z9.pcm

SwiftExplicitDependencyGeneratePcm arm64 /Users/mh/orca/workspaces/sonar-live-audio/build/release/UnsignedDerivedData/ModuleCache.noindex/_Builtin_stdatomic-66UJ3UOIAIVWAZO0M6WCIWQYI.pcm

SwiftExplicitDependencyGeneratePcm arm64 /Users/mh/orca/workspaces/sonar-live-audio/build/release/UnsignedDerivedData/ModuleCache.noindex/dnssd-3YC0FWZT5Z48AAZD8R6XKNTHK.pcm

SwiftExplicitDependencyGeneratePcm arm64 /Users/mh/orca/workspaces/sonar-live-audio/build/release/UnsignedDerivedData/ModuleCache.noindex/MachO-92VPOIP3UNIUSXQQRGWKHCJ9F.pcm

SwiftExplicitDependencyGeneratePcm arm64 /Users/mh/orca/workspaces/sonar-live-audio/build/release/UnsignedDerivedData/ModuleCache.noindex/DataDetection-3PEJOLSENQ6WM48YORX6X3PLS.pcm

SwiftExplicitDependencyGeneratePcm arm64 /Users/mh/orca/workspaces/sonar-live-audio/build/release/UnsignedDerivedData/ModuleCache.noindex/Metal-5HFDDFW84J3U8A9Y1CA9A0UN.pcm

SwiftExplicitDependencyGeneratePcm arm64 /Users/mh/orca/workspaces/sonar-live-audio/build/release/UnsignedDerivedData/ModuleCache.noindex/OpenGLES-2QCBW53Y8WHNUWNI7PGL5487.pcm

SwiftExplicitDependencyGeneratePcm arm64 /Users/mh/orca/workspaces/sonar-live-audio/build/release/UnsignedDerivedData/ModuleCache.noindex/CoreAudio-APY1OQSTO5GXY9ZEDUHXYBZWO.pcm

SwiftExplicitDependencyGeneratePcm arm64 /Users/mh/orca/workspaces/sonar-live-audio/build/release/UnsignedDerivedData/ModuleCache.noindex/CoreText-9BAYVTKMRGAKH56QANXJ72W7W.pcm

SwiftExplicitDependencyGeneratePcm arm64 /Users/mh/orca/workspaces/sonar-live-audio/build/release/UnsignedDerivedData/ModuleCache.noindex/FileProvider-CLVQ5I7UQ158TA3WGBR7GQ31G.pcm

SwiftExplicitDependencyGeneratePcm arm64 /Users/mh/orca/workspaces/sonar-live-audio/build/release/UnsignedDerivedData/ModuleCache.noindex/Accessibility-AJLI8VGBFWF7LPKT8FZLM1CFF.pcm

SwiftExplicitDependencyGeneratePcm arm64 /Users/mh/orca/workspaces/sonar-live-audio/build/release/UnsignedDerivedData/ModuleCache.noindex/ImageIO-86TEM9D9JKV0FH1M6NJBOBBAG.pcm

SwiftExplicitDependencyGeneratePcm arm64 /Users/mh/orca/workspaces/sonar-live-audio/build/release/UnsignedDerivedData/ModuleCache.noindex/AudioToolbox-BWZKJS47DXILGPZYC9UFZ4M0V.pcm

SwiftExplicitDependencyGeneratePcm arm64 /Users/mh/orca/workspaces/sonar-live-audio/build/release/UnsignedDerivedData/ModuleCache.noindex/Network-61YLGGENSL7F5NYU74T6BNV6P.pcm

SwiftExplicitDependencyGeneratePcm arm64 /Users/mh/orca/workspaces/sonar-live-audio/build/release/UnsignedDerivedData/ModuleCache.noindex/os-9GV09QM8942E2A6G38FIMMAHG.pcm

SwiftExplicitDependencyGeneratePcm arm64 /Users/mh/orca/workspaces/sonar-live-audio/build/release/UnsignedDerivedData/ModuleCache.noindex/simd-3BLXUQIVVG07CMPNUAJBQVZZ2.pcm

SwiftExplicitDependencyGeneratePcm arm64 /Users/mh/orca/workspaces/sonar-live-audio/build/release/UnsignedDerivedData/ModuleCache.noindex/MediaAccessibility-324UGN9MCJMFCTCYTGZX4BERX.pcm

SwiftExplicitDependencyGeneratePcm arm64 /Users/mh/orca/workspaces/sonar-live-audio/build/release/UnsignedDerivedData/ModuleCache.noindex/AVRouting-BW7GE7VW2HCSQDFHC14S08KIB.pcm

SwiftDriverJobDiscovery normal arm64 Compiling resource_bundle_accessor.swift, BinaryDistinct.swift, Config.swift, Downloader.swift, Hub.swift, HubApi.swift, YYJSONParser.swift (in target 'Hub' from project 'swift-transformers')

SwiftDriver\ Compilation\ Requirements Hub normal arm64 com.apple.xcode.tools.swift.compiler (in target 'Hub' from project 'swift-transformers')
    cd /Users/mh/orca/workspaces/sonar-live-audio/Sonar.xcodeproj
    builtin-Swift-Compilation-Requirements -- /Applications/Xcode.app/Contents/Developer/Toolchains/XcodeDefault.xctoolchain/usr/bin/swiftc -module-name Hub -O -whole-module-optimization @/Users/mh/orca/workspaces/sonar-live-audio/build/release/UnsignedDerivedData/Build/Intermediates.noindex/swift-transformers.build/Release-iphoneos/Hub.build/Objects-normal/arm64/Hub.SwiftFileList -DSWIFT_PACKAGE -DSWIFT_MODULE_RESOURCE_BUNDLE_AVAILABLE -Xcc -fmodule-map-file\=/Users/mh/orca/workspaces/sonar-live-audio/build/release/UnsignedDerivedData/Build/Intermediates.noindex/GeneratedModuleMaps-iphoneos/yyjson.modulemap -DXcode -enable-experimental-feature StrictConcurrency -plugin-path /Applications/Xcode.app/Contents/Developer/Toolchains/XcodeDefault.xctoolchain/usr/lib/swift/host/plugins/testing -enable-experimental-feature DebugDescriptionMacro -sdk /Applications/Xcode.app/Contents/Developer/Platforms/iPhoneOS.platform/Developer/SDKs/iPhoneOS26.5.sdk -target arm64-apple-ios16.0 -g -module-cache-path /Users/mh/orca/workspaces/sonar-live-audio/build/release/UnsignedDerivedData/ModuleCache.noindex -Xfrontend -serialize-debugging-options -suppress-warnings -swift-version 5 -I /Users/mh/orca/workspaces/sonar-live-audio/build/release/UnsignedDerivedData/Build/Products/Release-iphoneos -Isystem /Applications/Xcode.app/Contents/Developer/Platforms/iPhoneOS.platform/Developer/usr/lib -F /Users/mh/orca/workspaces/sonar-live-audio/build/release/UnsignedDerivedData/Build/Products/Release-iphoneos/PackageFrameworks -F /Users/mh/orca/workspaces/sonar-live-audio/build/release/UnsignedDerivedData/Build/Products/Release-iphoneos/PackageFrameworks -F /Users/mh/orca/workspaces/sonar-live-audio/build/release/UnsignedDerivedData/Build/Products/Release-iphoneos/PackageFrameworks -F /Users/mh/orca/workspaces/sonar-live-audio/build/release/UnsignedDerivedData/Build/Products/Release-iphoneos/PackageFrameworks -F /Users/mh/orca/workspaces/sonar-live-audio/build/release/UnsignedDerivedData/Build/Products/Release-iphoneos/PackageFrameworks -F /Users/mh/orca/workspaces/sonar-live-audio/build/release/UnsignedDerivedData/Build/Products/Release-iphoneos -F /Applications/Xcode.app/Contents/Developer/Platforms/iPhoneOS.platform/Developer/Library/Frameworks -F /Applications/Xcode.app/Contents/Developer/Platforms/iPhoneOS.platform/Developer/SDKs/iPhoneOS26.5.sdk/Developer/Library/Frameworks -c -num-threads 14 -Xcc -ivfsstatcache -Xcc /Users/mh/orca/workspaces/sonar-live-audio/build/release/UnsignedDerivedData/SDKStatCaches.noindex/iphoneos26.5-23F81a-32daed1954a7d5dd0789fcaf2a9bb78b.sdkstatcache -output-file-map /Users/mh/orca/workspaces/sonar-live-audio/build/release/UnsignedDerivedData/Build/Intermediates.noindex/swift-transformers.build/Release-iphoneos/Hub.build/Objects-normal/arm64/Hub-OutputFileMap.json -use-frontend-parseable-output -save-temps -no-color-diagnostics -explicit-module-build -module-cache-path /Users/mh/orca/workspaces/sonar-live-audio/build/release/UnsignedDerivedData/Build/Intermediates.noindex/SwiftExplicitPrecompiledModules -clang-scanner-module-cache-path /Users/mh/orca/workspaces/sonar-live-audio/build/release/UnsignedDerivedData/ModuleCache.noindex -sdk-module-cache-path /Users/mh/orca/workspaces/sonar-live-audio/build/release/UnsignedDerivedData/ModuleCache.noindex -serialize-diagnostics -emit-dependencies -emit-module -emit-module-path /Users/mh/orca/workspaces/sonar-live-audio/build/release/UnsignedDerivedData/Build/Intermediates.noindex/swift-transformers.build/Release-iphoneos/Hub.build/Objects-normal/arm64/Hub.swiftmodule -validate-clang-modules-once -clang-build-session-file /Users/mh/orca/workspaces/sonar-live-audio/build/release/UnsignedDerivedData/ModuleCache.noindex/Session.modulevalidation -package-name swift_transformers -Xcc -I/Users/mh/orca/workspaces/sonar-live-audio/build/release/UnsignedDerivedData/Build/Intermediates.noindex/swift-transformers.build/Release-iphoneos/Hub.build/swift-overrides.hmap -emit-const-values -Xfrontend -const-gather-protocols-file -Xfrontend /Users/mh/orca/workspaces/sonar-live-audio/build/release/UnsignedDerivedData/Build/Intermediates.noindex/swift-transformers.build/Release-iphoneos/Hub.build/Objects-normal/arm64/Hub_const_extract_protocols.json -Xcc -I/Users/mh/orca/workspaces/sonar-live-audio/build/release/UnsignedDerivedData/SourcePackages/checkouts/yyjson/src -Xcc -I/Users/mh/orca/workspaces/sonar-live-audio/build/release/UnsignedDerivedData/Build/Products/Release-iphoneos/include -Xcc -I/Users/mh/orca/workspaces/sonar-live-audio/build/release/UnsignedDerivedData/Build/Intermediates.noindex/swift-transformers.build/Release-iphoneos/Hub.build/DerivedSources-normal/arm64 -Xcc -I/Users/mh/orca/workspaces/sonar-live-audio/build/release/UnsignedDerivedData/Build/Intermediates.noindex/swift-transformers.build/Release-iphoneos/Hub.build/DerivedSources/arm64 -Xcc -I/Users/mh/orca/workspaces/sonar-live-audio/build/release/UnsignedDerivedData/Build/Intermediates.noindex/swift-transformers.build/Release-iphoneos/Hub.build/DerivedSources -Xcc -DSWIFT_PACKAGE -emit-objc-header -emit-objc-header-path /Users/mh/orca/workspaces/sonar-live-audio/build/release/UnsignedDerivedData/Build/Intermediates.noindex/swift-transformers.build/Release-iphoneos/Hub.build/Objects-normal/arm64/Hub-Swift.h -working-directory /Users/mh/orca/workspaces/sonar-live-audio/Sonar.xcodeproj -no-emit-module-separately-wmo

SwiftMergeGeneratedHeaders /Users/mh/orca/workspaces/sonar-live-audio/build/release/UnsignedDerivedData/Build/Intermediates.noindex/GeneratedModuleMaps-iphoneos/Hub-Swift.h /Users/mh/orca/workspaces/sonar-live-audio/build/release/UnsignedDerivedData/Build/Intermediates.noindex/swift-transformers.build/Release-iphoneos/Hub.build/Objects-normal/arm64/Hub-Swift.h (in target 'Hub' from project 'swift-transformers')
    cd /Users/mh/orca/workspaces/sonar-live-audio/build/release/UnsignedDerivedData/SourcePackages/checkouts/swift-transformers
    builtin-swiftHeaderTool -arch arm64 /Users/mh/orca/workspaces/sonar-live-audio/build/release/UnsignedDerivedData/Build/Intermediates.noindex/swift-transformers.build/Release-iphoneos/Hub.build/Objects-normal/arm64/Hub-Swift.h -o /Users/mh/orca/workspaces/sonar-live-audio/build/release/UnsignedDerivedData/Build/Intermediates.noindex/GeneratedModuleMaps-iphoneos/Hub-Swift.h

Copy /Users/mh/orca/workspaces/sonar-live-audio/build/release/UnsignedDerivedData/Build/Products/Release-iphoneos/Hub.swiftmodule/arm64-apple-ios.swiftmodule /Users/mh/orca/workspaces/sonar-live-audio/build/release/UnsignedDerivedData/Build/Intermediates.noindex/swift-transformers.build/Release-iphoneos/Hub.build/Objects-normal/arm64/Hub.swiftmodule (in target 'Hub' from project 'swift-transformers')
    cd /Users/mh/orca/workspaces/sonar-live-audio/build/release/UnsignedDerivedData/SourcePackages/checkouts/swift-transformers
    builtin-copy -exclude .DS_Store -exclude CVS -exclude .svn -exclude .git -exclude .hg -strip-unsigned-binaries -strip-deterministic -strip-tool /Applications/Xcode.app/Contents/Developer/Toolchains/XcodeDefault.xctoolchain/usr/bin/strip -resolve-src-symlinks -rename /Users/mh/orca/workspaces/sonar-live-audio/build/release/UnsignedDerivedData/Build/Intermediates.noindex/swift-transformers.build/Release-iphoneos/Hub.build/Objects-normal/arm64/Hub.swiftmodule /Users/mh/orca/workspaces/sonar-live-audio/build/release/UnsignedDerivedData/Build/Products/Release-iphoneos/Hub.swiftmodule/arm64-apple-ios.swiftmodule

Copy /Users/mh/orca/workspaces/sonar-live-audio/build/release/UnsignedDerivedData/Build/Products/Release-iphoneos/Hub.swiftmodule/arm64-apple-ios.swiftdoc /Users/mh/orca/workspaces/sonar-live-audio/build/release/UnsignedDerivedData/Build/Intermediates.noindex/swift-transformers.build/Release-iphoneos/Hub.build/Objects-normal/arm64/Hub.swiftdoc (in target 'Hub' from project 'swift-transformers')
    cd /Users/mh/orca/workspaces/sonar-live-audio/build/release/UnsignedDerivedData/SourcePackages/checkouts/swift-transformers
    builtin-copy -exclude .DS_Store -exclude CVS -exclude .svn -exclude .git -exclude .hg -strip-unsigned-binaries -strip-deterministic -strip-tool /Applications/Xcode.app/Contents/Developer/Toolchains/XcodeDefault.xctoolchain/usr/bin/strip -resolve-src-symlinks -rename /Users/mh/orca/workspaces/sonar-live-audio/build/release/UnsignedDerivedData/Build/Intermediates.noindex/swift-transformers.build/Release-iphoneos/Hub.build/Objects-normal/arm64/Hub.swiftdoc /Users/mh/orca/workspaces/sonar-live-audio/build/release/UnsignedDerivedData/Build/Products/Release-iphoneos/Hub.swiftmodule/arm64-apple-ios.swiftdoc

Copy /Users/mh/orca/workspaces/sonar-live-audio/build/release/UnsignedDerivedData/Build/Products/Release-iphoneos/Hub.swiftmodule/arm64-apple-ios.abi.json /Users/mh/orca/workspaces/sonar-live-audio/build/release/UnsignedDerivedData/Build/Intermediates.noindex/swift-transformers.build/Release-iphoneos/Hub.build/Objects-normal/arm64/Hub.abi.json (in target 'Hub' from project 'swift-transformers')
    cd /Users/mh/orca/workspaces/sonar-live-audio/build/release/UnsignedDerivedData/SourcePackages/checkouts/swift-transformers
    builtin-copy -exclude .DS_Store -exclude CVS -exclude .svn -exclude .git -exclude .hg -strip-unsigned-binaries -strip-deterministic -strip-tool /Applications/Xcode.app/Contents/Developer/Toolchains/XcodeDefault.xctoolchain/usr/bin/strip -resolve-src-symlinks -rename /Users/mh/orca/workspaces/sonar-live-audio/build/release/UnsignedDerivedData/Build/Intermediates.noindex/swift-transformers.build/Release-iphoneos/Hub.build/Objects-normal/arm64/Hub.abi.json /Users/mh/orca/workspaces/sonar-live-audio/build/release/UnsignedDerivedData/Build/Products/Release-iphoneos/Hub.swiftmodule/arm64-apple-ios.abi.json

Copy /Users/mh/orca/workspaces/sonar-live-audio/build/release/UnsignedDerivedData/Build/Products/Release-iphoneos/Hub.swiftmodule/Project/arm64-apple-ios.swiftsourceinfo /Users/mh/orca/workspaces/sonar-live-audio/build/release/UnsignedDerivedData/Build/Intermediates.noindex/swift-transformers.build/Release-iphoneos/Hub.build/Objects-normal/arm64/Hub.swiftsourceinfo (in target 'Hub' from project 'swift-transformers')
    cd /Users/mh/orca/workspaces/sonar-live-audio/build/release/UnsignedDerivedData/SourcePackages/checkouts/swift-transformers
    builtin-copy -exclude .DS_Store -exclude CVS -exclude .svn -exclude .git -exclude .hg -strip-unsigned-binaries -strip-deterministic -strip-tool /Applications/Xcode.app/Contents/Developer/Toolchains/XcodeDefault.xctoolchain/usr/bin/strip -resolve-src-symlinks -rename /Users/mh/orca/workspaces/sonar-live-audio/build/release/UnsignedDerivedData/Build/Intermediates.noindex/swift-transformers.build/Release-iphoneos/Hub.build/Objects-normal/arm64/Hub.swiftsourceinfo /Users/mh/orca/workspaces/sonar-live-audio/build/release/UnsignedDerivedData/Build/Products/Release-iphoneos/Hub.swiftmodule/Project/arm64-apple-ios.swiftsourceinfo

SwiftExplicitDependencyGeneratePcm arm64 /Users/mh/orca/workspaces/sonar-live-audio/build/release/UnsignedDerivedData/ModuleCache.noindex/OSLog-F4DC1WJVQF2POBLSV3VS6B3LL.pcm

Ld /Users/mh/orca/workspaces/sonar-live-audio/build/release/UnsignedDerivedData/Build/Products/Release-iphoneos/Hub.o normal (in target 'Hub' from project 'swift-transformers')
    cd /Users/mh/orca/workspaces/sonar-live-audio/build/release/UnsignedDerivedData/SourcePackages/checkouts/swift-transformers
    /Applications/Xcode.app/Contents/Developer/Toolchains/XcodeDefault.xctoolchain/usr/bin/clang -Xlinker -reproducible -target arm64-apple-ios16.0 -r -isysroot /Applications/Xcode.app/Contents/Developer/Platforms/iPhoneOS.platform/Developer/SDKs/iPhoneOS26.5.sdk -Os -w -F/Users/mh/orca/workspaces/sonar-live-audio/build/release/UnsignedDerivedData/Build/Intermediates.noindex/EagerLinkingTBDs/Release-iphoneos -F/Users/mh/orca/workspaces/sonar-live-audio/build/release/UnsignedDerivedData/Build/Products/Release-iphoneos/PackageFrameworks -F/Users/mh/orca/workspaces/sonar-live-audio/build/release/UnsignedDerivedData/Build/Products/Release-iphoneos/PackageFrameworks -F/Users/mh/orca/workspaces/sonar-live-audio/build/release/UnsignedDerivedData/Build/Products/Release-iphoneos/PackageFrameworks -F/Users/mh/orca/workspaces/sonar-live-audio/build/release/UnsignedDerivedData/Build/Products/Release-iphoneos/PackageFrameworks -F/Users/mh/orca/workspaces/sonar-live-audio/build/release/UnsignedDerivedData/Build/Products/Release-iphoneos/PackageFrameworks -F/Users/mh/orca/workspaces/sonar-live-audio/build/release/UnsignedDerivedData/Build/Products/Release-iphoneos -iframework /Applications/Xcode.app/Contents/Developer/Platforms/iPhoneOS.platform/Developer/Library/Frameworks -iframework /Applications/Xcode.app/Contents/Developer/Platforms/iPhoneOS.platform/Developer/SDKs/iPhoneOS26.5.sdk/Developer/Library/Frameworks -filelist /Users/mh/orca/workspaces/sonar-live-audio/build/release/UnsignedDerivedData/Build/Intermediates.noindex/swift-transformers.build/Release-iphoneos/Hub.build/Objects-normal/arm64/Hub.LinkFileList -nostdlib -Xlinker -object_path_lto -Xlinker /Users/mh/orca/workspaces/sonar-live-audio/build/release/UnsignedDerivedData/Build/Intermediates.noindex/swift-transformers.build/Release-iphoneos/Hub.build/Objects-normal/arm64/Hub_lto.o -Xlinker -dependency_info -Xlinker /Users/mh/orca/workspaces/sonar-live-audio/build/release/UnsignedDerivedData/Build/Intermediates.noindex/swift-transformers.build/Release-iphoneos/Hub.build/Objects-normal/arm64/Hub_dependency_info.dat -fobjc-link-runtime -L/Applications/Xcode.app/Contents/Developer/Toolchains/XcodeDefault.xctoolchain/usr/lib/swift/iphoneos -L/usr/lib/swift -Xlinker -add_ast_path -Xlinker /Users/mh/orca/workspaces/sonar-live-audio/build/release/UnsignedDerivedData/Build/Intermediates.noindex/swift-transformers.build/Release-iphoneos/Hub.build/Objects-normal/arm64/Hub.swiftmodule @/Users/mh/orca/workspaces/sonar-live-audio/build/release/UnsignedDerivedData/Build/Intermediates.noindex/swift-transformers.build/Release-iphoneos/Hub.build/Objects-normal/arm64/Hub-linker-args.resp -o /Users/mh/orca/workspaces/sonar-live-audio/build/release/UnsignedDerivedData/Build/Products/Release-iphoneos/Hub.o

SwiftDriver Tokenizers normal arm64 com.apple.xcode.tools.swift.compiler (in target 'Tokenizers' from project 'swift-transformers')
    cd /Users/mh/orca/workspaces/sonar-live-audio/Sonar.xcodeproj
    builtin-SwiftDriver -- /Applications/Xcode.app/Contents/Developer/Toolchains/XcodeDefault.xctoolchain/usr/bin/swiftc -module-name Tokenizers -O -whole-module-optimization @/Users/mh/orca/workspaces/sonar-live-audio/build/release/UnsignedDerivedData/Build/Intermediates.noindex/swift-transformers.build/Release-iphoneos/Tokenizers.build/Objects-normal/arm64/Tokenizers.SwiftFileList -DSWIFT_PACKAGE -DSWIFT_MODULE_RESOURCE_BUNDLE_UNAVAILABLE -Xcc -fmodule-map-file\=/Users/mh/orca/workspaces/sonar-live-audio/build/release/UnsignedDerivedData/Build/Intermediates.noindex/GeneratedModuleMaps-iphoneos/yyjson.modulemap -DXcode -plugin-path /Applications/Xcode.app/Contents/Developer/Toolchains/XcodeDefault.xctoolchain/usr/lib/swift/host/plugins/testing -enable-experimental-feature DebugDescriptionMacro -sdk /Applications/Xcode.app/Contents/Developer/Platforms/iPhoneOS.platform/Developer/SDKs/iPhoneOS26.5.sdk -target arm64-apple-ios16.0 -g -module-cache-path /Users/mh/orca/workspaces/sonar-live-audio/build/release/UnsignedDerivedData/ModuleCache.noindex -Xfrontend -serialize-debugging-options -suppress-warnings -swift-version 5 -I /Users/mh/orca/workspaces/sonar-live-audio/build/release/UnsignedDerivedData/Build/Products/Release-iphoneos -Isystem /Applications/Xcode.app/Contents/Developer/Platforms/iPhoneOS.platform/Developer/usr/lib -F /Users/mh/orca/workspaces/sonar-live-audio/build/release/UnsignedDerivedData/Build/Products/Release-iphoneos/PackageFrameworks -F /Users/mh/orca/workspaces/sonar-live-audio/build/release/UnsignedDerivedData/Build/Products/Release-iphoneos/PackageFrameworks -F /Users/mh/orca/workspaces/sonar-live-audio/build/release/UnsignedDerivedData/Build/Products/Release-iphoneos/PackageFrameworks -F /Users/mh/orca/workspaces/sonar-live-audio/build/release/UnsignedDerivedData/Build/Products/Release-iphoneos/PackageFrameworks -F /Users/mh/orca/workspaces/sonar-live-audio/build/release/UnsignedDerivedData/Build/Products/Release-iphoneos/PackageFrameworks -F /Users/mh/orca/workspaces/sonar-live-audio/build/release/UnsignedDerivedData/Build/Products/Release-iphoneos/PackageFrameworks -F /Users/mh/orca/workspaces/sonar-live-audio/build/release/UnsignedDerivedData/Build/Products/Release-iphoneos -F /Applications/Xcode.app/Contents/Developer/Platforms/iPhoneOS.platform/Developer/Library/Frameworks -F /Applications/Xcode.app/Contents/Developer/Platforms/iPhoneOS.platform/Developer/SDKs/iPhoneOS26.5.sdk/Developer/Library/Frameworks -c -num-threads 14 -Xcc -ivfsstatcache -Xcc /Users/mh/orca/workspaces/sonar-live-audio/build/release/UnsignedDerivedData/SDKStatCaches.noindex/iphoneos26.5-23F81a-32daed1954a7d5dd0789fcaf2a9bb78b.sdkstatcache -output-file-map /Users/mh/orca/workspaces/sonar-live-audio/build/release/UnsignedDerivedData/Build/Intermediates.noindex/swift-transformers.build/Release-iphoneos/Tokenizers.build/Objects-normal/arm64/Tokenizers-OutputFileMap.json -use-frontend-parseable-output -save-temps -no-color-diagnostics -explicit-module-build -module-cache-path /Users/mh/orca/workspaces/sonar-live-audio/build/release/UnsignedDerivedData/Build/Intermediates.noindex/SwiftExplicitPrecompiledModules -clang-scanner-module-cache-path /Users/mh/orca/workspaces/sonar-live-audio/build/release/UnsignedDerivedData/ModuleCache.noindex -sdk-module-cache-path /Users/mh/orca/workspaces/sonar-live-audio/build/release/UnsignedDerivedData/ModuleCache.noindex -serialize-diagnostics -emit-dependencies -emit-module -emit-module-path /Users/mh/orca/workspaces/sonar-live-audio/build/release/UnsignedDerivedData/Build/Intermediates.noindex/swift-transformers.build/Release-iphoneos/Tokenizers.build/Objects-normal/arm64/Tokenizers.swiftmodule -validate-clang-modules-once -clang-build-session-file /Users/mh/orca/workspaces/sonar-live-audio/build/release/UnsignedDerivedData/ModuleCache.noindex/Session.modulevalidation -package-name swift_transformers -Xcc -I/Users/mh/orca/workspaces/sonar-live-audio/build/release/UnsignedDerivedData/Build/Intermediates.noindex/swift-transformers.build/Release-iphoneos/Tokenizers.build/swift-overrides.hmap -emit-const-values -Xfrontend -const-gather-protocols-file -Xfrontend /Users/mh/orca/workspaces/sonar-live-audio/build/release/UnsignedDerivedData/Build/Intermediates.noindex/swift-transformers.build/Release-iphoneos/Tokenizers.build/Objects-normal/arm64/Tokenizers_const_extract_protocols.json -Xcc -I/Users/mh/orca/workspaces/sonar-live-audio/build/release/UnsignedDerivedData/SourcePackages/checkouts/yyjson/src -Xcc -I/Users/mh/orca/workspaces/sonar-live-audio/build/release/UnsignedDerivedData/Build/Products/Release-iphoneos/include -Xcc -I/Users/mh/orca/workspaces/sonar-live-audio/build/release/UnsignedDerivedData/Build/Intermediates.noindex/swift-transformers.build/Release-iphoneos/Tokenizers.build/DerivedSources-normal/arm64 -Xcc -I/Users/mh/orca/workspaces/sonar-live-audio/build/release/UnsignedDerivedData/Build/Intermediates.noindex/swift-transformers.build/Release-iphoneos/Tokenizers.build/DerivedSources/arm64 -Xcc -I/Users/mh/orca/workspaces/sonar-live-audio/build/release/UnsignedDerivedData/Build/Intermediates.noindex/swift-transformers.build/Release-iphoneos/Tokenizers.build/DerivedSources -Xcc -DSWIFT_PACKAGE -emit-objc-header -emit-objc-header-path /Users/mh/orca/workspaces/sonar-live-audio/build/release/UnsignedDerivedData/Build/Intermediates.noindex/swift-transformers.build/Release-iphoneos/Tokenizers.build/Objects-normal/arm64/Tokenizers-Swift.h -working-directory /Users/mh/orca/workspaces/sonar-live-audio/Sonar.xcodeproj -no-emit-module-separately-wmo

SwiftDriver ArgmaxCore normal arm64 com.apple.xcode.tools.swift.compiler (in target 'ArgmaxCore' from project 'whisperkit')
    cd /Users/mh/orca/workspaces/sonar-live-audio/Sonar.xcodeproj
    builtin-SwiftDriver -- /Applications/Xcode.app/Contents/Developer/Toolchains/XcodeDefault.xctoolchain/usr/bin/swiftc -module-name ArgmaxCore -O -whole-module-optimization @/Users/mh/orca/workspaces/sonar-live-audio/build/release/UnsignedDerivedData/Build/Intermediates.noindex/whisperkit.build/Release-iphoneos/ArgmaxCore.build/Objects-normal/arm64/ArgmaxCore.SwiftFileList -DSWIFT_PACKAGE -DSWIFT_MODULE_RESOURCE_BUNDLE_UNAVAILABLE -Xcc -fmodule-map-file\=/Users/mh/orca/workspaces/sonar-live-audio/build/release/UnsignedDerivedData/Build/Intermediates.noindex/GeneratedModuleMaps-iphoneos/yyjson.modulemap -DXcode -plugin-path /Applications/Xcode.app/Contents/Developer/Toolchains/XcodeDefault.xctoolchain/usr/lib/swift/host/plugins/testing -enable-experimental-feature DebugDescriptionMacro -sdk /Applications/Xcode.app/Contents/Developer/Platforms/iPhoneOS.platform/Developer/SDKs/iPhoneOS26.5.sdk -target arm64-apple-ios16.0 -g -module-cache-path /Users/mh/orca/workspaces/sonar-live-audio/build/release/UnsignedDerivedData/ModuleCache.noindex -Xfrontend -serialize-debugging-options -suppress-warnings -swift-version 5 -I /Users/mh/orca/workspaces/sonar-live-audio/build/release/UnsignedDerivedData/Build/Products/Release-iphoneos -Isystem /Applications/Xcode.app/Contents/Developer/Platforms/iPhoneOS.platform/Developer/usr/lib -F /Users/mh/orca/workspaces/sonar-live-audio/build/release/UnsignedDerivedData/Build/Products/Release-iphoneos/PackageFrameworks -F /Users/mh/orca/workspaces/sonar-live-audio/build/release/UnsignedDerivedData/Build/Products/Release-iphoneos/PackageFrameworks -F /Users/mh/orca/workspaces/sonar-live-audio/build/release/UnsignedDerivedData/Build/Products/Release-iphoneos/PackageFrameworks -F /Users/mh/orca/workspaces/sonar-live-audio/build/release/UnsignedDerivedData/Build/Products/Release-iphoneos/PackageFrameworks -F /Users/mh/orca/workspaces/sonar-live-audio/build/release/UnsignedDerivedData/Build/Products/Release-iphoneos/PackageFrameworks -F /Users/mh/orca/workspaces/sonar-live-audio/build/release/UnsignedDerivedData/Build/Products/Release-iphoneos/PackageFrameworks -F /Users/mh/orca/workspaces/sonar-live-audio/build/release/UnsignedDerivedData/Build/Products/Release-iphoneos -F /Applications/Xcode.app/Contents/Developer/Platforms/iPhoneOS.platform/Developer/Library/Frameworks -F /Applications/Xcode.app/Contents/Developer/Platforms/iPhoneOS.platform/Developer/SDKs/iPhoneOS26.5.sdk/Developer/Library/Frameworks -c -num-threads 14 -Xcc -ivfsstatcache -Xcc /Users/mh/orca/workspaces/sonar-live-audio/build/release/UnsignedDerivedData/SDKStatCaches.noindex/iphoneos26.5-23F81a-32daed1954a7d5dd0789fcaf2a9bb78b.sdkstatcache -output-file-map /Users/mh/orca/workspaces/sonar-live-audio/build/release/UnsignedDerivedData/Build/Intermediates.noindex/whisperkit.build/Release-iphoneos/ArgmaxCore.build/Objects-normal/arm64/ArgmaxCore-OutputFileMap.json -use-frontend-parseable-output -save-temps -no-color-diagnostics -explicit-module-build -module-cache-path /Users/mh/orca/workspaces/sonar-live-audio/build/release/UnsignedDerivedData/Build/Intermediates.noindex/SwiftExplicitPrecompiledModules -clang-scanner-module-cache-path /Users/mh/orca/workspaces/sonar-live-audio/build/release/UnsignedDerivedData/ModuleCache.noindex -sdk-module-cache-path /Users/mh/orca/workspaces/sonar-live-audio/build/release/UnsignedDerivedData/ModuleCache.noindex -serialize-diagnostics -emit-dependencies -emit-module -emit-module-path /Users/mh/orca/workspaces/sonar-live-audio/build/release/UnsignedDerivedData/Build/Intermediates.noindex/whisperkit.build/Release-iphoneos/ArgmaxCore.build/Objects-normal/arm64/ArgmaxCore.swiftmodule -validate-clang-modules-once -clang-build-session-file /Users/mh/orca/workspaces/sonar-live-audio/build/release/UnsignedDerivedData/ModuleCache.noindex/Session.modulevalidation -package-name argmax_oss_swift -Xcc -I/Users/mh/orca/workspaces/sonar-live-audio/build/release/UnsignedDerivedData/Build/Intermediates.noindex/whisperkit.build/Release-iphoneos/ArgmaxCore.build/swift-overrides.hmap -emit-const-values -Xfrontend -const-gather-protocols-file -Xfrontend /Users/mh/orca/workspaces/sonar-live-audio/build/release/UnsignedDerivedData/Build/Intermediates.noindex/whisperkit.build/Release-iphoneos/ArgmaxCore.build/Objects-normal/arm64/ArgmaxCore_const_extract_protocols.json -Xcc -I/Users/mh/orca/workspaces/sonar-live-audio/build/release/UnsignedDerivedData/SourcePackages/checkouts/yyjson/src -Xcc -I/Users/mh/orca/workspaces/sonar-live-audio/build/release/UnsignedDerivedData/Build/Products/Release-iphoneos/include -Xcc -I/Users/mh/orca/workspaces/sonar-live-audio/build/release/UnsignedDerivedData/Build/Intermediates.noindex/whisperkit.build/Release-iphoneos/ArgmaxCore.build/DerivedSources-normal/arm64 -Xcc -I/Users/mh/orca/workspaces/sonar-live-audio/build/release/UnsignedDerivedData/Build/Intermediates.noindex/whisperkit.build/Release-iphoneos/ArgmaxCore.build/DerivedSources/arm64 -Xcc -I/Users/mh/orca/workspaces/sonar-live-audio/build/release/UnsignedDerivedData/Build/Intermediates.noindex/whisperkit.build/Release-iphoneos/ArgmaxCore.build/DerivedSources -Xcc -DSWIFT_PACKAGE -emit-objc-header -emit-objc-header-path /Users/mh/orca/workspaces/sonar-live-audio/build/release/UnsignedDerivedData/Build/Intermediates.noindex/whisperkit.build/Release-iphoneos/ArgmaxCore.build/Objects-normal/arm64/ArgmaxCore-Swift.h -working-directory /Users/mh/orca/workspaces/sonar-live-audio/Sonar.xcodeproj -no-emit-module-separately-wmo

SwiftExplicitDependencyGeneratePcm arm64 /Users/mh/orca/workspaces/sonar-live-audio/build/release/UnsignedDerivedData/ModuleCache.noindex/AudioUnit-2TCH6IC7R8KGZVJ5IHS5YUGJI.pcm

ExtractAppIntentsMetadata (in target 'Hub' from project 'swift-transformers')
    cd /Users/mh/orca/workspaces/sonar-live-audio/build/release/UnsignedDerivedData/SourcePackages/checkouts/swift-transformers
    /Applications/Xcode.app/Contents/Developer/Toolchains/XcodeDefault.xctoolchain/usr/bin/appintentsmetadataprocessor --toolchain-dir /Applications/Xcode.app/Contents/Developer/Toolchains/XcodeDefault.xctoolchain --module-name Hub --sdk-root /Applications/Xcode.app/Contents/Developer/Platforms/iPhoneOS.platform/Developer/SDKs/iPhoneOS26.5.sdk --xcode-version 17F113 --platform-family iOS --deployment-target 16.0 --bundle-identifier swift-transformers.Hub --output /Users/mh/orca/workspaces/sonar-live-audio/build/release/UnsignedDerivedData/Build/Products/Release-iphoneos/Hub.appintents --target-triple arm64-apple-ios16.0 --binary-file /Users/mh/orca/workspaces/sonar-live-audio/build/release/UnsignedDerivedData/Build/Products/Release-iphoneos/Hub.o --dependency-file /Users/mh/orca/workspaces/sonar-live-audio/build/release/UnsignedDerivedData/Build/Intermediates.noindex/swift-transformers.build/Release-iphoneos/Hub.build/Objects-normal/arm64/Hub_dependency_info.dat --stringsdata-file /Users/mh/orca/workspaces/sonar-live-audio/build/release/UnsignedDerivedData/Build/Intermediates.noindex/swift-transformers.build/Release-iphoneos/Hub.build/Objects-normal/arm64/ExtractedAppShortcutsMetadata.stringsdata --source-file-list /Users/mh/orca/workspaces/sonar-live-audio/build/release/UnsignedDerivedData/Build/Intermediates.noindex/swift-transformers.build/Release-iphoneos/Hub.build/Objects-normal/arm64/Hub.SwiftFileList --metadata-file-list /Users/mh/orca/workspaces/sonar-live-audio/build/release/UnsignedDerivedData/Build/Intermediates.noindex/swift-transformers.build/Release-iphoneos/Hub.build/Hub.DependencyMetadataFileList --static-metadata-file-list /Users/mh/orca/workspaces/sonar-live-audio/build/release/UnsignedDerivedData/Build/Intermediates.noindex/swift-transformers.build/Release-iphoneos/Hub.build/Hub.DependencyStaticMetadataFileList --swift-const-vals-list /Users/mh/orca/workspaces/sonar-live-audio/build/release/UnsignedDerivedData/Build/Intermediates.noindex/swift-transformers.build/Release-iphoneos/Hub.build/Objects-normal/arm64/Hub.SwiftConstValuesFileList --force --compile-time-extraction --deployment-aware-processing --validate-assistant-intents --no-app-shortcuts-localization
2026-08-10 00:28:40.761 appintentsmetadataprocessor[74069:2287917] Starting appintentsmetadataprocessor export
2026-08-10 00:28:40.768 appintentsmetadataprocessor[74069:2287917] Extracted no relevant App Intents symbols, skipping writing output

SwiftExplicitDependencyGeneratePcm arm64 /Users/mh/orca/workspaces/sonar-live-audio/build/release/UnsignedDerivedData/ModuleCache.noindex/CoreVideo-6K0NQU9UOTVWO8AY79OQOAY7X.pcm

RegisterExecutionPolicyException /Users/mh/orca/workspaces/sonar-live-audio/build/release/UnsignedDerivedData/Build/Products/Release-iphoneos/Hub.o (in target 'Hub' from project 'swift-transformers')
    cd /Users/mh/orca/workspaces/sonar-live-audio/build/release/UnsignedDerivedData/SourcePackages/checkouts/swift-transformers
    builtin-RegisterExecutionPolicyException /Users/mh/orca/workspaces/sonar-live-audio/build/release/UnsignedDerivedData/Build/Products/Release-iphoneos/Hub.o

SwiftExplicitDependencyGeneratePcm arm64 /Users/mh/orca/workspaces/sonar-live-audio/build/release/UnsignedDerivedData/ModuleCache.noindex/QuartzCore-2XRDR5UHT1ZX2998IPTFH3F67.pcm

SwiftExplicitDependencyGeneratePcm arm64 /Users/mh/orca/workspaces/sonar-live-audio/build/release/UnsignedDerivedData/ModuleCache.noindex/CoreImage-CL82SJDCF8OZK5L9Q35CEJJWR.pcm

SwiftExplicitDependencyGeneratePcm arm64 /Users/mh/orca/workspaces/sonar-live-audio/build/release/UnsignedDerivedData/ModuleCache.noindex/CoreML-3QRD4QVQDF2RVC2Y775N23O4I.pcm

SwiftExplicitDependencyGeneratePcm arm64 /Users/mh/orca/workspaces/sonar-live-audio/build/release/UnsignedDerivedData/ModuleCache.noindex/CoreMedia-8EWHUG3OH8Y1SN87TSJ85NJ87.pcm

SwiftExplicitDependencyGeneratePcm arm64 /Users/mh/orca/workspaces/sonar-live-audio/build/release/UnsignedDerivedData/ModuleCache.noindex/Accelerate-XKXS28EIKW5QMPS8KD1M5H5V.pcm

SwiftExplicitDependencyGeneratePcm arm64 /Users/mh/orca/workspaces/sonar-live-audio/build/release/UnsignedDerivedData/ModuleCache.noindex/SwiftUICore-AAQ49A5M4YTBLL38P35EXBX2N.pcm

SwiftExplicitDependencyGeneratePcm arm64 /Users/mh/orca/workspaces/sonar-live-audio/build/release/UnsignedDerivedData/ModuleCache.noindex/UIKit-E9X1HTB7F4G2640K162DXZKTQ.pcm

SwiftExplicitDependencyGeneratePcm arm64 /Users/mh/orca/workspaces/sonar-live-audio/build/release/UnsignedDerivedData/ModuleCache.noindex/MediaToolbox-E37BRDZQUVWUYFYU9AM4WMAUC.pcm

SwiftExplicitDependencyGeneratePcm arm64 /Users/mh/orca/workspaces/sonar-live-audio/build/release/UnsignedDerivedData/ModuleCache.noindex/AVFAudio-A4RIZJG9WIYMJMI6PYYO0667G.pcm

SwiftDriver\ Compilation Tokenizers normal arm64 com.apple.xcode.tools.swift.compiler (in target 'Tokenizers' from project 'swift-transformers')
    cd /Users/mh/orca/workspaces/sonar-live-audio/Sonar.xcodeproj
    builtin-Swift-Compilation -- /Applications/Xcode.app/Contents/Developer/Toolchains/XcodeDefault.xctoolchain/usr/bin/swiftc -module-name Tokenizers -O -whole-module-optimization @/Users/mh/orca/workspaces/sonar-live-audio/build/release/UnsignedDerivedData/Build/Intermediates.noindex/swift-transformers.build/Release-iphoneos/Tokenizers.build/Objects-normal/arm64/Tokenizers.SwiftFileList -DSWIFT_PACKAGE -DSWIFT_MODULE_RESOURCE_BUNDLE_UNAVAILABLE -Xcc -fmodule-map-file\=/Users/mh/orca/workspaces/sonar-live-audio/build/release/UnsignedDerivedData/Build/Intermediates.noindex/GeneratedModuleMaps-iphoneos/yyjson.modulemap -DXcode -plugin-path /Applications/Xcode.app/Contents/Developer/Toolchains/XcodeDefault.xctoolchain/usr/lib/swift/host/plugins/testing -enable-experimental-feature DebugDescriptionMacro -sdk /Applications/Xcode.app/Contents/Developer/Platforms/iPhoneOS.platform/Developer/SDKs/iPhoneOS26.5.sdk -target arm64-apple-ios16.0 -g -module-cache-path /Users/mh/orca/workspaces/sonar-live-audio/build/release/UnsignedDerivedData/ModuleCache.noindex -Xfrontend -serialize-debugging-options -suppress-warnings -swift-version 5 -I /Users/mh/orca/workspaces/sonar-live-audio/build/release/UnsignedDerivedData/Build/Products/Release-iphoneos -Isystem /Applications/Xcode.app/Contents/Developer/Platforms/iPhoneOS.platform/Developer/usr/lib -F /Users/mh/orca/workspaces/sonar-live-audio/build/release/UnsignedDerivedData/Build/Products/Release-iphoneos/PackageFrameworks -F /Users/mh/orca/workspaces/sonar-live-audio/build/release/UnsignedDerivedData/Build/Products/Release-iphoneos/PackageFrameworks -F /Users/mh/orca/workspaces/sonar-live-audio/build/release/UnsignedDerivedData/Build/Products/Release-iphoneos/PackageFrameworks -F /Users/mh/orca/workspaces/sonar-live-audio/build/release/UnsignedDerivedData/Build/Products/Release-iphoneos/PackageFrameworks -F /Users/mh/orca/workspaces/sonar-live-audio/build/release/UnsignedDerivedData/Build/Products/Release-iphoneos/PackageFrameworks -F /Users/mh/orca/workspaces/sonar-live-audio/build/release/UnsignedDerivedData/Build/Products/Release-iphoneos/PackageFrameworks -F /Users/mh/orca/workspaces/sonar-live-audio/build/release/UnsignedDerivedData/Build/Products/Release-iphoneos -F /Applications/Xcode.app/Contents/Developer/Platforms/iPhoneOS.platform/Developer/Library/Frameworks -F /Applications/Xcode.app/Contents/Developer/Platforms/iPhoneOS.platform/Developer/SDKs/iPhoneOS26.5.sdk/Developer/Library/Frameworks -c -num-threads 14 -Xcc -ivfsstatcache -Xcc /Users/mh/orca/workspaces/sonar-live-audio/build/release/UnsignedDerivedData/SDKStatCaches.noindex/iphoneos26.5-23F81a-32daed1954a7d5dd0789fcaf2a9bb78b.sdkstatcache -output-file-map /Users/mh/orca/workspaces/sonar-live-audio/build/release/UnsignedDerivedData/Build/Intermediates.noindex/swift-transformers.build/Release-iphoneos/Tokenizers.build/Objects-normal/arm64/Tokenizers-OutputFileMap.json -use-frontend-parseable-output -save-temps -no-color-diagnostics -explicit-module-build -module-cache-path /Users/mh/orca/workspaces/sonar-live-audio/build/release/UnsignedDerivedData/Build/Intermediates.noindex/SwiftExplicitPrecompiledModules -clang-scanner-module-cache-path /Users/mh/orca/workspaces/sonar-live-audio/build/release/UnsignedDerivedData/ModuleCache.noindex -sdk-module-cache-path /Users/mh/orca/workspaces/sonar-live-audio/build/release/UnsignedDerivedData/ModuleCache.noindex -serialize-diagnostics -emit-dependencies -emit-module -emit-module-path /Users/mh/orca/workspaces/sonar-live-audio/build/release/UnsignedDerivedData/Build/Intermediates.noindex/swift-transformers.build/Release-iphoneos/Tokenizers.build/Objects-normal/arm64/Tokenizers.swiftmodule -validate-clang-modules-once -clang-build-session-file /Users/mh/orca/workspaces/sonar-live-audio/build/release/UnsignedDerivedData/ModuleCache.noindex/Session.modulevalidation -package-name swift_transformers -Xcc -I/Users/mh/orca/workspaces/sonar-live-audio/build/release/UnsignedDerivedData/Build/Intermediates.noindex/swift-transformers.build/Release-iphoneos/Tokenizers.build/swift-overrides.hmap -emit-const-values -Xfrontend -const-gather-protocols-file -Xfrontend /Users/mh/orca/workspaces/sonar-live-audio/build/release/UnsignedDerivedData/Build/Intermediates.noindex/swift-transformers.build/Release-iphoneos/Tokenizers.build/Objects-normal/arm64/Tokenizers_const_extract_protocols.json -Xcc -I/Users/mh/orca/workspaces/sonar-live-audio/build/release/UnsignedDerivedData/SourcePackages/checkouts/yyjson/src -Xcc -I/Users/mh/orca/workspaces/sonar-live-audio/build/release/UnsignedDerivedData/Build/Products/Release-iphoneos/include -Xcc -I/Users/mh/orca/workspaces/sonar-live-audio/build/release/UnsignedDerivedData/Build/Intermediates.noindex/swift-transformers.build/Release-iphoneos/Tokenizers.build/DerivedSources-normal/arm64 -Xcc -I/Users/mh/orca/workspaces/sonar-live-audio/build/release/UnsignedDerivedData/Build/Intermediates.noindex/swift-transformers.build/Release-iphoneos/Tokenizers.build/DerivedSources/arm64 -Xcc -I/Users/mh/orca/workspaces/sonar-live-audio/build/release/UnsignedDerivedData/Build/Intermediates.noindex/swift-transformers.build/Release-iphoneos/Tokenizers.build/DerivedSources -Xcc -DSWIFT_PACKAGE -emit-objc-header -emit-objc-header-path /Users/mh/orca/workspaces/sonar-live-audio/build/release/UnsignedDerivedData/Build/Intermediates.noindex/swift-transformers.build/Release-iphoneos/Tokenizers.build/Objects-normal/arm64/Tokenizers-Swift.h -working-directory /Users/mh/orca/workspaces/sonar-live-audio/Sonar.xcodeproj -no-emit-module-separately-wmo

SwiftCompile normal arm64 Compiling\ BPETokenizer.swift,\ BertTokenizer.swift,\ ByteEncoder.swift,\ Decoder.swift,\ Normalizer.swift,\ PostProcessor.swift,\ PreTokenizer.swift,\ String+PreTokenization.swift,\ TokenLattice.swift,\ Tokenizer.swift,\ Trie.swift,\ UnigramTokenizer.swift /Users/mh/orca/workspaces/sonar-live-audio/build/release/UnsignedDerivedData/SourcePackages/checkouts/swift-transformers/Sources/Tokenizers/BPETokenizer.swift /Users/mh/orca/workspaces/sonar-live-audio/build/release/UnsignedDerivedData/SourcePackages/checkouts/swift-transformers/Sources/Tokenizers/BertTokenizer.swift /Users/mh/orca/workspaces/sonar-live-audio/build/release/UnsignedDerivedData/SourcePackages/checkouts/swift-transformers/Sources/Tokenizers/ByteEncoder.swift /Users/mh/orca/workspaces/sonar-live-audio/build/release/UnsignedDerivedData/SourcePackages/checkouts/swift-transformers/Sources/Tokenizers/Decoder.swift /Users/mh/orca/workspaces/sonar-live-audio/build/release/UnsignedDerivedData/SourcePackages/checkouts/swift-transformers/Sources/Tokenizers/Normalizer.swift /Users/mh/orca/workspaces/sonar-live-audio/build/release/UnsignedDerivedData/SourcePackages/checkouts/swift-transformers/Sources/Tokenizers/PostProcessor.swift /Users/mh/orca/workspaces/sonar-live-audio/build/release/UnsignedDerivedData/SourcePackages/checkouts/swift-transformers/Sources/Tokenizers/PreTokenizer.swift /Users/mh/orca/workspaces/sonar-live-audio/build/release/UnsignedDerivedData/SourcePackages/checkouts/swift-transformers/Sources/Tokenizers/String+PreTokenization.swift /Users/mh/orca/workspaces/sonar-live-audio/build/release/UnsignedDerivedData/SourcePackages/checkouts/swift-transformers/Sources/Tokenizers/TokenLattice.swift /Users/mh/orca/workspaces/sonar-live-audio/build/release/UnsignedDerivedData/SourcePackages/checkouts/swift-transformers/Sources/Tokenizers/Tokenizer.swift /Users/mh/orca/workspaces/sonar-live-audio/build/release/UnsignedDerivedData/SourcePackages/checkouts/swift-transformers/Sources/Tokenizers/Trie.swift /Users/mh/orca/workspaces/sonar-live-audio/build/release/UnsignedDerivedData/SourcePackages/checkouts/swift-transformers/Sources/Tokenizers/UnigramTokenizer.swift /Applications/Xcode.app/Contents/Developer/Toolchains/XcodeDefault.xctoolchain/usr/lib/swift/iphoneos/prebuilt-modules/26.5/ObjectiveC.swiftmodule/arm64e-apple-ios.swiftmodule /Users/mh/orca/workspaces/sonar-live-audio/build/release/UnsignedDerivedData/Build/Products/Release-iphoneos/OrderedCollections.swiftmodule/arm64-apple-ios.swiftmodule /Users/mh/orca/workspaces/sonar-live-audio/build/release/UnsignedDerivedData/Build/Products/Release-iphoneos/InternalCollectionsUtilities.swiftmodule/arm64-apple-ios.swiftmodule /Applications/Xcode.app/Contents/Developer/Toolchains/XcodeDefault.xctoolchain/usr/lib/swift/iphoneos/prebuilt-modules/26.5/Distributed.swiftmodule/arm64e-apple-ios.swiftmodule /Applications/Xcode.app/Contents/Developer/Toolchains/XcodeDefault.xctoolchain/usr/lib/swift/iphoneos/prebuilt-modules/26.5/XPC.swiftmodule/arm64e-apple-ios.swiftmodule /Applications/Xcode.app/Contents/Developer/Toolchains/XcodeDefault.xctoolchain/usr/lib/swift/iphoneos/prebuilt-modules/26.5/Combine.swiftmodule/arm64e-apple-ios.swiftmodule /Applications/Xcode.app/Contents/Developer/Toolchains/XcodeDefault.xctoolchain/usr/lib/swift/iphoneos/prebuilt-modules/26.5/CoreFoundation.swiftmodule/arm64e-apple-ios.swiftmodule /Applications/Xcode.app/Contents/Developer/Toolchains/XcodeDefault.xctoolchain/usr/lib/swift/iphoneos/prebuilt-modules/26.5/_Concurrency.swiftmodule/arm64e-apple-ios.swiftmodule /Applications/Xcode.app/Contents/Developer/Toolchains/XcodeDefault.xctoolchain/usr/lib/swift/iphoneos/prebuilt-modules/26.5/Swift.swiftmodule/arm64e-apple-ios.swiftmodule /Applications/Xcode.app/Contents/Developer/Toolchains/XcodeDefault.xctoolchain/usr/lib/swift/iphoneos/prebuilt-modules/26.5/CryptoKit.swiftmodule/arm64e-apple-ios.swiftmodule /Applications/Xcode.app/Contents/Developer/Toolchains/XcodeDefault.xctoolchain/usr/lib/swift/iphoneos/prebuilt-modules/26.5/Darwin.swiftmodule/arm64e-apple-ios.swiftmodule /Applications/Xcode.app/Contents/Developer/Toolchains/XcodeDefault.xctoolchain/usr/lib/swift/iphoneos/prebuilt-modules/26.5/_StringProcessing.swiftmodule/arm64e-apple-ios.swiftmodule /Applications/Xcode.app/Contents/Developer/Toolchains/XcodeDefault.xctoolchain/usr/lib/swift/iphoneos/prebuilt-modules/26.5/LocalAuthentication.swiftmodule/arm64e-apple-ios.swiftmodule /Applications/Xcode.app/Contents/Developer/Toolchains/XcodeDefault.xctoolchain/usr/lib/swift/iphoneos/prebuilt-modules/26.5/_DarwinFoundation2.swiftmodule/arm64e-apple-ios.swiftmodule /Applications/Xcode.app/Contents/Developer/Toolchains/XcodeDefault.xctoolchain/usr/lib/swift/iphoneos/prebuilt-modules/26.5/os.swiftmodule/arm64e-apple-ios.swiftmodule /Applications/Xcode.app/Contents/Developer/Toolchains/XcodeDefault.xctoolchain/usr/lib/swift/iphoneos/prebuilt-modules/26.5/Dispatch.swiftmodule/arm64e-apple-ios.swiftmodule /Applications/Xcode.app/Contents/Developer/Toolchains/XcodeDefault.xctoolchain/usr/lib/swift/iphoneos/prebuilt-modules/26.5/Observation.swiftmodule/arm64e-apple-ios.swiftmodule /Users/mh/orca/workspaces/sonar-live-audio/build/release/UnsignedDerivedData/Build/Products/Release-iphoneos/Hub.swiftmodule/arm64-apple-ios.swiftmodule /Applications/Xcode.app/Contents/Developer/Toolchains/XcodeDefault.xctoolchain/usr/lib/swift/iphoneos/prebuilt-modules/26.5/_DarwinFoundation1.swiftmodule/arm64e-apple-ios.swiftmodule /Users/mh/orca/workspaces/sonar-live-audio/build/release/UnsignedDerivedData/Build/Products/Release-iphoneos/Crypto.swiftmodule/arm64-apple-ios.swiftmodule /Applications/Xcode.app/Contents/Developer/Toolchains/XcodeDefault.xctoolchain/usr/lib/swift/iphoneos/prebuilt-modules/26.5/System.swiftmodule/arm64e-apple-ios.swiftmodule /Applications/Xcode.app/Contents/Developer/Toolchains/XcodeDefault.xctoolchain/usr/lib/swift/iphoneos/prebuilt-modules/26.5/Foundation.swiftmodule/arm64e-apple-ios.swiftmodule /Users/mh/orca/workspaces/sonar-live-audio/build/release/UnsignedDerivedData/Build/Products/Release-iphoneos/Jinja.swiftmodule/arm64-apple-ios.swiftmodule /Applications/Xcode.app/Contents/Developer/Toolchains/XcodeDefault.xctoolchain/usr/lib/swift/iphoneos/prebuilt-modules/26.5/_Builtin_float.swiftmodule/arm64e-apple-ios.swiftmodule /Applications/Xcode.app/Contents/Developer/Toolchains/XcodeDefault.xctoolchain/usr/lib/swift/iphoneos/prebuilt-modules/26.5/Network.swiftmodule/arm64e-apple-ios.swiftmodule /Applications/Xcode.app/Contents/Developer/Toolchains/XcodeDefault.xctoolchain/usr/lib/swift/iphoneos/prebuilt-modules/26.5/_DarwinFoundation3.swiftmodule/arm64e-apple-ios.swiftmodule /Users/mh/orca/workspaces/sonar-live-audio/build/release/UnsignedDerivedData/ModuleCache.noindex/_Builtin_limits-DZJCFU4KW5OPS0LL2T3G57ACG.pcm /Users/mh/orca/workspaces/sonar-live-audio/build/release/UnsignedDerivedData/ModuleCache.noindex/LocalAuthentication-14UNH9505QKVX0YGFR24U4VSS.pcm /Users/mh/orca/workspaces/sonar-live-audio/build/release/UnsignedDerivedData/ModuleCache.noindex/os_object-63ZI6FZSNOFVR5QR3CGKGF165.pcm /Users/mh/orca/workspaces/sonar-live-audio/build/release/UnsignedDerivedData/ModuleCache.noindex/_Builtin_stdint-AM83YWY2DK3BOMI4751MOGQJD.pcm /Users/mh/orca/workspaces/sonar-live-audio/build/release/UnsignedDerivedData/ModuleCache.noindex/ptrcheck-A3OZRMAKOO8LEVDIFKG8X5TEK.pcm /Users/mh/orca/workspaces/sonar-live-audio/build/release/UnsignedDerivedData/ModuleCache.noindex/XPC-5W4CRXC9J5WEMLEA5HVTQ1N9U.pcm /Users/mh/orca/workspaces/sonar-live-audio/build/release/UnsignedDerivedData/ModuleCache.noindex/SwiftShims-90WM27EDY7F562CFXGAL31XHX.pcm /Users/mh/orca/workspaces/sonar-live-audio/build/release/UnsignedDerivedData/ModuleCache.noindex/sys_types-BU93AU76608V2QSR2IV73G1NL.pcm /Users/mh/orca/workspaces/sonar-live-audio/build/release/UnsignedDerivedData/ModuleCache.noindex/_DarwinFoundation2-EP6TCP3HSN1UOYDIF75R46GLT.pcm /Users/mh/orca/workspaces/sonar-live-audio/build/release/UnsignedDerivedData/ModuleCache.noindex/_Builtin_stdatomic-DWLG0TSJSOZDF7AROEWBKK1RC.pcm /Users/mh/orca/workspaces/sonar-live-audio/build/release/UnsignedDerivedData/ModuleCache.noindex/_Builtin_float-1MDSCWQSDHU7R0TUPV35IAHNU.pcm /Users/mh/orca/workspaces/sonar-live-audio/build/release/UnsignedDerivedData/ModuleCache.noindex/_DarwinFoundation1-3JZHIYDFUDNL8QGFUKJHJ0ZV.pcm /Users/mh/orca/workspaces/sonar-live-audio/build/release/UnsignedDerivedData/ModuleCache.noindex/Security-9T84C26VLZZM8VS65F6G1HBX.pcm /Users/mh/orca/workspaces/sonar-live-audio/build/release/UnsignedDerivedData/ModuleCache.noindex/ObjectiveC-3C293U2OU6ABMWW6CWYQ6576E.pcm /Users/mh/orca/workspaces/sonar-live-audio/build/release/UnsignedDerivedData/ModuleCache.noindex/_SwiftConcurrencyShims-EW6CN1YQT43KK2G5PPHZVW0HF.pcm /Users/mh/orca/workspaces/sonar-live-audio/build/release/UnsignedDerivedData/Build/Intermediates.noindex/SwiftExplicitPrecompiledModules/yyjson-9KB2RRBIJCCEKEF8B86JJRZB9.pcm /Users/mh/orca/workspaces/sonar-live-audio/build/release/UnsignedDerivedData/ModuleCache.noindex/Darwin-CYRI8T0EMS4QKLQNSN9IZ5R3Q.pcm /Users/mh/orca/workspaces/sonar-live-audio/build/release/UnsignedDerivedData/ModuleCache.noindex/Foundation-5B099HC0G2GL8SP7E5YH72EXC.pcm /Users/mh/orca/workspaces/sonar-live-audio/build/release/UnsignedDerivedData/ModuleCache.noindex/MachO-A23YYRUEZETEIJLJCDWGJC5TU.pcm /Users/mh/orca/workspaces/sonar-live-audio/build/release/UnsignedDerivedData/ModuleCache.noindex/_Builtin_inttypes-6S8F8IHP3XON1A8RI9T67SMAI.pcm /Users/mh/orca/workspaces/sonar-live-audio/build/release/UnsignedDerivedData/ModuleCache.noindex/Dispatch-9DNL28EIRQE17TSDTJOMUM34V.pcm /Users/mh/orca/workspaces/sonar-live-audio/build/release/UnsignedDerivedData/ModuleCache.noindex/Network-85E63CG8C0WRZP3H6U6YNWNUO.pcm /Users/mh/orca/workspaces/sonar-live-audio/build/release/UnsignedDerivedData/ModuleCache.noindex/os-EAD0JWAZVDTYJD293S327DFXM.pcm /Users/mh/orca/workspaces/sonar-live-audio/build/release/UnsignedDerivedData/ModuleCache.noindex/CoreFoundation-26MN57JT1T950NNGFNUW4GN4Z.pcm /Users/mh/orca/workspaces/sonar-live-audio/build/release/UnsignedDerivedData/ModuleCache.noindex/_DarwinFoundation3-46IOTLTOYRK0DZOPNWQREATT2.pcm /Users/mh/orca/workspaces/sonar-live-audio/build/release/UnsignedDerivedData/ModuleCache.noindex/_AvailabilityInternal-9Q8IA1U1GT8MAWG17R4WCZMFY.pcm /Users/mh/orca/workspaces/sonar-live-audio/build/release/UnsignedDerivedData/ModuleCache.noindex/_Builtin_stdbool-6PAYWKRRIHZ2AIPHOBDGJB31.pcm /Users/mh/orca/workspaces/sonar-live-audio/build/release/UnsignedDerivedData/ModuleCache.noindex/os_workgroup-BBER7V0N1DFW4VDUUFKONC35X.pcm /Users/mh/orca/workspaces/sonar-live-audio/build/release/UnsignedDerivedData/ModuleCache.noindex/ptrauth-5IJMPSFIJGG12IT8FMU1HNV89.pcm /Users/mh/orca/workspaces/sonar-live-audio/build/release/UnsignedDerivedData/ModuleCache.noindex/_Builtin_stddef-5TYUNMYA9LUZI23SCHJ89C66U.pcm /Users/mh/orca/workspaces/sonar-live-audio/build/release/UnsignedDerivedData/ModuleCache.noindex/CFNetwork-21QYWO3BDI6SD30MQQOPUOXCS.pcm /Users/mh/orca/workspaces/sonar-live-audio/build/release/UnsignedDerivedData/ModuleCache.noindex/dnssd-22VGI6F10GC5KMTAFQ7453X0N.pcm /Users/mh/orca/workspaces/sonar-live-audio/build/release/UnsignedDerivedData/ModuleCache.noindex/_Builtin_stdarg-EOR2B2JZW9HHDEQS4XINQVGHH.pcm /Users/mh/orca/workspaces/sonar-live-audio/build/release/UnsignedDerivedData/Build/Intermediates.noindex/swift-transformers.build/Release-iphoneos/Tokenizers.build/Objects-normal/arm64/Tokenizers-dependencies-1.json (in target 'Tokenizers' from project 'swift-transformers')
CompileSwift normal arm64 (in target 'Tokenizers' from project 'swift-transformers')
    cd /Users/mh/orca/workspaces/sonar-live-audio/Sonar.xcodeproj
    

SwiftExplicitDependencyGeneratePcm arm64 /Users/mh/orca/workspaces/sonar-live-audio/build/release/UnsignedDerivedData/ModuleCache.noindex/Spatial-97FGP3BYAZVF10Z8KCVDCYDD2.pcm

SwiftExplicitDependencyGeneratePcm arm64 /Users/mh/orca/workspaces/sonar-live-audio/build/release/UnsignedDerivedData/ModuleCache.noindex/Vision-C1YYGU7IIW1GPMUNYZWPB98DH.pcm

SwiftExplicitDependencyGeneratePcm arm64 /Users/mh/orca/workspaces/sonar-live-audio/build/release/UnsignedDerivedData/ModuleCache.noindex/ModelIO-4B7W42EN1U8U4MONY9SW8PTL2.pcm

SwiftExplicitDependencyGeneratePcm arm64 /Users/mh/orca/workspaces/sonar-live-audio/build/release/UnsignedDerivedData/ModuleCache.noindex/AVFoundation-8CZS45O1KA11VYCLVN9A3K8FF.pcm

SwiftDriver\ Compilation ArgmaxCore normal arm64 com.apple.xcode.tools.swift.compiler (in target 'ArgmaxCore' from project 'whisperkit')
    cd /Users/mh/orca/workspaces/sonar-live-audio/Sonar.xcodeproj
    builtin-Swift-Compilation -- /Applications/Xcode.app/Contents/Developer/Toolchains/XcodeDefault.xctoolchain/usr/bin/swiftc -module-name ArgmaxCore -O -whole-module-optimization @/Users/mh/orca/workspaces/sonar-live-audio/build/release/UnsignedDerivedData/Build/Intermediates.noindex/whisperkit.build/Release-iphoneos/ArgmaxCore.build/Objects-normal/arm64/ArgmaxCore.SwiftFileList -DSWIFT_PACKAGE -DSWIFT_MODULE_RESOURCE_BUNDLE_UNAVAILABLE -Xcc -fmodule-map-file\=/Users/mh/orca/workspaces/sonar-live-audio/build/release/UnsignedDerivedData/Build/Intermediates.noindex/GeneratedModuleMaps-iphoneos/yyjson.modulemap -DXcode -plugin-path /Applications/Xcode.app/Contents/Developer/Toolchains/XcodeDefault.xctoolchain/usr/lib/swift/host/plugins/testing -enable-experimental-feature DebugDescriptionMacro -sdk /Applications/Xcode.app/Contents/Developer/Platforms/iPhoneOS.platform/Developer/SDKs/iPhoneOS26.5.sdk -target arm64-apple-ios16.0 -g -module-cache-path /Users/mh/orca/workspaces/sonar-live-audio/build/release/UnsignedDerivedData/ModuleCache.noindex -Xfrontend -serialize-debugging-options -suppress-warnings -swift-version 5 -I /Users/mh/orca/workspaces/sonar-live-audio/build/release/UnsignedDerivedData/Build/Products/Release-iphoneos -Isystem /Applications/Xcode.app/Contents/Developer/Platforms/iPhoneOS.platform/Developer/usr/lib -F /Users/mh/orca/workspaces/sonar-live-audio/build/release/UnsignedDerivedData/Build/Products/Release-iphoneos/PackageFrameworks -F /Users/mh/orca/workspaces/sonar-live-audio/build/release/UnsignedDerivedData/Build/Products/Release-iphoneos/PackageFrameworks -F /Users/mh/orca/workspaces/sonar-live-audio/build/release/UnsignedDerivedData/Build/Products/Release-iphoneos/PackageFrameworks -F /Users/mh/orca/workspaces/sonar-live-audio/build/release/UnsignedDerivedData/Build/Products/Release-iphoneos/PackageFrameworks -F /Users/mh/orca/workspaces/sonar-live-audio/build/release/UnsignedDerivedData/Build/Products/Release-iphoneos/PackageFrameworks -F /Users/mh/orca/workspaces/sonar-live-audio/build/release/UnsignedDerivedData/Build/Products/Release-iphoneos/PackageFrameworks -F /Users/mh/orca/workspaces/sonar-live-audio/build/release/UnsignedDerivedData/Build/Products/Release-iphoneos -F /Applications/Xcode.app/Contents/Developer/Platforms/iPhoneOS.platform/Developer/Library/Frameworks -F /Applications/Xcode.app/Contents/Developer/Platforms/iPhoneOS.platform/Developer/SDKs/iPhoneOS26.5.sdk/Developer/Library/Frameworks -c -num-threads 14 -Xcc -ivfsstatcache -Xcc /Users/mh/orca/workspaces/sonar-live-audio/build/release/UnsignedDerivedData/SDKStatCaches.noindex/iphoneos26.5-23F81a-32daed1954a7d5dd0789fcaf2a9bb78b.sdkstatcache -output-file-map /Users/mh/orca/workspaces/sonar-live-audio/build/release/UnsignedDerivedData/Build/Intermediates.noindex/whisperkit.build/Release-iphoneos/ArgmaxCore.build/Objects-normal/arm64/ArgmaxCore-OutputFileMap.json -use-frontend-parseable-output -save-temps -no-color-diagnostics -explicit-module-build -module-cache-path /Users/mh/orca/workspaces/sonar-live-audio/build/release/UnsignedDerivedData/Build/Intermediates.noindex/SwiftExplicitPrecompiledModules -clang-scanner-module-cache-path /Users/mh/orca/workspaces/sonar-live-audio/build/release/UnsignedDerivedData/ModuleCache.noindex -sdk-module-cache-path /Users/mh/orca/workspaces/sonar-live-audio/build/release/UnsignedDerivedData/ModuleCache.noindex -serialize-diagnostics -emit-dependencies -emit-module -emit-module-path /Users/mh/orca/workspaces/sonar-live-audio/build/release/UnsignedDerivedData/Build/Intermediates.noindex/whisperkit.build/Release-iphoneos/ArgmaxCore.build/Objects-normal/arm64/ArgmaxCore.swiftmodule -validate-clang-modules-once -clang-build-session-file /Users/mh/orca/workspaces/sonar-live-audio/build/release/UnsignedDerivedData/ModuleCache.noindex/Session.modulevalidation -package-name argmax_oss_swift -Xcc -I/Users/mh/orca/workspaces/sonar-live-audio/build/release/UnsignedDerivedData/Build/Intermediates.noindex/whisperkit.build/Release-iphoneos/ArgmaxCore.build/swift-overrides.hmap -emit-const-values -Xfrontend -const-gather-protocols-file -Xfrontend /Users/mh/orca/workspaces/sonar-live-audio/build/release/UnsignedDerivedData/Build/Intermediates.noindex/whisperkit.build/Release-iphoneos/ArgmaxCore.build/Objects-normal/arm64/ArgmaxCore_const_extract_protocols.json -Xcc -I/Users/mh/orca/workspaces/sonar-live-audio/build/release/UnsignedDerivedData/SourcePackages/checkouts/yyjson/src -Xcc -I/Users/mh/orca/workspaces/sonar-live-audio/build/release/UnsignedDerivedData/Build/Products/Release-iphoneos/include -Xcc -I/Users/mh/orca/workspaces/sonar-live-audio/build/release/UnsignedDerivedData/Build/Intermediates.noindex/whisperkit.build/Release-iphoneos/ArgmaxCore.build/DerivedSources-normal/arm64 -Xcc -I/Users/mh/orca/workspaces/sonar-live-audio/build/release/UnsignedDerivedData/Build/Intermediates.noindex/whisperkit.build/Release-iphoneos/ArgmaxCore.build/DerivedSources/arm64 -Xcc -I/Users/mh/orca/workspaces/sonar-live-audio/build/release/UnsignedDerivedData/Build/Intermediates.noindex/whisperkit.build/Release-iphoneos/ArgmaxCore.build/DerivedSources -Xcc -DSWIFT_PACKAGE -emit-objc-header -emit-objc-header-path /Users/mh/orca/workspaces/sonar-live-audio/build/release/UnsignedDerivedData/Build/Intermediates.noindex/whisperkit.build/Release-iphoneos/ArgmaxCore.build/Objects-normal/arm64/ArgmaxCore-Swift.h -working-directory /Users/mh/orca/workspaces/sonar-live-audio/Sonar.xcodeproj -no-emit-module-separately-wmo

SwiftExplicitDependencyGeneratePcm arm64 /Users/mh/orca/workspaces/sonar-live-audio/build/release/UnsignedDerivedData/ModuleCache.noindex/_Builtin_tgmath-9PZPT4TOFEFE8Z7FEAK5515Y1.pcm

SwiftExplicitDependencyGeneratePcm arm64 /Users/mh/orca/workspaces/sonar-live-audio/build/release/UnsignedDerivedData/ModuleCache.noindex/_Builtin_intrinsics-8UO184M3MI29NBNY0E6TOHVY4.pcm

SwiftExplicitDependencyGeneratePcm arm64 /Users/mh/orca/workspaces/sonar-live-audio/build/release/UnsignedDerivedData/ModuleCache.noindex/OSLog-DSJ8LUVNPBN2YD2QVTE4YE0Z3.pcm

SwiftExplicitDependencyGeneratePcm arm64 /Users/mh/orca/workspaces/sonar-live-audio/build/release/UnsignedDerivedData/ModuleCache.noindex/CoreGraphics-2ORIFOSGVMIE71VQ41Y4JSS9T.pcm

SwiftExplicitDependencyGeneratePcm arm64 /Users/mh/orca/workspaces/sonar-live-audio/build/release/UnsignedDerivedData/ModuleCache.noindex/IOSurface-177LCRGILYF5ERGAUI94J9Q0H.pcm

SwiftExplicitDependencyGeneratePcm arm64 /Users/mh/orca/workspaces/sonar-live-audio/build/release/UnsignedDerivedData/ModuleCache.noindex/OpenGLES-6TAHXW7X7DT1LCN4YB5Z54C6Q.pcm

SwiftExplicitDependencyGeneratePcm arm64 /Users/mh/orca/workspaces/sonar-live-audio/build/release/UnsignedDerivedData/ModuleCache.noindex/Metal-90QW77JQ3J25NMCKOQ1IDRMMP.pcm

SwiftExplicitDependencyGeneratePcm arm64 /Users/mh/orca/workspaces/sonar-live-audio/build/release/UnsignedDerivedData/ModuleCache.noindex/ImageIO-7N52LI4IC4OIU0KZEPQB9OJ3M.pcm

SwiftExplicitDependencyGeneratePcm arm64 /Users/mh/orca/workspaces/sonar-live-audio/build/release/UnsignedDerivedData/ModuleCache.noindex/simd-D6QA6SS9HC7WEWD0KMOZV0025.pcm

SwiftExplicitDependencyGeneratePcm arm64 /Users/mh/orca/workspaces/sonar-live-audio/build/release/UnsignedDerivedData/ModuleCache.noindex/CoreVideo-55FDH53OJDH34NP6SCIHD37HU.pcm

SwiftExplicitDependencyGeneratePcm arm64 /Users/mh/orca/workspaces/sonar-live-audio/build/release/UnsignedDerivedData/ModuleCache.noindex/CoreML-8QW3BYBCOQOBUKT6S5ZDY77ZK.pcm

SwiftExplicitDependencyGeneratePcm arm64 /Users/mh/orca/workspaces/sonar-live-audio/build/release/UnsignedDerivedData/ModuleCache.noindex/Accelerate-6RXGD2WAY8BHD6ELUM1IMOFIS.pcm

SwiftExplicitDependencyGeneratePcm arm64 /Users/mh/orca/workspaces/sonar-live-audio/build/release/UnsignedDerivedData/ModuleCache.noindex/AVKit-1XVSEVGAMGY2DVB2BWKODDMA.pcm

SwiftExplicitDependencyGeneratePcm arm64 /Users/mh/orca/workspaces/sonar-live-audio/build/release/UnsignedDerivedData/ModuleCache.noindex/SwiftUI-9IPJHCIC8H66K5P7FLBETMAX5.pcm

SwiftExplicitDependencyGeneratePcm arm64 /Users/mh/orca/workspaces/sonar-live-audio/build/release/UnsignedDerivedData/Build/Intermediates.noindex/SwiftExplicitPrecompiledModules/LiveKitWebRTC-4SC46MXCBGQ36ZLHRUQWKQL2L.pcm

SwiftExplicitDependencyGeneratePcm arm64 /Users/mh/orca/workspaces/sonar-live-audio/build/release/UnsignedDerivedData/ModuleCache.noindex/MetalKit-3RZ8F02MN8D23OPAJ1OCWH63D.pcm

SwiftExplicitDependencyGeneratePcm arm64 /Users/mh/orca/workspaces/sonar-live-audio/build/release/UnsignedDerivedData/ModuleCache.noindex/ReplayKit-6B3RR45F44GPUNV6VKESSE51F.pcm

SwiftExplicitDependencyGeneratePcm arm64 /Users/mh/orca/workspaces/sonar-live-audio/build/release/UnsignedDerivedData/Build/Intermediates.noindex/SwiftExplicitPrecompiledModules/LKObjCHelpers-1CFP2WX4NVG2PXQG7LEAAKSB2.pcm

SwiftCompile normal arm64 Compiling\ resource_bundle_accessor.swift,\ Agent.swift,\ Message.swift,\ MessageReceiver.swift,\ TranscriptionDelegateReceiver.swift,\ TranscriptionStreamReceiver.swift,\ MessageSender.swift,\ TextMessageSender.swift,\ Participant+Agent.swift,\ Room+Agent.swift,\ Session.swift,\ SessionOptions.swift,\ AudioDeviceModuleDelegateAdapter.swift,\ AudioEngineObserver.swift,\ AudioSessionEngineObserver.swift,\ AudioManager+ModuleType.swift,\ AudioManager+MuteMode.swift,\ AudioManager+Testing.swift,\ AudioManager.swift,\ MixerEngineObserver.swift,\ PlayerNodePool.swift,\ SoundPlayer+Types.swift,\ SoundPlayer.swift,\ BroadcastBundleInfo.swift,\ BroadcastManager.swift,\ BroadcastScreenCapturer.swift,\ BroadcastAudioCodec.swift,\ BroadcastIPCHeader.swift,\ BroadcastImageCodec.swift,\ BroadcastReceiver.swift,\ BroadcastUploader.swift,\ IPCChannel.swift,\ IPCProtocol.swift,\ SocketPath.swift,\ LKSampleHandler.swift,\ DarwinNotificationCenter.swift,\ AudioProcessing.swift,\ DataChannelPair.swift,\ PreConnectAudioBuffer.swift,\ RPC.swift,\ RTC.swift,\ RegionManager.swift,\ Room+Convenience.swift,\ Room+DataStream.swift,\ Room+Debug.swift,\ Room+Engine.swift,\ Room+EngineDelegate.swift,\ Room+MulticastDelegate.swift,\ Room+PreConnect.swift,\ Room+RPC.swift,\ Room+Region.swift,\ Room+SignalClientDelegate.swift,\ Room+TransportDelegate.swift,\ Room.swift,\ SignalClient.swift,\ Transport.swift,\ TransportMode.swift,\ FileInfo.swift,\ ByteStreamReader.swift,\ IncomingStreamManager.swift,\ StreamReaderSource.swift,\ TextStreamReader.swift,\ ByteStreamWriter.swift,\ OutgoingStreamManager.swift,\ StreamData.swift,\ StreamWriterDestination.swift,\ TextStreamWriter.swift,\ StreamError.swift,\ StreamInfo.swift,\ StreamOptions.swift,\ E2EEManager.swift,\ KeyProvider.swift,\ Options.swift,\ Protos+E2EE.swift,\ State.swift,\ Errors.swift,\ AVAudioPCMBuffer.swift,\ AVCaptureDevice.swift,\ AsyncSequence.swift,\ CGFloat.swift,\ Codable.swift,\ CoreImage.swift,\ CustomStringConvertible.swift,\ DispatchQueue.swift,\ LKRTCRtpSender.swift,\ PixelBuffer.swift,\ Primitives.swift,\ RTCConfiguration.swift,\ RTCDataChannel+Util.swift,\ RTCI420Buffer.swift,\ RTCMediaConstraints.swift,\ RTCRtpTransceiver.swift,\ RTCVideoCapturerDelegate+Buffer.swift,\ Sendable.swift,\ String.swift,\ TimeInterval.swift,\ URL.swift,\ LiveKit+DeviceHelpers.swift,\ LiveKit.swift,\ LocalParticipant+DataStream.swift,\ LocalParticipant+RPC.swift,\ LocalParticipant.swift,\ Participant+Convenience.swift,\ Participant+Equatable.swift,\ Participant+Identifiable.swift,\ Participant+Kind.swift,\ Participant+MulticastDelegate.swift,\ Participant.swift,\ RemoteParticipant+Active.swift,\ RemoteParticipant.swift,\ AudioCustomProcessingDelegate.swift,\ AudioRenderer.swift,\ MediaEncoding.swift,\ Mirrorable.swift,\ NextInvokable.swift,\ ParticipantDelegate.swift,\ RoomDelegate.swift,\ SignalClientDelegate.swift,\ TrackDelegate.swift,\ TransportDelegate.swift,\ VideoProcessor.swift,\ VideoRenderer.swift,\ VideoViewDelegate.swift,\ livekit_metrics.pb.swift,\ livekit_models.pb.swift,\ livekit_rtc.pb.swift,\ AppStateListener.swift,\ AsyncCompleter.swift,\ AsyncDebounce.swift,\ AsyncFileStream.swift,\ AsyncRetry.swift,\ AsyncSequence+Subscribe.swift,\ AsyncSerialDelegate.swift,\ AsyncTimer.swift,\ AsyncTryMapSequence.swift,\ ObservableObject+.swift,\ AVAudioPCMRingBuffer.swift,\ AudioConverter.swift,\ AudioMixRecorder.swift,\ AudioPlayerRenderer.swift,\ FFTProcessor.swift,\ Deque.swift,\ MapTable.swift,\ OrderedDictionary.swift,\ OrderedSet.swift,\ RingBuffer.swift,\ TTLDictionary.swift,\ Global.swift,\ Logger.swift,\ MulticastDelegate.swift,\ ConnectivityListener.swift,\ HTTP.swift,\ WebSocket.swift,\ QueueActor.swift,\ SerialRunnerActor.swift,\ Stopwatch.swift,\ Locks.swift,\ StateSync.swift,\ Utils.swift,\ ValueOrAbsent.swift,\ DeviceManager.swift,\ NativeView.swift,\ NativeViewRepresentable.swift,\ TextView.swift,\ LocalMedia.swift,\ SwiftUIAudioRoutePickerButton.swift,\ SwiftUIVideoView.swift,\ TrackDelegateObserver.swift,\ CachingTokenSource.swift,\ EndpointTokenSource.swift,\ LiteralTokenSource.swift,\ SandboxTokenSource.swift,\ TokenSource.swift,\ AudioTrack.swift,\ ARCameraCapturer.swift,\ BufferCapturer.swift,\ CameraCapturer.swift,\ InAppCapturer.swift,\ MacOSScreenCapturer.swift,\ VideoCapturer+MulticastDelegate.swift,\ VideoCapturer.swift,\ LocalAudioTrack.swift,\ LocalTrack.swift,\ LocalVideoTrack.swift,\ MetricsManager.swift,\ LocalAudioTrackRecorder.swift,\ RemoteAudioTrack.swift,\ RemoteTrack.swift,\ RemoteVideoTrack.swift,\ Extensions.swift,\ Track+Equatable.swift,\ Track+MulticastDelegate.swift,\ Track.swift,\ VideoTrack.swift,\ LocalTrackPublication.swift,\ RemoteTrackPublication.swift,\ TrackPublication+Equatable.swift,\ TrackPublication+Identifiable.swift,\ TrackPublication.swift,\ AttributeTypings.swift,\ AudioBuffer.swift,\ AudioDevice.swift,\ AudioDuckingLevel.swift,\ AudioEncoding+Comparable.swift,\ AudioEncoding.swift,\ AudioEngineAvailability.swift,\ AudioSessionConfiguration.swift,\ Codec.swift,\ VideoCodec.swift,\ ConnectionQuality.swift,\ ConnectionState.swift,\ DegradationPreference.swift,\ Dimensions.swift,\ IceCandidate.swift,\ IceServer.swift,\ IceTransportPolicy.swift,\ MediaDevice.swift,\ ARCameraCaptureOptions.swift,\ AudioCaptureOptions.swift,\ AudioPublishOptions.swift,\ BufferCaptureOptions.swift,\ CameraCaptureOptions+Copy.swift,\ CameraCaptureOptions.swift,\ CaptureOptions.swift,\ ConnectOptions+Copy.swift,\ ConnectOptions.swift,\ DataPublishOptions.swift,\ PublishOptions.swift,\ RoomOptions.swift,\ ScreenShareCaptureOptions.swift,\ VideoCaptureOptions.swift,\ VideoPublishOptions.swift,\ Participant+Types.swift,\ ParticipantPermissions.swift,\ ParticipantState.swift,\ ParticipantTrackPermission.swift,\ Priority.swift,\ ProtocolVersion.swift,\ RegionInfo.swift,\ Room+Types.swift,\ RoomConfiguration.swift,\ ScalabilityMode.swift,\ SessionDescription.swift,\ SpeechActivityEvent.swift,\ Statistics.swift,\ Track+Types.swift,\ TrackSettings.swift,\ TrackSource.swift,\ TrackStatistics.swift,\ TrackStreamState.swift,\ TrackType.swift,\ TranscriptionSegment.swift,\ VideoEncoding+Comparable.swift,\ VideoEncoding.swift,\ VideoFrame.swift,\ VideoParameters+Comparable.swift,\ VideoParameters.swift,\ VideoQuality.swift,\ VideoRotation.swift,\ BackgroundBlurVideoProcessor.swift,\ SampleBufferVideoRenderer.swift,\ VideoView+MulticastDelegate.swift,\ VideoView+PinchToZoom.swift,\ VideoView.swift /Users/mh/orca/workspaces/sonar-live-audio/build/release/UnsignedDerivedData/Build/Intermediates.noindex/LiveKit.build/Release-iphoneos/LiveKit.build/DerivedSources/resource_bundle_accessor.swift /Users/mh/orca/workspaces/sonar-live-audio/build/release/UnsignedDerivedData/SourcePackages/checkouts/client-sdk-swift/Sources/LiveKit/Agent/Agent.swift /Users/mh/orca/workspaces/sonar-live-audio/build/release/UnsignedDerivedData/SourcePackages/checkouts/client-sdk-swift/Sources/LiveKit/Agent/Chat/Message.swift /Users/mh/orca/workspaces/sonar-live-audio/build/release/UnsignedDerivedData/SourcePackages/checkouts/client-sdk-swift/Sources/LiveKit/Agent/Chat/Receive/MessageReceiver.swift /Users/mh/orca/workspaces/sonar-live-audio/build/release/UnsignedDerivedData/SourcePackages/checkouts/client-sdk-swift/Sources/LiveKit/Agent/Chat/Receive/TranscriptionDelegateReceiver.swift /Users/mh/orca/workspaces/sonar-live-audio/build/release/UnsignedDerivedData/SourcePackages/checkouts/client-sdk-swift/Sources/LiveKit/Agent/Chat/Receive/TranscriptionStreamReceiver.swift /Users/mh/orca/workspaces/sonar-live-audio/build/release/UnsignedDerivedData/SourcePackages/checkouts/client-sdk-swift/Sources/LiveKit/Agent/Chat/Send/MessageSender.swift /Users/mh/orca/workspaces/sonar-live-audio/build/release/UnsignedDerivedData/SourcePackages/checkouts/client-sdk-swift/Sources/LiveKit/Agent/Chat/Send/TextMessageSender.swift /Users/mh/orca/workspaces/sonar-live-audio/build/release/UnsignedDerivedData/SourcePackages/checkouts/client-sdk-swift/Sources/LiveKit/Agent/Participant+Agent.swift /Users/mh/orca/workspaces/sonar-live-audio/build/release/UnsignedDerivedData/SourcePackages/checkouts/client-sdk-swift/Sources/LiveKit/Agent/Room+Agent.swift /Users/mh/orca/workspaces/sonar-live-audio/build/release/UnsignedDerivedData/SourcePackages/checkouts/client-sdk-swift/Sources/LiveKit/Agent/Session.swift /Users/mh/orca/workspaces/sonar-live-audio/build/release/UnsignedDerivedData/SourcePackages/checkouts/client-sdk-swift/Sources/LiveKit/Agent/SessionOptions.swift /Users/mh/orca/workspaces/sonar-live-audio/build/release/UnsignedDerivedData/SourcePackages/checkouts/client-sdk-swift/Sources/LiveKit/Audio/AudioDeviceModuleDelegateAdapter.swift /Users/mh/orca/workspaces/sonar-live-audio/build/release/UnsignedDerivedData/SourcePackages/checkouts/client-sdk-swift/Sources/LiveKit/Audio/AudioEngineObserver.swift /Users/mh/orca/workspaces/sonar-live-audio/build/release/UnsignedDerivedData/SourcePackages/checkouts/client-sdk-swift/Sources/LiveKit/Audio/AudioSessionEngineObserver.swift /Users/mh/orca/workspaces/sonar-live-audio/build/release/UnsignedDerivedData/SourcePackages/checkouts/client-sdk-swift/Sources/LiveKit/Audio/Manager/AudioManager+ModuleType.swift /Users/mh/orca/workspaces/sonar-live-audio/build/release/UnsignedDerivedData/SourcePackages/checkouts/client-sdk-swift/Sources/LiveKit/Audio/Manager/AudioManager+MuteMode.swift /Users/mh/orca/workspaces/sonar-live-audio/build/release/UnsignedDerivedData/SourcePackages/checkouts/client-sdk-swift/Sources/LiveKit/Audio/Manager/AudioManager+Testing.swift /Users/mh/orca/workspaces/sonar-live-audio/build/release/UnsignedDerivedData/SourcePackages/checkouts/client-sdk-swift/Sources/LiveKit/Audio/Manager/AudioManager.swift /Users/mh/orca/workspaces/sonar-live-audio/build/release/UnsignedDerivedData/SourcePackages/checkouts/client-sdk-swift/Sources/LiveKit/Audio/MixerEngineObserver.swift /Users/mh/orca/workspaces/sonar-live-audio/build/release/UnsignedDerivedData/SourcePackages/checkouts/client-sdk-swift/Sources/LiveKit/Audio/PlayerNodePool.swift /Users/mh/orca/workspaces/sonar-live-audio/build/release/UnsignedDerivedData/SourcePackages/checkouts/client-sdk-swift/Sources/LiveKit/Audio/SoundPlayer+Types.swift /Users/mh/orca/workspaces/sonar-live-audio/build/release/UnsignedDerivedData/SourcePackages/checkouts/client-sdk-swift/Sources/LiveKit/Audio/SoundPlayer.swift /Users/mh/orca/workspaces/sonar-live-audio/build/release/UnsignedDerivedData/SourcePackages/checkouts/client-sdk-swift/Sources/LiveKit/Broadcast/BroadcastBundleInfo.swift /Users/mh/orca/workspaces/sonar-live-audio/build/release/UnsignedDerivedData/SourcePackages/checkouts/client-sdk-swift/Sources/LiveKit/Broadcast/BroadcastManager.swift /Users/mh/orca/workspaces/sonar-live-audio/build/release/UnsignedDerivedData/SourcePackages/checkouts/client-sdk-swift/Sources/LiveKit/Broadcast/BroadcastScreenCapturer.swift /Users/mh/orca/workspaces/sonar-live-audio/build/release/UnsignedDerivedData/SourcePackages/checkouts/client-sdk-swift/Sources/LiveKit/Broadcast/IPC/BroadcastAudioCodec.swift /Users/mh/orca/workspaces/sonar-live-audio/build/release/UnsignedDerivedData/SourcePackages/checkouts/client-sdk-swift/Sources/LiveKit/Broadcast/IPC/BroadcastIPCHeader.swift /Users/mh/orca/workspaces/sonar-live-audio/build/release/UnsignedDerivedData/SourcePackages/checkouts/client-sdk-swift/Sources/LiveKit/Broadcast/IPC/BroadcastImageCodec.swift /Users/mh/orca/workspaces/sonar-live-audio/build/release/UnsignedDerivedData/SourcePackages/checkouts/client-sdk-swift/Sources/LiveKit/Broadcast/IPC/BroadcastReceiver.swift /Users/mh/orca/workspaces/sonar-live-audio/build/release/UnsignedDerivedData/SourcePackages/checkouts/client-sdk-swift/Sources/LiveKit/Broadcast/IPC/BroadcastUploader.swift /Users/mh/orca/workspaces/sonar-live-audio/build/release/UnsignedDerivedData/SourcePackages/checkouts/client-sdk-swift/Sources/LiveKit/Broadcast/IPC/IPCChannel.swift /Users/mh/orca/workspaces/sonar-live-audio/build/release/UnsignedDerivedData/SourcePackages/checkouts/client-sdk-swift/Sources/LiveKit/Broadcast/IPC/IPCProtocol.swift /Users/mh/orca/workspaces/sonar-live-audio/build/release/UnsignedDerivedData/SourcePackages/checkouts/client-sdk-swift/Sources/LiveKit/Broadcast/IPC/SocketPath.swift /Users/mh/orca/workspaces/sonar-live-audio/build/release/UnsignedDerivedData/SourcePackages/checkouts/client-sdk-swift/Sources/LiveKit/Broadcast/LKSampleHandler.swift /Users/mh/orca/workspaces/sonar-live-audio/build/release/UnsignedDerivedData/SourcePackages/checkouts/client-sdk-swift/Sources/LiveKit/Broadcast/Support/DarwinNotificationCenter.swift /Users/mh/orca/workspaces/sonar-live-audio/build/release/UnsignedDerivedData/SourcePackages/checkouts/client-sdk-swift/Sources/LiveKit/Convenience/AudioProcessing.swift /Users/mh/orca/workspaces/sonar-live-audio/build/release/UnsignedDerivedData/SourcePackages/checkouts/client-sdk-swift/Sources/LiveKit/Core/DataChannelPair.swift /Users/mh/orca/workspaces/sonar-live-audio/build/release/UnsignedDerivedData/SourcePackages/checkouts/client-sdk-swift/Sources/LiveKit/Core/PreConnectAudioBuffer.swift /Users/mh/orca/workspaces/sonar-live-audio/build/release/UnsignedDerivedData/SourcePackages/checkouts/client-sdk-swift/Sources/LiveKit/Core/RPC.swift /Users/mh/orca/workspaces/sonar-live-audio/build/release/UnsignedDerivedData/SourcePackages/checkouts/client-sdk-swift/Sources/LiveKit/Core/RTC.swift /Users/mh/orca/workspaces/sonar-live-audio/build/release/UnsignedDerivedData/SourcePackages/checkouts/client-sdk-swift/Sources/LiveKit/Core/RegionManager.swift /Users/mh/orca/workspaces/sonar-live-audio/build/release/UnsignedDerivedData/SourcePackages/checkouts/client-sdk-swift/Sources/LiveKit/Core/Room+Convenience.swift /Users/mh/orca/workspaces/sonar-live-audio/build/release/UnsignedDerivedData/SourcePackages/checkouts/client-sdk-swift/Sources/LiveKit/Core/Room+DataStream.swift /Users/mh/orca/workspaces/sonar-live-audio/build/release/UnsignedDerivedData/SourcePackages/checkouts/client-sdk-swift/Sources/LiveKit/Core/Room+Debug.swift /Users/mh/orca/workspaces/sonar-live-audio/build/release/UnsignedDerivedData/SourcePackages/checkouts/client-sdk-swift/Sources/LiveKit/Core/Room+Engine.swift /Users/mh/orca/workspaces/sonar-live-audio/build/release/UnsignedDerivedData/SourcePackages/checkouts/client-sdk-swift/Sources/LiveKit/Core/Room+EngineDelegate.swift /Users/mh/orca/workspaces/sonar-live-audio/build/release/UnsignedDerivedData/SourcePackages/checkouts/client-sdk-swift/Sources/LiveKit/Core/Room+MulticastDelegate.swift /Users/mh/orca/workspaces/sonar-live-audio/build/release/UnsignedDerivedData/SourcePackages/checkouts/client-sdk-swift/Sources/LiveKit/Core/Room+PreConnect.swift /Users/mh/orca/workspaces/sonar-live-audio/build/release/UnsignedDerivedData/SourcePackages/checkouts/client-sdk-swift/Sources/LiveKit/Core/Room+RPC.swift /Users/mh/orca/workspaces/sonar-live-audio/build/release/UnsignedDerivedData/SourcePackages/checkouts/client-sdk-swift/Sources/LiveKit/Core/Room+Region.swift /Users/mh/orca/workspaces/sonar-live-audio/build/release/UnsignedDerivedData/SourcePackages/checkouts/client-sdk-swift/Sources/LiveKit/Core/Room+SignalClientDelegate.swift /Users/mh/orca/workspaces/sonar-live-audio/build/release/UnsignedDerivedData/SourcePackages/checkouts/client-sdk-swift/Sources/LiveKit/Core/Room+TransportDelegate.swift /Users/mh/orca/workspaces/sonar-live-audio/build/release/UnsignedDerivedData/SourcePackages/checkouts/client-sdk-swift/Sources/LiveKit/Core/Room.swift /Users/mh/orca/workspaces/sonar-live-audio/build/release/UnsignedDerivedData/SourcePackages/checkouts/client-sdk-swift/Sources/LiveKit/Core/SignalClient.swift /Users/mh/orca/workspaces/sonar-live-audio/build/release/UnsignedDerivedData/SourcePackages/checkouts/client-sdk-swift/Sources/LiveKit/Core/Transport.swift /Users/mh/orca/workspaces/sonar-live-audio/build/release/UnsignedDerivedData/SourcePackages/checkouts/client-sdk-swift/Sources/LiveKit/Core/TransportMode.swift /Users/mh/orca/workspaces/sonar-live-audio/build/release/UnsignedDerivedData/SourcePackages/checkouts/client-sdk-swift/Sources/LiveKit/DataStream/FileInfo.swift /Users/mh/orca/workspaces/sonar-live-audio/build/release/UnsignedDerivedData/SourcePackages/checkouts/client-sdk-swift/Sources/LiveKit/DataStream/Incoming/ByteStreamReader.swift /Users/mh/orca/workspaces/sonar-live-audio/build/release/UnsignedDerivedData/SourcePackages/checkouts/client-sdk-swift/Sources/LiveKit/DataStream/Incoming/IncomingStreamManager.swift /Users/mh/orca/workspaces/sonar-live-audio/build/release/UnsignedDerivedData/SourcePackages/checkouts/client-sdk-swift/Sources/LiveKit/DataStream/Incoming/StreamReaderSource.swift /Users/mh/orca/workspaces/sonar-live-audio/build/release/UnsignedDerivedData/SourcePackages/checkouts/client-sdk-swift/Sources/LiveKit/DataStream/Incoming/TextStreamReader.swift /Users/mh/orca/workspaces/sonar-live-audio/build/release/UnsignedDerivedData/SourcePackages/checkouts/client-sdk-swift/Sources/LiveKit/DataStream/Outgoing/ByteStreamWriter.swift /Users/mh/orca/workspaces/sonar-live-audio/build/release/UnsignedDerivedData/SourcePackages/checkouts/client-sdk-swift/Sources/LiveKit/DataStream/Outgoing/OutgoingStreamManager.swift /Users/mh/orca/workspaces/sonar-live-audio/build/release/UnsignedDerivedData/SourcePackages/checkouts/client-sdk-swift/Sources/LiveKit/DataStream/Outgoing/StreamData.swift /Users/mh/orca/workspaces/sonar-live-audio/build/release/UnsignedDerivedData/SourcePackages/checkouts/client-sdk-swift/Sources/LiveKit/DataStream/Outgoing/StreamWriterDestination.swift /Users/mh/orca/workspaces/sonar-live-audio/build/release/UnsignedDerivedData/SourcePackages/checkouts/client-sdk-swift/Sources/LiveKit/DataStream/Outgoing/TextStreamWriter.swift /Users/mh/orca/workspaces/sonar-live-audio/build/release/UnsignedDerivedData/SourcePackages/checkouts/client-sdk-swift/Sources/LiveKit/DataStream/StreamError.swift /Users/mh/orca/workspaces/sonar-live-audio/build/release/UnsignedDerivedData/SourcePackages/checkouts/client-sdk-swift/Sources/LiveKit/DataStream/StreamInfo.swift /Users/mh/orca/workspaces/sonar-live-audio/build/release/UnsignedDerivedData/SourcePackages/checkouts/client-sdk-swift/Sources/LiveKit/DataStream/StreamOptions.swift /Users/mh/orca/workspaces/sonar-live-audio/build/release/UnsignedDerivedData/SourcePackages/checkouts/client-sdk-swift/Sources/LiveKit/E2EE/E2EEManager.swift /Users/mh/orca/workspaces/sonar-live-audio/build/release/UnsignedDerivedData/SourcePackages/checkouts/client-sdk-swift/Sources/LiveKit/E2EE/KeyProvider.swift /Users/mh/orca/workspaces/sonar-live-audio/build/release/UnsignedDerivedData/SourcePackages/checkouts/client-sdk-swift/Sources/LiveKit/E2EE/Options.swift /Users/mh/orca/workspaces/sonar-live-audio/build/release/UnsignedDerivedData/SourcePackages/checkouts/client-sdk-swift/Sources/LiveKit/E2EE/Protos+E2EE.swift /Users/mh/orca/workspaces/sonar-live-audio/build/release/UnsignedDerivedData/SourcePackages/checkouts/client-sdk-swift/Sources/LiveKit/E2EE/State.swift /Users/mh/orca/workspaces/sonar-live-audio/build/release/UnsignedDerivedData/SourcePackages/checkouts/client-sdk-swift/Sources/LiveKit/Errors.swift /Users/mh/orca/workspaces/sonar-live-audio/build/release/UnsignedDerivedData/SourcePackages/checkouts/client-sdk-swift/Sources/LiveKit/Extensions/AVAudioPCMBuffer.swift /Users/mh/orca/workspaces/sonar-live-audio/build/release/UnsignedDerivedData/SourcePackages/checkouts/client-sdk-swift/Sources/LiveKit/Extensions/AVCaptureDevice.swift /Users/mh/orca/workspaces/sonar-live-audio/build/release/UnsignedDerivedData/SourcePackages/checkouts/client-sdk-swift/Sources/LiveKit/Extensions/AsyncSequence.swift /Users/mh/orca/workspaces/sonar-live-audio/build/release/UnsignedDerivedData/SourcePackages/checkouts/client-sdk-swift/Sources/LiveKit/Extensions/CGFloat.swift /Users/mh/orca/workspaces/sonar-live-audio/build/release/UnsignedDerivedData/SourcePackages/checkouts/client-sdk-swift/Sources/LiveKit/Extensions/Codable.swift /Users/mh/orca/workspaces/sonar-live-audio/build/release/UnsignedDerivedData/SourcePackages/checkouts/client-sdk-swift/Sources/LiveKit/Extensions/CoreImage.swift /Users/mh/orca/workspaces/sonar-live-audio/build/release/UnsignedDerivedData/SourcePackages/checkouts/client-sdk-swift/Sources/LiveKit/Extensions/CustomStringConvertible.swift /Users/mh/orca/workspaces/sonar-live-audio/build/release/UnsignedDerivedData/SourcePackages/checkouts/client-sdk-swift/Sources/LiveKit/Extensions/DispatchQueue.swift /Users/mh/orca/workspaces/sonar-live-audio/build/release/UnsignedDerivedData/SourcePackages/checkouts/client-sdk-swift/Sources/LiveKit/Extensions/LKRTCRtpSender.swift /Users/mh/orca/workspaces/sonar-live-audio/build/release/UnsignedDerivedData/SourcePackages/checkouts/client-sdk-swift/Sources/LiveKit/Extensions/PixelBuffer.swift /Users/mh/orca/workspaces/sonar-live-audio/build/release/UnsignedDerivedData/SourcePackages/checkouts/client-sdk-swift/Sources/LiveKit/Extensions/Primitives.swift /Users/mh/orca/workspaces/sonar-live-audio/build/release/UnsignedDerivedData/SourcePackages/checkouts/client-sdk-swift/Sources/LiveKit/Extensions/RTCConfiguration.swift /Users/mh/orca/workspaces/sonar-live-audio/build/release/UnsignedDerivedData/SourcePackages/checkouts/client-sdk-swift/Sources/LiveKit/Extensions/RTCDataChannel+Util.swift /Users/mh/orca/workspaces/sonar-live-audio/build/release/UnsignedDerivedData/SourcePackages/checkouts/client-sdk-swift/Sources/LiveKit/Extensions/RTCI420Buffer.swift /Users/mh/orca/workspaces/sonar-live-audio/build/release/UnsignedDerivedData/SourcePackages/checkouts/client-sdk-swift/Sources/LiveKit/Extensions/RTCMediaConstraints.swift /Users/mh/orca/workspaces/sonar-live-audio/build/release/UnsignedDerivedData/SourcePackages/checkouts/client-sdk-swift/Sources/LiveKit/Extensions/RTCRtpTransceiver.swift /Users/mh/orca/workspaces/sonar-live-audio/build/release/UnsignedDerivedData/SourcePackages/checkouts/client-sdk-swift/Sources/LiveKit/Extensions/RTCVideoCapturerDelegate+Buffer.swift /Users/mh/orca/workspaces/sonar-live-audio/build/release/UnsignedDerivedData/SourcePackages/checkouts/client-sdk-swift/Sources/LiveKit/Extensions/Sendable.swift /Users/mh/orca/workspaces/sonar-live-audio/build/release/UnsignedDerivedData/SourcePackages/checkouts/client-sdk-swift/Sources/LiveKit/Extensions/String.swift /Users/mh/orca/workspaces/sonar-live-audio/build/release/UnsignedDerivedData/SourcePackages/checkouts/client-sdk-swift/Sources/LiveKit/Extensions/TimeInterval.swift /Users/mh/orca/workspaces/sonar-live-audio/build/release/UnsignedDerivedData/SourcePackages/checkouts/client-sdk-swift/Sources/LiveKit/Extensions/URL.swift /Users/mh/orca/workspaces/sonar-live-audio/build/release/UnsignedDerivedData/SourcePackages/checkouts/client-sdk-swift/Sources/LiveKit/LiveKit+DeviceHelpers.swift /Users/mh/orca/workspaces/sonar-live-audio/build/release/UnsignedDerivedData/SourcePackages/checkouts/client-sdk-swift/Sources/LiveKit/LiveKit.swift /Users/mh/orca/workspaces/sonar-live-audio/build/release/UnsignedDerivedData/SourcePackages/checkouts/client-sdk-swift/Sources/LiveKit/Participant/LocalParticipant+DataStream.swift /Users/mh/orca/workspaces/sonar-live-audio/build/release/UnsignedDerivedData/SourcePackages/checkouts/client-sdk-swift/Sources/LiveKit/Participant/LocalParticipant+RPC.swift /Users/mh/orca/workspaces/sonar-live-audio/build/release/UnsignedDerivedData/SourcePackages/checkouts/client-sdk-swift/Sources/LiveKit/Participant/LocalParticipant.swift /Users/mh/orca/workspaces/sonar-live-audio/build/release/UnsignedDerivedData/SourcePackages/checkouts/client-sdk-swift/Sources/LiveKit/Participant/Participant+Convenience.swift /Users/mh/orca/workspaces/sonar-live-audio/build/release/UnsignedDerivedData/SourcePackages/checkouts/client-sdk-swift/Sources/LiveKit/Participant/Participant+Equatable.swift /Users/mh/orca/workspaces/sonar-live-audio/build/release/UnsignedDerivedData/SourcePackages/checkouts/client-sdk-swift/Sources/LiveKit/Participant/Participant+Identifiable.swift /Users/mh/orca/workspaces/sonar-live-audio/build/release/UnsignedDerivedData/SourcePackages/checkouts/client-sdk-swift/Sources/LiveKit/Participant/Participant+Kind.swift /Users/mh/orca/workspaces/sonar-live-audio/build/release/UnsignedDerivedData/SourcePackages/checkouts/client-sdk-swift/Sources/LiveKit/Participant/Participant+MulticastDelegate.swift /Users/mh/orca/workspaces/sonar-live-audio/build/release/UnsignedDerivedData/SourcePackages/checkouts/client-sdk-swift/Sources/LiveKit/Participant/Participant.swift /Users/mh/orca/workspaces/sonar-live-audio/build/release/UnsignedDerivedData/SourcePackages/checkouts/client-sdk-swift/Sources/LiveKit/Participant/RemoteParticipant+Active.swift /Users/mh/orca/workspaces/sonar-live-audio/build/release/UnsignedDerivedData/SourcePackages/checkouts/client-sdk-swift/Sources/LiveKit/Participant/RemoteParticipant.swift /Users/mh/orca/workspaces/sonar-live-audio/build/release/UnsignedDerivedData/SourcePackages/checkouts/client-sdk-swift/Sources/LiveKit/Protocols/AudioCustomProcessingDelegate.swift /Users/mh/orca/workspaces/sonar-live-audio/build/release/UnsignedDerivedData/SourcePackages/checkouts/client-sdk-swift/Sources/LiveKit/Protocols/AudioRenderer.swift /Users/mh/orca/workspaces/sonar-live-audio/build/release/UnsignedDerivedData/SourcePackages/checkouts/client-sdk-swift/Sources/LiveKit/Protocols/MediaEncoding.swift /Users/mh/orca/workspaces/sonar-live-audio/build/release/UnsignedDerivedData/SourcePackages/checkouts/client-sdk-swift/Sources/LiveKit/Protocols/Mirrorable.swift /Users/mh/orca/workspaces/sonar-live-audio/build/release/UnsignedDerivedData/SourcePackages/checkouts/client-sdk-swift/Sources/LiveKit/Protocols/NextInvokable.swift /Users/mh/orca/workspaces/sonar-live-audio/build/release/UnsignedDerivedData/SourcePackages/checkouts/client-sdk-swift/Sources/LiveKit/Protocols/ParticipantDelegate.swift /Users/mh/orca/workspaces/sonar-live-audio/build/release/UnsignedDerivedData/SourcePackages/checkouts/client-sdk-swift/Sources/LiveKit/Protocols/RoomDelegate.swift /Users/mh/orca/workspaces/sonar-live-audio/build/release/UnsignedDerivedData/SourcePackages/checkouts/client-sdk-swift/Sources/LiveKit/Protocols/SignalClientDelegate.swift /Users/mh/orca/workspaces/sonar-live-audio/build/release/UnsignedDerivedData/SourcePackages/checkouts/client-sdk-swift/Sources/LiveKit/Protocols/TrackDelegate.swift /Users/mh/orca/workspaces/sonar-live-audio/build/release/UnsignedDerivedData/SourcePackages/checkouts/client-sdk-swift/Sources/LiveKit/Protocols/TransportDelegate.swift /Users/mh/orca/workspaces/sonar-live-audio/build/release/UnsignedDerivedData/SourcePackages/checkouts/client-sdk-swift/Sources/LiveKit/Protocols/VideoProcessor.swift /Users/mh/orca/workspaces/sonar-live-audio/build/release/UnsignedDerivedData/SourcePackages/checkouts/client-sdk-swift/Sources/LiveKit/Protocols/VideoRenderer.swift /Users/mh/orca/workspaces/sonar-live-audio/build/release/UnsignedDerivedData/SourcePackages/checkouts/client-sdk-swift/Sources/LiveKit/Protocols/VideoViewDelegate.swift /Users/mh/orca/workspaces/sonar-live-audio/build/release/UnsignedDerivedData/SourcePackages/checkouts/client-sdk-swift/Sources/LiveKit/Protos/livekit_metrics.pb.swift /Users/mh/orca/workspaces/sonar-live-audio/build/release/UnsignedDerivedData/SourcePackages/checkouts/client-sdk-swift/Sources/LiveKit/Protos/livekit_models.pb.swift /Users/mh/orca/workspaces/sonar-live-audio/build/release/UnsignedDerivedData/SourcePackages/checkouts/client-sdk-swift/Sources/LiveKit/Protos/livekit_rtc.pb.swift /Users/mh/orca/workspaces/sonar-live-audio/build/release/UnsignedDerivedData/SourcePackages/checkouts/client-sdk-swift/Sources/LiveKit/Support/AppStateListener.swift /Users/mh/orca/workspaces/sonar-live-audio/build/release/UnsignedDerivedData/SourcePackages/checkouts/client-sdk-swift/Sources/LiveKit/Support/Async/AsyncCompleter.swift /Users/mh/orca/workspaces/sonar-live-audio/build/release/UnsignedDerivedData/SourcePackages/checkouts/client-sdk-swift/Sources/LiveKit/Support/Async/AsyncDebounce.swift /Users/mh/orca/workspaces/sonar-live-audio/build/release/UnsignedDerivedData/SourcePackages/checkouts/client-sdk-swift/Sources/LiveKit/Support/Async/AsyncFileStream.swift /Users/mh/orca/workspaces/sonar-live-audio/build/release/UnsignedDerivedData/SourcePackages/checkouts/client-sdk-swift/Sources/LiveKit/Support/Async/AsyncRetry.swift /Users/mh/orca/workspaces/sonar-live-audio/build/release/UnsignedDerivedData/SourcePackages/checkouts/client-sdk-swift/Sources/LiveKit/Support/Async/AsyncSequence+Subscribe.swift /Users/mh/orca/workspaces/sonar-live-audio/build/release/UnsignedDerivedData/SourcePackages/checkouts/client-sdk-swift/Sources/LiveKit/Support/Async/AsyncSerialDelegate.swift /Users/mh/orca/workspaces/sonar-live-audio/build/release/UnsignedDerivedData/SourcePackages/checkouts/client-sdk-swift/Sources/LiveKit/Support/Async/AsyncTimer.swift /Users/mh/orca/workspaces/sonar-live-audio/build/release/UnsignedDerivedData/SourcePackages/checkouts/client-sdk-swift/Sources/LiveKit/Support/Async/AsyncTryMapSequence.swift /Users/mh/orca/workspaces/sonar-live-audio/build/release/UnsignedDerivedData/SourcePackages/checkouts/client-sdk-swift/Sources/LiveKit/Support/Async/ObservableObject+.swift /Users/mh/orca/workspaces/sonar-live-audio/build/release/UnsignedDerivedData/SourcePackages/checkouts/client-sdk-swift/Sources/LiveKit/Support/Audio/AVAudioPCMRingBuffer.swift /Users/mh/orca/workspaces/sonar-live-audio/build/release/UnsignedDerivedData/SourcePackages/checkouts/client-sdk-swift/Sources/LiveKit/Support/Audio/AudioConverter.swift /Users/mh/orca/workspaces/sonar-live-audio/build/release/UnsignedDerivedData/SourcePackages/checkouts/client-sdk-swift/Sources/LiveKit/Support/Audio/AudioMixRecorder.swift /Users/mh/orca/workspaces/sonar-live-audio/build/release/UnsignedDerivedData/SourcePackages/checkouts/client-sdk-swift/Sources/LiveKit/Support/Audio/AudioPlayerRenderer.swift /Users/mh/orca/workspaces/sonar-live-audio/build/release/UnsignedDerivedData/SourcePackages/checkouts/client-sdk-swift/Sources/LiveKit/Support/Audio/FFTProcessor.swift /Users/mh/orca/workspaces/sonar-live-audio/build/release/UnsignedDerivedData/SourcePackages/checkouts/client-sdk-swift/Sources/LiveKit/Support/DataStructures/Deque.swift /Users/mh/orca/workspaces/sonar-live-audio/build/release/UnsignedDerivedData/SourcePackages/checkouts/client-sdk-swift/Sources/LiveKit/Support/DataStructures/MapTable.swift /Users/mh/orca/workspaces/sonar-live-audio/build/release/UnsignedDerivedData/SourcePackages/checkouts/client-sdk-swift/Sources/LiveKit/Support/DataStructures/OrderedDictionary.swift /Users/mh/orca/workspaces/sonar-live-audio/build/release/UnsignedDerivedData/SourcePackages/checkouts/client-sdk-swift/Sources/LiveKit/Support/DataStructures/OrderedSet.swift /Users/mh/orca/workspaces/sonar-live-audio/build/release/UnsignedDerivedData/SourcePackages/checkouts/client-sdk-swift/Sources/LiveKit/Support/DataStructures/RingBuffer.swift /Users/mh/orca/workspaces/sonar-live-audio/build/release/UnsignedDerivedData/SourcePackages/checkouts/client-sdk-swift/Sources/LiveKit/Support/DataStructures/TTLDictionary.swift /Users/mh/orca/workspaces/sonar-live-audio/build/release/UnsignedDerivedData/SourcePackages/checkouts/client-sdk-swift/Sources/LiveKit/Support/Global.swift /Users/mh/orca/workspaces/sonar-live-audio/build/release/UnsignedDerivedData/SourcePackages/checkouts/client-sdk-swift/Sources/LiveKit/Support/Logger.swift /Users/mh/orca/workspaces/sonar-live-audio/build/release/UnsignedDerivedData/SourcePackages/checkouts/client-sdk-swift/Sources/LiveKit/Support/MulticastDelegate.swift /Users/mh/orca/workspaces/sonar-live-audio/build/release/UnsignedDerivedData/SourcePackages/checkouts/client-sdk-swift/Sources/LiveKit/Support/Network/ConnectivityListener.swift /Users/mh/orca/workspaces/sonar-live-audio/build/release/UnsignedDerivedData/SourcePackages/checkouts/client-sdk-swift/Sources/LiveKit/Support/Network/HTTP.swift /Users/mh/orca/workspaces/sonar-live-audio/build/release/UnsignedDerivedData/SourcePackages/checkouts/client-sdk-swift/Sources/LiveKit/Support/Network/WebSocket.swift /Users/mh/orca/workspaces/sonar-live-audio/build/release/UnsignedDerivedData/SourcePackages/checkouts/client-sdk-swift/Sources/LiveKit/Support/Schedulers/QueueActor.swift /Users/mh/orca/workspaces/sonar-live-audio/build/release/UnsignedDerivedData/SourcePackages/checkouts/client-sdk-swift/Sources/LiveKit/Support/Schedulers/SerialRunnerActor.swift /Users/mh/orca/workspaces/sonar-live-audio/build/release/UnsignedDerivedData/SourcePackages/checkouts/client-sdk-swift/Sources/LiveKit/Support/Stopwatch.swift /Users/mh/orca/workspaces/sonar-live-audio/build/release/UnsignedDerivedData/SourcePackages/checkouts/client-sdk-swift/Sources/LiveKit/Support/Sync/Locks.swift /Users/mh/orca/workspaces/sonar-live-audio/build/release/UnsignedDerivedData/SourcePackages/checkouts/client-sdk-swift/Sources/LiveKit/Support/Sync/StateSync.swift /Users/mh/orca/workspaces/sonar-live-audio/build/release/UnsignedDerivedData/SourcePackages/checkouts/client-sdk-swift/Sources/LiveKit/Support/Utils.swift /Users/mh/orca/workspaces/sonar-live-audio/build/release/UnsignedDerivedData/SourcePackages/checkouts/client-sdk-swift/Sources/LiveKit/Support/ValueOrAbsent.swift /Users/mh/orca/workspaces/sonar-live-audio/build/release/UnsignedDerivedData/SourcePackages/checkouts/client-sdk-swift/Sources/LiveKit/Support/Video/DeviceManager.swift /Users/mh/orca/workspaces/sonar-live-audio/build/release/UnsignedDerivedData/SourcePackages/checkouts/client-sdk-swift/Sources/LiveKit/Support/View/NativeView.swift /Users/mh/orca/workspaces/sonar-live-audio/build/release/UnsignedDerivedData/SourcePackages/checkouts/client-sdk-swift/Sources/LiveKit/Support/View/NativeViewRepresentable.swift /Users/mh/orca/workspaces/sonar-live-audio/build/release/UnsignedDerivedData/SourcePackages/checkouts/client-sdk-swift/Sources/LiveKit/Support/View/TextView.swift /Users/mh/orca/workspaces/sonar-live-audio/build/release/UnsignedDerivedData/SourcePackages/checkouts/client-sdk-swift/Sources/LiveKit/SwiftUI/LocalMedia.swift /Users/mh/orca/workspaces/sonar-live-audio/build/release/UnsignedDerivedData/SourcePackages/checkouts/client-sdk-swift/Sources/LiveKit/SwiftUI/SwiftUIAudioRoutePickerButton.swift /Users/mh/orca/workspaces/sonar-live-audio/build/release/UnsignedDerivedData/SourcePackages/checkouts/client-sdk-swift/Sources/LiveKit/SwiftUI/SwiftUIVideoView.swift /Users/mh/orca/workspaces/sonar-live-audio/build/release/UnsignedDerivedData/SourcePackages/checkouts/client-sdk-swift/Sources/LiveKit/SwiftUI/TrackDelegateObserver.swift /Users/mh/orca/workspaces/sonar-live-audio/build/release/UnsignedDerivedData/SourcePackages/checkouts/client-sdk-swift/Sources/LiveKit/Token/CachingTokenSource.swift /Users/mh/orca/workspaces/sonar-live-audio/build/release/UnsignedDerivedData/SourcePackages/checkouts/client-sdk-swift/Sources/LiveKit/Token/EndpointTokenSource.swift /Users/mh/orca/workspaces/sonar-live-audio/build/release/UnsignedDerivedData/SourcePackages/checkouts/client-sdk-swift/Sources/LiveKit/Token/LiteralTokenSource.swift /Users/mh/orca/workspaces/sonar-live-audio/build/release/UnsignedDerivedData/SourcePackages/checkouts/client-sdk-swift/Sources/LiveKit/Token/SandboxTokenSource.swift /Users/mh/orca/workspaces/sonar-live-audio/build/release/UnsignedDerivedData/SourcePackages/checkouts/client-sdk-swift/Sources/LiveKit/Token/TokenSource.swift /Users/mh/orca/workspaces/sonar-live-audio/build/release/UnsignedDerivedData/SourcePackages/checkouts/client-sdk-swift/Sources/LiveKit/Track/AudioTrack.swift /Users/mh/orca/workspaces/sonar-live-audio/build/release/UnsignedDerivedData/SourcePackages/checkouts/client-sdk-swift/Sources/LiveKit/Track/Capturers/ARCameraCapturer.swift /Users/mh/orca/workspaces/sonar-live-audio/build/release/UnsignedDerivedData/SourcePackages/checkouts/client-sdk-swift/Sources/LiveKit/Track/Capturers/BufferCapturer.swift /Users/mh/orca/workspaces/sonar-live-audio/build/release/UnsignedDerivedData/SourcePackages/checkouts/client-sdk-swift/Sources/LiveKit/Track/Capturers/CameraCapturer.swift /Users/mh/orca/workspaces/sonar-live-audio/build/release/UnsignedDerivedData/SourcePackages/checkouts/client-sdk-swift/Sources/LiveKit/Track/Capturers/InAppCapturer.swift /Users/mh/orca/workspaces/sonar-live-audio/build/release/UnsignedDerivedData/SourcePackages/checkouts/client-sdk-swift/Sources/LiveKit/Track/Capturers/MacOSScreenCapturer.swift /Users/mh/orca/workspaces/sonar-live-audio/build/release/UnsignedDerivedData/SourcePackages/checkouts/client-sdk-swift/Sources/LiveKit/Track/Capturers/VideoCapturer+MulticastDelegate.swift /Users/mh/orca/workspaces/sonar-live-audio/build/release/UnsignedDerivedData/SourcePackages/checkouts/client-sdk-swift/Sources/LiveKit/Track/Capturers/VideoCapturer.swift /Users/mh/orca/workspaces/sonar-live-audio/build/release/UnsignedDerivedData/SourcePackages/checkouts/client-sdk-swift/Sources/LiveKit/Track/Local/LocalAudioTrack.swift /Users/mh/orca/workspaces/sonar-live-audio/build/release/UnsignedDerivedData/SourcePackages/checkouts/client-sdk-swift/Sources/LiveKit/Track/Local/LocalTrack.swift /Users/mh/orca/workspaces/sonar-live-audio/build/release/UnsignedDerivedData/SourcePackages/checkouts/client-sdk-swift/Sources/LiveKit/Track/Local/LocalVideoTrack.swift /Users/mh/orca/workspaces/sonar-live-audio/build/release/UnsignedDerivedData/SourcePackages/checkouts/client-sdk-swift/Sources/LiveKit/Track/Metrics/MetricsManager.swift /Users/mh/orca/workspaces/sonar-live-audio/build/release/UnsignedDerivedData/SourcePackages/checkouts/client-sdk-swift/Sources/LiveKit/Track/Recorders/LocalAudioTrackRecorder.swift /Users/mh/orca/workspaces/sonar-live-audio/build/release/UnsignedDerivedData/SourcePackages/checkouts/client-sdk-swift/Sources/LiveKit/Track/Remote/RemoteAudioTrack.swift /Users/mh/orca/workspaces/sonar-live-audio/build/release/UnsignedDerivedData/SourcePackages/checkouts/client-sdk-swift/Sources/LiveKit/Track/Remote/RemoteTrack.swift /Users/mh/orca/workspaces/sonar-live-audio/build/release/UnsignedDerivedData/SourcePackages/checkouts/client-sdk-swift/Sources/LiveKit/Track/Remote/RemoteVideoTrack.swift /Users/mh/orca/workspaces/sonar-live-audio/build/release/UnsignedDerivedData/SourcePackages/checkouts/client-sdk-swift/Sources/LiveKit/Track/Support/Extensions.swift /Users/mh/orca/workspaces/sonar-live-audio/build/release/UnsignedDerivedData/SourcePackages/checkouts/client-sdk-swift/Sources/LiveKit/Track/Track+Equatable.swift /Users/mh/orca/workspaces/sonar-live-audio/build/release/UnsignedDerivedData/SourcePackages/checkouts/client-sdk-swift/Sources/LiveKit/Track/Track+MulticastDelegate.swift /Users/mh/orca/workspaces/sonar-live-audio/build/release/UnsignedDerivedData/SourcePackages/checkouts/client-sdk-swift/Sources/LiveKit/Track/Track.swift /Users/mh/orca/workspaces/sonar-live-audio/build/release/UnsignedDerivedData/SourcePackages/checkouts/client-sdk-swift/Sources/LiveKit/Track/VideoTrack.swift /Users/mh/orca/workspaces/sonar-live-audio/build/release/UnsignedDerivedData/SourcePackages/checkouts/client-sdk-swift/Sources/LiveKit/TrackPublications/LocalTrackPublication.swift /Users/mh/orca/workspaces/sonar-live-audio/build/release/UnsignedDerivedData/SourcePackages/checkouts/client-sdk-swift/Sources/LiveKit/TrackPublications/RemoteTrackPublication.swift /Users/mh/orca/workspaces/sonar-live-audio/build/release/UnsignedDerivedData/SourcePackages/checkouts/client-sdk-swift/Sources/LiveKit/TrackPublications/TrackPublication+Equatable.swift /Users/mh/orca/workspaces/sonar-live-audio/build/release/UnsignedDerivedData/SourcePackages/checkouts/client-sdk-swift/Sources/LiveKit/TrackPublications/TrackPublication+Identifiable.swift /Users/mh/orca/workspaces/sonar-live-audio/build/release/UnsignedDerivedData/SourcePackages/checkouts/client-sdk-swift/Sources/LiveKit/TrackPublications/TrackPublication.swift /Users/mh/orca/workspaces/sonar-live-audio/build/release/UnsignedDerivedData/SourcePackages/checkouts/client-sdk-swift/Sources/LiveKit/Types/Attributes/AttributeTypings.swift /Users/mh/orca/workspaces/sonar-live-audio/build/release/UnsignedDerivedData/SourcePackages/checkouts/client-sdk-swift/Sources/LiveKit/Types/AudioBuffer.swift /Users/mh/orca/workspaces/sonar-live-audio/build/release/UnsignedDerivedData/SourcePackages/checkouts/client-sdk-swift/Sources/LiveKit/Types/AudioDevice.swift /Users/mh/orca/workspaces/sonar-live-audio/build/release/UnsignedDerivedData/SourcePackages/checkouts/client-sdk-swift/Sources/LiveKit/Types/AudioDuckingLevel.swift /Users/mh/orca/workspaces/sonar-live-audio/build/release/UnsignedDerivedData/SourcePackages/checkouts/client-sdk-swift/Sources/LiveKit/Types/AudioEncoding+Comparable.swift /Users/mh/orca/workspaces/sonar-live-audio/build/release/UnsignedDerivedData/SourcePackages/checkouts/client-sdk-swift/Sources/LiveKit/Types/AudioEncoding.swift /Users/mh/orca/workspaces/sonar-live-audio/build/release/UnsignedDerivedData/SourcePackages/checkouts/client-sdk-swift/Sources/LiveKit/Types/AudioEngineAvailability.swift /Users/mh/orca/workspaces/sonar-live-audio/build/release/UnsignedDerivedData/SourcePackages/checkouts/client-sdk-swift/Sources/LiveKit/Types/AudioSessionConfiguration.swift /Users/mh/orca/workspaces/sonar-live-audio/build/release/UnsignedDerivedData/SourcePackages/checkouts/client-sdk-swift/Sources/LiveKit/Types/Codec/Codec.swift /Users/mh/orca/workspaces/sonar-live-audio/build/release/UnsignedDerivedData/SourcePackages/checkouts/client-sdk-swift/Sources/LiveKit/Types/Codec/VideoCodec.swift /Users/mh/orca/workspaces/sonar-live-audio/build/release/UnsignedDerivedData/SourcePackages/checkouts/client-sdk-swift/Sources/LiveKit/Types/ConnectionQuality.swift /Users/mh/orca/workspaces/sonar-live-audio/build/release/UnsignedDerivedData/SourcePackages/checkouts/client-sdk-swift/Sources/LiveKit/Types/ConnectionState.swift /Users/mh/orca/workspaces/sonar-live-audio/build/release/UnsignedDerivedData/SourcePackages/checkouts/client-sdk-swift/Sources/LiveKit/Types/DegradationPreference.swift /Users/mh/orca/workspaces/sonar-live-audio/build/release/UnsignedDerivedData/SourcePackages/checkouts/client-sdk-swift/Sources/LiveKit/Types/Dimensions.swift /Users/mh/orca/workspaces/sonar-live-audio/build/release/UnsignedDerivedData/SourcePackages/checkouts/client-sdk-swift/Sources/LiveKit/Types/IceCandidate.swift /Users/mh/orca/workspaces/sonar-live-audio/build/release/UnsignedDerivedData/SourcePackages/checkouts/client-sdk-swift/Sources/LiveKit/Types/IceServer.swift /Users/mh/orca/workspaces/sonar-live-audio/build/release/UnsignedDerivedData/SourcePackages/checkouts/client-sdk-swift/Sources/LiveKit/Types/IceTransportPolicy.swift /Users/mh/orca/workspaces/sonar-live-audio/build/release/UnsignedDerivedData/SourcePackages/checkouts/client-sdk-swift/Sources/LiveKit/Types/MediaDevice.swift /Users/mh/orca/workspaces/sonar-live-audio/build/release/UnsignedDerivedData/SourcePackages/checkouts/client-sdk-swift/Sources/LiveKit/Types/Options/ARCameraCaptureOptions.swift /Users/mh/orca/workspaces/sonar-live-audio/build/release/UnsignedDerivedData/SourcePackages/checkouts/client-sdk-swift/Sources/LiveKit/Types/Options/AudioCaptureOptions.swift /Users/mh/orca/workspaces/sonar-live-audio/build/release/UnsignedDerivedData/SourcePackages/checkouts/client-sdk-swift/Sources/LiveKit/Types/Options/AudioPublishOptions.swift /Users/mh/orca/workspaces/sonar-live-audio/build/release/UnsignedDerivedData/SourcePackages/checkouts/client-sdk-swift/Sources/LiveKit/Types/Options/BufferCaptureOptions.swift /Users/mh/orca/workspaces/sonar-live-audio/build/release/UnsignedDerivedData/SourcePackages/checkouts/client-sdk-swift/Sources/LiveKit/Types/Options/CameraCaptureOptions+Copy.swift /Users/mh/orca/workspaces/sonar-live-audio/build/release/UnsignedDerivedData/SourcePackages/checkouts/client-sdk-swift/Sources/LiveKit/Types/Options/CameraCaptureOptions.swift /Users/mh/orca/workspaces/sonar-live-audio/build/release/UnsignedDerivedData/SourcePackages/checkouts/client-sdk-swift/Sources/LiveKit/Types/Options/CaptureOptions.swift /Users/mh/orca/workspaces/sonar-live-audio/build/release/UnsignedDerivedData/SourcePackages/checkouts/client-sdk-swift/Sources/LiveKit/Types/Options/ConnectOptions+Copy.swift /Users/mh/orca/workspaces/sonar-live-audio/build/release/UnsignedDerivedData/SourcePackages/checkouts/client-sdk-swift/Sources/LiveKit/Types/Options/ConnectOptions.swift /Users/mh/orca/workspaces/sonar-live-audio/build/release/UnsignedDerivedData/SourcePackages/checkouts/client-sdk-swift/Sources/LiveKit/Types/Options/DataPublishOptions.swift /Users/mh/orca/workspaces/sonar-live-audio/build/release/UnsignedDerivedData/SourcePackages/checkouts/client-sdk-swift/Sources/LiveKit/Types/Options/PublishOptions.swift /Users/mh/orca/workspaces/sonar-live-audio/build/release/UnsignedDerivedData/SourcePackages/checkouts/client-sdk-swift/Sources/LiveKit/Types/Options/RoomOptions.swift /Users/mh/orca/workspaces/sonar-live-audio/build/release/UnsignedDerivedData/SourcePackages/checkouts/client-sdk-swift/Sources/LiveKit/Types/Options/ScreenShareCaptureOptions.swift /Users/mh/orca/workspaces/sonar-live-audio/build/release/UnsignedDerivedData/SourcePackages/checkouts/client-sdk-swift/Sources/LiveKit/Types/Options/VideoCaptureOptions.swift /Users/mh/orca/workspaces/sonar-live-audio/build/release/UnsignedDerivedData/SourcePackages/checkouts/client-sdk-swift/Sources/LiveKit/Types/Options/VideoPublishOptions.swift /Users/mh/orca/workspaces/sonar-live-audio/build/release/UnsignedDerivedData/SourcePackages/checkouts/client-sdk-swift/Sources/LiveKit/Types/Participant+Types.swift /Users/mh/orca/workspaces/sonar-live-audio/build/release/UnsignedDerivedData/SourcePackages/checkouts/client-sdk-swift/Sources/LiveKit/Types/ParticipantPermissions.swift /Users/mh/orca/workspaces/sonar-live-audio/build/release/UnsignedDerivedData/SourcePackages/checkouts/client-sdk-swift/Sources/LiveKit/Types/ParticipantState.swift /Users/mh/orca/workspaces/sonar-live-audio/build/release/UnsignedDerivedData/SourcePackages/checkouts/client-sdk-swift/Sources/LiveKit/Types/ParticipantTrackPermission.swift /Users/mh/orca/workspaces/sonar-live-audio/build/release/UnsignedDerivedData/SourcePackages/checkouts/client-sdk-swift/Sources/LiveKit/Types/Priority.swift /Users/mh/orca/workspaces/sonar-live-audio/build/release/UnsignedDerivedData/SourcePackages/checkouts/client-sdk-swift/Sources/LiveKit/Types/ProtocolVersion.swift /Users/mh/orca/workspaces/sonar-live-audio/build/release/UnsignedDerivedData/SourcePackages/checkouts/client-sdk-swift/Sources/LiveKit/Types/RegionInfo.swift /Users/mh/orca/workspaces/sonar-live-audio/build/release/UnsignedDerivedData/SourcePackages/checkouts/client-sdk-swift/Sources/LiveKit/Types/Room+Types.swift /Users/mh/orca/workspaces/sonar-live-audio/build/release/UnsignedDerivedData/SourcePackages/checkouts/client-sdk-swift/Sources/LiveKit/Types/RoomConfiguration.swift /Users/mh/orca/workspaces/sonar-live-audio/build/release/UnsignedDerivedData/SourcePackages/checkouts/client-sdk-swift/Sources/LiveKit/Types/ScalabilityMode.swift /Users/mh/orca/workspaces/sonar-live-audio/build/release/UnsignedDerivedData/SourcePackages/checkouts/client-sdk-swift/Sources/LiveKit/Types/SessionDescription.swift /Users/mh/orca/workspaces/sonar-live-audio/build/release/UnsignedDerivedData/SourcePackages/checkouts/client-sdk-swift/Sources/LiveKit/Types/SpeechActivityEvent.swift /Users/mh/orca/workspaces/sonar-live-audio/build/release/UnsignedDerivedData/SourcePackages/checkouts/client-sdk-swift/Sources/LiveKit/Types/Statistics.swift /Users/mh/orca/workspaces/sonar-live-audio/build/release/UnsignedDerivedData/SourcePackages/checkouts/client-sdk-swift/Sources/LiveKit/Types/Track+Types.swift /Users/mh/orca/workspaces/sonar-live-audio/build/release/UnsignedDerivedData/SourcePackages/checkouts/client-sdk-swift/Sources/LiveKit/Types/TrackSettings.swift /Users/mh/orca/workspaces/sonar-live-audio/build/release/UnsignedDerivedData/SourcePackages/checkouts/client-sdk-swift/Sources/LiveKit/Types/TrackSource.swift /Users/mh/orca/workspaces/sonar-live-audio/build/release/UnsignedDerivedData/SourcePackages/checkouts/client-sdk-swift/Sources/LiveKit/Types/TrackStatistics.swift /Users/mh/orca/workspaces/sonar-live-audio/build/release/UnsignedDerivedData/SourcePackages/checkouts/client-sdk-swift/Sources/LiveKit/Types/TrackStreamState.swift /Users/mh/orca/workspaces/sonar-live-audio/build/release/UnsignedDerivedData/SourcePackages/checkouts/client-sdk-swift/Sources/LiveKit/Types/TrackType.swift /Users/mh/orca/workspaces/sonar-live-audio/build/release/UnsignedDerivedData/SourcePackages/checkouts/client-sdk-swift/Sources/LiveKit/Types/TranscriptionSegment.swift /Users/mh/orca/workspaces/sonar-live-audio/build/release/UnsignedDerivedData/SourcePackages/checkouts/client-sdk-swift/Sources/LiveKit/Types/VideoEncoding+Comparable.swift /Users/mh/orca/workspaces/sonar-live-audio/build/release/UnsignedDerivedData/SourcePackages/checkouts/client-sdk-swift/Sources/LiveKit/Types/VideoEncoding.swift /Users/mh/orca/workspaces/sonar-live-audio/build/release/UnsignedDerivedData/SourcePackages/checkouts/client-sdk-swift/Sources/LiveKit/Types/VideoFrame.swift /Users/mh/orca/workspaces/sonar-live-audio/build/release/UnsignedDerivedData/SourcePackages/checkouts/client-sdk-swift/Sources/LiveKit/Types/VideoParameters+Comparable.swift /Users/mh/orca/workspaces/sonar-live-audio/build/release/UnsignedDerivedData/SourcePackages/checkouts/client-sdk-swift/Sources/LiveKit/Types/VideoParameters.swift /Users/mh/orca/workspaces/sonar-live-audio/build/release/UnsignedDerivedData/SourcePackages/checkouts/client-sdk-swift/Sources/LiveKit/Types/VideoQuality.swift /Users/mh/orca/workspaces/sonar-live-audio/build/release/UnsignedDerivedData/SourcePackages/checkouts/client-sdk-swift/Sources/LiveKit/Types/VideoRotation.swift /Users/mh/orca/workspaces/sonar-live-audio/build/release/UnsignedDerivedData/SourcePackages/checkouts/client-sdk-swift/Sources/LiveKit/VideoProcessors/BackgroundBlurVideoProcessor.swift /Users/mh/orca/workspaces/sonar-live-audio/build/release/UnsignedDerivedData/SourcePackages/checkouts/client-sdk-swift/Sources/LiveKit/Views/SampleBufferVideoRenderer.swift /Users/mh/orca/workspaces/sonar-live-audio/build/release/UnsignedDerivedData/SourcePackages/checkouts/client-sdk-swift/Sources/LiveKit/Views/VideoView+MulticastDelegate.swift /Users/mh/orca/workspaces/sonar-live-audio/build/release/UnsignedDerivedData/SourcePackages/checkouts/client-sdk-swift/Sources/LiveKit/Views/VideoView+PinchToZoom.swift /Users/mh/orca/workspaces/sonar-live-audio/build/release/UnsignedDerivedData/SourcePackages/checkouts/client-sdk-swift/Sources/LiveKit/Views/VideoView.swift /Applications/Xcode.app/Contents/Developer/Toolchains/XcodeDefault.xctoolchain/usr/lib/swift/iphoneos/prebuilt-modules/26.5/CoreML.swiftmodule/arm64e-apple-ios.swiftmodule /Applications/Xcode.app/Contents/Developer/Toolchains/XcodeDefault.xctoolchain/usr/lib/swift/iphoneos/prebuilt-modules/26.5/_Builtin_float.swiftmodule/arm64e-apple-ios.swiftmodule /Applications/Xcode.app/Contents/Developer/Toolchains/XcodeDefault.xctoolchain/usr/lib/swift/iphoneos/prebuilt-modules/26.5/CoreText.swiftmodule/arm64e-apple-ios.swiftmodule /Applications/Xcode.app/Contents/Developer/Toolchains/XcodeDefault.xctoolchain/usr/lib/swift/iphoneos/prebuilt-modules/26.5/Swift.swiftmodule/arm64e-apple-ios.swiftmodule /Applications/Xcode.app/Contents/Developer/Toolchains/XcodeDefault.xctoolchain/usr/lib/swift/iphoneos/prebuilt-modules/26.5/CoreMIDI.swiftmodule/arm64e-apple-ios.swiftmodule /Applications/Xcode.app/Contents/Developer/Toolchains/XcodeDefault.xctoolchain/usr/lib/swift/iphoneos/prebuilt-modules/26.5/SwiftUICore.swiftmodule/arm64e-apple-ios.swiftmodule /Applications/Xcode.app/Contents/Developer/Toolchains/XcodeDefault.xctoolchain/usr/lib/swift/iphoneos/prebuilt-modules/26.5/CoreGraphics.swiftmodule/arm64e-apple-ios.swiftmodule /Applications/Xcode.app/Contents/Developer/Toolchains/XcodeDefault.xctoolchain/usr/lib/swift/iphoneos/prebuilt-modules/26.5/CoreAudio.swiftmodule/arm64e-apple-ios.swiftmodule /Applications/Xcode.app/Contents/Developer/Toolchains/XcodeDefault.xctoolchain/usr/lib/swift/iphoneos/prebuilt-modules/26.5/OSLog.swiftmodule/arm64e-apple-ios.swiftmodule /Applications/Xcode.app/Contents/Developer/Toolchains/XcodeDefault.xctoolchain/usr/lib/swift/iphoneos/prebuilt-modules/26.5/Spatial.swiftmodule/arm64e-apple-ios.swiftmodule /Applications/Xcode.app/Contents/Developer/Toolchains/XcodeDefault.xctoolchain/usr/lib/swift/iphoneos/prebuilt-modules/26.5/CoreTransferable.swiftmodule/arm64e-apple-ios.swiftmodule /Applications/Xcode.app/Contents/Developer/Toolchains/XcodeDefault.xctoolchain/usr/lib/swift/iphoneos/prebuilt-modules/26.5/DataDetection.swiftmodule/arm64e-apple-ios.swiftmodule /Applications/Xcode.app/Contents/Developer/Toolchains/XcodeDefault.xctoolchain/usr/lib/swift/iphoneos/prebuilt-modules/26.5/Dispatch.swiftmodule/arm64e-apple-ios.swiftmodule /Applications/Xcode.app/Contents/Developer/Toolchains/XcodeDefault.xctoolchain/usr/lib/swift/iphoneos/prebuilt-modules/26.5/CoreMedia.swiftmodule/arm64e-apple-ios.swiftmodule /Applications/Xcode.app/Contents/Developer/Toolchains/XcodeDefault.xctoolchain/usr/lib/swift/iphoneos/prebuilt-modules/26.5/MetalKit.swiftmodule/arm64e-apple-ios.swiftmodule /Applications/Xcode.app/Contents/Developer/Toolchains/XcodeDefault.xctoolchain/usr/lib/swift/iphoneos/prebuilt-modules/26.5/AVFAudio.swiftmodule/arm64e-apple-ios.swiftmodule /Applications/Xcode.app/Contents/Developer/Toolchains/XcodeDefault.xctoolchain/usr/lib/swift/iphoneos/prebuilt-modules/26.5/os.swiftmodule/arm64e-apple-ios.swiftmodule /Applications/Xcode.app/Contents/Developer/Toolchains/XcodeDefault.xctoolchain/usr/lib/swift/iphoneos/prebuilt-modules/26.5/simd.swiftmodule/arm64e-apple-ios.swiftmodule /Applications/Xcode.app/Contents/Developer/Toolchains/XcodeDefault.xctoolchain/usr/lib/swift/iphoneos/prebuilt-modules/26.5/Distributed.swiftmodule/arm64e-apple-ios.swiftmodule /Applications/Xcode.app/Contents/Developer/Toolchains/XcodeDefault.xctoolchain/usr/lib/swift/iphoneos/prebuilt-modules/26.5/Combine.swiftmodule/arm64e-apple-ios.swiftmodule /Applications/Xcode.app/Contents/Developer/Toolchains/XcodeDefault.xctoolchain/usr/lib/swift/iphoneos/prebuilt-modules/26.5/AVKit.swiftmodule/arm64e-apple-ios.swiftmodule /Applications/Xcode.app/Contents/Developer/Toolchains/XcodeDefault.xctoolchain/usr/lib/swift/iphoneos/prebuilt-modules/26.5/Foundation.swiftmodule/arm64e-apple-ios.swiftmodule /Applications/Xcode.app/Contents/Developer/Toolchains/XcodeDefault.xctoolchain/usr/lib/swift/iphoneos/prebuilt-modules/26.5/_Concurrency.swiftmodule/arm64e-apple-ios.swiftmodule /Applications/Xcode.app/Contents/Developer/Toolchains/XcodeDefault.xctoolchain/usr/lib/swift/iphoneos/prebuilt-modules/26.5/UniformTypeIdentifiers.swiftmodule/arm64e-apple-ios.swiftmodule /Applications/Xcode.app/Contents/Developer/Toolchains/XcodeDefault.xctoolchain/usr/lib/swift/iphoneos/prebuilt-modules/26.5/_StringProcessing.swiftmodule/arm64e-apple-ios.swiftmodule /Applications/Xcode.app/Contents/Developer/Toolchains/XcodeDefault.xctoolchain/usr/lib/swift/iphoneos/prebuilt-modules/26.5/FileProvider.swiftmodule/arm64e-apple-ios.swiftmodule /Applications/Xcode.app/Contents/Developer/Toolchains/XcodeDefault.xctoolchain/usr/lib/swift/iphoneos/prebuilt-modules/26.5/Accelerate.swiftmodule/arm64e-apple-ios.swiftmodule /Applications/Xcode.app/Contents/Developer/Toolchains/XcodeDefault.xctoolchain/usr/lib/swift/iphoneos/prebuilt-modules/26.5/CoreVideo.swiftmodule/arm64e-apple-ios.swiftmodule /Applications/Xcode.app/Contents/Developer/Toolchains/XcodeDefault.xctoolchain/usr/lib/swift/iphoneos/prebuilt-modules/26.5/Accessibility.swiftmodule/arm64e-apple-ios.swiftmodule /Users/mh/orca/workspaces/sonar-live-audio/build/release/UnsignedDerivedData/Build/Products/Release-iphoneos/SwiftProtobuf.swiftmodule/arm64-apple-ios.swiftmodule /Applications/Xcode.app/Contents/Developer/Toolchains/XcodeDefault.xctoolchain/usr/lib/swift/iphoneos/prebuilt-modules/26.5/AudioToolbox.swiftmodule/arm64e-apple-ios.swiftmodule /Applications/Xcode.app/Contents/Developer/Toolchains/XcodeDefault.xctoolchain/usr/lib/swift/iphoneos/prebuilt-modules/26.5/SwiftUI.swiftmodule/arm64e-apple-ios.swiftmodule /Applications/Xcode.app/Contents/Developer/Toolchains/XcodeDefault.xctoolchain/usr/lib/swift/iphoneos/prebuilt-modules/26.5/Darwin.swiftmodule/arm64e-apple-ios.swiftmodule /Applications/Xcode.app/Contents/Developer/Toolchains/XcodeDefault.xctoolchain/usr/lib/swift/iphoneos/prebuilt-modules/26.5/MediaAccessibility.swiftmodule/arm64e-apple-ios.swiftmodule /Applications/Xcode.app/Contents/Developer/Toolchains/XcodeDefault.xctoolchain/usr/lib/swift/iphoneos/prebuilt-modules/26.5/XPC.swiftmodule/arm64e-apple-ios.swiftmodule /Applications/Xcode.app/Contents/Developer/Toolchains/XcodeDefault.xctoolchain/usr/lib/swift/iphoneos/prebuilt-modules/26.5/_AVKit_SwiftUI.swiftmodule/arm64e-apple-ios.swiftmodule /Applications/Xcode.app/Contents/Developer/Toolchains/XcodeDefault.xctoolchain/usr/lib/swift/iphoneos/prebuilt-modules/26.5/ObjectiveC.swiftmodule/arm64e-apple-ios.swiftmodule /Applications/Xcode.app/Contents/Developer/Toolchains/XcodeDefault.xctoolchain/usr/lib/swift/iphoneos/prebuilt-modules/26.5/Synchronization.swiftmodule/arm64e-apple-ios.swiftmodule /Applications/Xcode.app/Contents/Developer/Toolchains/XcodeDefault.xctoolchain/usr/lib/swift/iphoneos/prebuilt-modules/26.5/TipKit.swiftmodule/arm64e-apple-ios.swiftmodule /Applications/Xcode.app/Contents/Developer/Toolchains/XcodeDefault.xctoolchain/usr/lib/swift/iphoneos/prebuilt-modules/26.5/CoreImage.swiftmodule/arm64e-apple-ios.swiftmodule /Applications/Xcode.app/Contents/Developer/Toolchains/XcodeDefault.xctoolchain/usr/lib/swift/iphoneos/prebuilt-modules/26.5/UIKit.swiftmodule/arm64e-apple-ios.swiftmodule /Applications/Xcode.app/Contents/Developer/Toolchains/XcodeDefault.xctoolchain/usr/lib/swift/iphoneos/prebuilt-modules/26.5/CoreFoundation.swiftmodule/arm64e-apple-ios.swiftmodule /Applications/Xcode.app/Contents/Developer/Toolchains/XcodeDefault.xctoolchain/usr/lib/swift/iphoneos/prebuilt-modules/26.5/Observation.swiftmodule/arm64e-apple-ios.swiftmodule /Applications/Xcode.app/Contents/Developer/Toolchains/XcodeDefault.xctoolchain/usr/lib/swift/iphoneos/prebuilt-modules/26.5/DeveloperToolsSupport.swiftmodule/arm64e-apple-ios.swiftmodule /Applications/Xcode.app/Contents/Developer/Toolchains/XcodeDefault.xctoolchain/usr/lib/swift/iphoneos/prebuilt-modules/26.5/QuartzCore.swiftmodule/arm64e-apple-ios.swiftmodule /Applications/Xcode.app/Contents/Developer/Toolchains/XcodeDefault.xctoolchain/usr/lib/swift/iphoneos/prebuilt-modules/26.5/Symbols.swiftmodule/arm64e-apple-ios.swiftmodule /Applications/Xcode.app/Contents/Developer/Toolchains/XcodeDefault.xctoolchain/usr/lib/swift/iphoneos/prebuilt-modules/26.5/Vision.swiftmodule/arm64e-apple-ios.swiftmodule /Applications/Xcode.app/Contents/Developer/Toolchains/XcodeDefault.xctoolchain/usr/lib/swift/iphoneos/prebuilt-modules/26.5/Network.swiftmodule/arm64e-apple-ios.swiftmodule /Applications/Xcode.app/Contents/Developer/Toolchains/XcodeDefault.xctoolchain/usr/lib/swift/iphoneos/prebuilt-modules/26.5/_DarwinFoundation1.swiftmodule/arm64e-apple-ios.swiftmodule /Applications/Xcode.app/Contents/Developer/Toolchains/XcodeDefault.xctoolchain/usr/lib/swift/iphoneos/prebuilt-modules/26.5/CoreData.swiftmodule/arm64e-apple-ios.swiftmodule /Applications/Xcode.app/Contents/Developer/Toolchains/XcodeDefault.xctoolchain/usr/lib/swift/iphoneos/prebuilt-modules/26.5/Metal.swiftmodule/arm64e-apple-ios.swiftmodule /Users/mh/orca/workspaces/sonar-live-audio/build/release/UnsignedDerivedData/Build/Products/Release-iphoneos/LiveKitUniFFI.swiftmodule/arm64-apple-ios.swiftmodule /Applications/Xcode.app/Contents/Developer/Toolchains/XcodeDefault.xctoolchain/usr/lib/swift/iphoneos/prebuilt-modules/26.5/_DarwinFoundation3.swiftmodule/arm64e-apple-ios.swiftmodule /Applications/Xcode.app/Contents/Developer/Toolchains/XcodeDefault.xctoolchain/usr/lib/swift/iphoneos/prebuilt-modules/26.5/AVFoundation.swiftmodule/arm64e-apple-ios.swiftmodule /Applications/Xcode.app/Contents/Developer/Toolchains/XcodeDefault.xctoolchain/usr/lib/swift/iphoneos/prebuilt-modules/26.5/System.swiftmodule/arm64e-apple-ios.swiftmodule /Applications/Xcode.app/Contents/Developer/Toolchains/XcodeDefault.xctoolchain/usr/lib/swift/iphoneos/prebuilt-modules/26.5/_DarwinFoundation2.swiftmodule/arm64e-apple-ios.swiftmodule /Applications/Xcode.app/Contents/Developer/Toolchains/XcodeDefault.xctoolchain/usr/lib/swift/iphoneos/prebuilt-modules/26.5/ModelIO.swiftmodule/arm64e-apple-ios.swiftmodule /Users/mh/orca/workspaces/sonar-live-audio/build/release/UnsignedDerivedData/ModuleCache.noindex/_Builtin_intrinsics-1P0PG9RL59Y4CLX75HG4KKH53.pcm /Users/mh/orca/workspaces/sonar-live-audio/build/release/UnsignedDerivedData/ModuleCache.noindex/_Builtin_stdbool-F325X3SUC2SVYBT33CYZYUFEP.pcm /Users/mh/orca/workspaces/sonar-live-audio/build/release/UnsignedDerivedData/ModuleCache.noindex/ReplayKit-6B3RR45F44GPUNV6VKESSE51F.pcm /Users/mh/orca/workspaces/sonar-live-audio/build/release/UnsignedDerivedData/ModuleCache.noindex/CoreImage-CL82SJDCF8OZK5L9Q35CEJJWR.pcm /Users/mh/orca/workspaces/sonar-live-audio/build/release/UnsignedDerivedData/ModuleCache.noindex/Foundation-64LPWEB0H28KYQUF049N3UQ6F.pcm /Users/mh/orca/workspaces/sonar-live-audio/build/release/UnsignedDerivedData/ModuleCache.noindex/SwiftUICore-AAQ49A5M4YTBLL38P35EXBX2N.pcm /Users/mh/orca/workspaces/sonar-live-audio/build/release/UnsignedDerivedData/ModuleCache.noindex/MediaAccessibility-324UGN9MCJMFCTCYTGZX4BERX.pcm /Users/mh/orca/workspaces/sonar-live-audio/build/release/UnsignedDerivedData/ModuleCache.noindex/CoreFoundation-7TIFRPGBIV4SXYJYQPVP6RYBG.pcm /Users/mh/orca/workspaces/sonar-live-audio/build/release/UnsignedDerivedData/ModuleCache.noindex/Dispatch-3KBOI087RW0W3228UPXWD7YJD.pcm /Users/mh/orca/workspaces/sonar-live-audio/build/release/UnsignedDerivedData/ModuleCache.noindex/os_workgroup-7LN7GZVRVF8NKGNBTPLGAHIFP.pcm /Users/mh/orca/workspaces/sonar-live-audio/build/release/UnsignedDerivedData/ModuleCache.noindex/_Builtin_stdatomic-66UJ3UOIAIVWAZO0M6WCIWQYI.pcm /Users/mh/orca/workspaces/sonar-live-audio/build/release/UnsignedDerivedData/ModuleCache.noindex/UIUtilities-9Z79U743TJD26I4O4E2GBB9Z9.pcm /Users/mh/orca/workspaces/sonar-live-audio/build/release/UnsignedDerivedData/ModuleCache.noindex/CoreAudio-APY1OQSTO5GXY9ZEDUHXYBZWO.pcm /Users/mh/orca/workspaces/sonar-live-audio/build/release/UnsignedDerivedData/ModuleCache.noindex/os_object-BKKPFYQAI1EJRIJQC087R47BJ.pcm /Users/mh/orca/workspaces/sonar-live-audio/build/release/UnsignedDerivedData/ModuleCache.noindex/Symbols-CY7FXVO6AOBX9VLJDI5H3M7XP.pcm /Users/mh/orca/workspaces/sonar-live-audio/build/release/UnsignedDerivedData/ModuleCache.noindex/CFNetwork-9ZZ6OBJWGG1NT3GQV0GFI9NKE.pcm /Users/mh/orca/workspaces/sonar-live-audio/build/release/UnsignedDerivedData/ModuleCache.noindex/ImageIO-86TEM9D9JKV0FH1M6NJBOBBAG.pcm /Users/mh/orca/workspaces/sonar-live-audio/build/release/UnsignedDerivedData/ModuleCache.noindex/XPC-ERZUJ55EUO1JZ5A0OH4UTWCF.pcm /Users/mh/orca/workspaces/sonar-live-audio/build/release/UnsignedDerivedData/ModuleCache.noindex/_DarwinFoundation3-4NIROI5RTDHXUNN83C9I57AZX.pcm /Users/mh/orca/workspaces/sonar-live-audio/build/release/UnsignedDerivedData/ModuleCache.noindex/ObjectiveC-6FRGQPV9FMLX4SYGCIY94O2ZF.pcm /Users/mh/orca/workspaces/sonar-live-audio/build/release/UnsignedDerivedData/ModuleCache.noindex/Darwin-2W3PA00YNQ7ZWKAWH90B9ZYWP.pcm /Users/mh/orca/workspaces/sonar-live-audio/build/release/UnsignedDerivedData/ModuleCache.noindex/CoreAudioTypes-8TP1WHNPYLN7DW5RS4CG06PWN.pcm /Users/mh/orca/workspaces/sonar-live-audio/build/release/UnsignedDerivedData/ModuleCache.noindex/_SwiftConcurrencyShims-11UAPQAANGA5YHKZ24YUAO823.pcm /Users/mh/orca/workspaces/sonar-live-audio/build/release/UnsignedDerivedData/ModuleCache.noindex/os-9GV09QM8942E2A6G38FIMMAHG.pcm /Users/mh/orca/workspaces/sonar-live-audio/build/release/UnsignedDerivedData/ModuleCache.noindex/ModelIO-4B7W42EN1U8U4MONY9SW8PTL2.pcm /Users/mh/orca/workspaces/sonar-live-audio/build/release/UnsignedDerivedData/ModuleCache.noindex/_Builtin_float-BQN8ZHJ3KXL77P4HQ70FW8HIZ.pcm /Users/mh/orca/workspaces/sonar-live-audio/build/release/UnsignedDerivedData/ModuleCache.noindex/OpenGLES-2QCBW53Y8WHNUWNI7PGL5487.pcm /Users/mh/orca/workspaces/sonar-live-audio/build/release/UnsignedDerivedData/ModuleCache.noindex/_Builtin_stddef-FXSYLC29RZNEH05EOL1NPBTM.pcm /Users/mh/orca/workspaces/sonar-live-audio/build/release/UnsignedDerivedData/ModuleCache.noindex/OSLog-F4DC1WJVQF2POBLSV3VS6B3LL.pcm /Users/mh/orca/workspaces/sonar-live-audio/build/release/UnsignedDerivedData/ModuleCache.noindex/UserNotifications-63G1ZOO0PZJRTMFCX4NKH3KGE.pcm /Users/mh/orca/workspaces/sonar-live-audio/build/release/UnsignedDerivedData/ModuleCache.noindex/AVKit-1XVSEVGAMGY2DVB2BWKODDMA.pcm /Users/mh/orca/workspaces/sonar-live-audio/build/release/UnsignedDerivedData/ModuleCache.noindex/sys_types-D5SXD16Y0PKFSXF7UR5STRXSB.pcm /Users/mh/orca/workspaces/sonar-live-audio/build/release/UnsignedDerivedData/ModuleCache.noindex/DeveloperToolsSupport-7MMV0OWPL8L22TZLAX657SEEV.pcm /Users/mh/orca/workspaces/sonar-live-audio/build/release/UnsignedDerivedData/ModuleCache.noindex/AVRouting-BW7GE7VW2HCSQDFHC14S08KIB.pcm /Users/mh/orca/workspaces/sonar-live-audio/build/release/UnsignedDerivedData/ModuleCache.noindex/CoreServices-C62IMYL84NJYYXU3H5R8XVJ0F.pcm /Users/mh/orca/workspaces/sonar-live-audio/build/release/UnsignedDerivedData/ModuleCache.noindex/AVFoundation-8CZS45O1KA11VYCLVN9A3K8FF.pcm /Users/mh/orca/workspaces/sonar-live-audio/build/release/UnsignedDerivedData/ModuleCache.noindex/SwiftShims-6UXPXJEFW29V32EXS1LZUA40G.pcm /Users/mh/orca/workspaces/sonar-live-audio/build/release/UnsignedDerivedData/ModuleCache.noindex/MachO-92VPOIP3UNIUSXQQRGWKHCJ9F.pcm /Users/mh/orca/workspaces/sonar-live-audio/build/release/UnsignedDerivedData/ModuleCache.noindex/AVFAudio-A4RIZJG9WIYMJMI6PYYO0667G.pcm /Users/mh/orca/workspaces/sonar-live-audio/build/release/UnsignedDerivedData/ModuleCache.noindex/FileProvider-CLVQ5I7UQ158TA3WGBR7GQ31G.pcm /Users/mh/orca/workspaces/sonar-live-audio/build/release/UnsignedDerivedData/ModuleCache.noindex/_Builtin_stdint-F31AQRHAWWA3NO869IG8CYXZ1.pcm /Users/mh/orca/workspaces/sonar-live-audio/build/release/UnsignedDerivedData/Build/Intermediates.noindex/SwiftExplicitPrecompiledModules/LiveKitWebRTC-4SC46MXCBGQ36ZLHRUQWKQL2L.pcm /Users/mh/orca/workspaces/sonar-live-audio/build/release/UnsignedDerivedData/ModuleCache.noindex/Accessibility-AJLI8VGBFWF7LPKT8FZLM1CFF.pcm /Users/mh/orca/workspaces/sonar-live-audio/build/release/UnsignedDerivedData/ModuleCache.noindex/MediaToolbox-E37BRDZQUVWUYFYU9AM4WMAUC.pcm /Users/mh/orca/workspaces/sonar-live-audio/build/release/UnsignedDerivedData/ModuleCache.noindex/dnssd-3YC0FWZT5Z48AAZD8R6XKNTHK.pcm /Users/mh/orca/workspaces/sonar-live-audio/build/release/UnsignedDerivedData/ModuleCache.noindex/AudioToolbox-BWZKJS47DXILGPZYC9UFZ4M0V.pcm /Users/mh/orca/workspaces/sonar-live-audio/build/release/UnsignedDerivedData/ModuleCache.noindex/simd-3BLXUQIVVG07CMPNUAJBQVZZ2.pcm /Users/mh/orca/workspaces/sonar-live-audio/build/release/UnsignedDerivedData/ModuleCache.noindex/Network-61YLGGENSL7F5NYU74T6BNV6P.pcm /Users/mh/orca/workspaces/sonar-live-audio/build/release/UnsignedDerivedData/ModuleCache.noindex/ptrauth-DYG9RVM2HUQUWWFOBKKOVSVFS.pcm /Users/mh/orca/workspaces/sonar-live-audio/build/release/UnsignedDerivedData/ModuleCache.noindex/CoreMedia-8EWHUG3OH8Y1SN87TSJ85NJ87.pcm /Users/mh/orca/workspaces/sonar-live-audio/build/release/UnsignedDerivedData/Build/Intermediates.noindex/SwiftExplicitPrecompiledModules/RustLiveKitUniFFI-8HQMSUHZE6LHQYPMGPF3KI9Y5.pcm /Users/mh/orca/workspaces/sonar-live-audio/build/release/UnsignedDerivedData/ModuleCache.noindex/CoreData-A2ZTMRCLFIXF1WPN9ZFQW472P.pcm /Users/mh/orca/workspaces/sonar-live-audio/build/release/UnsignedDerivedData/ModuleCache.noindex/SwiftUI-9IPJHCIC8H66K5P7FLBETMAX5.pcm /Users/mh/orca/workspaces/sonar-live-audio/build/release/UnsignedDerivedData/ModuleCache.noindex/_Builtin_stdarg-2CDIYHPRFI3OM48MKIGF8UJLP.pcm /Users/mh/orca/workspaces/sonar-live-audio/build/release/UnsignedDerivedData/ModuleCache.noindex/_AvailabilityInternal-1F0V8WZ9K4QZ7Z31MMYGN3YJ2.pcm /Users/mh/orca/workspaces/sonar-live-audio/build/release/UnsignedDerivedData/ModuleCache.noindex/_DarwinFoundation2-6C34IGAFGME18GYKGM5FSRS7C.pcm /Users/mh/orca/workspaces/sonar-live-audio/build/release/UnsignedDerivedData/ModuleCache.noindex/AudioUnit-2TCH6IC7R8KGZVJ5IHS5YUGJI.pcm /Users/mh/orca/workspaces/sonar-live-audio/build/release/UnsignedDerivedData/ModuleCache.noindex/Metal-5HFDDFW84J3U8A9Y1CA9A0UN.pcm /Users/mh/orca/workspaces/sonar-live-audio/build/release/UnsignedDerivedData/ModuleCache.noindex/_Builtin_inttypes-8FYND4IJRYEFAFR9XQGRUBZ3G.pcm /Users/mh/orca/workspaces/sonar-live-audio/build/release/UnsignedDerivedData/ModuleCache.noindex/_Builtin_limits-9K0B399CADU9D4K9EFT0D9VZZ.pcm /Users/mh/orca/workspaces/sonar-live-audio/build/release/UnsignedDerivedData/ModuleCache.noindex/UniformTypeIdentifiers-7RSI5V22VISOVI9RQ6XR0L1L0.pcm /Users/mh/orca/workspaces/sonar-live-audio/build/release/UnsignedDerivedData/ModuleCache.noindex/Accelerate-XKXS28EIKW5QMPS8KD1M5H5V.pcm /Users/mh/orca/workspaces/sonar-live-audio/build/release/UnsignedDerivedData/ModuleCache.noindex/_Builtin_tgmath-2M81MDVCSGL75PMB701OS6BG5.pcm /Users/mh/orca/workspaces/sonar-live-audio/build/release/UnsignedDerivedData/ModuleCache.noindex/CoreMIDI-1ZF5S4NUC16V737Q3N4Q8O7RN.pcm /Users/mh/orca/workspaces/sonar-live-audio/build/release/UnsignedDerivedData/ModuleCache.noindex/_DarwinFoundation1-2OZT8TC8Q6Q2DJX6B7EGQK1K6.pcm /Users/mh/orca/workspaces/sonar-live-audio/build/release/UnsignedDerivedData/ModuleCache.noindex/CoreGraphics-CA989HXCCOJZH42V29CBZMASG.pcm /Users/mh/orca/workspaces/sonar-live-audio/build/release/UnsignedDerivedData/ModuleCache.noindex/UIKit-E9X1HTB7F4G2640K162DXZKTQ.pcm /Users/mh/orca/workspaces/sonar-live-audio/build/release/UnsignedDerivedData/ModuleCache.noindex/CoreVideo-6K0NQU9UOTVWO8AY79OQOAY7X.pcm /Users/mh/orca/workspaces/sonar-live-audio/build/release/UnsignedDerivedData/ModuleCache.noindex/QuartzCore-2XRDR5UHT1ZX2998IPTFH3F67.pcm /Users/mh/orca/workspaces/sonar-live-audio/build/release/UnsignedDerivedData/ModuleCache.noindex/CoreText-9BAYVTKMRGAKH56QANXJ72W7W.pcm /Users/mh/orca/workspaces/sonar-live-audio/build/release/UnsignedDerivedData/ModuleCache.noindex/Spatial-97FGP3BYAZVF10Z8KCVDCYDD2.pcm /Users/mh/orca/workspaces/sonar-live-audio/build/release/UnsignedDerivedData/ModuleCache.noindex/CoreML-3QRD4QVQDF2RVC2Y775N23O4I.pcm /Users/mh/orca/workspaces/sonar-live-audio/build/release/UnsignedDerivedData/Build/Intermediates.noindex/SwiftExplicitPrecompiledModules/LKObjCHelpers-1CFP2WX4NVG2PXQG7LEAAKSB2.pcm /Users/mh/orca/workspaces/sonar-live-audio/build/release/UnsignedDerivedData/ModuleCache.noindex/ptrcheck-CHZKETGK29RHVIG3L9SHAGSYN.pcm /Users/mh/orca/workspaces/sonar-live-audio/build/release/UnsignedDerivedData/ModuleCache.noindex/Security-2B60Z9JBLD96HCW1UXI7542LJ.pcm /Users/mh/orca/workspaces/sonar-live-audio/build/release/UnsignedDerivedData/ModuleCache.noindex/Vision-C1YYGU7IIW1GPMUNYZWPB98DH.pcm /Users/mh/orca/workspaces/sonar-live-audio/build/release/UnsignedDerivedData/ModuleCache.noindex/CoreTransferable-8X148D8MYMDV5X8E5TADHLP8J.pcm /Users/mh/orca/workspaces/sonar-live-audio/build/release/UnsignedDerivedData/ModuleCache.noindex/IOSurface-JT63G93N9QS40OGBPUMNYB13.pcm /Users/mh/orca/workspaces/sonar-live-audio/build/release/UnsignedDerivedData/ModuleCache.noindex/DataDetection-3PEJOLSENQ6WM48YORX6X3PLS.pcm /Users/mh/orca/workspaces/sonar-live-audio/build/release/UnsignedDerivedData/ModuleCache.noindex/MetalKit-3RZ8F02MN8D23OPAJ1OCWH63D.pcm /Users/mh/orca/workspaces/sonar-live-audio/build/release/UnsignedDerivedData/Build/Intermediates.noindex/LiveKit.build/Release-iphoneos/LiveKit.build/Objects-normal/arm64/LiveKit-dependencies-1.json (in target 'LiveKit' from project 'LiveKit')
CompileSwift normal arm64 (in target 'LiveKit' from project 'LiveKit')
    cd /Users/mh/orca/workspaces/sonar-live-audio/Sonar.xcodeproj
    

SwiftCompile normal arm64 Compiling\ ArgmaxCoreError.swift,\ ConcurrencyUtilities.swift,\ FloatType.swift,\ FoundationExtensions.swift,\ Logging.swift,\ MLModelExtensions.swift,\ MLModelLoading.swift,\ MLMultiArrayExtensions.swift,\ MLTensorExtensions.swift,\ ModelDownloader.swift,\ ModelManager.swift,\ ModelState.swift,\ ModelUtilities.swift /Users/mh/orca/workspaces/sonar-live-audio/build/release/UnsignedDerivedData/SourcePackages/checkouts/argmax-oss-swift/Sources/ArgmaxCore/ArgmaxCoreError.swift /Users/mh/orca/workspaces/sonar-live-audio/build/release/UnsignedDerivedData/SourcePackages/checkouts/argmax-oss-swift/Sources/ArgmaxCore/ConcurrencyUtilities.swift /Users/mh/orca/workspaces/sonar-live-audio/build/release/UnsignedDerivedData/SourcePackages/checkouts/argmax-oss-swift/Sources/ArgmaxCore/FloatType.swift /Users/mh/orca/workspaces/sonar-live-audio/build/release/UnsignedDerivedData/SourcePackages/checkouts/argmax-oss-swift/Sources/ArgmaxCore/FoundationExtensions.swift /Users/mh/orca/workspaces/sonar-live-audio/build/release/UnsignedDerivedData/SourcePackages/checkouts/argmax-oss-swift/Sources/ArgmaxCore/Logging.swift /Users/mh/orca/workspaces/sonar-live-audio/build/release/UnsignedDerivedData/SourcePackages/checkouts/argmax-oss-swift/Sources/ArgmaxCore/MLModelExtensions.swift /Users/mh/orca/workspaces/sonar-live-audio/build/release/UnsignedDerivedData/SourcePackages/checkouts/argmax-oss-swift/Sources/ArgmaxCore/MLModelLoading.swift /Users/mh/orca/workspaces/sonar-live-audio/build/release/UnsignedDerivedData/SourcePackages/checkouts/argmax-oss-swift/Sources/ArgmaxCore/MLMultiArrayExtensions.swift /Users/mh/orca/workspaces/sonar-live-audio/build/release/UnsignedDerivedData/SourcePackages/checkouts/argmax-oss-swift/Sources/ArgmaxCore/MLTensorExtensions.swift /Users/mh/orca/workspaces/sonar-live-audio/build/release/UnsignedDerivedData/SourcePackages/checkouts/argmax-oss-swift/Sources/ArgmaxCore/ModelDownloader.swift /Users/mh/orca/workspaces/sonar-live-audio/build/release/UnsignedDerivedData/SourcePackages/checkouts/argmax-oss-swift/Sources/ArgmaxCore/ModelManager.swift /Users/mh/orca/workspaces/sonar-live-audio/build/release/UnsignedDerivedData/SourcePackages/checkouts/argmax-oss-swift/Sources/ArgmaxCore/ModelState.swift /Users/mh/orca/workspaces/sonar-live-audio/build/release/UnsignedDerivedData/SourcePackages/checkouts/argmax-oss-swift/Sources/ArgmaxCore/ModelUtilities.swift /Users/mh/orca/workspaces/sonar-live-audio/build/release/UnsignedDerivedData/Build/Products/Release-iphoneos/Jinja.swiftmodule/arm64-apple-ios.swiftmodule /Applications/Xcode.app/Contents/Developer/Toolchains/XcodeDefault.xctoolchain/usr/lib/swift/iphoneos/prebuilt-modules/26.5/_DarwinFoundation2.swiftmodule/arm64e-apple-ios.swiftmodule /Users/mh/orca/workspaces/sonar-live-audio/build/release/UnsignedDerivedData/Build/Products/Release-iphoneos/Hub.swiftmodule/arm64-apple-ios.swiftmodule /Applications/Xcode.app/Contents/Developer/Toolchains/XcodeDefault.xctoolchain/usr/lib/swift/iphoneos/prebuilt-modules/26.5/OSLog.swiftmodule/arm64e-apple-ios.swiftmodule /Applications/Xcode.app/Contents/Developer/Toolchains/XcodeDefault.xctoolchain/usr/lib/swift/iphoneos/prebuilt-modules/26.5/simd.swiftmodule/arm64e-apple-ios.swiftmodule /Applications/Xcode.app/Contents/Developer/Toolchains/XcodeDefault.xctoolchain/usr/lib/swift/iphoneos/prebuilt-modules/26.5/Distributed.swiftmodule/arm64e-apple-ios.swiftmodule /Applications/Xcode.app/Contents/Developer/Toolchains/XcodeDefault.xctoolchain/usr/lib/swift/iphoneos/prebuilt-modules/26.5/_DarwinFoundation3.swiftmodule/arm64e-apple-ios.swiftmodule /Applications/Xcode.app/Contents/Developer/Toolchains/XcodeDefault.xctoolchain/usr/lib/swift/iphoneos/prebuilt-modules/26.5/Observation.swiftmodule/arm64e-apple-ios.swiftmodule /Applications/Xcode.app/Contents/Developer/Toolchains/XcodeDefault.xctoolchain/usr/lib/swift/iphoneos/prebuilt-modules/26.5/System.swiftmodule/arm64e-apple-ios.swiftmodule /Applications/Xcode.app/Contents/Developer/Toolchains/XcodeDefault.xctoolchain/usr/lib/swift/iphoneos/prebuilt-modules/26.5/Dispatch.swiftmodule/arm64e-apple-ios.swiftmodule /Applications/Xcode.app/Contents/Developer/Toolchains/XcodeDefault.xctoolchain/usr/lib/swift/iphoneos/prebuilt-modules/26.5/Network.swiftmodule/arm64e-apple-ios.swiftmodule /Users/mh/orca/workspaces/sonar-live-audio/build/release/UnsignedDerivedData/Build/Products/Release-iphoneos/OrderedCollections.swiftmodule/arm64-apple-ios.swiftmodule /Applications/Xcode.app/Contents/Developer/Toolchains/XcodeDefault.xctoolchain/usr/lib/swift/iphoneos/prebuilt-modules/26.5/Metal.swiftmodule/arm64e-apple-ios.swiftmodule /Applications/Xcode.app/Contents/Developer/Toolchains/XcodeDefault.xctoolchain/usr/lib/swift/iphoneos/prebuilt-modules/26.5/CoreFoundation.swiftmodule/arm64e-apple-ios.swiftmodule /Users/mh/orca/workspaces/sonar-live-audio/build/release/UnsignedDerivedData/Build/Products/Release-iphoneos/InternalCollectionsUtilities.swiftmodule/arm64-apple-ios.swiftmodule /Applications/Xcode.app/Contents/Developer/Toolchains/XcodeDefault.xctoolchain/usr/lib/swift/iphoneos/prebuilt-modules/26.5/CoreVideo.swiftmodule/arm64e-apple-ios.swiftmodule /Applications/Xcode.app/Contents/Developer/Toolchains/XcodeDefault.xctoolchain/usr/lib/swift/iphoneos/prebuilt-modules/26.5/Accelerate.swiftmodule/arm64e-apple-ios.swiftmodule /Applications/Xcode.app/Contents/Developer/Toolchains/XcodeDefault.xctoolchain/usr/lib/swift/iphoneos/prebuilt-modules/26.5/Foundation.swiftmodule/arm64e-apple-ios.swiftmodule /Applications/Xcode.app/Contents/Developer/Toolchains/XcodeDefault.xctoolchain/usr/lib/swift/iphoneos/prebuilt-modules/26.5/CryptoKit.swiftmodule/arm64e-apple-ios.swiftmodule /Applications/Xcode.app/Contents/Developer/Toolchains/XcodeDefault.xctoolchain/usr/lib/swift/iphoneos/prebuilt-modules/26.5/XPC.swiftmodule/arm64e-apple-ios.swiftmodule /Applications/Xcode.app/Contents/Developer/Toolchains/XcodeDefault.xctoolchain/usr/lib/swift/iphoneos/prebuilt-modules/26.5/_StringProcessing.swiftmodule/arm64e-apple-ios.swiftmodule /Applications/Xcode.app/Contents/Developer/Toolchains/XcodeDefault.xctoolchain/usr/lib/swift/iphoneos/prebuilt-modules/26.5/Combine.swiftmodule/arm64e-apple-ios.swiftmodule /Applications/Xcode.app/Contents/Developer/Toolchains/XcodeDefault.xctoolchain/usr/lib/swift/iphoneos/prebuilt-modules/26.5/_Builtin_float.swiftmodule/arm64e-apple-ios.swiftmodule /Applications/Xcode.app/Contents/Developer/Toolchains/XcodeDefault.xctoolchain/usr/lib/swift/iphoneos/prebuilt-modules/26.5/Swift.swiftmodule/arm64e-apple-ios.swiftmodule /Applications/Xcode.app/Contents/Developer/Toolchains/XcodeDefault.xctoolchain/usr/lib/swift/iphoneos/prebuilt-modules/26.5/CoreML.swiftmodule/arm64e-apple-ios.swiftmodule /Applications/Xcode.app/Contents/Developer/Toolchains/XcodeDefault.xctoolchain/usr/lib/swift/iphoneos/prebuilt-modules/26.5/os.swiftmodule/arm64e-apple-ios.swiftmodule /Applications/Xcode.app/Contents/Developer/Toolchains/XcodeDefault.xctoolchain/usr/lib/swift/iphoneos/prebuilt-modules/26.5/CoreGraphics.swiftmodule/arm64e-apple-ios.swiftmodule /Applications/Xcode.app/Contents/Developer/Toolchains/XcodeDefault.xctoolchain/usr/lib/swift/iphoneos/prebuilt-modules/26.5/LocalAuthentication.swiftmodule/arm64e-apple-ios.swiftmodule /Applications/Xcode.app/Contents/Developer/Toolchains/XcodeDefault.xctoolchain/usr/lib/swift/iphoneos/prebuilt-modules/26.5/Darwin.swiftmodule/arm64e-apple-ios.swiftmodule /Applications/Xcode.app/Contents/Developer/Toolchains/XcodeDefault.xctoolchain/usr/lib/swift/iphoneos/prebuilt-modules/26.5/ObjectiveC.swiftmodule/arm64e-apple-ios.swiftmodule /Users/mh/orca/workspaces/sonar-live-audio/build/release/UnsignedDerivedData/Build/Products/Release-iphoneos/Crypto.swiftmodule/arm64-apple-ios.swiftmodule /Applications/Xcode.app/Contents/Developer/Toolchains/XcodeDefault.xctoolchain/usr/lib/swift/iphoneos/prebuilt-modules/26.5/_Concurrency.swiftmodule/arm64e-apple-ios.swiftmodule /Applications/Xcode.app/Contents/Developer/Toolchains/XcodeDefault.xctoolchain/usr/lib/swift/iphoneos/prebuilt-modules/26.5/_DarwinFoundation1.swiftmodule/arm64e-apple-ios.swiftmodule /Applications/Xcode.app/Contents/Developer/Toolchains/XcodeDefault.xctoolchain/usr/lib/swift/iphoneos/prebuilt-modules/26.5/Synchronization.swiftmodule/arm64e-apple-ios.swiftmodule /Users/mh/orca/workspaces/sonar-live-audio/build/release/UnsignedDerivedData/ModuleCache.noindex/_DarwinFoundation1-3JZHIYDFUDNL8QGFUKJHJ0ZV.pcm /Users/mh/orca/workspaces/sonar-live-audio/build/release/UnsignedDerivedData/ModuleCache.noindex/ImageIO-7N52LI4IC4OIU0KZEPQB9OJ3M.pcm /Users/mh/orca/workspaces/sonar-live-audio/build/release/UnsignedDerivedData/ModuleCache.noindex/ptrcheck-A3OZRMAKOO8LEVDIFKG8X5TEK.pcm /Users/mh/orca/workspaces/sonar-live-audio/build/release/UnsignedDerivedData/ModuleCache.noindex/CoreVideo-55FDH53OJDH34NP6SCIHD37HU.pcm /Users/mh/orca/workspaces/sonar-live-audio/build/release/UnsignedDerivedData/ModuleCache.noindex/sys_types-BU93AU76608V2QSR2IV73G1NL.pcm /Users/mh/orca/workspaces/sonar-live-audio/build/release/UnsignedDerivedData/ModuleCache.noindex/_Builtin_stdarg-EOR2B2JZW9HHDEQS4XINQVGHH.pcm /Users/mh/orca/workspaces/sonar-live-audio/build/release/UnsignedDerivedData/ModuleCache.noindex/ObjectiveC-3C293U2OU6ABMWW6CWYQ6576E.pcm /Users/mh/orca/workspaces/sonar-live-audio/build/release/UnsignedDerivedData/ModuleCache.noindex/simd-D6QA6SS9HC7WEWD0KMOZV0025.pcm /Users/mh/orca/workspaces/sonar-live-audio/build/release/UnsignedDerivedData/ModuleCache.noindex/os_workgroup-BBER7V0N1DFW4VDUUFKONC35X.pcm /Users/mh/orca/workspaces/sonar-live-audio/build/release/UnsignedDerivedData/ModuleCache.noindex/OpenGLES-6TAHXW7X7DT1LCN4YB5Z54C6Q.pcm /Users/mh/orca/workspaces/sonar-live-audio/build/release/UnsignedDerivedData/ModuleCache.noindex/_Builtin_stdatomic-DWLG0TSJSOZDF7AROEWBKK1RC.pcm /Users/mh/orca/workspaces/sonar-live-audio/build/release/UnsignedDerivedData/ModuleCache.noindex/MachO-A23YYRUEZETEIJLJCDWGJC5TU.pcm /Users/mh/orca/workspaces/sonar-live-audio/build/release/UnsignedDerivedData/ModuleCache.noindex/_Builtin_stdint-AM83YWY2DK3BOMI4751MOGQJD.pcm /Users/mh/orca/workspaces/sonar-live-audio/build/release/UnsignedDerivedData/ModuleCache.noindex/_Builtin_intrinsics-8UO184M3MI29NBNY0E6TOHVY4.pcm /Users/mh/orca/workspaces/sonar-live-audio/build/release/UnsignedDerivedData/ModuleCache.noindex/_Builtin_inttypes-6S8F8IHP3XON1A8RI9T67SMAI.pcm /Users/mh/orca/workspaces/sonar-live-audio/build/release/UnsignedDerivedData/ModuleCache.noindex/_Builtin_stddef-5TYUNMYA9LUZI23SCHJ89C66U.pcm /Users/mh/orca/workspaces/sonar-live-audio/build/release/UnsignedDerivedData/ModuleCache.noindex/_Builtin_tgmath-9PZPT4TOFEFE8Z7FEAK5515Y1.pcm /Users/mh/orca/workspaces/sonar-live-audio/build/release/UnsignedDerivedData/ModuleCache.noindex/_AvailabilityInternal-9Q8IA1U1GT8MAWG17R4WCZMFY.pcm /Users/mh/orca/workspaces/sonar-live-audio/build/release/UnsignedDerivedData/ModuleCache.noindex/Foundation-5B099HC0G2GL8SP7E5YH72EXC.pcm /Users/mh/orca/workspaces/sonar-live-audio/build/release/UnsignedDerivedData/ModuleCache.noindex/os_object-63ZI6FZSNOFVR5QR3CGKGF165.pcm /Users/mh/orca/workspaces/sonar-live-audio/build/release/UnsignedDerivedData/ModuleCache.noindex/_Builtin_stdbool-6PAYWKRRIHZ2AIPHOBDGJB31.pcm /Users/mh/orca/workspaces/sonar-live-audio/build/release/UnsignedDerivedData/ModuleCache.noindex/Dispatch-9DNL28EIRQE17TSDTJOMUM34V.pcm /Users/mh/orca/workspaces/sonar-live-audio/build/release/UnsignedDerivedData/ModuleCache.noindex/OSLog-DSJ8LUVNPBN2YD2QVTE4YE0Z3.pcm /Users/mh/orca/workspaces/sonar-live-audio/build/release/UnsignedDerivedData/ModuleCache.noindex/CoreML-8QW3BYBCOQOBUKT6S5ZDY77ZK.pcm /Users/mh/orca/workspaces/sonar-live-audio/build/release/UnsignedDerivedData/ModuleCache.noindex/_Builtin_float-1MDSCWQSDHU7R0TUPV35IAHNU.pcm /Users/mh/orca/workspaces/sonar-live-audio/build/release/UnsignedDerivedData/ModuleCache.noindex/Network-85E63CG8C0WRZP3H6U6YNWNUO.pcm /Users/mh/orca/workspaces/sonar-live-audio/build/release/UnsignedDerivedData/Build/Intermediates.noindex/SwiftExplicitPrecompiledModules/yyjson-9KB2RRBIJCCEKEF8B86JJRZB9.pcm /Users/mh/orca/workspaces/sonar-live-audio/build/release/UnsignedDerivedData/ModuleCache.noindex/os-EAD0JWAZVDTYJD293S327DFXM.pcm /Users/mh/orca/workspaces/sonar-live-audio/build/release/UnsignedDerivedData/ModuleCache.noindex/SwiftShims-90WM27EDY7F562CFXGAL31XHX.pcm /Users/mh/orca/workspaces/sonar-live-audio/build/release/UnsignedDerivedData/ModuleCache.noindex/_DarwinFoundation3-46IOTLTOYRK0DZOPNWQREATT2.pcm /Users/mh/orca/workspaces/sonar-live-audio/build/release/UnsignedDerivedData/ModuleCache.noindex/Metal-90QW77JQ3J25NMCKOQ1IDRMMP.pcm /Users/mh/orca/workspaces/sonar-live-audio/build/release/UnsignedDerivedData/ModuleCache.noindex/Security-9T84C26VLZZM8VS65F6G1HBX.pcm /Users/mh/orca/workspaces/sonar-live-audio/build/release/UnsignedDerivedData/ModuleCache.noindex/_Builtin_limits-DZJCFU4KW5OPS0LL2T3G57ACG.pcm /Users/mh/orca/workspaces/sonar-live-audio/build/release/UnsignedDerivedData/ModuleCache.noindex/Accelerate-6RXGD2WAY8BHD6ELUM1IMOFIS.pcm /Users/mh/orca/workspaces/sonar-live-audio/build/release/UnsignedDerivedData/ModuleCache.noindex/IOSurface-177LCRGILYF5ERGAUI94J9Q0H.pcm /Users/mh/orca/workspaces/sonar-live-audio/build/release/UnsignedDerivedData/ModuleCache.noindex/ptrauth-5IJMPSFIJGG12IT8FMU1HNV89.pcm /Users/mh/orca/workspaces/sonar-live-audio/build/release/UnsignedDerivedData/ModuleCache.noindex/LocalAuthentication-14UNH9505QKVX0YGFR24U4VSS.pcm /Users/mh/orca/workspaces/sonar-live-audio/build/release/UnsignedDerivedData/ModuleCache.noindex/XPC-5W4CRXC9J5WEMLEA5HVTQ1N9U.pcm /Users/mh/orca/workspaces/sonar-live-audio/build/release/UnsignedDerivedData/ModuleCache.noindex/dnssd-22VGI6F10GC5KMTAFQ7453X0N.pcm /Users/mh/orca/workspaces/sonar-live-audio/build/release/UnsignedDerivedData/ModuleCache.noindex/_SwiftConcurrencyShims-EW6CN1YQT43KK2G5PPHZVW0HF.pcm /Users/mh/orca/workspaces/sonar-live-audio/build/release/UnsignedDerivedData/ModuleCache.noindex/Darwin-CYRI8T0EMS4QKLQNSN9IZ5R3Q.pcm /Users/mh/orca/workspaces/sonar-live-audio/build/release/UnsignedDerivedData/ModuleCache.noindex/CFNetwork-21QYWO3BDI6SD30MQQOPUOXCS.pcm /Users/mh/orca/workspaces/sonar-live-audio/build/release/UnsignedDerivedData/ModuleCache.noindex/CoreFoundation-26MN57JT1T950NNGFNUW4GN4Z.pcm /Users/mh/orca/workspaces/sonar-live-audio/build/release/UnsignedDerivedData/ModuleCache.noindex/_DarwinFoundation2-EP6TCP3HSN1UOYDIF75R46GLT.pcm /Users/mh/orca/workspaces/sonar-live-audio/build/release/UnsignedDerivedData/ModuleCache.noindex/CoreGraphics-2ORIFOSGVMIE71VQ41Y4JSS9T.pcm /Users/mh/orca/workspaces/sonar-live-audio/build/release/UnsignedDerivedData/Build/Intermediates.noindex/whisperkit.build/Release-iphoneos/ArgmaxCore.build/Objects-normal/arm64/ArgmaxCore-dependencies-1.json (in target 'ArgmaxCore' from project 'whisperkit')

CompileSwift normal arm64 (in target 'ArgmaxCore' from project 'whisperkit')
    cd /Users/mh/orca/workspaces/sonar-live-audio/Sonar.xcodeproj
    

SwiftDriverJobDiscovery normal arm64 Compiling ArgmaxCoreError.swift, ConcurrencyUtilities.swift, FloatType.swift, FoundationExtensions.swift, Logging.swift, MLModelExtensions.swift, MLModelLoading.swift, MLMultiArrayExtensions.swift, MLTensorExtensions.swift, ModelDownloader.swift, ModelManager.swift, ModelState.swift, ModelUtilities.swift (in target 'ArgmaxCore' from project 'whisperkit')

SwiftDriver\ Compilation\ Requirements ArgmaxCore normal arm64 com.apple.xcode.tools.swift.compiler (in target 'ArgmaxCore' from project 'whisperkit')
    cd /Users/mh/orca/workspaces/sonar-live-audio/Sonar.xcodeproj
    builtin-Swift-Compilation-Requirements -- /Applications/Xcode.app/Contents/Developer/Toolchains/XcodeDefault.xctoolchain/usr/bin/swiftc -module-name ArgmaxCore -O -whole-module-optimization @/Users/mh/orca/workspaces/sonar-live-audio/build/release/UnsignedDerivedData/Build/Intermediates.noindex/whisperkit.build/Release-iphoneos/ArgmaxCore.build/Objects-normal/arm64/ArgmaxCore.SwiftFileList -DSWIFT_PACKAGE -DSWIFT_MODULE_RESOURCE_BUNDLE_UNAVAILABLE -Xcc -fmodule-map-file\=/Users/mh/orca/workspaces/sonar-live-audio/build/release/UnsignedDerivedData/Build/Intermediates.noindex/GeneratedModuleMaps-iphoneos/yyjson.modulemap -DXcode -plugin-path /Applications/Xcode.app/Contents/Developer/Toolchains/XcodeDefault.xctoolchain/usr/lib/swift/host/plugins/testing -enable-experimental-feature DebugDescriptionMacro -sdk /Applications/Xcode.app/Contents/Developer/Platforms/iPhoneOS.platform/Developer/SDKs/iPhoneOS26.5.sdk -target arm64-apple-ios16.0 -g -module-cache-path /Users/mh/orca/workspaces/sonar-live-audio/build/release/UnsignedDerivedData/ModuleCache.noindex -Xfrontend -serialize-debugging-options -suppress-warnings -swift-version 5 -I /Users/mh/orca/workspaces/sonar-live-audio/build/release/UnsignedDerivedData/Build/Products/Release-iphoneos -Isystem /Applications/Xcode.app/Contents/Developer/Platforms/iPhoneOS.platform/Developer/usr/lib -F /Users/mh/orca/workspaces/sonar-live-audio/build/release/UnsignedDerivedData/Build/Products/Release-iphoneos/PackageFrameworks -F /Users/mh/orca/workspaces/sonar-live-audio/build/release/UnsignedDerivedData/Build/Products/Release-iphoneos/PackageFrameworks -F /Users/mh/orca/workspaces/sonar-live-audio/build/release/UnsignedDerivedData/Build/Products/Release-iphoneos/PackageFrameworks -F /Users/mh/orca/workspaces/sonar-live-audio/build/release/UnsignedDerivedData/Build/Products/Release-iphoneos/PackageFrameworks -F /Users/mh/orca/workspaces/sonar-live-audio/build/release/UnsignedDerivedData/Build/Products/Release-iphoneos/PackageFrameworks -F /Users/mh/orca/workspaces/sonar-live-audio/build/release/UnsignedDerivedData/Build/Products/Release-iphoneos/PackageFrameworks -F /Users/mh/orca/workspaces/sonar-live-audio/build/release/UnsignedDerivedData/Build/Products/Release-iphoneos -F /Applications/Xcode.app/Contents/Developer/Platforms/iPhoneOS.platform/Developer/Library/Frameworks -F /Applications/Xcode.app/Contents/Developer/Platforms/iPhoneOS.platform/Developer/SDKs/iPhoneOS26.5.sdk/Developer/Library/Frameworks -c -num-threads 14 -Xcc -ivfsstatcache -Xcc /Users/mh/orca/workspaces/sonar-live-audio/build/release/UnsignedDerivedData/SDKStatCaches.noindex/iphoneos26.5-23F81a-32daed1954a7d5dd0789fcaf2a9bb78b.sdkstatcache -output-file-map /Users/mh/orca/workspaces/sonar-live-audio/build/release/UnsignedDerivedData/Build/Intermediates.noindex/whisperkit.build/Release-iphoneos/ArgmaxCore.build/Objects-normal/arm64/ArgmaxCore-OutputFileMap.json -use-frontend-parseable-output -save-temps -no-color-diagnostics -explicit-module-build -module-cache-path /Users/mh/orca/workspaces/sonar-live-audio/build/release/UnsignedDerivedData/Build/Intermediates.noindex/SwiftExplicitPrecompiledModules -clang-scanner-module-cache-path /Users/mh/orca/workspaces/sonar-live-audio/build/release/UnsignedDerivedData/ModuleCache.noindex -sdk-module-cache-path /Users/mh/orca/workspaces/sonar-live-audio/build/release/UnsignedDerivedData/ModuleCache.noindex -serialize-diagnostics -emit-dependencies -emit-module -emit-module-path /Users/mh/orca/workspaces/sonar-live-audio/build/release/UnsignedDerivedData/Build/Intermediates.noindex/whisperkit.build/Release-iphoneos/ArgmaxCore.build/Objects-normal/arm64/ArgmaxCore.swiftmodule -validate-clang-modules-once -clang-build-session-file /Users/mh/orca/workspaces/sonar-live-audio/build/release/UnsignedDerivedData/ModuleCache.noindex/Session.modulevalidation -package-name argmax_oss_swift -Xcc -I/Users/mh/orca/workspaces/sonar-live-audio/build/release/UnsignedDerivedData/Build/Intermediates.noindex/whisperkit.build/Release-iphoneos/ArgmaxCore.build/swift-overrides.hmap -emit-const-values -Xfrontend -const-gather-protocols-file -Xfrontend /Users/mh/orca/workspaces/sonar-live-audio/build/release/UnsignedDerivedData/Build/Intermediates.noindex/whisperkit.build/Release-iphoneos/ArgmaxCore.build/Objects-normal/arm64/ArgmaxCore_const_extract_protocols.json -Xcc -I/Users/mh/orca/workspaces/sonar-live-audio/build/release/UnsignedDerivedData/SourcePackages/checkouts/yyjson/src -Xcc -I/Users/mh/orca/workspaces/sonar-live-audio/build/release/UnsignedDerivedData/Build/Products/Release-iphoneos/include -Xcc -I/Users/mh/orca/workspaces/sonar-live-audio/build/release/UnsignedDerivedData/Build/Intermediates.noindex/whisperkit.build/Release-iphoneos/ArgmaxCore.build/DerivedSources-normal/arm64 -Xcc -I/Users/mh/orca/workspaces/sonar-live-audio/build/release/UnsignedDerivedData/Build/Intermediates.noindex/whisperkit.build/Release-iphoneos/ArgmaxCore.build/DerivedSources/arm64 -Xcc -I/Users/mh/orca/workspaces/sonar-live-audio/build/release/UnsignedDerivedData/Build/Intermediates.noindex/whisperkit.build/Release-iphoneos/ArgmaxCore.build/DerivedSources -Xcc -DSWIFT_PACKAGE -emit-objc-header -emit-objc-header-path /Users/mh/orca/workspaces/sonar-live-audio/build/release/UnsignedDerivedData/Build/Intermediates.noindex/whisperkit.build/Release-iphoneos/ArgmaxCore.build/Objects-normal/arm64/ArgmaxCore-Swift.h -working-directory /Users/mh/orca/workspaces/sonar-live-audio/Sonar.xcodeproj -no-emit-module-separately-wmo

SwiftMergeGeneratedHeaders /Users/mh/orca/workspaces/sonar-live-audio/build/release/UnsignedDerivedData/Build/Intermediates.noindex/GeneratedModuleMaps-iphoneos/ArgmaxCore-Swift.h /Users/mh/orca/workspaces/sonar-live-audio/build/release/UnsignedDerivedData/Build/Intermediates.noindex/whisperkit.build/Release-iphoneos/ArgmaxCore.build/Objects-normal/arm64/ArgmaxCore-Swift.h (in target 'ArgmaxCore' from project 'whisperkit')
    cd /Users/mh/orca/workspaces/sonar-live-audio/build/release/UnsignedDerivedData/SourcePackages/checkouts/argmax-oss-swift
    builtin-swiftHeaderTool -arch arm64 /Users/mh/orca/workspaces/sonar-live-audio/build/release/UnsignedDerivedData/Build/Intermediates.noindex/whisperkit.build/Release-iphoneos/ArgmaxCore.build/Objects-normal/arm64/ArgmaxCore-Swift.h -o /Users/mh/orca/workspaces/sonar-live-audio/build/release/UnsignedDerivedData/Build/Intermediates.noindex/GeneratedModuleMaps-iphoneos/ArgmaxCore-Swift.h

Copy /Users/mh/orca/workspaces/sonar-live-audio/build/release/UnsignedDerivedData/Build/Products/Release-iphoneos/ArgmaxCore.swiftmodule/arm64-apple-ios.swiftdoc /Users/mh/orca/workspaces/sonar-live-audio/build/release/UnsignedDerivedData/Build/Intermediates.noindex/whisperkit.build/Release-iphoneos/ArgmaxCore.build/Objects-normal/arm64/ArgmaxCore.swiftdoc (in target 'ArgmaxCore' from project 'whisperkit')
    cd /Users/mh/orca/workspaces/sonar-live-audio/build/release/UnsignedDerivedData/SourcePackages/checkouts/argmax-oss-swift
    builtin-copy -exclude .DS_Store -exclude CVS -exclude .svn -exclude .git -exclude .hg -strip-unsigned-binaries -strip-deterministic -strip-tool /Applications/Xcode.app/Contents/Developer/Toolchains/XcodeDefault.xctoolchain/usr/bin/strip -resolve-src-symlinks -rename /Users/mh/orca/workspaces/sonar-live-audio/build/release/UnsignedDerivedData/Build/Intermediates.noindex/whisperkit.build/Release-iphoneos/ArgmaxCore.build/Objects-normal/arm64/ArgmaxCore.swiftdoc /Users/mh/orca/workspaces/sonar-live-audio/build/release/UnsignedDerivedData/Build/Products/Release-iphoneos/ArgmaxCore.swiftmodule/arm64-apple-ios.swiftdoc

Copy /Users/mh/orca/workspaces/sonar-live-audio/build/release/UnsignedDerivedData/Build/Products/Release-iphoneos/ArgmaxCore.swiftmodule/arm64-apple-ios.swiftmodule /Users/mh/orca/workspaces/sonar-live-audio/build/release/UnsignedDerivedData/Build/Intermediates.noindex/whisperkit.build/Release-iphoneos/ArgmaxCore.build/Objects-normal/arm64/ArgmaxCore.swiftmodule (in target 'ArgmaxCore' from project 'whisperkit')
    cd /Users/mh/orca/workspaces/sonar-live-audio/build/release/UnsignedDerivedData/SourcePackages/checkouts/argmax-oss-swift
    builtin-copy -exclude .DS_Store -exclude CVS -exclude .svn -exclude .git -exclude .hg -strip-unsigned-binaries -strip-deterministic -strip-tool /Applications/Xcode.app/Contents/Developer/Toolchains/XcodeDefault.xctoolchain/usr/bin/strip -resolve-src-symlinks -rename /Users/mh/orca/workspaces/sonar-live-audio/build/release/UnsignedDerivedData/Build/Intermediates.noindex/whisperkit.build/Release-iphoneos/ArgmaxCore.build/Objects-normal/arm64/ArgmaxCore.swiftmodule /Users/mh/orca/workspaces/sonar-live-audio/build/release/UnsignedDerivedData/Build/Products/Release-iphoneos/ArgmaxCore.swiftmodule/arm64-apple-ios.swiftmodule

Copy /Users/mh/orca/workspaces/sonar-live-audio/build/release/UnsignedDerivedData/Build/Products/Release-iphoneos/ArgmaxCore.swiftmodule/arm64-apple-ios.abi.json /Users/mh/orca/workspaces/sonar-live-audio/build/release/UnsignedDerivedData/Build/Intermediates.noindex/whisperkit.build/Release-iphoneos/ArgmaxCore.build/Objects-normal/arm64/ArgmaxCore.abi.json (in target 'ArgmaxCore' from project 'whisperkit')
    cd /Users/mh/orca/workspaces/sonar-live-audio/build/release/UnsignedDerivedData/SourcePackages/checkouts/argmax-oss-swift
    builtin-copy -exclude .DS_Store -exclude CVS -exclude .svn -exclude .git -exclude .hg -strip-unsigned-binaries -strip-deterministic -strip-tool /Applications/Xcode.app/Contents/Developer/Toolchains/XcodeDefault.xctoolchain/usr/bin/strip -resolve-src-symlinks -rename /Users/mh/orca/workspaces/sonar-live-audio/build/release/UnsignedDerivedData/Build/Intermediates.noindex/whisperkit.build/Release-iphoneos/ArgmaxCore.build/Objects-normal/arm64/ArgmaxCore.abi.json /Users/mh/orca/workspaces/sonar-live-audio/build/release/UnsignedDerivedData/Build/Products/Release-iphoneos/ArgmaxCore.swiftmodule/arm64-apple-ios.abi.json

Copy /Users/mh/orca/workspaces/sonar-live-audio/build/release/UnsignedDerivedData/Build/Products/Release-iphoneos/ArgmaxCore.swiftmodule/Project/arm64-apple-ios.swiftsourceinfo /Users/mh/orca/workspaces/sonar-live-audio/build/release/UnsignedDerivedData/Build/Intermediates.noindex/whisperkit.build/Release-iphoneos/ArgmaxCore.build/Objects-normal/arm64/ArgmaxCore.swiftsourceinfo (in target 'ArgmaxCore' from project 'whisperkit')
    cd /Users/mh/orca/workspaces/sonar-live-audio/build/release/UnsignedDerivedData/SourcePackages/checkouts/argmax-oss-swift
    builtin-copy -exclude .DS_Store -exclude CVS -exclude .svn -exclude .git -exclude .hg -strip-unsigned-binaries -strip-deterministic -strip-tool /Applications/Xcode.app/Contents/Developer/Toolchains/XcodeDefault.xctoolchain/usr/bin/strip -resolve-src-symlinks -rename /Users/mh/orca/workspaces/sonar-live-audio/build/release/UnsignedDerivedData/Build/Intermediates.noindex/whisperkit.build/Release-iphoneos/ArgmaxCore.build/Objects-normal/arm64/ArgmaxCore.swiftsourceinfo /Users/mh/orca/workspaces/sonar-live-audio/build/release/UnsignedDerivedData/Build/Products/Release-iphoneos/ArgmaxCore.swiftmodule/Project/arm64-apple-ios.swiftsourceinfo

Ld /Users/mh/orca/workspaces/sonar-live-audio/build/release/UnsignedDerivedData/Build/Products/Release-iphoneos/ArgmaxCore.o normal (in target 'ArgmaxCore' from project 'whisperkit')
    cd /Users/mh/orca/workspaces/sonar-live-audio/build/release/UnsignedDerivedData/SourcePackages/checkouts/argmax-oss-swift
    /Applications/Xcode.app/Contents/Developer/Toolchains/XcodeDefault.xctoolchain/usr/bin/clang -Xlinker -reproducible -target arm64-apple-ios16.0 -r -isysroot /Applications/Xcode.app/Contents/Developer/Platforms/iPhoneOS.platform/Developer/SDKs/iPhoneOS26.5.sdk -Os -w -F/Users/mh/orca/workspaces/sonar-live-audio/build/release/UnsignedDerivedData/Build/Intermediates.noindex/EagerLinkingTBDs/Release-iphoneos -F/Users/mh/orca/workspaces/sonar-live-audio/build/release/UnsignedDerivedData/Build/Products/Release-iphoneos/PackageFrameworks -F/Users/mh/orca/workspaces/sonar-live-audio/build/release/UnsignedDerivedData/Build/Products/Release-iphoneos/PackageFrameworks -F/Users/mh/orca/workspaces/sonar-live-audio/build/release/UnsignedDerivedData/Build/Products/Release-iphoneos/PackageFrameworks -F/Users/mh/orca/workspaces/sonar-live-audio/build/release/UnsignedDerivedData/Build/Products/Release-iphoneos/PackageFrameworks -F/Users/mh/orca/workspaces/sonar-live-audio/build/release/UnsignedDerivedData/Build/Products/Release-iphoneos/PackageFrameworks -F/Users/mh/orca/workspaces/sonar-live-audio/build/release/UnsignedDerivedData/Build/Products/Release-iphoneos/PackageFrameworks -F/Users/mh/orca/workspaces/sonar-live-audio/build/release/UnsignedDerivedData/Build/Products/Release-iphoneos -iframework /Applications/Xcode.app/Contents/Developer/Platforms/iPhoneOS.platform/Developer/Library/Frameworks -iframework /Applications/Xcode.app/Contents/Developer/Platforms/iPhoneOS.platform/Developer/SDKs/iPhoneOS26.5.sdk/Developer/Library/Frameworks -filelist /Users/mh/orca/workspaces/sonar-live-audio/build/release/UnsignedDerivedData/Build/Intermediates.noindex/whisperkit.build/Release-iphoneos/ArgmaxCore.build/Objects-normal/arm64/ArgmaxCore.LinkFileList -nostdlib -Xlinker -object_path_lto -Xlinker /Users/mh/orca/workspaces/sonar-live-audio/build/release/UnsignedDerivedData/Build/Intermediates.noindex/whisperkit.build/Release-iphoneos/ArgmaxCore.build/Objects-normal/arm64/ArgmaxCore_lto.o -Xlinker -dependency_info -Xlinker /Users/mh/orca/workspaces/sonar-live-audio/build/release/UnsignedDerivedData/Build/Intermediates.noindex/whisperkit.build/Release-iphoneos/ArgmaxCore.build/Objects-normal/arm64/ArgmaxCore_dependency_info.dat -fobjc-link-runtime -L/Applications/Xcode.app/Contents/Developer/Toolchains/XcodeDefault.xctoolchain/usr/lib/swift/iphoneos -L/usr/lib/swift -Xlinker -add_ast_path -Xlinker /Users/mh/orca/workspaces/sonar-live-audio/build/release/UnsignedDerivedData/Build/Intermediates.noindex/whisperkit.build/Release-iphoneos/ArgmaxCore.build/Objects-normal/arm64/ArgmaxCore.swiftmodule @/Users/mh/orca/workspaces/sonar-live-audio/build/release/UnsignedDerivedData/Build/Intermediates.noindex/whisperkit.build/Release-iphoneos/ArgmaxCore.build/Objects-normal/arm64/ArgmaxCore-linker-args.resp -o /Users/mh/orca/workspaces/sonar-live-audio/build/release/UnsignedDerivedData/Build/Products/Release-iphoneos/ArgmaxCore.o

ExtractAppIntentsMetadata (in target 'ArgmaxCore' from project 'whisperkit')
    cd /Users/mh/orca/workspaces/sonar-live-audio/build/release/UnsignedDerivedData/SourcePackages/checkouts/argmax-oss-swift
    /Applications/Xcode.app/Contents/Developer/Toolchains/XcodeDefault.xctoolchain/usr/bin/appintentsmetadataprocessor --toolchain-dir /Applications/Xcode.app/Contents/Developer/Toolchains/XcodeDefault.xctoolchain --module-name ArgmaxCore --sdk-root /Applications/Xcode.app/Contents/Developer/Platforms/iPhoneOS.platform/Developer/SDKs/iPhoneOS26.5.sdk --xcode-version 17F113 --platform-family iOS --deployment-target 16.0 --bundle-identifier argmax-oss-swift.ArgmaxCore --output /Users/mh/orca/workspaces/sonar-live-audio/build/release/UnsignedDerivedData/Build/Products/Release-iphoneos/ArgmaxCore.appintents --target-triple arm64-apple-ios16.0 --binary-file /Users/mh/orca/workspaces/sonar-live-audio/build/release/UnsignedDerivedData/Build/Products/Release-iphoneos/ArgmaxCore.o --dependency-file /Users/mh/orca/workspaces/sonar-live-audio/build/release/UnsignedDerivedData/Build/Intermediates.noindex/whisperkit.build/Release-iphoneos/ArgmaxCore.build/Objects-normal/arm64/ArgmaxCore_dependency_info.dat --stringsdata-file /Users/mh/orca/workspaces/sonar-live-audio/build/release/UnsignedDerivedData/Build/Intermediates.noindex/whisperkit.build/Release-iphoneos/ArgmaxCore.build/Objects-normal/arm64/ExtractedAppShortcutsMetadata.stringsdata --source-file-list /Users/mh/orca/workspaces/sonar-live-audio/build/release/UnsignedDerivedData/Build/Intermediates.noindex/whisperkit.build/Release-iphoneos/ArgmaxCore.build/Objects-normal/arm64/ArgmaxCore.SwiftFileList --metadata-file-list /Users/mh/orca/workspaces/sonar-live-audio/build/release/UnsignedDerivedData/Build/Intermediates.noindex/whisperkit.build/Release-iphoneos/ArgmaxCore.build/ArgmaxCore.DependencyMetadataFileList --static-metadata-file-list /Users/mh/orca/workspaces/sonar-live-audio/build/release/UnsignedDerivedData/Build/Intermediates.noindex/whisperkit.build/Release-iphoneos/ArgmaxCore.build/ArgmaxCore.DependencyStaticMetadataFileList --swift-const-vals-list /Users/mh/orca/workspaces/sonar-live-audio/build/release/UnsignedDerivedData/Build/Intermediates.noindex/whisperkit.build/Release-iphoneos/ArgmaxCore.build/Objects-normal/arm64/ArgmaxCore.SwiftConstValuesFileList --force --compile-time-extraction --deployment-aware-processing --validate-assistant-intents --no-app-shortcuts-localization
2026-08-10 00:28:42.775 appintentsmetadataprocessor[74201:2288325] Starting appintentsmetadataprocessor export
2026-08-10 00:28:42.785 appintentsmetadataprocessor[74201:2288325] Extracted no relevant App Intents symbols, skipping writing output

RegisterExecutionPolicyException /Users/mh/orca/workspaces/sonar-live-audio/build/release/UnsignedDerivedData/Build/Products/Release-iphoneos/ArgmaxCore.o (in target 'ArgmaxCore' from project 'whisperkit')
    cd /Users/mh/orca/workspaces/sonar-live-audio/build/release/UnsignedDerivedData/SourcePackages/checkouts/argmax-oss-swift
    builtin-RegisterExecutionPolicyException /Users/mh/orca/workspaces/sonar-live-audio/build/release/UnsignedDerivedData/Build/Products/Release-iphoneos/ArgmaxCore.o

SwiftDriverJobDiscovery normal arm64 Compiling BPETokenizer.swift, BertTokenizer.swift, ByteEncoder.swift, Decoder.swift, Normalizer.swift, PostProcessor.swift, PreTokenizer.swift, String+PreTokenization.swift, TokenLattice.swift, Tokenizer.swift, Trie.swift, UnigramTokenizer.swift (in target 'Tokenizers' from project 'swift-transformers')

SwiftDriver\ Compilation\ Requirements Tokenizers normal arm64 com.apple.xcode.tools.swift.compiler (in target 'Tokenizers' from project 'swift-transformers')
    cd /Users/mh/orca/workspaces/sonar-live-audio/Sonar.xcodeproj
    builtin-Swift-Compilation-Requirements -- /Applications/Xcode.app/Contents/Developer/Toolchains/XcodeDefault.xctoolchain/usr/bin/swiftc -module-name Tokenizers -O -whole-module-optimization @/Users/mh/orca/workspaces/sonar-live-audio/build/release/UnsignedDerivedData/Build/Intermediates.noindex/swift-transformers.build/Release-iphoneos/Tokenizers.build/Objects-normal/arm64/Tokenizers.SwiftFileList -DSWIFT_PACKAGE -DSWIFT_MODULE_RESOURCE_BUNDLE_UNAVAILABLE -Xcc -fmodule-map-file\=/Users/mh/orca/workspaces/sonar-live-audio/build/release/UnsignedDerivedData/Build/Intermediates.noindex/GeneratedModuleMaps-iphoneos/yyjson.modulemap -DXcode -plugin-path /Applications/Xcode.app/Contents/Developer/Toolchains/XcodeDefault.xctoolchain/usr/lib/swift/host/plugins/testing -enable-experimental-feature DebugDescriptionMacro -sdk /Applications/Xcode.app/Contents/Developer/Platforms/iPhoneOS.platform/Developer/SDKs/iPhoneOS26.5.sdk -target arm64-apple-ios16.0 -g -module-cache-path /Users/mh/orca/workspaces/sonar-live-audio/build/release/UnsignedDerivedData/ModuleCache.noindex -Xfrontend -serialize-debugging-options -suppress-warnings -swift-version 5 -I /Users/mh/orca/workspaces/sonar-live-audio/build/release/UnsignedDerivedData/Build/Products/Release-iphoneos -Isystem /Applications/Xcode.app/Contents/Developer/Platforms/iPhoneOS.platform/Developer/usr/lib -F /Users/mh/orca/workspaces/sonar-live-audio/build/release/UnsignedDerivedData/Build/Products/Release-iphoneos/PackageFrameworks -F /Users/mh/orca/workspaces/sonar-live-audio/build/release/UnsignedDerivedData/Build/Products/Release-iphoneos/PackageFrameworks -F /Users/mh/orca/workspaces/sonar-live-audio/build/release/UnsignedDerivedData/Build/Products/Release-iphoneos/PackageFrameworks -F /Users/mh/orca/workspaces/sonar-live-audio/build/release/UnsignedDerivedData/Build/Products/Release-iphoneos/PackageFrameworks -F /Users/mh/orca/workspaces/sonar-live-audio/build/release/UnsignedDerivedData/Build/Products/Release-iphoneos/PackageFrameworks -F /Users/mh/orca/workspaces/sonar-live-audio/build/release/UnsignedDerivedData/Build/Products/Release-iphoneos/PackageFrameworks -F /Users/mh/orca/workspaces/sonar-live-audio/build/release/UnsignedDerivedData/Build/Products/Release-iphoneos -F /Applications/Xcode.app/Contents/Developer/Platforms/iPhoneOS.platform/Developer/Library/Frameworks -F /Applications/Xcode.app/Contents/Developer/Platforms/iPhoneOS.platform/Developer/SDKs/iPhoneOS26.5.sdk/Developer/Library/Frameworks -c -num-threads 14 -Xcc -ivfsstatcache -Xcc /Users/mh/orca/workspaces/sonar-live-audio/build/release/UnsignedDerivedData/SDKStatCaches.noindex/iphoneos26.5-23F81a-32daed1954a7d5dd0789fcaf2a9bb78b.sdkstatcache -output-file-map /Users/mh/orca/workspaces/sonar-live-audio/build/release/UnsignedDerivedData/Build/Intermediates.noindex/swift-transformers.build/Release-iphoneos/Tokenizers.build/Objects-normal/arm64/Tokenizers-OutputFileMap.json -use-frontend-parseable-output -save-temps -no-color-diagnostics -explicit-module-build -module-cache-path /Users/mh/orca/workspaces/sonar-live-audio/build/release/UnsignedDerivedData/Build/Intermediates.noindex/SwiftExplicitPrecompiledModules -clang-scanner-module-cache-path /Users/mh/orca/workspaces/sonar-live-audio/build/release/UnsignedDerivedData/ModuleCache.noindex -sdk-module-cache-path /Users/mh/orca/workspaces/sonar-live-audio/build/release/UnsignedDerivedData/ModuleCache.noindex -serialize-diagnostics -emit-dependencies -emit-module -emit-module-path /Users/mh/orca/workspaces/sonar-live-audio/build/release/UnsignedDerivedData/Build/Intermediates.noindex/swift-transformers.build/Release-iphoneos/Tokenizers.build/Objects-normal/arm64/Tokenizers.swiftmodule -validate-clang-modules-once -clang-build-session-file /Users/mh/orca/workspaces/sonar-live-audio/build/release/UnsignedDerivedData/ModuleCache.noindex/Session.modulevalidation -package-name swift_transformers -Xcc -I/Users/mh/orca/workspaces/sonar-live-audio/build/release/UnsignedDerivedData/Build/Intermediates.noindex/swift-transformers.build/Release-iphoneos/Tokenizers.build/swift-overrides.hmap -emit-const-values -Xfrontend -const-gather-protocols-file -Xfrontend /Users/mh/orca/workspaces/sonar-live-audio/build/release/UnsignedDerivedData/Build/Intermediates.noindex/swift-transformers.build/Release-iphoneos/Tokenizers.build/Objects-normal/arm64/Tokenizers_const_extract_protocols.json -Xcc -I/Users/mh/orca/workspaces/sonar-live-audio/build/release/UnsignedDerivedData/SourcePackages/checkouts/yyjson/src -Xcc -I/Users/mh/orca/workspaces/sonar-live-audio/build/release/UnsignedDerivedData/Build/Products/Release-iphoneos/include -Xcc -I/Users/mh/orca/workspaces/sonar-live-audio/build/release/UnsignedDerivedData/Build/Intermediates.noindex/swift-transformers.build/Release-iphoneos/Tokenizers.build/DerivedSources-normal/arm64 -Xcc -I/Users/mh/orca/workspaces/sonar-live-audio/build/release/UnsignedDerivedData/Build/Intermediates.noindex/swift-transformers.build/Release-iphoneos/Tokenizers.build/DerivedSources/arm64 -Xcc -I/Users/mh/orca/workspaces/sonar-live-audio/build/release/UnsignedDerivedData/Build/Intermediates.noindex/swift-transformers.build/Release-iphoneos/Tokenizers.build/DerivedSources -Xcc -DSWIFT_PACKAGE -emit-objc-header -emit-objc-header-path /Users/mh/orca/workspaces/sonar-live-audio/build/release/UnsignedDerivedData/Build/Intermediates.noindex/swift-transformers.build/Release-iphoneos/Tokenizers.build/Objects-normal/arm64/Tokenizers-Swift.h -working-directory /Users/mh/orca/workspaces/sonar-live-audio/Sonar.xcodeproj -no-emit-module-separately-wmo

SwiftMergeGeneratedHeaders /Users/mh/orca/workspaces/sonar-live-audio/build/release/UnsignedDerivedData/Build/Intermediates.noindex/GeneratedModuleMaps-iphoneos/Tokenizers-Swift.h /Users/mh/orca/workspaces/sonar-live-audio/build/release/UnsignedDerivedData/Build/Intermediates.noindex/swift-transformers.build/Release-iphoneos/Tokenizers.build/Objects-normal/arm64/Tokenizers-Swift.h (in target 'Tokenizers' from project 'swift-transformers')
    cd /Users/mh/orca/workspaces/sonar-live-audio/build/release/UnsignedDerivedData/SourcePackages/checkouts/swift-transformers
    builtin-swiftHeaderTool -arch arm64 /Users/mh/orca/workspaces/sonar-live-audio/build/release/UnsignedDerivedData/Build/Intermediates.noindex/swift-transformers.build/Release-iphoneos/Tokenizers.build/Objects-normal/arm64/Tokenizers-Swift.h -o /Users/mh/orca/workspaces/sonar-live-audio/build/release/UnsignedDerivedData/Build/Intermediates.noindex/GeneratedModuleMaps-iphoneos/Tokenizers-Swift.h

Copy /Users/mh/orca/workspaces/sonar-live-audio/build/release/UnsignedDerivedData/Build/Products/Release-iphoneos/Tokenizers.swiftmodule/arm64-apple-ios.abi.json /Users/mh/orca/workspaces/sonar-live-audio/build/release/UnsignedDerivedData/Build/Intermediates.noindex/swift-transformers.build/Release-iphoneos/Tokenizers.build/Objects-normal/arm64/Tokenizers.abi.json (in target 'Tokenizers' from project 'swift-transformers')
    cd /Users/mh/orca/workspaces/sonar-live-audio/build/release/UnsignedDerivedData/SourcePackages/checkouts/swift-transformers
    builtin-copy -exclude .DS_Store -exclude CVS -exclude .svn -exclude .git -exclude .hg -strip-unsigned-binaries -strip-deterministic -strip-tool /Applications/Xcode.app/Contents/Developer/Toolchains/XcodeDefault.xctoolchain/usr/bin/strip -resolve-src-symlinks -rename /Users/mh/orca/workspaces/sonar-live-audio/build/release/UnsignedDerivedData/Build/Intermediates.noindex/swift-transformers.build/Release-iphoneos/Tokenizers.build/Objects-normal/arm64/Tokenizers.abi.json /Users/mh/orca/workspaces/sonar-live-audio/build/release/UnsignedDerivedData/Build/Products/Release-iphoneos/Tokenizers.swiftmodule/arm64-apple-ios.abi.json

Copy /Users/mh/orca/workspaces/sonar-live-audio/build/release/UnsignedDerivedData/Build/Products/Release-iphoneos/Tokenizers.swiftmodule/arm64-apple-ios.swiftdoc /Users/mh/orca/workspaces/sonar-live-audio/build/release/UnsignedDerivedData/Build/Intermediates.noindex/swift-transformers.build/Release-iphoneos/Tokenizers.build/Objects-normal/arm64/Tokenizers.swiftdoc (in target 'Tokenizers' from project 'swift-transformers')
    cd /Users/mh/orca/workspaces/sonar-live-audio/build/release/UnsignedDerivedData/SourcePackages/checkouts/swift-transformers
    builtin-copy -exclude .DS_Store -exclude CVS -exclude .svn -exclude .git -exclude .hg -strip-unsigned-binaries -strip-deterministic -strip-tool /Applications/Xcode.app/Contents/Developer/Toolchains/XcodeDefault.xctoolchain/usr/bin/strip -resolve-src-symlinks -rename /Users/mh/orca/workspaces/sonar-live-audio/build/release/UnsignedDerivedData/Build/Intermediates.noindex/swift-transformers.build/Release-iphoneos/Tokenizers.build/Objects-normal/arm64/Tokenizers.swiftdoc /Users/mh/orca/workspaces/sonar-live-audio/build/release/UnsignedDerivedData/Build/Products/Release-iphoneos/Tokenizers.swiftmodule/arm64-apple-ios.swiftdoc

Copy /Users/mh/orca/workspaces/sonar-live-audio/build/release/UnsignedDerivedData/Build/Products/Release-iphoneos/Tokenizers.swiftmodule/arm64-apple-ios.swiftmodule /Users/mh/orca/workspaces/sonar-live-audio/build/release/UnsignedDerivedData/Build/Intermediates.noindex/swift-transformers.build/Release-iphoneos/Tokenizers.build/Objects-normal/arm64/Tokenizers.swiftmodule (in target 'Tokenizers' from project 'swift-transformers')
    cd /Users/mh/orca/workspaces/sonar-live-audio/build/release/UnsignedDerivedData/SourcePackages/checkouts/swift-transformers
    builtin-copy -exclude .DS_Store -exclude CVS -exclude .svn -exclude .git -exclude .hg -strip-unsigned-binaries -strip-deterministic -strip-tool /Applications/Xcode.app/Contents/Developer/Toolchains/XcodeDefault.xctoolchain/usr/bin/strip -resolve-src-symlinks -rename /Users/mh/orca/workspaces/sonar-live-audio/build/release/UnsignedDerivedData/Build/Intermediates.noindex/swift-transformers.build/Release-iphoneos/Tokenizers.build/Objects-normal/arm64/Tokenizers.swiftmodule /Users/mh/orca/workspaces/sonar-live-audio/build/release/UnsignedDerivedData/Build/Products/Release-iphoneos/Tokenizers.swiftmodule/arm64-apple-ios.swiftmodule

Copy /Users/mh/orca/workspaces/sonar-live-audio/build/release/UnsignedDerivedData/Build/Products/Release-iphoneos/Tokenizers.swiftmodule/Project/arm64-apple-ios.swiftsourceinfo /Users/mh/orca/workspaces/sonar-live-audio/build/release/UnsignedDerivedData/Build/Intermediates.noindex/swift-transformers.build/Release-iphoneos/Tokenizers.build/Objects-normal/arm64/Tokenizers.swiftsourceinfo (in target 'Tokenizers' from project 'swift-transformers')
    cd /Users/mh/orca/workspaces/sonar-live-audio/build/release/UnsignedDerivedData/SourcePackages/checkouts/swift-transformers
    builtin-copy -exclude .DS_Store -exclude CVS -exclude .svn -exclude .git -exclude .hg -strip-unsigned-binaries -strip-deterministic -strip-tool /Applications/Xcode.app/Contents/Developer/Toolchains/XcodeDefault.xctoolchain/usr/bin/strip -resolve-src-symlinks -rename /Users/mh/orca/workspaces/sonar-live-audio/build/release/UnsignedDerivedData/Build/Intermediates.noindex/swift-transformers.build/Release-iphoneos/Tokenizers.build/Objects-normal/arm64/Tokenizers.swiftsourceinfo /Users/mh/orca/workspaces/sonar-live-audio/build/release/UnsignedDerivedData/Build/Products/Release-iphoneos/Tokenizers.swiftmodule/Project/arm64-apple-ios.swiftsourceinfo

Ld /Users/mh/orca/workspaces/sonar-live-audio/build/release/UnsignedDerivedData/Build/Products/Release-iphoneos/Tokenizers.o normal (in target 'Tokenizers' from project 'swift-transformers')
    cd /Users/mh/orca/workspaces/sonar-live-audio/build/release/UnsignedDerivedData/SourcePackages/checkouts/swift-transformers
    /Applications/Xcode.app/Contents/Developer/Toolchains/XcodeDefault.xctoolchain/usr/bin/clang -Xlinker -reproducible -target arm64-apple-ios16.0 -r -isysroot /Applications/Xcode.app/Contents/Developer/Platforms/iPhoneOS.platform/Developer/SDKs/iPhoneOS26.5.sdk -Os -w -F/Users/mh/orca/workspaces/sonar-live-audio/build/release/UnsignedDerivedData/Build/Intermediates.noindex/EagerLinkingTBDs/Release-iphoneos -F/Users/mh/orca/workspaces/sonar-live-audio/build/release/UnsignedDerivedData/Build/Products/Release-iphoneos/PackageFrameworks -F/Users/mh/orca/workspaces/sonar-live-audio/build/release/UnsignedDerivedData/Build/Products/Release-iphoneos/PackageFrameworks -F/Users/mh/orca/workspaces/sonar-live-audio/build/release/UnsignedDerivedData/Build/Products/Release-iphoneos/PackageFrameworks -F/Users/mh/orca/workspaces/sonar-live-audio/build/release/UnsignedDerivedData/Build/Products/Release-iphoneos/PackageFrameworks -F/Users/mh/orca/workspaces/sonar-live-audio/build/release/UnsignedDerivedData/Build/Products/Release-iphoneos/PackageFrameworks -F/Users/mh/orca/workspaces/sonar-live-audio/build/release/UnsignedDerivedData/Build/Products/Release-iphoneos/PackageFrameworks -F/Users/mh/orca/workspaces/sonar-live-audio/build/release/UnsignedDerivedData/Build/Products/Release-iphoneos -iframework /Applications/Xcode.app/Contents/Developer/Platforms/iPhoneOS.platform/Developer/Library/Frameworks -iframework /Applications/Xcode.app/Contents/Developer/Platforms/iPhoneOS.platform/Developer/SDKs/iPhoneOS26.5.sdk/Developer/Library/Frameworks -filelist /Users/mh/orca/workspaces/sonar-live-audio/build/release/UnsignedDerivedData/Build/Intermediates.noindex/swift-transformers.build/Release-iphoneos/Tokenizers.build/Objects-normal/arm64/Tokenizers.LinkFileList -nostdlib -Xlinker -object_path_lto -Xlinker /Users/mh/orca/workspaces/sonar-live-audio/build/release/UnsignedDerivedData/Build/Intermediates.noindex/swift-transformers.build/Release-iphoneos/Tokenizers.build/Objects-normal/arm64/Tokenizers_lto.o -Xlinker -dependency_info -Xlinker /Users/mh/orca/workspaces/sonar-live-audio/build/release/UnsignedDerivedData/Build/Intermediates.noindex/swift-transformers.build/Release-iphoneos/Tokenizers.build/Objects-normal/arm64/Tokenizers_dependency_info.dat -fobjc-link-runtime -L/Applications/Xcode.app/Contents/Developer/Toolchains/XcodeDefault.xctoolchain/usr/lib/swift/iphoneos -L/usr/lib/swift -Xlinker -add_ast_path -Xlinker /Users/mh/orca/workspaces/sonar-live-audio/build/release/UnsignedDerivedData/Build/Intermediates.noindex/swift-transformers.build/Release-iphoneos/Tokenizers.build/Objects-normal/arm64/Tokenizers.swiftmodule @/Users/mh/orca/workspaces/sonar-live-audio/build/release/UnsignedDerivedData/Build/Intermediates.noindex/swift-transformers.build/Release-iphoneos/Tokenizers.build/Objects-normal/arm64/Tokenizers-linker-args.resp -o /Users/mh/orca/workspaces/sonar-live-audio/build/release/UnsignedDerivedData/Build/Products/Release-iphoneos/Tokenizers.o

SwiftDriver WhisperKit normal arm64 com.apple.xcode.tools.swift.compiler (in target 'WhisperKit' from project 'whisperkit')
    cd /Users/mh/orca/workspaces/sonar-live-audio/Sonar.xcodeproj
    builtin-SwiftDriver -- /Applications/Xcode.app/Contents/Developer/Toolchains/XcodeDefault.xctoolchain/usr/bin/swiftc -module-name WhisperKit -O -whole-module-optimization @/Users/mh/orca/workspaces/sonar-live-audio/build/release/UnsignedDerivedData/Build/Intermediates.noindex/whisperkit.build/Release-iphoneos/WhisperKit.build/Objects-normal/arm64/WhisperKit.SwiftFileList -DSWIFT_PACKAGE -DSWIFT_MODULE_RESOURCE_BUNDLE_UNAVAILABLE -Xcc -fmodule-map-file\=/Users/mh/orca/workspaces/sonar-live-audio/build/release/UnsignedDerivedData/Build/Intermediates.noindex/GeneratedModuleMaps-iphoneos/yyjson.modulemap -DXcode -plugin-path /Applications/Xcode.app/Contents/Developer/Toolchains/XcodeDefault.xctoolchain/usr/lib/swift/host/plugins/testing -enable-experimental-feature DebugDescriptionMacro -sdk /Applications/Xcode.app/Contents/Developer/Platforms/iPhoneOS.platform/Developer/SDKs/iPhoneOS26.5.sdk -target arm64-apple-ios16.0 -g -module-cache-path /Users/mh/orca/workspaces/sonar-live-audio/build/release/UnsignedDerivedData/ModuleCache.noindex -Xfrontend -serialize-debugging-options -suppress-warnings -swift-version 5 -I /Users/mh/orca/workspaces/sonar-live-audio/build/release/UnsignedDerivedData/Build/Products/Release-iphoneos -Isystem /Applications/Xcode.app/Contents/Developer/Platforms/iPhoneOS.platform/Developer/usr/lib -F /Users/mh/orca/workspaces/sonar-live-audio/build/release/UnsignedDerivedData/Build/Products/Release-iphoneos/PackageFrameworks -F /Users/mh/orca/workspaces/sonar-live-audio/build/release/UnsignedDerivedData/Build/Products/Release-iphoneos/PackageFrameworks -F /Users/mh/orca/workspaces/sonar-live-audio/build/release/UnsignedDerivedData/Build/Products/Release-iphoneos/PackageFrameworks -F /Users/mh/orca/workspaces/sonar-live-audio/build/release/UnsignedDerivedData/Build/Products/Release-iphoneos/PackageFrameworks -F /Users/mh/orca/workspaces/sonar-live-audio/build/release/UnsignedDerivedData/Build/Products/Release-iphoneos/PackageFrameworks -F /Users/mh/orca/workspaces/sonar-live-audio/build/release/UnsignedDerivedData/Build/Products/Release-iphoneos/PackageFrameworks -F /Users/mh/orca/workspaces/sonar-live-audio/build/release/UnsignedDerivedData/Build/Products/Release-iphoneos/PackageFrameworks -F /Users/mh/orca/workspaces/sonar-live-audio/build/release/UnsignedDerivedData/Build/Products/Release-iphoneos/PackageFrameworks -F /Users/mh/orca/workspaces/sonar-live-audio/build/release/UnsignedDerivedData/Build/Products/Release-iphoneos -F /Applications/Xcode.app/Contents/Developer/Platforms/iPhoneOS.platform/Developer/Library/Frameworks -F /Applications/Xcode.app/Contents/Developer/Platforms/iPhoneOS.platform/Developer/SDKs/iPhoneOS26.5.sdk/Developer/Library/Frameworks -c -num-threads 14 -Xcc -ivfsstatcache -Xcc /Users/mh/orca/workspaces/sonar-live-audio/build/release/UnsignedDerivedData/SDKStatCaches.noindex/iphoneos26.5-23F81a-32daed1954a7d5dd0789fcaf2a9bb78b.sdkstatcache -output-file-map /Users/mh/orca/workspaces/sonar-live-audio/build/release/UnsignedDerivedData/Build/Intermediates.noindex/whisperkit.build/Release-iphoneos/WhisperKit.build/Objects-normal/arm64/WhisperKit-OutputFileMap.json -use-frontend-parseable-output -save-temps -no-color-diagnostics -explicit-module-build -module-cache-path /Users/mh/orca/workspaces/sonar-live-audio/build/release/UnsignedDerivedData/Build/Intermediates.noindex/SwiftExplicitPrecompiledModules -clang-scanner-module-cache-path /Users/mh/orca/workspaces/sonar-live-audio/build/release/UnsignedDerivedData/ModuleCache.noindex -sdk-module-cache-path /Users/mh/orca/workspaces/sonar-live-audio/build/release/UnsignedDerivedData/ModuleCache.noindex -serialize-diagnostics -emit-dependencies -emit-module -emit-module-path /Users/mh/orca/workspaces/sonar-live-audio/build/release/UnsignedDerivedData/Build/Intermediates.noindex/whisperkit.build/Release-iphoneos/WhisperKit.build/Objects-normal/arm64/WhisperKit.swiftmodule -validate-clang-modules-once -clang-build-session-file /Users/mh/orca/workspaces/sonar-live-audio/build/release/UnsignedDerivedData/ModuleCache.noindex/Session.modulevalidation -package-name argmax_oss_swift -Xcc -I/Users/mh/orca/workspaces/sonar-live-audio/build/release/UnsignedDerivedData/Build/Intermediates.noindex/whisperkit.build/Release-iphoneos/WhisperKit.build/swift-overrides.hmap -emit-const-values -Xfrontend -const-gather-protocols-file -Xfrontend /Users/mh/orca/workspaces/sonar-live-audio/build/release/UnsignedDerivedData/Build/Intermediates.noindex/whisperkit.build/Release-iphoneos/WhisperKit.build/Objects-normal/arm64/WhisperKit_const_extract_protocols.json -Xcc -I/Users/mh/orca/workspaces/sonar-live-audio/build/release/UnsignedDerivedData/SourcePackages/checkouts/yyjson/src -Xcc -I/Users/mh/orca/workspaces/sonar-live-audio/build/release/UnsignedDerivedData/Build/Products/Release-iphoneos/include -Xcc -I/Users/mh/orca/workspaces/sonar-live-audio/build/release/UnsignedDerivedData/Build/Intermediates.noindex/whisperkit.build/Release-iphoneos/WhisperKit.build/DerivedSources-normal/arm64 -Xcc -I/Users/mh/orca/workspaces/sonar-live-audio/build/release/UnsignedDerivedData/Build/Intermediates.noindex/whisperkit.build/Release-iphoneos/WhisperKit.build/DerivedSources/arm64 -Xcc -I/Users/mh/orca/workspaces/sonar-live-audio/build/release/UnsignedDerivedData/Build/Intermediates.noindex/whisperkit.build/Release-iphoneos/WhisperKit.build/DerivedSources -Xcc -DSWIFT_PACKAGE -emit-objc-header -emit-objc-header-path /Users/mh/orca/workspaces/sonar-live-audio/build/release/UnsignedDerivedData/Build/Intermediates.noindex/whisperkit.build/Release-iphoneos/WhisperKit.build/Objects-normal/arm64/WhisperKit-Swift.h -working-directory /Users/mh/orca/workspaces/sonar-live-audio/Sonar.xcodeproj -no-emit-module-separately-wmo

ExtractAppIntentsMetadata (in target 'Tokenizers' from project 'swift-transformers')
    cd /Users/mh/orca/workspaces/sonar-live-audio/build/release/UnsignedDerivedData/SourcePackages/checkouts/swift-transformers
    /Applications/Xcode.app/Contents/Developer/Toolchains/XcodeDefault.xctoolchain/usr/bin/appintentsmetadataprocessor --toolchain-dir /Applications/Xcode.app/Contents/Developer/Toolchains/XcodeDefault.xctoolchain --module-name Tokenizers --sdk-root /Applications/Xcode.app/Contents/Developer/Platforms/iPhoneOS.platform/Developer/SDKs/iPhoneOS26.5.sdk --xcode-version 17F113 --platform-family iOS --deployment-target 16.0 --bundle-identifier swift-transformers.Tokenizers --output /Users/mh/orca/workspaces/sonar-live-audio/build/release/UnsignedDerivedData/Build/Products/Release-iphoneos/Tokenizers.appintents --target-triple arm64-apple-ios16.0 --binary-file /Users/mh/orca/workspaces/sonar-live-audio/build/release/UnsignedDerivedData/Build/Products/Release-iphoneos/Tokenizers.o --dependency-file /Users/mh/orca/workspaces/sonar-live-audio/build/release/UnsignedDerivedData/Build/Intermediates.noindex/swift-transformers.build/Release-iphoneos/Tokenizers.build/Objects-normal/arm64/Tokenizers_dependency_info.dat --stringsdata-file /Users/mh/orca/workspaces/sonar-live-audio/build/release/UnsignedDerivedData/Build/Intermediates.noindex/swift-transformers.build/Release-iphoneos/Tokenizers.build/Objects-normal/arm64/ExtractedAppShortcutsMetadata.stringsdata --source-file-list /Users/mh/orca/workspaces/sonar-live-audio/build/release/UnsignedDerivedData/Build/Intermediates.noindex/swift-transformers.build/Release-iphoneos/Tokenizers.build/Objects-normal/arm64/Tokenizers.SwiftFileList --metadata-file-list /Users/mh/orca/workspaces/sonar-live-audio/build/release/UnsignedDerivedData/Build/Intermediates.noindex/swift-transformers.build/Release-iphoneos/Tokenizers.build/Tokenizers.DependencyMetadataFileList --static-metadata-file-list /Users/mh/orca/workspaces/sonar-live-audio/build/release/UnsignedDerivedData/Build/Intermediates.noindex/swift-transformers.build/Release-iphoneos/Tokenizers.build/Tokenizers.DependencyStaticMetadataFileList --swift-const-vals-list /Users/mh/orca/workspaces/sonar-live-audio/build/release/UnsignedDerivedData/Build/Intermediates.noindex/swift-transformers.build/Release-iphoneos/Tokenizers.build/Objects-normal/arm64/Tokenizers.SwiftConstValuesFileList --force --compile-time-extraction --deployment-aware-processing --validate-assistant-intents --no-app-shortcuts-localization
2026-08-10 00:28:45.315 appintentsmetadataprocessor[74316:2288710] Starting appintentsmetadataprocessor export
2026-08-10 00:28:45.322 appintentsmetadataprocessor[74316:2288710] Extracted no relevant App Intents symbols, skipping writing output

RegisterExecutionPolicyException /Users/mh/orca/workspaces/sonar-live-audio/build/release/UnsignedDerivedData/Build/Products/Release-iphoneos/Tokenizers.o (in target 'Tokenizers' from project 'swift-transformers')
    cd /Users/mh/orca/workspaces/sonar-live-audio/build/release/UnsignedDerivedData/SourcePackages/checkouts/swift-transformers
    builtin-RegisterExecutionPolicyException /Users/mh/orca/workspaces/sonar-live-audio/build/release/UnsignedDerivedData/Build/Products/Release-iphoneos/Tokenizers.o

SwiftDriver\ Compilation WhisperKit normal arm64 com.apple.xcode.tools.swift.compiler (in target 'WhisperKit' from project 'whisperkit')
    cd /Users/mh/orca/workspaces/sonar-live-audio/Sonar.xcodeproj
    builtin-Swift-Compilation -- /Applications/Xcode.app/Contents/Developer/Toolchains/XcodeDefault.xctoolchain/usr/bin/swiftc -module-name WhisperKit -O -whole-module-optimization @/Users/mh/orca/workspaces/sonar-live-audio/build/release/UnsignedDerivedData/Build/Intermediates.noindex/whisperkit.build/Release-iphoneos/WhisperKit.build/Objects-normal/arm64/WhisperKit.SwiftFileList -DSWIFT_PACKAGE -DSWIFT_MODULE_RESOURCE_BUNDLE_UNAVAILABLE -Xcc -fmodule-map-file\=/Users/mh/orca/workspaces/sonar-live-audio/build/release/UnsignedDerivedData/Build/Intermediates.noindex/GeneratedModuleMaps-iphoneos/yyjson.modulemap -DXcode -plugin-path /Applications/Xcode.app/Contents/Developer/Toolchains/XcodeDefault.xctoolchain/usr/lib/swift/host/plugins/testing -enable-experimental-feature DebugDescriptionMacro -sdk /Applications/Xcode.app/Contents/Developer/Platforms/iPhoneOS.platform/Developer/SDKs/iPhoneOS26.5.sdk -target arm64-apple-ios16.0 -g -module-cache-path /Users/mh/orca/workspaces/sonar-live-audio/build/release/UnsignedDerivedData/ModuleCache.noindex -Xfrontend -serialize-debugging-options -suppress-warnings -swift-version 5 -I /Users/mh/orca/workspaces/sonar-live-audio/build/release/UnsignedDerivedData/Build/Products/Release-iphoneos -Isystem /Applications/Xcode.app/Contents/Developer/Platforms/iPhoneOS.platform/Developer/usr/lib -F /Users/mh/orca/workspaces/sonar-live-audio/build/release/UnsignedDerivedData/Build/Products/Release-iphoneos/PackageFrameworks -F /Users/mh/orca/workspaces/sonar-live-audio/build/release/UnsignedDerivedData/Build/Products/Release-iphoneos/PackageFrameworks -F /Users/mh/orca/workspaces/sonar-live-audio/build/release/UnsignedDerivedData/Build/Products/Release-iphoneos/PackageFrameworks -F /Users/mh/orca/workspaces/sonar-live-audio/build/release/UnsignedDerivedData/Build/Products/Release-iphoneos/PackageFrameworks -F /Users/mh/orca/workspaces/sonar-live-audio/build/release/UnsignedDerivedData/Build/Products/Release-iphoneos/PackageFrameworks -F /Users/mh/orca/workspaces/sonar-live-audio/build/release/UnsignedDerivedData/Build/Products/Release-iphoneos/PackageFrameworks -F /Users/mh/orca/workspaces/sonar-live-audio/build/release/UnsignedDerivedData/Build/Products/Release-iphoneos/PackageFrameworks -F /Users/mh/orca/workspaces/sonar-live-audio/build/release/UnsignedDerivedData/Build/Products/Release-iphoneos/PackageFrameworks -F /Users/mh/orca/workspaces/sonar-live-audio/build/release/UnsignedDerivedData/Build/Products/Release-iphoneos -F /Applications/Xcode.app/Contents/Developer/Platforms/iPhoneOS.platform/Developer/Library/Frameworks -F /Applications/Xcode.app/Contents/Developer/Platforms/iPhoneOS.platform/Developer/SDKs/iPhoneOS26.5.sdk/Developer/Library/Frameworks -c -num-threads 14 -Xcc -ivfsstatcache -Xcc /Users/mh/orca/workspaces/sonar-live-audio/build/release/UnsignedDerivedData/SDKStatCaches.noindex/iphoneos26.5-23F81a-32daed1954a7d5dd0789fcaf2a9bb78b.sdkstatcache -output-file-map /Users/mh/orca/workspaces/sonar-live-audio/build/release/UnsignedDerivedData/Build/Intermediates.noindex/whisperkit.build/Release-iphoneos/WhisperKit.build/Objects-normal/arm64/WhisperKit-OutputFileMap.json -use-frontend-parseable-output -save-temps -no-color-diagnostics -explicit-module-build -module-cache-path /Users/mh/orca/workspaces/sonar-live-audio/build/release/UnsignedDerivedData/Build/Intermediates.noindex/SwiftExplicitPrecompiledModules -clang-scanner-module-cache-path /Users/mh/orca/workspaces/sonar-live-audio/build/release/UnsignedDerivedData/ModuleCache.noindex -sdk-module-cache-path /Users/mh/orca/workspaces/sonar-live-audio/build/release/UnsignedDerivedData/ModuleCache.noindex -serialize-diagnostics -emit-dependencies -emit-module -emit-module-path /Users/mh/orca/workspaces/sonar-live-audio/build/release/UnsignedDerivedData/Build/Intermediates.noindex/whisperkit.build/Release-iphoneos/WhisperKit.build/Objects-normal/arm64/WhisperKit.swiftmodule -validate-clang-modules-once -clang-build-session-file /Users/mh/orca/workspaces/sonar-live-audio/build/release/UnsignedDerivedData/ModuleCache.noindex/Session.modulevalidation -package-name argmax_oss_swift -Xcc -I/Users/mh/orca/workspaces/sonar-live-audio/build/release/UnsignedDerivedData/Build/Intermediates.noindex/whisperkit.build/Release-iphoneos/WhisperKit.build/swift-overrides.hmap -emit-const-values -Xfrontend -const-gather-protocols-file -Xfrontend /Users/mh/orca/workspaces/sonar-live-audio/build/release/UnsignedDerivedData/Build/Intermediates.noindex/whisperkit.build/Release-iphoneos/WhisperKit.build/Objects-normal/arm64/WhisperKit_const_extract_protocols.json -Xcc -I/Users/mh/orca/workspaces/sonar-live-audio/build/release/UnsignedDerivedData/SourcePackages/checkouts/yyjson/src -Xcc -I/Users/mh/orca/workspaces/sonar-live-audio/build/release/UnsignedDerivedData/Build/Products/Release-iphoneos/include -Xcc -I/Users/mh/orca/workspaces/sonar-live-audio/build/release/UnsignedDerivedData/Build/Intermediates.noindex/whisperkit.build/Release-iphoneos/WhisperKit.build/DerivedSources-normal/arm64 -Xcc -I/Users/mh/orca/workspaces/sonar-live-audio/build/release/UnsignedDerivedData/Build/Intermediates.noindex/whisperkit.build/Release-iphoneos/WhisperKit.build/DerivedSources/arm64 -Xcc -I/Users/mh/orca/workspaces/sonar-live-audio/build/release/UnsignedDerivedData/Build/Intermediates.noindex/whisperkit.build/Release-iphoneos/WhisperKit.build/DerivedSources -Xcc -DSWIFT_PACKAGE -emit-objc-header -emit-objc-header-path /Users/mh/orca/workspaces/sonar-live-audio/build/release/UnsignedDerivedData/Build/Intermediates.noindex/whisperkit.build/Release-iphoneos/WhisperKit.build/Objects-normal/arm64/WhisperKit-Swift.h -working-directory /Users/mh/orca/workspaces/sonar-live-audio/Sonar.xcodeproj -no-emit-module-separately-wmo

SwiftExplicitDependencyGeneratePcm arm64 /Users/mh/orca/workspaces/sonar-live-audio/build/release/UnsignedDerivedData/ModuleCache.noindex/CoreMIDI-BNDVG01XJ1MPVP8Y141V1IZDH.pcm

SwiftExplicitDependencyGeneratePcm arm64 /Users/mh/orca/workspaces/sonar-live-audio/build/release/UnsignedDerivedData/ModuleCache.noindex/AVRouting-9I4G003J597TU38VXZPT7HVB6.pcm

SwiftExplicitDependencyGeneratePcm arm64 /Users/mh/orca/workspaces/sonar-live-audio/build/release/UnsignedDerivedData/ModuleCache.noindex/CoreImage-EQNWBC111NPHORKWZITRT7IAJ.pcm

SwiftExplicitDependencyGeneratePcm arm64 /Users/mh/orca/workspaces/sonar-live-audio/build/release/UnsignedDerivedData/ModuleCache.noindex/QuartzCore-A8334804XPX0UO5X1IHPTV1VO.pcm

SwiftExplicitDependencyGeneratePcm arm64 /Users/mh/orca/workspaces/sonar-live-audio/build/release/UnsignedDerivedData/ModuleCache.noindex/CoreAudioTypes-1NRZYXBTGR15HJOYKB0B7JRZH.pcm

SwiftExplicitDependencyGeneratePcm arm64 /Users/mh/orca/workspaces/sonar-live-audio/build/release/UnsignedDerivedData/ModuleCache.noindex/NaturalLanguage-AHA8Q5GYML65F7EIPMC79XPPS.pcm

SwiftExplicitDependencyGeneratePcm arm64 /Users/mh/orca/workspaces/sonar-live-audio/build/release/UnsignedDerivedData/ModuleCache.noindex/UniformTypeIdentifiers-4ENQAOFU069VLADRK7HHODJVK.pcm

SwiftExplicitDependencyGeneratePcm arm64 /Users/mh/orca/workspaces/sonar-live-audio/build/release/UnsignedDerivedData/ModuleCache.noindex/CoreAudio-2VQTZ4YG93GH4EPGZZ41GWM53.pcm

SwiftExplicitDependencyGeneratePcm arm64 /Users/mh/orca/workspaces/sonar-live-audio/build/release/UnsignedDerivedData/ModuleCache.noindex/AudioToolbox-65YI2VBDTHG2KTUREVN5PNA4A.pcm

SwiftExplicitDependencyGeneratePcm arm64 /Users/mh/orca/workspaces/sonar-live-audio/build/release/UnsignedDerivedData/ModuleCache.noindex/CoreMedia-AJA17VFYJV9BBONLNCQ7DEZI8.pcm

SwiftExplicitDependencyGeneratePcm arm64 /Users/mh/orca/workspaces/sonar-live-audio/build/release/UnsignedDerivedData/ModuleCache.noindex/AVFAudio-EXUSZ8XM5PTI7S4EXAX67C63P.pcm

SwiftExplicitDependencyGeneratePcm arm64 /Users/mh/orca/workspaces/sonar-live-audio/build/release/UnsignedDerivedData/ModuleCache.noindex/MediaToolbox-ETX6P4J7IZWRYB50Y5TH5Y1I3.pcm

SwiftExplicitDependencyGeneratePcm arm64 /Users/mh/orca/workspaces/sonar-live-audio/build/release/UnsignedDerivedData/ModuleCache.noindex/AVFoundation-EFUSPECLK8FWN2FLFRII916MF.pcm

SwiftCompile normal arm64 Compiling\ AudioChunker.swift,\ AudioProcessor.swift,\ AudioStreamTranscriber.swift,\ EnergyVAD.swift,\ VoiceActivityDetector.swift,\ AudioEncoder.swift,\ Configurations.swift,\ FeatureExtractor.swift,\ Models.swift,\ LogitsFilter.swift,\ SegmentSeeker.swift,\ TokenSampler.swift,\ TextDecoder.swift,\ TranscribeTask.swift,\ WhisperKit.swift,\ Concurrency.swift,\ Extensions+Internal.swift,\ Extensions+Public.swift,\ Logging.swift,\ ModelUtilities.swift,\ ResultWriter.swift,\ TextUtilities.swift,\ TranscriptionUtilities.swift,\ WhisperError.swift /Users/mh/orca/workspaces/sonar-live-audio/build/release/UnsignedDerivedData/SourcePackages/checkouts/argmax-oss-swift/Sources/WhisperKit/Core/Audio/AudioChunker.swift /Users/mh/orca/workspaces/sonar-live-audio/build/release/UnsignedDerivedData/SourcePackages/checkouts/argmax-oss-swift/Sources/WhisperKit/Core/Audio/AudioProcessor.swift /Users/mh/orca/workspaces/sonar-live-audio/build/release/UnsignedDerivedData/SourcePackages/checkouts/argmax-oss-swift/Sources/WhisperKit/Core/Audio/AudioStreamTranscriber.swift /Users/mh/orca/workspaces/sonar-live-audio/build/release/UnsignedDerivedData/SourcePackages/checkouts/argmax-oss-swift/Sources/WhisperKit/Core/Audio/EnergyVAD.swift /Users/mh/orca/workspaces/sonar-live-audio/build/release/UnsignedDerivedData/SourcePackages/checkouts/argmax-oss-swift/Sources/WhisperKit/Core/Audio/VoiceActivityDetector.swift /Users/mh/orca/workspaces/sonar-live-audio/build/release/UnsignedDerivedData/SourcePackages/checkouts/argmax-oss-swift/Sources/WhisperKit/Core/AudioEncoder.swift /Users/mh/orca/workspaces/sonar-live-audio/build/release/UnsignedDerivedData/SourcePackages/checkouts/argmax-oss-swift/Sources/WhisperKit/Core/Configurations.swift /Users/mh/orca/workspaces/sonar-live-audio/build/release/UnsignedDerivedData/SourcePackages/checkouts/argmax-oss-swift/Sources/WhisperKit/Core/FeatureExtractor.swift /Users/mh/orca/workspaces/sonar-live-audio/build/release/UnsignedDerivedData/SourcePackages/checkouts/argmax-oss-swift/Sources/WhisperKit/Core/Models.swift /Users/mh/orca/workspaces/sonar-live-audio/build/release/UnsignedDerivedData/SourcePackages/checkouts/argmax-oss-swift/Sources/WhisperKit/Core/Text/LogitsFilter.swift /Users/mh/orca/workspaces/sonar-live-audio/build/release/UnsignedDerivedData/SourcePackages/checkouts/argmax-oss-swift/Sources/WhisperKit/Core/Text/SegmentSeeker.swift /Users/mh/orca/workspaces/sonar-live-audio/build/release/UnsignedDerivedData/SourcePackages/checkouts/argmax-oss-swift/Sources/WhisperKit/Core/Text/TokenSampler.swift /Users/mh/orca/workspaces/sonar-live-audio/build/release/UnsignedDerivedData/SourcePackages/checkouts/argmax-oss-swift/Sources/WhisperKit/Core/TextDecoder.swift /Users/mh/orca/workspaces/sonar-live-audio/build/release/UnsignedDerivedData/SourcePackages/checkouts/argmax-oss-swift/Sources/WhisperKit/Core/TranscribeTask.swift /Users/mh/orca/workspaces/sonar-live-audio/build/release/UnsignedDerivedData/SourcePackages/checkouts/argmax-oss-swift/Sources/WhisperKit/Core/WhisperKit.swift /Users/mh/orca/workspaces/sonar-live-audio/build/release/UnsignedDerivedData/SourcePackages/checkouts/argmax-oss-swift/Sources/WhisperKit/Utilities/Concurrency.swift /Users/mh/orca/workspaces/sonar-live-audio/build/release/UnsignedDerivedData/SourcePackages/checkouts/argmax-oss-swift/Sources/WhisperKit/Utilities/Extensions+Internal.swift /Users/mh/orca/workspaces/sonar-live-audio/build/release/UnsignedDerivedData/SourcePackages/checkouts/argmax-oss-swift/Sources/WhisperKit/Utilities/Extensions+Public.swift /Users/mh/orca/workspaces/sonar-live-audio/build/release/UnsignedDerivedData/SourcePackages/checkouts/argmax-oss-swift/Sources/WhisperKit/Utilities/Logging.swift /Users/mh/orca/workspaces/sonar-live-audio/build/release/UnsignedDerivedData/SourcePackages/checkouts/argmax-oss-swift/Sources/WhisperKit/Utilities/ModelUtilities.swift /Users/mh/orca/workspaces/sonar-live-audio/build/release/UnsignedDerivedData/SourcePackages/checkouts/argmax-oss-swift/Sources/WhisperKit/Utilities/ResultWriter.swift /Users/mh/orca/workspaces/sonar-live-audio/build/release/UnsignedDerivedData/SourcePackages/checkouts/argmax-oss-swift/Sources/WhisperKit/Utilities/TextUtilities.swift /Users/mh/orca/workspaces/sonar-live-audio/build/release/UnsignedDerivedData/SourcePackages/checkouts/argmax-oss-swift/Sources/WhisperKit/Utilities/TranscriptionUtilities.swift /Users/mh/orca/workspaces/sonar-live-audio/build/release/UnsignedDerivedData/SourcePackages/checkouts/argmax-oss-swift/Sources/WhisperKit/Utilities/WhisperError.swift /Applications/Xcode.app/Contents/Developer/Toolchains/XcodeDefault.xctoolchain/usr/lib/swift/iphoneos/prebuilt-modules/26.5/AVFAudio.swiftmodule/arm64e-apple-ios.swiftmodule /Users/mh/orca/workspaces/sonar-live-audio/build/release/UnsignedDerivedData/Build/Products/Release-iphoneos/Hub.swiftmodule/arm64-apple-ios.swiftmodule /Users/mh/orca/workspaces/sonar-live-audio/build/release/UnsignedDerivedData/Build/Products/Release-iphoneos/Jinja.swiftmodule/arm64-apple-ios.swiftmodule /Applications/Xcode.app/Contents/Developer/Toolchains/XcodeDefault.xctoolchain/usr/lib/swift/iphoneos/prebuilt-modules/26.5/_DarwinFoundation2.swiftmodule/arm64e-apple-ios.swiftmodule /Applications/Xcode.app/Contents/Developer/Toolchains/XcodeDefault.xctoolchain/usr/lib/swift/iphoneos/prebuilt-modules/26.5/OSLog.swiftmodule/arm64e-apple-ios.swiftmodule /Applications/Xcode.app/Contents/Developer/Toolchains/XcodeDefault.xctoolchain/usr/lib/swift/iphoneos/prebuilt-modules/26.5/Distributed.swiftmodule/arm64e-apple-ios.swiftmodule /Applications/Xcode.app/Contents/Developer/Toolchains/XcodeDefault.xctoolchain/usr/lib/swift/iphoneos/prebuilt-modules/26.5/simd.swiftmodule/arm64e-apple-ios.swiftmodule /Applications/Xcode.app/Contents/Developer/Toolchains/XcodeDefault.xctoolchain/usr/lib/swift/iphoneos/prebuilt-modules/26.5/_DarwinFoundation3.swiftmodule/arm64e-apple-ios.swiftmodule /Applications/Xcode.app/Contents/Developer/Toolchains/XcodeDefault.xctoolchain/usr/lib/swift/iphoneos/prebuilt-modules/26.5/CoreMedia.swiftmodule/arm64e-apple-ios.swiftmodule /Applications/Xcode.app/Contents/Developer/Toolchains/XcodeDefault.xctoolchain/usr/lib/swift/iphoneos/prebuilt-modules/26.5/Observation.swiftmodule/arm64e-apple-ios.swiftmodule /Applications/Xcode.app/Contents/Developer/Toolchains/XcodeDefault.xctoolchain/usr/lib/swift/iphoneos/prebuilt-modules/26.5/Dispatch.swiftmodule/arm64e-apple-ios.swiftmodule /Users/mh/orca/workspaces/sonar-live-audio/build/release/UnsignedDerivedData/Build/Products/Release-iphoneos/ArgmaxCore.swiftmodule/arm64-apple-ios.swiftmodule /Applications/Xcode.app/Contents/Developer/Toolchains/XcodeDefault.xctoolchain/usr/lib/swift/iphoneos/prebuilt-modules/26.5/AudioToolbox.swiftmodule/arm64e-apple-ios.swiftmodule /Applications/Xcode.app/Contents/Developer/Toolchains/XcodeDefault.xctoolchain/usr/lib/swift/iphoneos/prebuilt-modules/26.5/System.swiftmodule/arm64e-apple-ios.swiftmodule /Applications/Xcode.app/Contents/Developer/Toolchains/XcodeDefault.xctoolchain/usr/lib/swift/iphoneos/prebuilt-modules/26.5/CoreImage.swiftmodule/arm64e-apple-ios.swiftmodule /Applications/Xcode.app/Contents/Developer/Toolchains/XcodeDefault.xctoolchain/usr/lib/swift/iphoneos/prebuilt-modules/26.5/Network.swiftmodule/arm64e-apple-ios.swiftmodule /Users/mh/orca/workspaces/sonar-live-audio/build/release/UnsignedDerivedData/Build/Products/Release-iphoneos/OrderedCollections.swiftmodule/arm64-apple-ios.swiftmodule /Applications/Xcode.app/Contents/Developer/Toolchains/XcodeDefault.xctoolchain/usr/lib/swift/iphoneos/prebuilt-modules/26.5/AVFoundation.swiftmodule/arm64e-apple-ios.swiftmodule /Applications/Xcode.app/Contents/Developer/Toolchains/XcodeDefault.xctoolchain/usr/lib/swift/iphoneos/prebuilt-modules/26.5/CoreFoundation.swiftmodule/arm64e-apple-ios.swiftmodule /Applications/Xcode.app/Contents/Developer/Toolchains/XcodeDefault.xctoolchain/usr/lib/swift/iphoneos/prebuilt-modules/26.5/Metal.swiftmodule/arm64e-apple-ios.swiftmodule /Users/mh/orca/workspaces/sonar-live-audio/build/release/UnsignedDerivedData/Build/Products/Release-iphoneos/InternalCollectionsUtilities.swiftmodule/arm64-apple-ios.swiftmodule /Applications/Xcode.app/Contents/Developer/Toolchains/XcodeDefault.xctoolchain/usr/lib/swift/iphoneos/prebuilt-modules/26.5/CoreVideo.swiftmodule/arm64e-apple-ios.swiftmodule /Applications/Xcode.app/Contents/Developer/Toolchains/XcodeDefault.xctoolchain/usr/lib/swift/iphoneos/prebuilt-modules/26.5/NaturalLanguage.swiftmodule/arm64e-apple-ios.swiftmodule /Applications/Xcode.app/Contents/Developer/Toolchains/XcodeDefault.xctoolchain/usr/lib/swift/iphoneos/prebuilt-modules/26.5/Foundation.swiftmodule/arm64e-apple-ios.swiftmodule /Applications/Xcode.app/Contents/Developer/Toolchains/XcodeDefault.xctoolchain/usr/lib/swift/iphoneos/prebuilt-modules/26.5/CryptoKit.swiftmodule/arm64e-apple-ios.swiftmodule /Applications/Xcode.app/Contents/Developer/Toolchains/XcodeDefault.xctoolchain/usr/lib/swift/iphoneos/prebuilt-modules/26.5/_StringProcessing.swiftmodule/arm64e-apple-ios.swiftmodule /Applications/Xcode.app/Contents/Developer/Toolchains/XcodeDefault.xctoolchain/usr/lib/swift/iphoneos/prebuilt-modules/26.5/QuartzCore.swiftmodule/arm64e-apple-ios.swiftmodule /Applications/Xcode.app/Contents/Developer/Toolchains/XcodeDefault.xctoolchain/usr/lib/swift/iphoneos/prebuilt-modules/26.5/XPC.swiftmodule/arm64e-apple-ios.swiftmodule /Applications/Xcode.app/Contents/Developer/Toolchains/XcodeDefault.xctoolchain/usr/lib/swift/iphoneos/prebuilt-modules/26.5/Accelerate.swiftmodule/arm64e-apple-ios.swiftmodule /Applications/Xcode.app/Contents/Developer/Toolchains/XcodeDefault.xctoolchain/usr/lib/swift/iphoneos/prebuilt-modules/26.5/Swift.swiftmodule/arm64e-apple-ios.swiftmodule /Applications/Xcode.app/Contents/Developer/Toolchains/XcodeDefault.xctoolchain/usr/lib/swift/iphoneos/prebuilt-modules/26.5/CoreML.swiftmodule/arm64e-apple-ios.swiftmodule /Users/mh/orca/workspaces/sonar-live-audio/build/release/UnsignedDerivedData/Build/Products/Release-iphoneos/Tokenizers.swiftmodule/arm64-apple-ios.swiftmodule /Applications/Xcode.app/Contents/Developer/Toolchains/XcodeDefault.xctoolchain/usr/lib/swift/iphoneos/prebuilt-modules/26.5/UniformTypeIdentifiers.swiftmodule/arm64e-apple-ios.swiftmodule /Applications/Xcode.app/Contents/Developer/Toolchains/XcodeDefault.xctoolchain/usr/lib/swift/iphoneos/prebuilt-modules/26.5/os.swiftmodule/arm64e-apple-ios.swiftmodule /Applications/Xcode.app/Contents/Developer/Toolchains/XcodeDefault.xctoolchain/usr/lib/swift/iphoneos/prebuilt-modules/26.5/CoreGraphics.swiftmodule/arm64e-apple-ios.swiftmodule /Applications/Xcode.app/Contents/Developer/Toolchains/XcodeDefault.xctoolchain/usr/lib/swift/iphoneos/prebuilt-modules/26.5/Combine.swiftmodule/arm64e-apple-ios.swiftmodule /Applications/Xcode.app/Contents/Developer/Toolchains/XcodeDefault.xctoolchain/usr/lib/swift/iphoneos/prebuilt-modules/26.5/_Builtin_float.swiftmodule/arm64e-apple-ios.swiftmodule /Applications/Xcode.app/Contents/Developer/Toolchains/XcodeDefault.xctoolchain/usr/lib/swift/iphoneos/prebuilt-modules/26.5/CoreAudio.swiftmodule/arm64e-apple-ios.swiftmodule /Applications/Xcode.app/Contents/Developer/Toolchains/XcodeDefault.xctoolchain/usr/lib/swift/iphoneos/prebuilt-modules/26.5/CoreMIDI.swiftmodule/arm64e-apple-ios.swiftmodule /Applications/Xcode.app/Contents/Developer/Toolchains/XcodeDefault.xctoolchain/usr/lib/swift/iphoneos/prebuilt-modules/26.5/LocalAuthentication.swiftmodule/arm64e-apple-ios.swiftmodule /Applications/Xcode.app/Contents/Developer/Toolchains/XcodeDefault.xctoolchain/usr/lib/swift/iphoneos/prebuilt-modules/26.5/Darwin.swiftmodule/arm64e-apple-ios.swiftmodule /Applications/Xcode.app/Contents/Developer/Toolchains/XcodeDefault.xctoolchain/usr/lib/swift/iphoneos/prebuilt-modules/26.5/ObjectiveC.swiftmodule/arm64e-apple-ios.swiftmodule /Users/mh/orca/workspaces/sonar-live-audio/build/release/UnsignedDerivedData/Build/Products/Release-iphoneos/Crypto.swiftmodule/arm64-apple-ios.swiftmodule /Applications/Xcode.app/Contents/Developer/Toolchains/XcodeDefault.xctoolchain/usr/lib/swift/iphoneos/prebuilt-modules/26.5/_Concurrency.swiftmodule/arm64e-apple-ios.swiftmodule /Applications/Xcode.app/Contents/Developer/Toolchains/XcodeDefault.xctoolchain/usr/lib/swift/iphoneos/prebuilt-modules/26.5/_DarwinFoundation1.swiftmodule/arm64e-apple-ios.swiftmodule /Applications/Xcode.app/Contents/Developer/Toolchains/XcodeDefault.xctoolchain/usr/lib/swift/iphoneos/prebuilt-modules/26.5/Synchronization.swiftmodule/arm64e-apple-ios.swiftmodule /Users/mh/orca/workspaces/sonar-live-audio/build/release/UnsignedDerivedData/ModuleCache.noindex/_DarwinFoundation3-46IOTLTOYRK0DZOPNWQREATT2.pcm /Users/mh/orca/workspaces/sonar-live-audio/build/release/UnsignedDerivedData/ModuleCache.noindex/os_object-63ZI6FZSNOFVR5QR3CGKGF165.pcm /Users/mh/orca/workspaces/sonar-live-audio/build/release/UnsignedDerivedData/ModuleCache.noindex/ImageIO-7N52LI4IC4OIU0KZEPQB9OJ3M.pcm /Users/mh/orca/workspaces/sonar-live-audio/build/release/UnsignedDerivedData/ModuleCache.noindex/OSLog-DSJ8LUVNPBN2YD2QVTE4YE0Z3.pcm /Users/mh/orca/workspaces/sonar-live-audio/build/release/UnsignedDerivedData/ModuleCache.noindex/ptrcheck-A3OZRMAKOO8LEVDIFKG8X5TEK.pcm /Users/mh/orca/workspaces/sonar-live-audio/build/release/UnsignedDerivedData/ModuleCache.noindex/Dispatch-9DNL28EIRQE17TSDTJOMUM34V.pcm /Users/mh/orca/workspaces/sonar-live-audio/build/release/UnsignedDerivedData/ModuleCache.noindex/LocalAuthentication-14UNH9505QKVX0YGFR24U4VSS.pcm /Users/mh/orca/workspaces/sonar-live-audio/build/release/UnsignedDerivedData/ModuleCache.noindex/CoreAudio-2VQTZ4YG93GH4EPGZZ41GWM53.pcm /Users/mh/orca/workspaces/sonar-live-audio/build/release/UnsignedDerivedData/ModuleCache.noindex/ptrauth-5IJMPSFIJGG12IT8FMU1HNV89.pcm /Users/mh/orca/workspaces/sonar-live-audio/build/release/UnsignedDerivedData/ModuleCache.noindex/_Builtin_float-1MDSCWQSDHU7R0TUPV35IAHNU.pcm /Users/mh/orca/workspaces/sonar-live-audio/build/release/UnsignedDerivedData/ModuleCache.noindex/AVFoundation-EFUSPECLK8FWN2FLFRII916MF.pcm /Users/mh/orca/workspaces/sonar-live-audio/build/release/UnsignedDerivedData/ModuleCache.noindex/dnssd-22VGI6F10GC5KMTAFQ7453X0N.pcm /Users/mh/orca/workspaces/sonar-live-audio/build/release/UnsignedDerivedData/ModuleCache.noindex/os-EAD0JWAZVDTYJD293S327DFXM.pcm /Users/mh/orca/workspaces/sonar-live-audio/build/release/UnsignedDerivedData/ModuleCache.noindex/ObjectiveC-3C293U2OU6ABMWW6CWYQ6576E.pcm /Users/mh/orca/workspaces/sonar-live-audio/build/release/UnsignedDerivedData/ModuleCache.noindex/AVRouting-9I4G003J597TU38VXZPT7HVB6.pcm /Users/mh/orca/workspaces/sonar-live-audio/build/release/UnsignedDerivedData/ModuleCache.noindex/_Builtin_intrinsics-8UO184M3MI29NBNY0E6TOHVY4.pcm /Users/mh/orca/workspaces/sonar-live-audio/build/release/UnsignedDerivedData/ModuleCache.noindex/_Builtin_limits-DZJCFU4KW5OPS0LL2T3G57ACG.pcm /Users/mh/orca/workspaces/sonar-live-audio/build/release/UnsignedDerivedData/ModuleCache.noindex/MachO-A23YYRUEZETEIJLJCDWGJC5TU.pcm /Users/mh/orca/workspaces/sonar-live-audio/build/release/UnsignedDerivedData/ModuleCache.noindex/XPC-5W4CRXC9J5WEMLEA5HVTQ1N9U.pcm /Users/mh/orca/workspaces/sonar-live-audio/build/release/UnsignedDerivedData/ModuleCache.noindex/OpenGLES-6TAHXW7X7DT1LCN4YB5Z54C6Q.pcm /Users/mh/orca/workspaces/sonar-live-audio/build/release/UnsignedDerivedData/ModuleCache.noindex/_Builtin_stdarg-EOR2B2JZW9HHDEQS4XINQVGHH.pcm /Users/mh/orca/workspaces/sonar-live-audio/build/release/UnsignedDerivedData/ModuleCache.noindex/Foundation-5B099HC0G2GL8SP7E5YH72EXC.pcm /Users/mh/orca/workspaces/sonar-live-audio/build/release/UnsignedDerivedData/ModuleCache.noindex/_Builtin_inttypes-6S8F8IHP3XON1A8RI9T67SMAI.pcm /Users/mh/orca/workspaces/sonar-live-audio/build/release/UnsignedDerivedData/ModuleCache.noindex/_Builtin_tgmath-9PZPT4TOFEFE8Z7FEAK5515Y1.pcm /Users/mh/orca/workspaces/sonar-live-audio/build/release/UnsignedDerivedData/ModuleCache.noindex/IOSurface-177LCRGILYF5ERGAUI94J9Q0H.pcm /Users/mh/orca/workspaces/sonar-live-audio/build/release/UnsignedDerivedData/ModuleCache.noindex/_DarwinFoundation2-EP6TCP3HSN1UOYDIF75R46GLT.pcm /Users/mh/orca/workspaces/sonar-live-audio/build/release/UnsignedDerivedData/ModuleCache.noindex/simd-D6QA6SS9HC7WEWD0KMOZV0025.pcm /Users/mh/orca/workspaces/sonar-live-audio/build/release/UnsignedDerivedData/ModuleCache.noindex/_Builtin_stdint-AM83YWY2DK3BOMI4751MOGQJD.pcm /Users/mh/orca/workspaces/sonar-live-audio/build/release/UnsignedDerivedData/ModuleCache.noindex/QuartzCore-A8334804XPX0UO5X1IHPTV1VO.pcm /Users/mh/orca/workspaces/sonar-live-audio/build/release/UnsignedDerivedData/ModuleCache.noindex/CoreImage-EQNWBC111NPHORKWZITRT7IAJ.pcm /Users/mh/orca/workspaces/sonar-live-audio/build/release/UnsignedDerivedData/ModuleCache.noindex/AudioToolbox-65YI2VBDTHG2KTUREVN5PNA4A.pcm /Users/mh/orca/workspaces/sonar-live-audio/build/release/UnsignedDerivedData/ModuleCache.noindex/Security-9T84C26VLZZM8VS65F6G1HBX.pcm /Users/mh/orca/workspaces/sonar-live-audio/build/release/UnsignedDerivedData/ModuleCache.noindex/SwiftShims-90WM27EDY7F562CFXGAL31XHX.pcm /Users/mh/orca/workspaces/sonar-live-audio/build/release/UnsignedDerivedData/ModuleCache.noindex/CoreVideo-55FDH53OJDH34NP6SCIHD37HU.pcm /Users/mh/orca/workspaces/sonar-live-audio/build/release/UnsignedDerivedData/ModuleCache.noindex/_Builtin_stdatomic-DWLG0TSJSOZDF7AROEWBKK1RC.pcm /Users/mh/orca/workspaces/sonar-live-audio/build/release/UnsignedDerivedData/ModuleCache.noindex/Accelerate-6RXGD2WAY8BHD6ELUM1IMOFIS.pcm /Users/mh/orca/workspaces/sonar-live-audio/build/release/UnsignedDerivedData/ModuleCache.noindex/_Builtin_stdbool-6PAYWKRRIHZ2AIPHOBDGJB31.pcm /Users/mh/orca/workspaces/sonar-live-audio/build/release/UnsignedDerivedData/ModuleCache.noindex/NaturalLanguage-AHA8Q5GYML65F7EIPMC79XPPS.pcm /Users/mh/orca/workspaces/sonar-live-audio/build/release/UnsignedDerivedData/ModuleCache.noindex/_Builtin_stddef-5TYUNMYA9LUZI23SCHJ89C66U.pcm /Users/mh/orca/workspaces/sonar-live-audio/build/release/UnsignedDerivedData/ModuleCache.noindex/CoreAudioTypes-1NRZYXBTGR15HJOYKB0B7JRZH.pcm /Users/mh/orca/workspaces/sonar-live-audio/build/release/UnsignedDerivedData/ModuleCache.noindex/Network-85E63CG8C0WRZP3H6U6YNWNUO.pcm /Users/mh/orca/workspaces/sonar-live-audio/build/release/UnsignedDerivedData/ModuleCache.noindex/_SwiftConcurrencyShims-EW6CN1YQT43KK2G5PPHZVW0HF.pcm /Users/mh/orca/workspaces/sonar-live-audio/build/release/UnsignedDerivedData/Build/Intermediates.noindex/SwiftExplicitPrecompiledModules/yyjson-9KB2RRBIJCCEKEF8B86JJRZB9.pcm /Users/mh/orca/workspaces/sonar-live-audio/build/release/UnsignedDerivedData/ModuleCache.noindex/CFNetwork-21QYWO3BDI6SD30MQQOPUOXCS.pcm /Users/mh/orca/workspaces/sonar-live-audio/build/release/UnsignedDerivedData/ModuleCache.noindex/UniformTypeIdentifiers-4ENQAOFU069VLADRK7HHODJVK.pcm /Users/mh/orca/workspaces/sonar-live-audio/build/release/UnsignedDerivedData/ModuleCache.noindex/_DarwinFoundation1-3JZHIYDFUDNL8QGFUKJHJ0ZV.pcm /Users/mh/orca/workspaces/sonar-live-audio/build/release/UnsignedDerivedData/ModuleCache.noindex/CoreMedia-AJA17VFYJV9BBONLNCQ7DEZI8.pcm /Users/mh/orca/workspaces/sonar-live-audio/build/release/UnsignedDerivedData/ModuleCache.noindex/Metal-90QW77JQ3J25NMCKOQ1IDRMMP.pcm /Users/mh/orca/workspaces/sonar-live-audio/build/release/UnsignedDerivedData/ModuleCache.noindex/Darwin-CYRI8T0EMS4QKLQNSN9IZ5R3Q.pcm /Users/mh/orca/workspaces/sonar-live-audio/build/release/UnsignedDerivedData/ModuleCache.noindex/AVFAudio-EXUSZ8XM5PTI7S4EXAX67C63P.pcm /Users/mh/orca/workspaces/sonar-live-audio/build/release/UnsignedDerivedData/ModuleCache.noindex/_AvailabilityInternal-9Q8IA1U1GT8MAWG17R4WCZMFY.pcm /Users/mh/orca/workspaces/sonar-live-audio/build/release/UnsignedDerivedData/ModuleCache.noindex/MediaToolbox-ETX6P4J7IZWRYB50Y5TH5Y1I3.pcm /Users/mh/orca/workspaces/sonar-live-audio/build/release/UnsignedDerivedData/ModuleCache.noindex/CoreMIDI-BNDVG01XJ1MPVP8Y141V1IZDH.pcm /Users/mh/orca/workspaces/sonar-live-audio/build/release/UnsignedDerivedData/ModuleCache.noindex/os_workgroup-BBER7V0N1DFW4VDUUFKONC35X.pcm /Users/mh/orca/workspaces/sonar-live-audio/build/release/UnsignedDerivedData/ModuleCache.noindex/sys_types-BU93AU76608V2QSR2IV73G1NL.pcm /Users/mh/orca/workspaces/sonar-live-audio/build/release/UnsignedDerivedData/ModuleCache.noindex/CoreFoundation-26MN57JT1T950NNGFNUW4GN4Z.pcm /Users/mh/orca/workspaces/sonar-live-audio/build/release/UnsignedDerivedData/ModuleCache.noindex/CoreML-8QW3BYBCOQOBUKT6S5ZDY77ZK.pcm /Users/mh/orca/workspaces/sonar-live-audio/build/release/UnsignedDerivedData/ModuleCache.noindex/CoreGraphics-2ORIFOSGVMIE71VQ41Y4JSS9T.pcm /Users/mh/orca/workspaces/sonar-live-audio/build/release/UnsignedDerivedData/Build/Intermediates.noindex/whisperkit.build/Release-iphoneos/WhisperKit.build/Objects-normal/arm64/WhisperKit-dependencies-1.json (in target 'WhisperKit' from project 'whisperkit')

CompileSwift normal arm64 (in target 'WhisperKit' from project 'whisperkit')
    cd /Users/mh/orca/workspaces/sonar-live-audio/Sonar.xcodeproj
    

SwiftDriverJobDiscovery normal arm64 Compiling AudioChunker.swift, AudioProcessor.swift, AudioStreamTranscriber.swift, EnergyVAD.swift, VoiceActivityDetector.swift, AudioEncoder.swift, Configurations.swift, FeatureExtractor.swift, Models.swift, LogitsFilter.swift, SegmentSeeker.swift, TokenSampler.swift, TextDecoder.swift, TranscribeTask.swift, WhisperKit.swift, Concurrency.swift, Extensions+Internal.swift, Extensions+Public.swift, Logging.swift, ModelUtilities.swift, ResultWriter.swift, TextUtilities.swift, TranscriptionUtilities.swift, WhisperError.swift (in target 'WhisperKit' from project 'whisperkit')

SwiftDriver\ Compilation\ Requirements WhisperKit normal arm64 com.apple.xcode.tools.swift.compiler (in target 'WhisperKit' from project 'whisperkit')
    cd /Users/mh/orca/workspaces/sonar-live-audio/Sonar.xcodeproj
    builtin-Swift-Compilation-Requirements -- /Applications/Xcode.app/Contents/Developer/Toolchains/XcodeDefault.xctoolchain/usr/bin/swiftc -module-name WhisperKit -O -whole-module-optimization @/Users/mh/orca/workspaces/sonar-live-audio/build/release/UnsignedDerivedData/Build/Intermediates.noindex/whisperkit.build/Release-iphoneos/WhisperKit.build/Objects-normal/arm64/WhisperKit.SwiftFileList -DSWIFT_PACKAGE -DSWIFT_MODULE_RESOURCE_BUNDLE_UNAVAILABLE -Xcc -fmodule-map-file\=/Users/mh/orca/workspaces/sonar-live-audio/build/release/UnsignedDerivedData/Build/Intermediates.noindex/GeneratedModuleMaps-iphoneos/yyjson.modulemap -DXcode -plugin-path /Applications/Xcode.app/Contents/Developer/Toolchains/XcodeDefault.xctoolchain/usr/lib/swift/host/plugins/testing -enable-experimental-feature DebugDescriptionMacro -sdk /Applications/Xcode.app/Contents/Developer/Platforms/iPhoneOS.platform/Developer/SDKs/iPhoneOS26.5.sdk -target arm64-apple-ios16.0 -g -module-cache-path /Users/mh/orca/workspaces/sonar-live-audio/build/release/UnsignedDerivedData/ModuleCache.noindex -Xfrontend -serialize-debugging-options -suppress-warnings -swift-version 5 -I /Users/mh/orca/workspaces/sonar-live-audio/build/release/UnsignedDerivedData/Build/Products/Release-iphoneos -Isystem /Applications/Xcode.app/Contents/Developer/Platforms/iPhoneOS.platform/Developer/usr/lib -F /Users/mh/orca/workspaces/sonar-live-audio/build/release/UnsignedDerivedData/Build/Products/Release-iphoneos/PackageFrameworks -F /Users/mh/orca/workspaces/sonar-live-audio/build/release/UnsignedDerivedData/Build/Products/Release-iphoneos/PackageFrameworks -F /Users/mh/orca/workspaces/sonar-live-audio/build/release/UnsignedDerivedData/Build/Products/Release-iphoneos/PackageFrameworks -F /Users/mh/orca/workspaces/sonar-live-audio/build/release/UnsignedDerivedData/Build/Products/Release-iphoneos/PackageFrameworks -F /Users/mh/orca/workspaces/sonar-live-audio/build/release/UnsignedDerivedData/Build/Products/Release-iphoneos/PackageFrameworks -F /Users/mh/orca/workspaces/sonar-live-audio/build/release/UnsignedDerivedData/Build/Products/Release-iphoneos/PackageFrameworks -F /Users/mh/orca/workspaces/sonar-live-audio/build/release/UnsignedDerivedData/Build/Products/Release-iphoneos/PackageFrameworks -F /Users/mh/orca/workspaces/sonar-live-audio/build/release/UnsignedDerivedData/Build/Products/Release-iphoneos/PackageFrameworks -F /Users/mh/orca/workspaces/sonar-live-audio/build/release/UnsignedDerivedData/Build/Products/Release-iphoneos -F /Applications/Xcode.app/Contents/Developer/Platforms/iPhoneOS.platform/Developer/Library/Frameworks -F /Applications/Xcode.app/Contents/Developer/Platforms/iPhoneOS.platform/Developer/SDKs/iPhoneOS26.5.sdk/Developer/Library/Frameworks -c -num-threads 14 -Xcc -ivfsstatcache -Xcc /Users/mh/orca/workspaces/sonar-live-audio/build/release/UnsignedDerivedData/SDKStatCaches.noindex/iphoneos26.5-23F81a-32daed1954a7d5dd0789fcaf2a9bb78b.sdkstatcache -output-file-map /Users/mh/orca/workspaces/sonar-live-audio/build/release/UnsignedDerivedData/Build/Intermediates.noindex/whisperkit.build/Release-iphoneos/WhisperKit.build/Objects-normal/arm64/WhisperKit-OutputFileMap.json -use-frontend-parseable-output -save-temps -no-color-diagnostics -explicit-module-build -module-cache-path /Users/mh/orca/workspaces/sonar-live-audio/build/release/UnsignedDerivedData/Build/Intermediates.noindex/SwiftExplicitPrecompiledModules -clang-scanner-module-cache-path /Users/mh/orca/workspaces/sonar-live-audio/build/release/UnsignedDerivedData/ModuleCache.noindex -sdk-module-cache-path /Users/mh/orca/workspaces/sonar-live-audio/build/release/UnsignedDerivedData/ModuleCache.noindex -serialize-diagnostics -emit-dependencies -emit-module -emit-module-path /Users/mh/orca/workspaces/sonar-live-audio/build/release/UnsignedDerivedData/Build/Intermediates.noindex/whisperkit.build/Release-iphoneos/WhisperKit.build/Objects-normal/arm64/WhisperKit.swiftmodule -validate-clang-modules-once -clang-build-session-file /Users/mh/orca/workspaces/sonar-live-audio/build/release/UnsignedDerivedData/ModuleCache.noindex/Session.modulevalidation -package-name argmax_oss_swift -Xcc -I/Users/mh/orca/workspaces/sonar-live-audio/build/release/UnsignedDerivedData/Build/Intermediates.noindex/whisperkit.build/Release-iphoneos/WhisperKit.build/swift-overrides.hmap -emit-const-values -Xfrontend -const-gather-protocols-file -Xfrontend /Users/mh/orca/workspaces/sonar-live-audio/build/release/UnsignedDerivedData/Build/Intermediates.noindex/whisperkit.build/Release-iphoneos/WhisperKit.build/Objects-normal/arm64/WhisperKit_const_extract_protocols.json -Xcc -I/Users/mh/orca/workspaces/sonar-live-audio/build/release/UnsignedDerivedData/SourcePackages/checkouts/yyjson/src -Xcc -I/Users/mh/orca/workspaces/sonar-live-audio/build/release/UnsignedDerivedData/Build/Products/Release-iphoneos/include -Xcc -I/Users/mh/orca/workspaces/sonar-live-audio/build/release/UnsignedDerivedData/Build/Intermediates.noindex/whisperkit.build/Release-iphoneos/WhisperKit.build/DerivedSources-normal/arm64 -Xcc -I/Users/mh/orca/workspaces/sonar-live-audio/build/release/UnsignedDerivedData/Build/Intermediates.noindex/whisperkit.build/Release-iphoneos/WhisperKit.build/DerivedSources/arm64 -Xcc -I/Users/mh/orca/workspaces/sonar-live-audio/build/release/UnsignedDerivedData/Build/Intermediates.noindex/whisperkit.build/Release-iphoneos/WhisperKit.build/DerivedSources -Xcc -DSWIFT_PACKAGE -emit-objc-header -emit-objc-header-path /Users/mh/orca/workspaces/sonar-live-audio/build/release/UnsignedDerivedData/Build/Intermediates.noindex/whisperkit.build/Release-iphoneos/WhisperKit.build/Objects-normal/arm64/WhisperKit-Swift.h -working-directory /Users/mh/orca/workspaces/sonar-live-audio/Sonar.xcodeproj -no-emit-module-separately-wmo

SwiftMergeGeneratedHeaders /Users/mh/orca/workspaces/sonar-live-audio/build/release/UnsignedDerivedData/Build/Intermediates.noindex/GeneratedModuleMaps-iphoneos/WhisperKit-Swift.h /Users/mh/orca/workspaces/sonar-live-audio/build/release/UnsignedDerivedData/Build/Intermediates.noindex/whisperkit.build/Release-iphoneos/WhisperKit.build/Objects-normal/arm64/WhisperKit-Swift.h (in target 'WhisperKit' from project 'whisperkit')
    cd /Users/mh/orca/workspaces/sonar-live-audio/build/release/UnsignedDerivedData/SourcePackages/checkouts/argmax-oss-swift
    builtin-swiftHeaderTool -arch arm64 /Users/mh/orca/workspaces/sonar-live-audio/build/release/UnsignedDerivedData/Build/Intermediates.noindex/whisperkit.build/Release-iphoneos/WhisperKit.build/Objects-normal/arm64/WhisperKit-Swift.h -o /Users/mh/orca/workspaces/sonar-live-audio/build/release/UnsignedDerivedData/Build/Intermediates.noindex/GeneratedModuleMaps-iphoneos/WhisperKit-Swift.h

Copy /Users/mh/orca/workspaces/sonar-live-audio/build/release/UnsignedDerivedData/Build/Products/Release-iphoneos/WhisperKit.swiftmodule/arm64-apple-ios.abi.json /Users/mh/orca/workspaces/sonar-live-audio/build/release/UnsignedDerivedData/Build/Intermediates.noindex/whisperkit.build/Release-iphoneos/WhisperKit.build/Objects-normal/arm64/WhisperKit.abi.json (in target 'WhisperKit' from project 'whisperkit')
    cd /Users/mh/orca/workspaces/sonar-live-audio/build/release/UnsignedDerivedData/SourcePackages/checkouts/argmax-oss-swift
    builtin-copy -exclude .DS_Store -exclude CVS -exclude .svn -exclude .git -exclude .hg -strip-unsigned-binaries -strip-deterministic -strip-tool /Applications/Xcode.app/Contents/Developer/Toolchains/XcodeDefault.xctoolchain/usr/bin/strip -resolve-src-symlinks -rename /Users/mh/orca/workspaces/sonar-live-audio/build/release/UnsignedDerivedData/Build/Intermediates.noindex/whisperkit.build/Release-iphoneos/WhisperKit.build/Objects-normal/arm64/WhisperKit.abi.json /Users/mh/orca/workspaces/sonar-live-audio/build/release/UnsignedDerivedData/Build/Products/Release-iphoneos/WhisperKit.swiftmodule/arm64-apple-ios.abi.json

Copy /Users/mh/orca/workspaces/sonar-live-audio/build/release/UnsignedDerivedData/Build/Products/Release-iphoneos/WhisperKit.swiftmodule/arm64-apple-ios.swiftdoc /Users/mh/orca/workspaces/sonar-live-audio/build/release/UnsignedDerivedData/Build/Intermediates.noindex/whisperkit.build/Release-iphoneos/WhisperKit.build/Objects-normal/arm64/WhisperKit.swiftdoc (in target 'WhisperKit' from project 'whisperkit')
    cd /Users/mh/orca/workspaces/sonar-live-audio/build/release/UnsignedDerivedData/SourcePackages/checkouts/argmax-oss-swift
    builtin-copy -exclude .DS_Store -exclude CVS -exclude .svn -exclude .git -exclude .hg -strip-unsigned-binaries -strip-deterministic -strip-tool /Applications/Xcode.app/Contents/Developer/Toolchains/XcodeDefault.xctoolchain/usr/bin/strip -resolve-src-symlinks -rename /Users/mh/orca/workspaces/sonar-live-audio/build/release/UnsignedDerivedData/Build/Intermediates.noindex/whisperkit.build/Release-iphoneos/WhisperKit.build/Objects-normal/arm64/WhisperKit.swiftdoc /Users/mh/orca/workspaces/sonar-live-audio/build/release/UnsignedDerivedData/Build/Products/Release-iphoneos/WhisperKit.swiftmodule/arm64-apple-ios.swiftdoc

Copy /Users/mh/orca/workspaces/sonar-live-audio/build/release/UnsignedDerivedData/Build/Products/Release-iphoneos/WhisperKit.swiftmodule/arm64-apple-ios.swiftmodule /Users/mh/orca/workspaces/sonar-live-audio/build/release/UnsignedDerivedData/Build/Intermediates.noindex/whisperkit.build/Release-iphoneos/WhisperKit.build/Objects-normal/arm64/WhisperKit.swiftmodule (in target 'WhisperKit' from project 'whisperkit')
    cd /Users/mh/orca/workspaces/sonar-live-audio/build/release/UnsignedDerivedData/SourcePackages/checkouts/argmax-oss-swift
    builtin-copy -exclude .DS_Store -exclude CVS -exclude .svn -exclude .git -exclude .hg -strip-unsigned-binaries -strip-deterministic -strip-tool /Applications/Xcode.app/Contents/Developer/Toolchains/XcodeDefault.xctoolchain/usr/bin/strip -resolve-src-symlinks -rename /Users/mh/orca/workspaces/sonar-live-audio/build/release/UnsignedDerivedData/Build/Intermediates.noindex/whisperkit.build/Release-iphoneos/WhisperKit.build/Objects-normal/arm64/WhisperKit.swiftmodule /Users/mh/orca/workspaces/sonar-live-audio/build/release/UnsignedDerivedData/Build/Products/Release-iphoneos/WhisperKit.swiftmodule/arm64-apple-ios.swiftmodule

Copy /Users/mh/orca/workspaces/sonar-live-audio/build/release/UnsignedDerivedData/Build/Products/Release-iphoneos/WhisperKit.swiftmodule/Project/arm64-apple-ios.swiftsourceinfo /Users/mh/orca/workspaces/sonar-live-audio/build/release/UnsignedDerivedData/Build/Intermediates.noindex/whisperkit.build/Release-iphoneos/WhisperKit.build/Objects-normal/arm64/WhisperKit.swiftsourceinfo (in target 'WhisperKit' from project 'whisperkit')
    cd /Users/mh/orca/workspaces/sonar-live-audio/build/release/UnsignedDerivedData/SourcePackages/checkouts/argmax-oss-swift
    builtin-copy -exclude .DS_Store -exclude CVS -exclude .svn -exclude .git -exclude .hg -strip-unsigned-binaries -strip-deterministic -strip-tool /Applications/Xcode.app/Contents/Developer/Toolchains/XcodeDefault.xctoolchain/usr/bin/strip -resolve-src-symlinks -rename /Users/mh/orca/workspaces/sonar-live-audio/build/release/UnsignedDerivedData/Build/Intermediates.noindex/whisperkit.build/Release-iphoneos/WhisperKit.build/Objects-normal/arm64/WhisperKit.swiftsourceinfo /Users/mh/orca/workspaces/sonar-live-audio/build/release/UnsignedDerivedData/Build/Products/Release-iphoneos/WhisperKit.swiftmodule/Project/arm64-apple-ios.swiftsourceinfo

Ld /Users/mh/orca/workspaces/sonar-live-audio/build/release/UnsignedDerivedData/Build/Products/Release-iphoneos/WhisperKit.o normal (in target 'WhisperKit' from project 'whisperkit')
    cd /Users/mh/orca/workspaces/sonar-live-audio/build/release/UnsignedDerivedData/SourcePackages/checkouts/argmax-oss-swift
    /Applications/Xcode.app/Contents/Developer/Toolchains/XcodeDefault.xctoolchain/usr/bin/clang -Xlinker -reproducible -target arm64-apple-ios16.0 -r -isysroot /Applications/Xcode.app/Contents/Developer/Platforms/iPhoneOS.platform/Developer/SDKs/iPhoneOS26.5.sdk -Os -w -F/Users/mh/orca/workspaces/sonar-live-audio/build/release/UnsignedDerivedData/Build/Intermediates.noindex/EagerLinkingTBDs/Release-iphoneos -F/Users/mh/orca/workspaces/sonar-live-audio/build/release/UnsignedDerivedData/Build/Products/Release-iphoneos/PackageFrameworks -F/Users/mh/orca/workspaces/sonar-live-audio/build/release/UnsignedDerivedData/Build/Products/Release-iphoneos/PackageFrameworks -F/Users/mh/orca/workspaces/sonar-live-audio/build/release/UnsignedDerivedData/Build/Products/Release-iphoneos/PackageFrameworks -F/Users/mh/orca/workspaces/sonar-live-audio/build/release/UnsignedDerivedData/Build/Products/Release-iphoneos/PackageFrameworks -F/Users/mh/orca/workspaces/sonar-live-audio/build/release/UnsignedDerivedData/Build/Products/Release-iphoneos/PackageFrameworks -F/Users/mh/orca/workspaces/sonar-live-audio/build/release/UnsignedDerivedData/Build/Products/Release-iphoneos/PackageFrameworks -F/Users/mh/orca/workspaces/sonar-live-audio/build/release/UnsignedDerivedData/Build/Products/Release-iphoneos/PackageFrameworks -F/Users/mh/orca/workspaces/sonar-live-audio/build/release/UnsignedDerivedData/Build/Products/Release-iphoneos/PackageFrameworks -F/Users/mh/orca/workspaces/sonar-live-audio/build/release/UnsignedDerivedData/Build/Products/Release-iphoneos -iframework /Applications/Xcode.app/Contents/Developer/Platforms/iPhoneOS.platform/Developer/Library/Frameworks -iframework /Applications/Xcode.app/Contents/Developer/Platforms/iPhoneOS.platform/Developer/SDKs/iPhoneOS26.5.sdk/Developer/Library/Frameworks -filelist /Users/mh/orca/workspaces/sonar-live-audio/build/release/UnsignedDerivedData/Build/Intermediates.noindex/whisperkit.build/Release-iphoneos/WhisperKit.build/Objects-normal/arm64/WhisperKit.LinkFileList -nostdlib -Xlinker -object_path_lto -Xlinker /Users/mh/orca/workspaces/sonar-live-audio/build/release/UnsignedDerivedData/Build/Intermediates.noindex/whisperkit.build/Release-iphoneos/WhisperKit.build/Objects-normal/arm64/WhisperKit_lto.o -Xlinker -dependency_info -Xlinker /Users/mh/orca/workspaces/sonar-live-audio/build/release/UnsignedDerivedData/Build/Intermediates.noindex/whisperkit.build/Release-iphoneos/WhisperKit.build/Objects-normal/arm64/WhisperKit_dependency_info.dat -fobjc-link-runtime -L/Applications/Xcode.app/Contents/Developer/Toolchains/XcodeDefault.xctoolchain/usr/lib/swift/iphoneos -L/usr/lib/swift -Xlinker -add_ast_path -Xlinker /Users/mh/orca/workspaces/sonar-live-audio/build/release/UnsignedDerivedData/Build/Intermediates.noindex/whisperkit.build/Release-iphoneos/WhisperKit.build/Objects-normal/arm64/WhisperKit.swiftmodule @/Users/mh/orca/workspaces/sonar-live-audio/build/release/UnsignedDerivedData/Build/Intermediates.noindex/whisperkit.build/Release-iphoneos/WhisperKit.build/Objects-normal/arm64/WhisperKit-linker-args.resp -o /Users/mh/orca/workspaces/sonar-live-audio/build/release/UnsignedDerivedData/Build/Products/Release-iphoneos/WhisperKit.o

ExtractAppIntentsMetadata (in target 'WhisperKit' from project 'whisperkit')
    cd /Users/mh/orca/workspaces/sonar-live-audio/build/release/UnsignedDerivedData/SourcePackages/checkouts/argmax-oss-swift
    /Applications/Xcode.app/Contents/Developer/Toolchains/XcodeDefault.xctoolchain/usr/bin/appintentsmetadataprocessor --toolchain-dir /Applications/Xcode.app/Contents/Developer/Toolchains/XcodeDefault.xctoolchain --module-name WhisperKit --sdk-root /Applications/Xcode.app/Contents/Developer/Platforms/iPhoneOS.platform/Developer/SDKs/iPhoneOS26.5.sdk --xcode-version 17F113 --platform-family iOS --deployment-target 16.0 --bundle-identifier argmax-oss-swift.WhisperKit --output /Users/mh/orca/workspaces/sonar-live-audio/build/release/UnsignedDerivedData/Build/Products/Release-iphoneos/WhisperKit.appintents --target-triple arm64-apple-ios16.0 --binary-file /Users/mh/orca/workspaces/sonar-live-audio/build/release/UnsignedDerivedData/Build/Products/Release-iphoneos/WhisperKit.o --dependency-file /Users/mh/orca/workspaces/sonar-live-audio/build/release/UnsignedDerivedData/Build/Intermediates.noindex/whisperkit.build/Release-iphoneos/WhisperKit.build/Objects-normal/arm64/WhisperKit_dependency_info.dat --stringsdata-file /Users/mh/orca/workspaces/sonar-live-audio/build/release/UnsignedDerivedData/Build/Intermediates.noindex/whisperkit.build/Release-iphoneos/WhisperKit.build/Objects-normal/arm64/ExtractedAppShortcutsMetadata.stringsdata --source-file-list /Users/mh/orca/workspaces/sonar-live-audio/build/release/UnsignedDerivedData/Build/Intermediates.noindex/whisperkit.build/Release-iphoneos/WhisperKit.build/Objects-normal/arm64/WhisperKit.SwiftFileList --metadata-file-list /Users/mh/orca/workspaces/sonar-live-audio/build/release/UnsignedDerivedData/Build/Intermediates.noindex/whisperkit.build/Release-iphoneos/WhisperKit.build/WhisperKit.DependencyMetadataFileList --static-metadata-file-list /Users/mh/orca/workspaces/sonar-live-audio/build/release/UnsignedDerivedData/Build/Intermediates.noindex/whisperkit.build/Release-iphoneos/WhisperKit.build/WhisperKit.DependencyStaticMetadataFileList --swift-const-vals-list /Users/mh/orca/workspaces/sonar-live-audio/build/release/UnsignedDerivedData/Build/Intermediates.noindex/whisperkit.build/Release-iphoneos/WhisperKit.build/Objects-normal/arm64/WhisperKit.SwiftConstValuesFileList --force --compile-time-extraction --deployment-aware-processing --validate-assistant-intents --no-app-shortcuts-localization
2026-08-10 00:28:53.794 appintentsmetadataprocessor[74766:2290120] Starting appintentsmetadataprocessor export
2026-08-10 00:28:53.800 appintentsmetadataprocessor[74766:2290120] Extracted no relevant App Intents symbols, skipping writing output

RegisterExecutionPolicyException /Users/mh/orca/workspaces/sonar-live-audio/build/release/UnsignedDerivedData/Build/Products/Release-iphoneos/WhisperKit.o (in target 'WhisperKit' from project 'whisperkit')
    cd /Users/mh/orca/workspaces/sonar-live-audio/build/release/UnsignedDerivedData/SourcePackages/checkouts/argmax-oss-swift
    builtin-RegisterExecutionPolicyException /Users/mh/orca/workspaces/sonar-live-audio/build/release/UnsignedDerivedData/Build/Products/Release-iphoneos/WhisperKit.o

SwiftDriverJobDiscovery normal arm64 Compiling resource_bundle_accessor.swift, Agent.swift, Message.swift, MessageReceiver.swift, TranscriptionDelegateReceiver.swift, TranscriptionStreamReceiver.swift, MessageSender.swift, TextMessageSender.swift, Participant+Agent.swift, Room+Agent.swift, Session.swift, SessionOptions.swift, AudioDeviceModuleDelegateAdapter.swift, AudioEngineObserver.swift, AudioSessionEngineObserver.swift, AudioManager+ModuleType.swift, AudioManager+MuteMode.swift, AudioManager+Testing.swift, AudioManager.swift, MixerEngineObserver.swift, PlayerNodePool.swift, SoundPlayer+Types.swift, SoundPlayer.swift, BroadcastBundleInfo.swift, BroadcastManager.swift, BroadcastScreenCapturer.swift, BroadcastAudioCodec.swift, BroadcastIPCHeader.swift, BroadcastImageCodec.swift, BroadcastReceiver.swift, BroadcastUploader.swift, IPCChannel.swift, IPCProtocol.swift, SocketPath.swift, LKSampleHandler.swift, DarwinNotificationCenter.swift, AudioProcessing.swift, DataChannelPair.swift, PreConnectAudioBuffer.swift, RPC.swift, RTC.swift, RegionManager.swift, Room+Convenience.swift, Room+DataStream.swift, Room+Debug.swift, Room+Engine.swift, Room+EngineDelegate.swift, Room+MulticastDelegate.swift, Room+PreConnect.swift, Room+RPC.swift, Room+Region.swift, Room+SignalClientDelegate.swift, Room+TransportDelegate.swift, Room.swift, SignalClient.swift, Transport.swift, TransportMode.swift, FileInfo.swift, ByteStreamReader.swift, IncomingStreamManager.swift, StreamReaderSource.swift, TextStreamReader.swift, ByteStreamWriter.swift, OutgoingStreamManager.swift, StreamData.swift, StreamWriterDestination.swift, TextStreamWriter.swift, StreamError.swift, StreamInfo.swift, StreamOptions.swift, E2EEManager.swift, KeyProvider.swift, Options.swift, Protos+E2EE.swift, State.swift, Errors.swift, AVAudioPCMBuffer.swift, AVCaptureDevice.swift, AsyncSequence.swift, CGFloat.swift, Codable.swift, CoreImage.swift, CustomStringConvertible.swift, DispatchQueue.swift, LKRTCRtpSender.swift, PixelBuffer.swift, Primitives.swift, RTCConfiguration.swift, RTCDataChannel+Util.swift, RTCI420Buffer.swift, RTCMediaConstraints.swift, RTCRtpTransceiver.swift, RTCVideoCapturerDelegate+Buffer.swift, Sendable.swift, String.swift, TimeInterval.swift, URL.swift, LiveKit+DeviceHelpers.swift, LiveKit.swift, LocalParticipant+DataStream.swift, LocalParticipant+RPC.swift, LocalParticipant.swift, Participant+Convenience.swift, Participant+Equatable.swift, Participant+Identifiable.swift, Participant+Kind.swift, Participant+MulticastDelegate.swift, Participant.swift, RemoteParticipant+Active.swift, RemoteParticipant.swift, AudioCustomProcessingDelegate.swift, AudioRenderer.swift, MediaEncoding.swift, Mirrorable.swift, NextInvokable.swift, ParticipantDelegate.swift, RoomDelegate.swift, SignalClientDelegate.swift, TrackDelegate.swift, TransportDelegate.swift, VideoProcessor.swift, VideoRenderer.swift, VideoViewDelegate.swift, livekit_metrics.pb.swift, livekit_models.pb.swift, livekit_rtc.pb.swift, AppStateListener.swift, AsyncCompleter.swift, AsyncDebounce.swift, AsyncFileStream.swift, AsyncRetry.swift, AsyncSequence+Subscribe.swift, AsyncSerialDelegate.swift, AsyncTimer.swift, AsyncTryMapSequence.swift, ObservableObject+.swift, AVAudioPCMRingBuffer.swift, AudioConverter.swift, AudioMixRecorder.swift, AudioPlayerRenderer.swift, FFTProcessor.swift, Deque.swift, MapTable.swift, OrderedDictionary.swift, OrderedSet.swift, RingBuffer.swift, TTLDictionary.swift, Global.swift, Logger.swift, MulticastDelegate.swift, ConnectivityListener.swift, HTTP.swift, WebSocket.swift, QueueActor.swift, SerialRunnerActor.swift, Stopwatch.swift, Locks.swift, StateSync.swift, Utils.swift, ValueOrAbsent.swift, DeviceManager.swift, NativeView.swift, NativeViewRepresentable.swift, TextView.swift, LocalMedia.swift, SwiftUIAudioRoutePickerButton.swift, SwiftUIVideoView.swift, TrackDelegateObserver.swift, CachingTokenSource.swift, EndpointTokenSource.swift, LiteralTokenSource.swift, SandboxTokenSource.swift, TokenSource.swift, AudioTrack.swift, ARCameraCapturer.swift, BufferCapturer.swift, CameraCapturer.swift, InAppCapturer.swift, MacOSScreenCapturer.swift, VideoCapturer+MulticastDelegate.swift, VideoCapturer.swift, LocalAudioTrack.swift, LocalTrack.swift, LocalVideoTrack.swift, MetricsManager.swift, LocalAudioTrackRecorder.swift, RemoteAudioTrack.swift, RemoteTrack.swift, RemoteVideoTrack.swift, Extensions.swift, Track+Equatable.swift, Track+MulticastDelegate.swift, Track.swift, VideoTrack.swift, LocalTrackPublication.swift, RemoteTrackPublication.swift, TrackPublication+Equatable.swift, TrackPublication+Identifiable.swift, TrackPublication.swift, AttributeTypings.swift, AudioBuffer.swift, AudioDevice.swift, AudioDuckingLevel.swift, AudioEncoding+Comparable.swift, AudioEncoding.swift, AudioEngineAvailability.swift, AudioSessionConfiguration.swift, Codec.swift, VideoCodec.swift, ConnectionQuality.swift, ConnectionState.swift, DegradationPreference.swift, Dimensions.swift, IceCandidate.swift, IceServer.swift, IceTransportPolicy.swift, MediaDevice.swift, ARCameraCaptureOptions.swift, AudioCaptureOptions.swift, AudioPublishOptions.swift, BufferCaptureOptions.swift, CameraCaptureOptions+Copy.swift, CameraCaptureOptions.swift, CaptureOptions.swift, ConnectOptions+Copy.swift, ConnectOptions.swift, DataPublishOptions.swift, PublishOptions.swift, RoomOptions.swift, ScreenShareCaptureOptions.swift, VideoCaptureOptions.swift, VideoPublishOptions.swift, Participant+Types.swift, ParticipantPermissions.swift, ParticipantState.swift, ParticipantTrackPermission.swift, Priority.swift, ProtocolVersion.swift, RegionInfo.swift, Room+Types.swift, RoomConfiguration.swift, ScalabilityMode.swift, SessionDescription.swift, SpeechActivityEvent.swift, Statistics.swift, Track+Types.swift, TrackSettings.swift, TrackSource.swift, TrackStatistics.swift, TrackStreamState.swift, TrackType.swift, TranscriptionSegment.swift, VideoEncoding+Comparable.swift, VideoEncoding.swift, VideoFrame.swift, VideoParameters+Comparable.swift, VideoParameters.swift, VideoQuality.swift, VideoRotation.swift, BackgroundBlurVideoProcessor.swift, SampleBufferVideoRenderer.swift, VideoView+MulticastDelegate.swift, VideoView+PinchToZoom.swift, VideoView.swift (in target 'LiveKit' from project 'LiveKit')

SwiftDriver\ Compilation\ Requirements LiveKit normal arm64 com.apple.xcode.tools.swift.compiler (in target 'LiveKit' from project 'LiveKit')
    cd /Users/mh/orca/workspaces/sonar-live-audio/Sonar.xcodeproj
    builtin-Swift-Compilation-Requirements -- /Applications/Xcode.app/Contents/Developer/Toolchains/XcodeDefault.xctoolchain/usr/bin/swiftc -module-name LiveKit -O -whole-module-optimization @/Users/mh/orca/workspaces/sonar-live-audio/build/release/UnsignedDerivedData/Build/Intermediates.noindex/LiveKit.build/Release-iphoneos/LiveKit.build/Objects-normal/arm64/LiveKit.SwiftFileList -DSWIFT_PACKAGE -DSWIFT_MODULE_RESOURCE_BUNDLE_AVAILABLE -Xcc -fmodule-map-file\=/Users/mh/orca/workspaces/sonar-live-audio/build/release/UnsignedDerivedData/Build/Intermediates.noindex/GeneratedModuleMaps-iphoneos/LKObjCHelpers.modulemap -DXcode -enable-experimental-feature AccessLevelOnImport -plugin-path /Applications/Xcode.app/Contents/Developer/Toolchains/XcodeDefault.xctoolchain/usr/lib/swift/host/plugins/testing -enable-experimental-feature DebugDescriptionMacro -sdk /Applications/Xcode.app/Contents/Developer/Platforms/iPhoneOS.platform/Developer/SDKs/iPhoneOS26.5.sdk -target arm64-apple-ios13.0 -g -module-cache-path /Users/mh/orca/workspaces/sonar-live-audio/build/release/UnsignedDerivedData/ModuleCache.noindex -Xfrontend -serialize-debugging-options -suppress-warnings -swift-version 6 -I /Users/mh/orca/workspaces/sonar-live-audio/build/release/UnsignedDerivedData/Build/Products/Release-iphoneos -Isystem /Applications/Xcode.app/Contents/Developer/Platforms/iPhoneOS.platform/Developer/usr/lib -F /Users/mh/orca/workspaces/sonar-live-audio/build/release/UnsignedDerivedData/Build/Products/Release-iphoneos/PackageFrameworks -F /Users/mh/orca/workspaces/sonar-live-audio/build/release/UnsignedDerivedData/Build/Products/Release-iphoneos/PackageFrameworks -F /Users/mh/orca/workspaces/sonar-live-audio/build/release/UnsignedDerivedData/Build/Products/Release-iphoneos/PackageFrameworks -F /Users/mh/orca/workspaces/sonar-live-audio/build/release/UnsignedDerivedData/Build/Products/Release-iphoneos -F /Applications/Xcode.app/Contents/Developer/Platforms/iPhoneOS.platform/Developer/Library/Frameworks -F /Applications/Xcode.app/Contents/Developer/Platforms/iPhoneOS.platform/Developer/SDKs/iPhoneOS26.5.sdk/Developer/Library/Frameworks -c -num-threads 14 -Xcc -ivfsstatcache -Xcc /Users/mh/orca/workspaces/sonar-live-audio/build/release/UnsignedDerivedData/SDKStatCaches.noindex/iphoneos26.5-23F81a-32daed1954a7d5dd0789fcaf2a9bb78b.sdkstatcache -output-file-map /Users/mh/orca/workspaces/sonar-live-audio/build/release/UnsignedDerivedData/Build/Intermediates.noindex/LiveKit.build/Release-iphoneos/LiveKit.build/Objects-normal/arm64/LiveKit-OutputFileMap.json -use-frontend-parseable-output -save-temps -no-color-diagnostics -explicit-module-build -module-cache-path /Users/mh/orca/workspaces/sonar-live-audio/build/release/UnsignedDerivedData/Build/Intermediates.noindex/SwiftExplicitPrecompiledModules -clang-scanner-module-cache-path /Users/mh/orca/workspaces/sonar-live-audio/build/release/UnsignedDerivedData/ModuleCache.noindex -sdk-module-cache-path /Users/mh/orca/workspaces/sonar-live-audio/build/release/UnsignedDerivedData/ModuleCache.noindex -serialize-diagnostics -emit-dependencies -emit-module -emit-module-path /Users/mh/orca/workspaces/sonar-live-audio/build/release/UnsignedDerivedData/Build/Intermediates.noindex/LiveKit.build/Release-iphoneos/LiveKit.build/Objects-normal/arm64/LiveKit.swiftmodule -user-module-version 2.13.0 -validate-clang-modules-once -clang-build-session-file /Users/mh/orca/workspaces/sonar-live-audio/build/release/UnsignedDerivedData/ModuleCache.noindex/Session.modulevalidation -package-name client_sdk_swift -Xcc -I/Users/mh/orca/workspaces/sonar-live-audio/build/release/UnsignedDerivedData/Build/Intermediates.noindex/LiveKit.build/Release-iphoneos/LiveKit.build/swift-overrides.hmap -emit-const-values -Xfrontend -const-gather-protocols-file -Xfrontend /Users/mh/orca/workspaces/sonar-live-audio/build/release/UnsignedDerivedData/Build/Intermediates.noindex/LiveKit.build/Release-iphoneos/LiveKit.build/Objects-normal/arm64/LiveKit_const_extract_protocols.json -Xcc -I/Users/mh/orca/workspaces/sonar-live-audio/build/release/UnsignedDerivedData/SourcePackages/checkouts/client-sdk-swift/Sources/LKObjCHelpers/include -Xcc -I/Users/mh/orca/workspaces/sonar-live-audio/build/release/UnsignedDerivedData/Build/Products/Release-iphoneos/include -Xcc -I/Users/mh/orca/workspaces/sonar-live-audio/build/release/UnsignedDerivedData/Build/Intermediates.noindex/LiveKit.build/Release-iphoneos/LiveKit.build/DerivedSources-normal/arm64 -Xcc -I/Users/mh/orca/workspaces/sonar-live-audio/build/release/UnsignedDerivedData/Build/Intermediates.noindex/LiveKit.build/Release-iphoneos/LiveKit.build/DerivedSources/arm64 -Xcc -I/Users/mh/orca/workspaces/sonar-live-audio/build/release/UnsignedDerivedData/Build/Intermediates.noindex/LiveKit.build/Release-iphoneos/LiveKit.build/DerivedSources -Xcc -DSWIFT_PACKAGE -emit-objc-header -emit-objc-header-path /Users/mh/orca/workspaces/sonar-live-audio/build/release/UnsignedDerivedData/Build/Intermediates.noindex/LiveKit.build/Release-iphoneos/LiveKit.build/Objects-normal/arm64/LiveKit-Swift.h -working-directory /Users/mh/orca/workspaces/sonar-live-audio/Sonar.xcodeproj -no-emit-module-separately-wmo

SwiftMergeGeneratedHeaders /Users/mh/orca/workspaces/sonar-live-audio/build/release/UnsignedDerivedData/Build/Intermediates.noindex/GeneratedModuleMaps-iphoneos/LiveKit-Swift.h /Users/mh/orca/workspaces/sonar-live-audio/build/release/UnsignedDerivedData/Build/Intermediates.noindex/LiveKit.build/Release-iphoneos/LiveKit.build/Objects-normal/arm64/LiveKit-Swift.h (in target 'LiveKit' from project 'LiveKit')
    cd /Users/mh/orca/workspaces/sonar-live-audio/build/release/UnsignedDerivedData/SourcePackages/checkouts/client-sdk-swift
    builtin-swiftHeaderTool -arch arm64 /Users/mh/orca/workspaces/sonar-live-audio/build/release/UnsignedDerivedData/Build/Intermediates.noindex/LiveKit.build/Release-iphoneos/LiveKit.build/Objects-normal/arm64/LiveKit-Swift.h -o /Users/mh/orca/workspaces/sonar-live-audio/build/release/UnsignedDerivedData/Build/Intermediates.noindex/GeneratedModuleMaps-iphoneos/LiveKit-Swift.h

Copy /Users/mh/orca/workspaces/sonar-live-audio/build/release/UnsignedDerivedData/Build/Products/Release-iphoneos/LiveKit.swiftmodule/arm64-apple-ios.swiftmodule /Users/mh/orca/workspaces/sonar-live-audio/build/release/UnsignedDerivedData/Build/Intermediates.noindex/LiveKit.build/Release-iphoneos/LiveKit.build/Objects-normal/arm64/LiveKit.swiftmodule (in target 'LiveKit' from project 'LiveKit')
    cd /Users/mh/orca/workspaces/sonar-live-audio/build/release/UnsignedDerivedData/SourcePackages/checkouts/client-sdk-swift
    builtin-copy -exclude .DS_Store -exclude CVS -exclude .svn -exclude .git -exclude .hg -strip-unsigned-binaries -strip-deterministic -strip-tool /Applications/Xcode.app/Contents/Developer/Toolchains/XcodeDefault.xctoolchain/usr/bin/strip -resolve-src-symlinks -rename /Users/mh/orca/workspaces/sonar-live-audio/build/release/UnsignedDerivedData/Build/Intermediates.noindex/LiveKit.build/Release-iphoneos/LiveKit.build/Objects-normal/arm64/LiveKit.swiftmodule /Users/mh/orca/workspaces/sonar-live-audio/build/release/UnsignedDerivedData/Build/Products/Release-iphoneos/LiveKit.swiftmodule/arm64-apple-ios.swiftmodule

Copy /Users/mh/orca/workspaces/sonar-live-audio/build/release/UnsignedDerivedData/Build/Products/Release-iphoneos/LiveKit.swiftmodule/arm64-apple-ios.abi.json /Users/mh/orca/workspaces/sonar-live-audio/build/release/UnsignedDerivedData/Build/Intermediates.noindex/LiveKit.build/Release-iphoneos/LiveKit.build/Objects-normal/arm64/LiveKit.abi.json (in target 'LiveKit' from project 'LiveKit')
    cd /Users/mh/orca/workspaces/sonar-live-audio/build/release/UnsignedDerivedData/SourcePackages/checkouts/client-sdk-swift
    builtin-copy -exclude .DS_Store -exclude CVS -exclude .svn -exclude .git -exclude .hg -strip-unsigned-binaries -strip-deterministic -strip-tool /Applications/Xcode.app/Contents/Developer/Toolchains/XcodeDefault.xctoolchain/usr/bin/strip -resolve-src-symlinks -rename /Users/mh/orca/workspaces/sonar-live-audio/build/release/UnsignedDerivedData/Build/Intermediates.noindex/LiveKit.build/Release-iphoneos/LiveKit.build/Objects-normal/arm64/LiveKit.abi.json /Users/mh/orca/workspaces/sonar-live-audio/build/release/UnsignedDerivedData/Build/Products/Release-iphoneos/LiveKit.swiftmodule/arm64-apple-ios.abi.json

Copy /Users/mh/orca/workspaces/sonar-live-audio/build/release/UnsignedDerivedData/Build/Products/Release-iphoneos/LiveKit.swiftmodule/arm64-apple-ios.swiftdoc /Users/mh/orca/workspaces/sonar-live-audio/build/release/UnsignedDerivedData/Build/Intermediates.noindex/LiveKit.build/Release-iphoneos/LiveKit.build/Objects-normal/arm64/LiveKit.swiftdoc (in target 'LiveKit' from project 'LiveKit')
    cd /Users/mh/orca/workspaces/sonar-live-audio/build/release/UnsignedDerivedData/SourcePackages/checkouts/client-sdk-swift
    builtin-copy -exclude .DS_Store -exclude CVS -exclude .svn -exclude .git -exclude .hg -strip-unsigned-binaries -strip-deterministic -strip-tool /Applications/Xcode.app/Contents/Developer/Toolchains/XcodeDefault.xctoolchain/usr/bin/strip -resolve-src-symlinks -rename /Users/mh/orca/workspaces/sonar-live-audio/build/release/UnsignedDerivedData/Build/Intermediates.noindex/LiveKit.build/Release-iphoneos/LiveKit.build/Objects-normal/arm64/LiveKit.swiftdoc /Users/mh/orca/workspaces/sonar-live-audio/build/release/UnsignedDerivedData/Build/Products/Release-iphoneos/LiveKit.swiftmodule/arm64-apple-ios.swiftdoc

Copy /Users/mh/orca/workspaces/sonar-live-audio/build/release/UnsignedDerivedData/Build/Products/Release-iphoneos/LiveKit.swiftmodule/Project/arm64-apple-ios.swiftsourceinfo /Users/mh/orca/workspaces/sonar-live-audio/build/release/UnsignedDerivedData/Build/Intermediates.noindex/LiveKit.build/Release-iphoneos/LiveKit.build/Objects-normal/arm64/LiveKit.swiftsourceinfo (in target 'LiveKit' from project 'LiveKit')
    cd /Users/mh/orca/workspaces/sonar-live-audio/build/release/UnsignedDerivedData/SourcePackages/checkouts/client-sdk-swift
    builtin-copy -exclude .DS_Store -exclude CVS -exclude .svn -exclude .git -exclude .hg -strip-unsigned-binaries -strip-deterministic -strip-tool /Applications/Xcode.app/Contents/Developer/Toolchains/XcodeDefault.xctoolchain/usr/bin/strip -resolve-src-symlinks -rename /Users/mh/orca/workspaces/sonar-live-audio/build/release/UnsignedDerivedData/Build/Intermediates.noindex/LiveKit.build/Release-iphoneos/LiveKit.build/Objects-normal/arm64/LiveKit.swiftsourceinfo /Users/mh/orca/workspaces/sonar-live-audio/build/release/UnsignedDerivedData/Build/Products/Release-iphoneos/LiveKit.swiftmodule/Project/arm64-apple-ios.swiftsourceinfo

Ld /Users/mh/orca/workspaces/sonar-live-audio/build/release/UnsignedDerivedData/Build/Products/Release-iphoneos/LiveKit.o normal (in target 'LiveKit' from project 'LiveKit')
    cd /Users/mh/orca/workspaces/sonar-live-audio/build/release/UnsignedDerivedData/SourcePackages/checkouts/client-sdk-swift
    /Applications/Xcode.app/Contents/Developer/Toolchains/XcodeDefault.xctoolchain/usr/bin/clang -Xlinker -reproducible -target arm64-apple-ios13.0 -r -isysroot /Applications/Xcode.app/Contents/Developer/Platforms/iPhoneOS.platform/Developer/SDKs/iPhoneOS26.5.sdk -Os -w -F/Users/mh/orca/workspaces/sonar-live-audio/build/release/UnsignedDerivedData/Build/Intermediates.noindex/EagerLinkingTBDs/Release-iphoneos -F/Users/mh/orca/workspaces/sonar-live-audio/build/release/UnsignedDerivedData/Build/Products/Release-iphoneos/PackageFrameworks -F/Users/mh/orca/workspaces/sonar-live-audio/build/release/UnsignedDerivedData/Build/Products/Release-iphoneos/PackageFrameworks -F/Users/mh/orca/workspaces/sonar-live-audio/build/release/UnsignedDerivedData/Build/Products/Release-iphoneos/PackageFrameworks -F/Users/mh/orca/workspaces/sonar-live-audio/build/release/UnsignedDerivedData/Build/Products/Release-iphoneos -iframework /Applications/Xcode.app/Contents/Developer/Platforms/iPhoneOS.platform/Developer/Library/Frameworks -iframework /Applications/Xcode.app/Contents/Developer/Platforms/iPhoneOS.platform/Developer/SDKs/iPhoneOS26.5.sdk/Developer/Library/Frameworks -filelist /Users/mh/orca/workspaces/sonar-live-audio/build/release/UnsignedDerivedData/Build/Intermediates.noindex/LiveKit.build/Release-iphoneos/LiveKit.build/Objects-normal/arm64/LiveKit.LinkFileList -nostdlib -Xlinker -object_path_lto -Xlinker /Users/mh/orca/workspaces/sonar-live-audio/build/release/UnsignedDerivedData/Build/Intermediates.noindex/LiveKit.build/Release-iphoneos/LiveKit.build/Objects-normal/arm64/LiveKit_lto.o -Xlinker -dependency_info -Xlinker /Users/mh/orca/workspaces/sonar-live-audio/build/release/UnsignedDerivedData/Build/Intermediates.noindex/LiveKit.build/Release-iphoneos/LiveKit.build/Objects-normal/arm64/LiveKit_dependency_info.dat -fobjc-link-runtime -L/Applications/Xcode.app/Contents/Developer/Toolchains/XcodeDefault.xctoolchain/usr/lib/swift/iphoneos -L/usr/lib/swift -Xlinker -add_ast_path -Xlinker /Users/mh/orca/workspaces/sonar-live-audio/build/release/UnsignedDerivedData/Build/Intermediates.noindex/LiveKit.build/Release-iphoneos/LiveKit.build/Objects-normal/arm64/LiveKit.swiftmodule @/Users/mh/orca/workspaces/sonar-live-audio/build/release/UnsignedDerivedData/Build/Intermediates.noindex/LiveKit.build/Release-iphoneos/LiveKit.build/Objects-normal/arm64/LiveKit-linker-args.resp -o /Users/mh/orca/workspaces/sonar-live-audio/build/release/UnsignedDerivedData/Build/Products/Release-iphoneos/LiveKit.o

MkDir /Users/mh/orca/workspaces/sonar-live-audio/build/release/UnsignedDerivedData/Build/Intermediates.noindex/Sonar.build/Release-iphoneos/Sonar.build/assetcatalog_output/unthinned (in target 'Sonar' from project 'Sonar')
    cd /Users/mh/orca/workspaces/sonar-live-audio
    /bin/mkdir -p /Users/mh/orca/workspaces/sonar-live-audio/build/release/UnsignedDerivedData/Build/Intermediates.noindex/Sonar.build/Release-iphoneos/Sonar.build/assetcatalog_output/unthinned

MkDir /Users/mh/orca/workspaces/sonar-live-audio/build/release/UnsignedDerivedData/Build/Intermediates.noindex/Sonar.build/Release-iphoneos/Sonar.build/assetcatalog_output/thinned (in target 'Sonar' from project 'Sonar')
    cd /Users/mh/orca/workspaces/sonar-live-audio
    /bin/mkdir -p /Users/mh/orca/workspaces/sonar-live-audio/build/release/UnsignedDerivedData/Build/Intermediates.noindex/Sonar.build/Release-iphoneos/Sonar.build/assetcatalog_output/thinned

GenerateAssetSymbols /Users/mh/orca/workspaces/sonar-live-audio/sonar/Resources/Assets.xcassets (in target 'Sonar' from project 'Sonar')
    cd /Users/mh/orca/workspaces/sonar-live-audio
    /Applications/Xcode.app/Contents/Developer/usr/bin/actool /Users/mh/orca/workspaces/sonar-live-audio/sonar/Resources/Assets.xcassets --compile /Users/mh/orca/workspaces/sonar-live-audio/build/release/UnsignedDerivedData/Build/Products/Release-iphoneos/Sonar.app --output-format human-readable-text --notices --warnings --export-dependency-info /Users/mh/orca/workspaces/sonar-live-audio/build/release/UnsignedDerivedData/Build/Intermediates.noindex/Sonar.build/Release-iphoneos/Sonar.build/assetcatalog_dependencies --output-partial-info-plist /Users/mh/orca/workspaces/sonar-live-audio/build/release/UnsignedDerivedData/Build/Intermediates.noindex/Sonar.build/Release-iphoneos/Sonar.build/assetcatalog_generated_info.plist --app-icon AppIcon --compress-pngs --enable-on-demand-resources YES --development-region de --target-device iphone --minimum-deployment-target 18.0 --platform iphoneos --bundle-identifier app.sonar.ios --generate-swift-asset-symbol-extensions NO --generate-swift-asset-symbols /Users/mh/orca/workspaces/sonar-live-audio/build/release/UnsignedDerivedData/Build/Intermediates.noindex/Sonar.build/Release-iphoneos/Sonar.build/DerivedSources/GeneratedAssetSymbols.swift --generate-objc-asset-symbols /Users/mh/orca/workspaces/sonar-live-audio/build/release/UnsignedDerivedData/Build/Intermediates.noindex/Sonar.build/Release-iphoneos/Sonar.build/DerivedSources/GeneratedAssetSymbols.h --generate-asset-symbol-index /Users/mh/orca/workspaces/sonar-live-audio/build/release/UnsignedDerivedData/Build/Intermediates.noindex/Sonar.build/Release-iphoneos/Sonar.build/DerivedSources/GeneratedAssetSymbols-Index.plist
/* com.apple.actool.compilation-results */
/Users/mh/orca/workspaces/sonar-live-audio/build/release/UnsignedDerivedData/Build/Intermediates.noindex/Sonar.build/Release-iphoneos/Sonar.build/DerivedSources/GeneratedAssetSymbols-Index.plist
/Users/mh/orca/workspaces/sonar-live-audio/build/release/UnsignedDerivedData/Build/Intermediates.noindex/Sonar.build/Release-iphoneos/Sonar.build/DerivedSources/GeneratedAssetSymbols.h
/Users/mh/orca/workspaces/sonar-live-audio/build/release/UnsignedDerivedData/Build/Intermediates.noindex/Sonar.build/Release-iphoneos/Sonar.build/DerivedSources/GeneratedAssetSymbols.swift


CompileAssetCatalogVariant thinned /Users/mh/orca/workspaces/sonar-live-audio/build/release/UnsignedDerivedData/Build/Products/Release-iphoneos/Sonar.app /Users/mh/orca/workspaces/sonar-live-audio/sonar/Resources/Assets.xcassets (in target 'Sonar' from project 'Sonar')
    cd /Users/mh/orca/workspaces/sonar-live-audio
    /Applications/Xcode.app/Contents/Developer/usr/bin/actool /Users/mh/orca/workspaces/sonar-live-audio/sonar/Resources/Assets.xcassets --compile /Users/mh/orca/workspaces/sonar-live-audio/build/release/UnsignedDerivedData/Build/Intermediates.noindex/Sonar.build/Release-iphoneos/Sonar.build/assetcatalog_output/thinned --output-format human-readable-text --notices --warnings --export-dependency-info /Users/mh/orca/workspaces/sonar-live-audio/build/release/UnsignedDerivedData/Build/Intermediates.noindex/Sonar.build/Release-iphoneos/Sonar.build/assetcatalog_dependencies_thinned --output-partial-info-plist /Users/mh/orca/workspaces/sonar-live-audio/build/release/UnsignedDerivedData/Build/Intermediates.noindex/Sonar.build/Release-iphoneos/Sonar.build/assetcatalog_generated_info.plist_thinned --app-icon AppIcon --compress-pngs --enable-on-demand-resources YES --development-region de --target-device iphone --minimum-deployment-target 18.0 --platform iphoneos
/* com.apple.actool.compilation-results */
/Users/mh/orca/workspaces/sonar-live-audio/build/release/UnsignedDerivedData/Build/Intermediates.noindex/Sonar.build/Release-iphoneos/Sonar.build/assetcatalog_generated_info.plist_thinned
/Users/mh/orca/workspaces/sonar-live-audio/build/release/UnsignedDerivedData/Build/Intermediates.noindex/Sonar.build/Release-iphoneos/Sonar.build/assetcatalog_output/thinned/AppIcon60x60@2x.png
/Users/mh/orca/workspaces/sonar-live-audio/build/release/UnsignedDerivedData/Build/Intermediates.noindex/Sonar.build/Release-iphoneos/Sonar.build/assetcatalog_output/thinned/AppIcon76x76@2x~ipad.png
/Users/mh/orca/workspaces/sonar-live-audio/build/release/UnsignedDerivedData/Build/Intermediates.noindex/Sonar.build/Release-iphoneos/Sonar.build/assetcatalog_output/thinned/Assets.car


SwiftDriver Sonar normal arm64 com.apple.xcode.tools.swift.compiler (in target 'Sonar' from project 'Sonar')
    cd /Users/mh/orca/workspaces/sonar-live-audio
    builtin-SwiftDriver -- /Applications/Xcode.app/Contents/Developer/Toolchains/XcodeDefault.xctoolchain/usr/bin/swiftc -module-name Sonar -O -whole-module-optimization @/Users/mh/orca/workspaces/sonar-live-audio/build/release/UnsignedDerivedData/Build/Intermediates.noindex/Sonar.build/Release-iphoneos/Sonar.build/Objects-normal/arm64/Sonar.SwiftFileList -Xcc -fmodule-map-file\=/Users/mh/orca/workspaces/sonar-live-audio/build/release/UnsignedDerivedData/Build/Intermediates.noindex/GeneratedModuleMaps-iphoneos/LKObjCHelpers.modulemap -Xcc -fmodule-map-file\=/Users/mh/orca/workspaces/sonar-live-audio/build/release/UnsignedDerivedData/Build/Intermediates.noindex/GeneratedModuleMaps-iphoneos/yyjson.modulemap -enable-bare-slash-regex -enable-experimental-feature DebugDescriptionMacro -sdk /Applications/Xcode.app/Contents/Developer/Platforms/iPhoneOS.platform/Developer/SDKs/iPhoneOS26.5.sdk -target arm64-apple-ios18.0 -g -module-cache-path /Users/mh/orca/workspaces/sonar-live-audio/build/release/UnsignedDerivedData/ModuleCache.noindex -Xfrontend -serialize-debugging-options -swift-version 5 -I /Users/mh/orca/workspaces/sonar-live-audio/build/release/UnsignedDerivedData/Build/Products/Release-iphoneos -F /Users/mh/orca/workspaces/sonar-live-audio/build/release/UnsignedDerivedData/Build/Products/Release-iphoneos/PackageFrameworks -F /Users/mh/orca/workspaces/sonar-live-audio/build/release/UnsignedDerivedData/Build/Products/Release-iphoneos/PackageFrameworks -F /Users/mh/orca/workspaces/sonar-live-audio/build/release/UnsignedDerivedData/Build/Products/Release-iphoneos/PackageFrameworks -F /Users/mh/orca/workspaces/sonar-live-audio/build/release/UnsignedDerivedData/Build/Products/Release-iphoneos/PackageFrameworks -F /Users/mh/orca/workspaces/sonar-live-audio/build/release/UnsignedDerivedData/Build/Products/Release-iphoneos/PackageFrameworks -F /Users/mh/orca/workspaces/sonar-live-audio/build/release/UnsignedDerivedData/Build/Products/Release-iphoneos/PackageFrameworks -F /Users/mh/orca/workspaces/sonar-live-audio/build/release/UnsignedDerivedData/Build/Products/Release-iphoneos/PackageFrameworks -F /Users/mh/orca/workspaces/sonar-live-audio/build/release/UnsignedDerivedData/Build/Products/Release-iphoneos/PackageFrameworks -F /Users/mh/orca/workspaces/sonar-live-audio/build/release/UnsignedDerivedData/Build/Products/Release-iphoneos/PackageFrameworks -F /Users/mh/orca/workspaces/sonar-live-audio/build/release/UnsignedDerivedData/Build/Products/Release-iphoneos/PackageFrameworks -F /Users/mh/orca/workspaces/sonar-live-audio/build/release/UnsignedDerivedData/Build/Products/Release-iphoneos/PackageFrameworks -F /Users/mh/orca/workspaces/sonar-live-audio/build/release/UnsignedDerivedData/Build/Products/Release-iphoneos/PackageFrameworks -F /Users/mh/orca/workspaces/sonar-live-audio/build/release/UnsignedDerivedData/Build/Products/Release-iphoneos/PackageFrameworks -F /Users/mh/orca/workspaces/sonar-live-audio/build/release/UnsignedDerivedData/Build/Products/Release-iphoneos -c -num-threads 14 -Xcc -ivfsstatcache -Xcc /Users/mh/orca/workspaces/sonar-live-audio/build/release/UnsignedDerivedData/SDKStatCaches.noindex/iphoneos26.5-23F81a-32daed1954a7d5dd0789fcaf2a9bb78b.sdkstatcache -output-file-map /Users/mh/orca/workspaces/sonar-live-audio/build/release/UnsignedDerivedData/Build/Intermediates.noindex/Sonar.build/Release-iphoneos/Sonar.build/Objects-normal/arm64/Sonar-OutputFileMap.json -use-frontend-parseable-output -save-temps -no-color-diagnostics -explicit-module-build -module-cache-path /Users/mh/orca/workspaces/sonar-live-audio/build/release/UnsignedDerivedData/Build/Intermediates.noindex/SwiftExplicitPrecompiledModules -clang-scanner-module-cache-path /Users/mh/orca/workspaces/sonar-live-audio/build/release/UnsignedDerivedData/ModuleCache.noindex -sdk-module-cache-path /Users/mh/orca/workspaces/sonar-live-audio/build/release/UnsignedDerivedData/ModuleCache.noindex -serialize-diagnostics -emit-dependencies -emit-module -emit-module-path /Users/mh/orca/workspaces/sonar-live-audio/build/release/UnsignedDerivedData/Build/Intermediates.noindex/Sonar.build/Release-iphoneos/Sonar.build/Objects-normal/arm64/Sonar.swiftmodule -validate-clang-modules-once -clang-build-session-file /Users/mh/orca/workspaces/sonar-live-audio/build/release/UnsignedDerivedData/ModuleCache.noindex/Session.modulevalidation -Xcc -I/Users/mh/orca/workspaces/sonar-live-audio/build/release/UnsignedDerivedData/Build/Intermediates.noindex/Sonar.build/Release-iphoneos/Sonar.build/swift-overrides.hmap -emit-const-values -Xfrontend -const-gather-protocols-file -Xfrontend /Users/mh/orca/workspaces/sonar-live-audio/build/release/UnsignedDerivedData/Build/Intermediates.noindex/Sonar.build/Release-iphoneos/Sonar.build/Objects-normal/arm64/Sonar_const_extract_protocols.json -Xcc -iquote -Xcc /Users/mh/orca/workspaces/sonar-live-audio/build/release/UnsignedDerivedData/Build/Intermediates.noindex/Sonar.build/Release-iphoneos/Sonar.build/Sonar-generated-files.hmap -Xcc -I/Users/mh/orca/workspaces/sonar-live-audio/build/release/UnsignedDerivedData/Build/Intermediates.noindex/Sonar.build/Release-iphoneos/Sonar.build/Sonar-own-target-headers.hmap -Xcc -I/Users/mh/orca/workspaces/sonar-live-audio/build/release/UnsignedDerivedData/Build/Intermediates.noindex/Sonar.build/Release-iphoneos/Sonar.build/Sonar-all-non-framework-target-headers.hmap -Xcc -ivfsoverlay -Xcc /Users/mh/orca/workspaces/sonar-live-audio/build/release/UnsignedDerivedData/Build/Intermediates.noindex/Sonar.build/Release-iphoneos/Sonar-db34dd30bb8c7f546ae4ba4641eb9b62-VFS-iphoneos/all-product-headers.yaml -Xcc -iquote -Xcc /Users/mh/orca/workspaces/sonar-live-audio/build/release/UnsignedDerivedData/Build/Intermediates.noindex/Sonar.build/Release-iphoneos/Sonar.build/Sonar-project-headers.hmap -Xcc -I/Users/mh/orca/workspaces/sonar-live-audio/build/release/UnsignedDerivedData/SourcePackages/checkouts/client-sdk-swift/Sources/LKObjCHelpers/include -Xcc -I/Users/mh/orca/workspaces/sonar-live-audio/build/release/UnsignedDerivedData/SourcePackages/checkouts/yyjson/src -Xcc -I/Users/mh/orca/workspaces/sonar-live-audio/build/release/UnsignedDerivedData/Build/Products/Release-iphoneos/include -Xcc -I/Users/mh/orca/workspaces/sonar-live-audio/build/release/UnsignedDerivedData/Build/Intermediates.noindex/Sonar.build/Release-iphoneos/Sonar.build/DerivedSources-normal/arm64 -Xcc -I/Users/mh/orca/workspaces/sonar-live-audio/build/release/UnsignedDerivedData/Build/Intermediates.noindex/Sonar.build/Release-iphoneos/Sonar.build/DerivedSources/arm64 -Xcc -I/Users/mh/orca/workspaces/sonar-live-audio/build/release/UnsignedDerivedData/Build/Intermediates.noindex/Sonar.build/Release-iphoneos/Sonar.build/DerivedSources -emit-objc-header -emit-objc-header-path /Users/mh/orca/workspaces/sonar-live-audio/build/release/UnsignedDerivedData/Build/Intermediates.noindex/Sonar.build/Release-iphoneos/Sonar.build/Objects-normal/arm64/Sonar-Swift.h -working-directory /Users/mh/orca/workspaces/sonar-live-audio -no-emit-module-separately-wmo

ExtractAppIntentsMetadata (in target 'LiveKit' from project 'LiveKit')
    cd /Users/mh/orca/workspaces/sonar-live-audio/build/release/UnsignedDerivedData/SourcePackages/checkouts/client-sdk-swift
    /Applications/Xcode.app/Contents/Developer/Toolchains/XcodeDefault.xctoolchain/usr/bin/appintentsmetadataprocessor --toolchain-dir /Applications/Xcode.app/Contents/Developer/Toolchains/XcodeDefault.xctoolchain --module-name LiveKit --sdk-root /Applications/Xcode.app/Contents/Developer/Platforms/iPhoneOS.platform/Developer/SDKs/iPhoneOS26.5.sdk --xcode-version 17F113 --platform-family iOS --deployment-target 13.0 --bundle-identifier client-sdk-swift.LiveKit --output /Users/mh/orca/workspaces/sonar-live-audio/build/release/UnsignedDerivedData/Build/Products/Release-iphoneos/LiveKit.appintents --target-triple arm64-apple-ios13.0 --binary-file /Users/mh/orca/workspaces/sonar-live-audio/build/release/UnsignedDerivedData/Build/Products/Release-iphoneos/LiveKit.o --dependency-file /Users/mh/orca/workspaces/sonar-live-audio/build/release/UnsignedDerivedData/Build/Intermediates.noindex/LiveKit.build/Release-iphoneos/LiveKit.build/Objects-normal/arm64/LiveKit_dependency_info.dat --stringsdata-file /Users/mh/orca/workspaces/sonar-live-audio/build/release/UnsignedDerivedData/Build/Intermediates.noindex/LiveKit.build/Release-iphoneos/LiveKit.build/Objects-normal/arm64/ExtractedAppShortcutsMetadata.stringsdata --source-file-list /Users/mh/orca/workspaces/sonar-live-audio/build/release/UnsignedDerivedData/Build/Intermediates.noindex/LiveKit.build/Release-iphoneos/LiveKit.build/Objects-normal/arm64/LiveKit.SwiftFileList --metadata-file-list /Users/mh/orca/workspaces/sonar-live-audio/build/release/UnsignedDerivedData/Build/Intermediates.noindex/LiveKit.build/Release-iphoneos/LiveKit.build/LiveKit.DependencyMetadataFileList --static-metadata-file-list /Users/mh/orca/workspaces/sonar-live-audio/build/release/UnsignedDerivedData/Build/Intermediates.noindex/LiveKit.build/Release-iphoneos/LiveKit.build/LiveKit.DependencyStaticMetadataFileList --swift-const-vals-list /Users/mh/orca/workspaces/sonar-live-audio/build/release/UnsignedDerivedData/Build/Intermediates.noindex/LiveKit.build/Release-iphoneos/LiveKit.build/Objects-normal/arm64/LiveKit.SwiftConstValuesFileList --force --compile-time-extraction --deployment-aware-processing --validate-assistant-intents --no-app-shortcuts-localization
2026-08-10 00:29:07.470 appintentsmetadataprocessor[75495:2292477] Starting appintentsmetadataprocessor export
2026-08-10 00:29:07.478 appintentsmetadataprocessor[75495:2292477] Extracted no relevant App Intents symbols, skipping writing output

RegisterExecutionPolicyException /Users/mh/orca/workspaces/sonar-live-audio/build/release/UnsignedDerivedData/Build/Products/Release-iphoneos/LiveKit.o (in target 'LiveKit' from project 'LiveKit')
    cd /Users/mh/orca/workspaces/sonar-live-audio/build/release/UnsignedDerivedData/SourcePackages/checkouts/client-sdk-swift
    builtin-RegisterExecutionPolicyException /Users/mh/orca/workspaces/sonar-live-audio/build/release/UnsignedDerivedData/Build/Products/Release-iphoneos/LiveKit.o

CpResource /Users/mh/orca/workspaces/sonar-live-audio/build/release/UnsignedDerivedData/Build/Products/Release-iphoneos/Sonar.app/PrivacyInfo.xcprivacy /Users/mh/orca/workspaces/sonar-live-audio/sonar/Resources/PrivacyInfo.xcprivacy (in target 'Sonar' from project 'Sonar')
    cd /Users/mh/orca/workspaces/sonar-live-audio
    builtin-copy -exclude .DS_Store -exclude CVS -exclude .svn -exclude .git -exclude .hg -resolve-src-symlinks /Users/mh/orca/workspaces/sonar-live-audio/sonar/Resources/PrivacyInfo.xcprivacy /Users/mh/orca/workspaces/sonar-live-audio/build/release/UnsignedDerivedData/Build/Products/Release-iphoneos/Sonar.app

Copy /Users/mh/orca/workspaces/sonar-live-audio/build/release/UnsignedDerivedData/Build/Products/Release-iphoneos/Sonar.app/swift-transformers_Hub.bundle /Users/mh/orca/workspaces/sonar-live-audio/build/release/UnsignedDerivedData/Build/Products/Release-iphoneos/swift-transformers_Hub.bundle (in target 'Sonar' from project 'Sonar')
    cd /Users/mh/orca/workspaces/sonar-live-audio
    builtin-copy -exclude .DS_Store -exclude CVS -exclude .svn -exclude .git -exclude .hg -resolve-src-symlinks /Users/mh/orca/workspaces/sonar-live-audio/build/release/UnsignedDerivedData/Build/Products/Release-iphoneos/swift-transformers_Hub.bundle /Users/mh/orca/workspaces/sonar-live-audio/build/release/UnsignedDerivedData/Build/Products/Release-iphoneos/Sonar.app

Copy /Users/mh/orca/workspaces/sonar-live-audio/build/release/UnsignedDerivedData/Build/Products/Release-iphoneos/Sonar.app/swift-crypto_Crypto.bundle /Users/mh/orca/workspaces/sonar-live-audio/build/release/UnsignedDerivedData/Build/Products/Release-iphoneos/swift-crypto_Crypto.bundle (in target 'Sonar' from project 'Sonar')
    cd /Users/mh/orca/workspaces/sonar-live-audio
    builtin-copy -exclude .DS_Store -exclude CVS -exclude .svn -exclude .git -exclude .hg -resolve-src-symlinks /Users/mh/orca/workspaces/sonar-live-audio/build/release/UnsignedDerivedData/Build/Products/Release-iphoneos/swift-crypto_Crypto.bundle /Users/mh/orca/workspaces/sonar-live-audio/build/release/UnsignedDerivedData/Build/Products/Release-iphoneos/Sonar.app

Copy /Users/mh/orca/workspaces/sonar-live-audio/build/release/UnsignedDerivedData/Build/Products/Release-iphoneos/Sonar.app/SwiftProtobuf_SwiftProtobuf.bundle /Users/mh/orca/workspaces/sonar-live-audio/build/release/UnsignedDerivedData/Build/Products/Release-iphoneos/SwiftProtobuf_SwiftProtobuf.bundle (in target 'Sonar' from project 'Sonar')
    cd /Users/mh/orca/workspaces/sonar-live-audio
    builtin-copy -exclude .DS_Store -exclude CVS -exclude .svn -exclude .git -exclude .hg -resolve-src-symlinks /Users/mh/orca/workspaces/sonar-live-audio/build/release/UnsignedDerivedData/Build/Products/Release-iphoneos/SwiftProtobuf_SwiftProtobuf.bundle /Users/mh/orca/workspaces/sonar-live-audio/build/release/UnsignedDerivedData/Build/Products/Release-iphoneos/Sonar.app

Copy /Users/mh/orca/workspaces/sonar-live-audio/build/release/UnsignedDerivedData/Build/Products/Release-iphoneos/Sonar.app/LiveKit_LiveKit.bundle /Users/mh/orca/workspaces/sonar-live-audio/build/release/UnsignedDerivedData/Build/Products/Release-iphoneos/LiveKit_LiveKit.bundle (in target 'Sonar' from project 'Sonar')
    cd /Users/mh/orca/workspaces/sonar-live-audio
    builtin-copy -exclude .DS_Store -exclude CVS -exclude .svn -exclude .git -exclude .hg -resolve-src-symlinks /Users/mh/orca/workspaces/sonar-live-audio/build/release/UnsignedDerivedData/Build/Products/Release-iphoneos/LiveKit_LiveKit.bundle /Users/mh/orca/workspaces/sonar-live-audio/build/release/UnsignedDerivedData/Build/Products/Release-iphoneos/Sonar.app

Copy /Users/mh/orca/workspaces/sonar-live-audio/build/release/UnsignedDerivedData/Build/Products/Release-iphoneos/Sonar.app/Frameworks/LiveKitWebRTC.framework /Users/mh/orca/workspaces/sonar-live-audio/build/release/UnsignedDerivedData/SourcePackages/artifacts/webrtc-xcframework/LiveKitWebRTC/LiveKitWebRTC.xcframework/ios-arm64/LiveKitWebRTC.framework (in target 'Sonar' from project 'Sonar')
    cd /Users/mh/orca/workspaces/sonar-live-audio
    builtin-copy -exclude .DS_Store -exclude CVS -exclude .svn -exclude .git -exclude .hg -exclude Headers -exclude PrivateHeaders -exclude Modules -exclude \*.tbd -bitcode-strip all -bitcode-strip-tool /Applications/Xcode.app/Contents/Developer/Toolchains/XcodeDefault.xctoolchain/usr/bin/bitcode_strip -resolve-src-symlinks -remove-static-executable /Users/mh/orca/workspaces/sonar-live-audio/build/release/UnsignedDerivedData/SourcePackages/artifacts/webrtc-xcframework/LiveKitWebRTC/LiveKitWebRTC.xcframework/ios-arm64/LiveKitWebRTC.framework /Users/mh/orca/workspaces/sonar-live-audio/build/release/UnsignedDerivedData/Build/Products/Release-iphoneos/Sonar.app/Frameworks
/Applications/Xcode.app/Contents/Developer/Toolchains/XcodeDefault.xctoolchain/usr/bin/bitcode_strip /Users/mh/orca/workspaces/sonar-live-audio/build/release/UnsignedDerivedData/SourcePackages/artifacts/webrtc-xcframework/LiveKitWebRTC/LiveKitWebRTC.xcframework/ios-arm64/LiveKitWebRTC.framework/LiveKitWebRTC -r -o /Users/mh/orca/workspaces/sonar-live-audio/build/release/UnsignedDerivedData/Build/Products/Release-iphoneos/Sonar.app/Frameworks/LiveKitWebRTC.framework/LiveKitWebRTC

SwiftDriver\ Compilation Sonar normal arm64 com.apple.xcode.tools.swift.compiler (in target 'Sonar' from project 'Sonar')
    cd /Users/mh/orca/workspaces/sonar-live-audio
    builtin-Swift-Compilation -- /Applications/Xcode.app/Contents/Developer/Toolchains/XcodeDefault.xctoolchain/usr/bin/swiftc -module-name Sonar -O -whole-module-optimization @/Users/mh/orca/workspaces/sonar-live-audio/build/release/UnsignedDerivedData/Build/Intermediates.noindex/Sonar.build/Release-iphoneos/Sonar.build/Objects-normal/arm64/Sonar.SwiftFileList -Xcc -fmodule-map-file\=/Users/mh/orca/workspaces/sonar-live-audio/build/release/UnsignedDerivedData/Build/Intermediates.noindex/GeneratedModuleMaps-iphoneos/LKObjCHelpers.modulemap -Xcc -fmodule-map-file\=/Users/mh/orca/workspaces/sonar-live-audio/build/release/UnsignedDerivedData/Build/Intermediates.noindex/GeneratedModuleMaps-iphoneos/yyjson.modulemap -enable-bare-slash-regex -enable-experimental-feature DebugDescriptionMacro -sdk /Applications/Xcode.app/Contents/Developer/Platforms/iPhoneOS.platform/Developer/SDKs/iPhoneOS26.5.sdk -target arm64-apple-ios18.0 -g -module-cache-path /Users/mh/orca/workspaces/sonar-live-audio/build/release/UnsignedDerivedData/ModuleCache.noindex -Xfrontend -serialize-debugging-options -swift-version 5 -I /Users/mh/orca/workspaces/sonar-live-audio/build/release/UnsignedDerivedData/Build/Products/Release-iphoneos -F /Users/mh/orca/workspaces/sonar-live-audio/build/release/UnsignedDerivedData/Build/Products/Release-iphoneos/PackageFrameworks -F /Users/mh/orca/workspaces/sonar-live-audio/build/release/UnsignedDerivedData/Build/Products/Release-iphoneos/PackageFrameworks -F /Users/mh/orca/workspaces/sonar-live-audio/build/release/UnsignedDerivedData/Build/Products/Release-iphoneos/PackageFrameworks -F /Users/mh/orca/workspaces/sonar-live-audio/build/release/UnsignedDerivedData/Build/Products/Release-iphoneos/PackageFrameworks -F /Users/mh/orca/workspaces/sonar-live-audio/build/release/UnsignedDerivedData/Build/Products/Release-iphoneos/PackageFrameworks -F /Users/mh/orca/workspaces/sonar-live-audio/build/release/UnsignedDerivedData/Build/Products/Release-iphoneos/PackageFrameworks -F /Users/mh/orca/workspaces/sonar-live-audio/build/release/UnsignedDerivedData/Build/Products/Release-iphoneos/PackageFrameworks -F /Users/mh/orca/workspaces/sonar-live-audio/build/release/UnsignedDerivedData/Build/Products/Release-iphoneos/PackageFrameworks -F /Users/mh/orca/workspaces/sonar-live-audio/build/release/UnsignedDerivedData/Build/Products/Release-iphoneos/PackageFrameworks -F /Users/mh/orca/workspaces/sonar-live-audio/build/release/UnsignedDerivedData/Build/Products/Release-iphoneos/PackageFrameworks -F /Users/mh/orca/workspaces/sonar-live-audio/build/release/UnsignedDerivedData/Build/Products/Release-iphoneos/PackageFrameworks -F /Users/mh/orca/workspaces/sonar-live-audio/build/release/UnsignedDerivedData/Build/Products/Release-iphoneos/PackageFrameworks -F /Users/mh/orca/workspaces/sonar-live-audio/build/release/UnsignedDerivedData/Build/Products/Release-iphoneos/PackageFrameworks -F /Users/mh/orca/workspaces/sonar-live-audio/build/release/UnsignedDerivedData/Build/Products/Release-iphoneos -c -num-threads 14 -Xcc -ivfsstatcache -Xcc /Users/mh/orca/workspaces/sonar-live-audio/build/release/UnsignedDerivedData/SDKStatCaches.noindex/iphoneos26.5-23F81a-32daed1954a7d5dd0789fcaf2a9bb78b.sdkstatcache -output-file-map /Users/mh/orca/workspaces/sonar-live-audio/build/release/UnsignedDerivedData/Build/Intermediates.noindex/Sonar.build/Release-iphoneos/Sonar.build/Objects-normal/arm64/Sonar-OutputFileMap.json -use-frontend-parseable-output -save-temps -no-color-diagnostics -explicit-module-build -module-cache-path /Users/mh/orca/workspaces/sonar-live-audio/build/release/UnsignedDerivedData/Build/Intermediates.noindex/SwiftExplicitPrecompiledModules -clang-scanner-module-cache-path /Users/mh/orca/workspaces/sonar-live-audio/build/release/UnsignedDerivedData/ModuleCache.noindex -sdk-module-cache-path /Users/mh/orca/workspaces/sonar-live-audio/build/release/UnsignedDerivedData/ModuleCache.noindex -serialize-diagnostics -emit-dependencies -emit-module -emit-module-path /Users/mh/orca/workspaces/sonar-live-audio/build/release/UnsignedDerivedData/Build/Intermediates.noindex/Sonar.build/Release-iphoneos/Sonar.build/Objects-normal/arm64/Sonar.swiftmodule -validate-clang-modules-once -clang-build-session-file /Users/mh/orca/workspaces/sonar-live-audio/build/release/UnsignedDerivedData/ModuleCache.noindex/Session.modulevalidation -Xcc -I/Users/mh/orca/workspaces/sonar-live-audio/build/release/UnsignedDerivedData/Build/Intermediates.noindex/Sonar.build/Release-iphoneos/Sonar.build/swift-overrides.hmap -emit-const-values -Xfrontend -const-gather-protocols-file -Xfrontend /Users/mh/orca/workspaces/sonar-live-audio/build/release/UnsignedDerivedData/Build/Intermediates.noindex/Sonar.build/Release-iphoneos/Sonar.build/Objects-normal/arm64/Sonar_const_extract_protocols.json -Xcc -iquote -Xcc /Users/mh/orca/workspaces/sonar-live-audio/build/release/UnsignedDerivedData/Build/Intermediates.noindex/Sonar.build/Release-iphoneos/Sonar.build/Sonar-generated-files.hmap -Xcc -I/Users/mh/orca/workspaces/sonar-live-audio/build/release/UnsignedDerivedData/Build/Intermediates.noindex/Sonar.build/Release-iphoneos/Sonar.build/Sonar-own-target-headers.hmap -Xcc -I/Users/mh/orca/workspaces/sonar-live-audio/build/release/UnsignedDerivedData/Build/Intermediates.noindex/Sonar.build/Release-iphoneos/Sonar.build/Sonar-all-non-framework-target-headers.hmap -Xcc -ivfsoverlay -Xcc /Users/mh/orca/workspaces/sonar-live-audio/build/release/UnsignedDerivedData/Build/Intermediates.noindex/Sonar.build/Release-iphoneos/Sonar-db34dd30bb8c7f546ae4ba4641eb9b62-VFS-iphoneos/all-product-headers.yaml -Xcc -iquote -Xcc /Users/mh/orca/workspaces/sonar-live-audio/build/release/UnsignedDerivedData/Build/Intermediates.noindex/Sonar.build/Release-iphoneos/Sonar.build/Sonar-project-headers.hmap -Xcc -I/Users/mh/orca/workspaces/sonar-live-audio/build/release/UnsignedDerivedData/SourcePackages/checkouts/client-sdk-swift/Sources/LKObjCHelpers/include -Xcc -I/Users/mh/orca/workspaces/sonar-live-audio/build/release/UnsignedDerivedData/SourcePackages/checkouts/yyjson/src -Xcc -I/Users/mh/orca/workspaces/sonar-live-audio/build/release/UnsignedDerivedData/Build/Products/Release-iphoneos/include -Xcc -I/Users/mh/orca/workspaces/sonar-live-audio/build/release/UnsignedDerivedData/Build/Intermediates.noindex/Sonar.build/Release-iphoneos/Sonar.build/DerivedSources-normal/arm64 -Xcc -I/Users/mh/orca/workspaces/sonar-live-audio/build/release/UnsignedDerivedData/Build/Intermediates.noindex/Sonar.build/Release-iphoneos/Sonar.build/DerivedSources/arm64 -Xcc -I/Users/mh/orca/workspaces/sonar-live-audio/build/release/UnsignedDerivedData/Build/Intermediates.noindex/Sonar.build/Release-iphoneos/Sonar.build/DerivedSources -emit-objc-header -emit-objc-header-path /Users/mh/orca/workspaces/sonar-live-audio/build/release/UnsignedDerivedData/Build/Intermediates.noindex/Sonar.build/Release-iphoneos/Sonar.build/Objects-normal/arm64/Sonar-Swift.h -working-directory /Users/mh/orca/workspaces/sonar-live-audio -no-emit-module-separately-wmo

SwiftExplicitDependencyGeneratePcm arm64 /Users/mh/orca/workspaces/sonar-live-audio/build/release/UnsignedDerivedData/ModuleCache.noindex/_AvailabilityInternal-DCLX2W4GG9F03ZQ758KE4LRJJ.pcm

SwiftExplicitDependencyGeneratePcm arm64 /Users/mh/orca/workspaces/sonar-live-audio/build/release/UnsignedDerivedData/ModuleCache.noindex/ActivityKit-48RXNI49KYZ6H8M68HC2Z89UD.pcm

SwiftExplicitDependencyGeneratePcm arm64 /Users/mh/orca/workspaces/sonar-live-audio/build/release/UnsignedDerivedData/ModuleCache.noindex/_Builtin_float-1O1PMH3AZUTUW7T9APLRGQ7KZ.pcm

SwiftExplicitDependencyGeneratePcm arm64 /Users/mh/orca/workspaces/sonar-live-audio/build/release/UnsignedDerivedData/ModuleCache.noindex/ptrauth-5ZSDHWWQI5A50KOCYG3HLO39U.pcm

SwiftExplicitDependencyGeneratePcm arm64 /Users/mh/orca/workspaces/sonar-live-audio/build/release/UnsignedDerivedData/ModuleCache.noindex/DeveloperToolsSupport-BOSO6976B89PIYYWGAZM8IT2G.pcm

SwiftExplicitDependencyGeneratePcm arm64 /Users/mh/orca/workspaces/sonar-live-audio/build/release/UnsignedDerivedData/ModuleCache.noindex/_Builtin_stdarg-5DNFLOCVMLPHA2JFF5GLRIN0Y.pcm

SwiftExplicitDependencyGeneratePcm arm64 /Users/mh/orca/workspaces/sonar-live-audio/build/release/UnsignedDerivedData/ModuleCache.noindex/_Builtin_stdbool-BY12QBPC6EFG2DK8MT5S5UMIQ.pcm

SwiftExplicitDependencyGeneratePcm arm64 /Users/mh/orca/workspaces/sonar-live-audio/build/release/UnsignedDerivedData/ModuleCache.noindex/_SwiftConcurrencyShims-4GMVCMSZURF4CI7XBD0DJ2LMW.pcm

SwiftExplicitDependencyGeneratePcm arm64 /Users/mh/orca/workspaces/sonar-live-audio/build/release/UnsignedDerivedData/ModuleCache.noindex/ptrcheck-CIJNQS5O440L34KWJ0KC6G8TN.pcm

SwiftExplicitDependencyGeneratePcm arm64 /Users/mh/orca/workspaces/sonar-live-audio/build/release/UnsignedDerivedData/ModuleCache.noindex/_Builtin_stddef-DSQ8IHR64ROOKL9DNQYCSZ69W.pcm

SwiftExplicitDependencyGeneratePcm arm64 /Users/mh/orca/workspaces/sonar-live-audio/build/release/UnsignedDerivedData/ModuleCache.noindex/SwiftShims-5AZXFPU0HSBLZZO54L6323ENK.pcm

SwiftExplicitDependencyGeneratePcm arm64 /Users/mh/orca/workspaces/sonar-live-audio/build/release/UnsignedDerivedData/ModuleCache.noindex/_DarwinFoundation1-7AAZHJJP5D6794344COV54H8I.pcm

SwiftExplicitDependencyGeneratePcm arm64 /Users/mh/orca/workspaces/sonar-live-audio/build/release/UnsignedDerivedData/ModuleCache.noindex/_DarwinFoundation2-5XCVHH446U4YZ5VV7RH3SIXP4.pcm

SwiftExplicitDependencyGeneratePcm arm64 /Users/mh/orca/workspaces/sonar-live-audio/build/release/UnsignedDerivedData/ModuleCache.noindex/ExtensionFoundation-H8I424ECQARUR0Y1AZH29K5Q.pcm

SwiftExplicitDependencyGeneratePcm arm64 /Users/mh/orca/workspaces/sonar-live-audio/build/release/UnsignedDerivedData/ModuleCache.noindex/_Builtin_limits-71ANT66TUQQ4CXG14A01X554L.pcm

SwiftExplicitDependencyGeneratePcm arm64 /Users/mh/orca/workspaces/sonar-live-audio/build/release/UnsignedDerivedData/ModuleCache.noindex/sys_types-EYTSBDGZWJG8ZW4ELGKCFOEQR.pcm

SwiftExplicitDependencyGeneratePcm arm64 /Users/mh/orca/workspaces/sonar-live-audio/build/release/UnsignedDerivedData/ModuleCache.noindex/_Builtin_tgmath-2S25Z7NMMGKPS7EJ96PJ6BIP2.pcm

SwiftExplicitDependencyGeneratePcm arm64 /Users/mh/orca/workspaces/sonar-live-audio/build/release/UnsignedDerivedData/ModuleCache.noindex/_Builtin_stdint-BFX5Q2YPSIN1Q71MDIIW74963.pcm

SwiftExplicitDependencyGeneratePcm arm64 /Users/mh/orca/workspaces/sonar-live-audio/build/release/UnsignedDerivedData/ModuleCache.noindex/_DarwinFoundation3-F29RH7H843Q2H86IE4ZDGZ79S.pcm

SwiftExplicitDependencyGeneratePcm arm64 /Users/mh/orca/workspaces/sonar-live-audio/build/release/UnsignedDerivedData/ModuleCache.noindex/_Builtin_stdatomic-1PVHWLGP42FWJMMKDW6G1ST6J.pcm

SwiftExplicitDependencyGeneratePcm arm64 /Users/mh/orca/workspaces/sonar-live-audio/build/release/UnsignedDerivedData/ModuleCache.noindex/_Builtin_intrinsics-BDOXI5JUR0SU30V7UPXVMACOW.pcm

SwiftExplicitDependencyGeneratePcm arm64 /Users/mh/orca/workspaces/sonar-live-audio/build/release/UnsignedDerivedData/Build/Intermediates.noindex/SwiftExplicitPrecompiledModules/RustLiveKitUniFFI-5UT3WMZ6ZH1CBZ7Z96HFEWO7I.pcm

SwiftExplicitDependencyGeneratePcm arm64 /Users/mh/orca/workspaces/sonar-live-audio/build/release/UnsignedDerivedData/Build/Intermediates.noindex/SwiftExplicitPrecompiledModules/yyjson-8O81EBNO5PR6ARMUL2LFAEQ1W.pcm

SwiftExplicitDependencyGeneratePcm arm64 /Users/mh/orca/workspaces/sonar-live-audio/build/release/UnsignedDerivedData/ModuleCache.noindex/_Builtin_inttypes-8EQSS84I5U7WQ264TA6BON8ZP.pcm

SwiftExplicitDependencyGeneratePcm arm64 /Users/mh/orca/workspaces/sonar-live-audio/build/release/UnsignedDerivedData/ModuleCache.noindex/Darwin-7043SBT8XEVCD1V8KZOXF8I0Q.pcm

SwiftExplicitDependencyGeneratePcm arm64 /Users/mh/orca/workspaces/sonar-live-audio/build/release/UnsignedDerivedData/ModuleCache.noindex/simd-CWOAC2A3BNZQ3IQOTGKU2PNG1.pcm

SwiftExplicitDependencyGeneratePcm arm64 /Users/mh/orca/workspaces/sonar-live-audio/build/release/UnsignedDerivedData/ModuleCache.noindex/ObjectiveC-2AQB04Y6JDYLFWM22BVYD7HD2.pcm

SwiftExplicitDependencyGeneratePcm arm64 /Users/mh/orca/workspaces/sonar-live-audio/build/release/UnsignedDerivedData/ModuleCache.noindex/MachO-4WJI8WVZ642ZJ337RCFQJ7LGI.pcm

SwiftExplicitDependencyGeneratePcm arm64 /Users/mh/orca/workspaces/sonar-live-audio/build/release/UnsignedDerivedData/ModuleCache.noindex/os_object-CL0OEBN2C7YFSVTLRGRY1434W.pcm

SwiftExplicitDependencyGeneratePcm arm64 /Users/mh/orca/workspaces/sonar-live-audio/build/release/UnsignedDerivedData/ModuleCache.noindex/Spatial-1GFF4B0O9BISX73JJAW4P5KC1.pcm

SwiftExplicitDependencyGeneratePcm arm64 /Users/mh/orca/workspaces/sonar-live-audio/build/release/UnsignedDerivedData/ModuleCache.noindex/os_workgroup-ENO9CDPO0LO7OOY1LMR1VBWD2.pcm

SwiftExplicitDependencyGeneratePcm arm64 /Users/mh/orca/workspaces/sonar-live-audio/build/release/UnsignedDerivedData/ModuleCache.noindex/Dispatch-BTPTOSK82CARUD1EXJGIT1PYD.pcm

SwiftExplicitDependencyGeneratePcm arm64 /Users/mh/orca/workspaces/sonar-live-audio/build/release/UnsignedDerivedData/ModuleCache.noindex/CoreFoundation-SAHAVNAC3AN7EREA571KU3MZ.pcm

SwiftExplicitDependencyGeneratePcm arm64 /Users/mh/orca/workspaces/sonar-live-audio/build/release/UnsignedDerivedData/ModuleCache.noindex/dnssd-BEQ4332V7OJN30RBMP7JCVWYR.pcm

SwiftExplicitDependencyGeneratePcm arm64 /Users/mh/orca/workspaces/sonar-live-audio/build/release/UnsignedDerivedData/ModuleCache.noindex/XPC-61G4AZTMHJ7KL10NHCA9FJ6YX.pcm

SwiftExplicitDependencyGeneratePcm arm64 /Users/mh/orca/workspaces/sonar-live-audio/build/release/UnsignedDerivedData/ModuleCache.noindex/os-CL1N0WGWC03DCXZNYM3KE7SOM.pcm

SwiftExplicitDependencyGeneratePcm arm64 /Users/mh/orca/workspaces/sonar-live-audio/build/release/UnsignedDerivedData/ModuleCache.noindex/CoreAudioTypes-1ZTVTO37DX6YNMSLMMR8QMRIH.pcm

SwiftExplicitDependencyGeneratePcm arm64 /Users/mh/orca/workspaces/sonar-live-audio/build/release/UnsignedDerivedData/ModuleCache.noindex/CoreGraphics-DWH1J875D2SCYXWMAASS0OOS7.pcm

SwiftExplicitDependencyGeneratePcm arm64 /Users/mh/orca/workspaces/sonar-live-audio/build/release/UnsignedDerivedData/ModuleCache.noindex/CFNetwork-8AHNZ9I4JY2N7PGL15B25POTI.pcm

SwiftExplicitDependencyGeneratePcm arm64 /Users/mh/orca/workspaces/sonar-live-audio/build/release/UnsignedDerivedData/ModuleCache.noindex/CoreServices-6TM1K5ZEWNOBWPAXIEV4F2LF7.pcm

SwiftExplicitDependencyGeneratePcm arm64 /Users/mh/orca/workspaces/sonar-live-audio/build/release/UnsignedDerivedData/ModuleCache.noindex/Security-F3DAM0Q9UAIRPOKTTELE7TT8L.pcm

SwiftExplicitDependencyGeneratePcm arm64 /Users/mh/orca/workspaces/sonar-live-audio/build/release/UnsignedDerivedData/ModuleCache.noindex/CoreAudio-9T5NMZ9X8C8B74RMS5G1U3AVT.pcm

SwiftExplicitDependencyGeneratePcm arm64 /Users/mh/orca/workspaces/sonar-live-audio/build/release/UnsignedDerivedData/ModuleCache.noindex/Foundation-BJI1OI91E5S24708DKX3D5WQZ.pcm

SwiftExplicitDependencyGeneratePcm arm64 /Users/mh/orca/workspaces/sonar-live-audio/build/release/UnsignedDerivedData/ModuleCache.noindex/CoreText-5O8QWOHQE9JWFBTZ0OFQD04GZ.pcm

SwiftExplicitDependencyGeneratePcm arm64 /Users/mh/orca/workspaces/sonar-live-audio/build/release/UnsignedDerivedData/ModuleCache.noindex/ImageIO-CT504175MN1BOX18GVZA01A6F.pcm

SwiftExplicitDependencyGeneratePcm arm64 /Users/mh/orca/workspaces/sonar-live-audio/build/release/UnsignedDerivedData/ModuleCache.noindex/Network-101TF4NN7IRVNMUJT0C26XQ9H.pcm

SwiftExplicitDependencyGeneratePcm arm64 /Users/mh/orca/workspaces/sonar-live-audio/build/release/UnsignedDerivedData/ModuleCache.noindex/OSLog-1QXEQZC5VFTMRPYKM3TTL73CF.pcm

SwiftExplicitDependencyGeneratePcm arm64 /Users/mh/orca/workspaces/sonar-live-audio/build/release/UnsignedDerivedData/ModuleCache.noindex/UIUtilities-60TBRWLA7E07IV9KJBXAK2HYL.pcm

SwiftExplicitDependencyGeneratePcm arm64 /Users/mh/orca/workspaces/sonar-live-audio/build/release/UnsignedDerivedData/ModuleCache.noindex/CoreData-CEQ9AZ3PH5MHZHPODQZLUJT02.pcm

SwiftExplicitDependencyGeneratePcm arm64 /Users/mh/orca/workspaces/sonar-live-audio/build/release/UnsignedDerivedData/ModuleCache.noindex/DataDetection-5UQO2OZUMD041J32WKH5HASVY.pcm

SwiftExplicitDependencyGeneratePcm arm64 /Users/mh/orca/workspaces/sonar-live-audio/build/release/UnsignedDerivedData/ModuleCache.noindex/LocalAuthentication-1J4QKF1WFFL0O9EPXZLS6KSFM.pcm

SwiftExplicitDependencyGeneratePcm arm64 /Users/mh/orca/workspaces/sonar-live-audio/build/release/UnsignedDerivedData/ModuleCache.noindex/UniformTypeIdentifiers-AWZP9NIMTXFB8IEFOA36FL6SM.pcm

SwiftExplicitDependencyGeneratePcm arm64 /Users/mh/orca/workspaces/sonar-live-audio/build/release/UnsignedDerivedData/ModuleCache.noindex/CoreMIDI-7S50QB5CUSX76XE01PVCU5P63.pcm

SwiftExplicitDependencyGeneratePcm arm64 /Users/mh/orca/workspaces/sonar-live-audio/build/release/UnsignedDerivedData/ModuleCache.noindex/_LocationEssentials-5NAT9SKZ5T0RJAYL369DNGE3H.pcm

SwiftExplicitDependencyGeneratePcm arm64 /Users/mh/orca/workspaces/sonar-live-audio/build/release/UnsignedDerivedData/ModuleCache.noindex/Symbols-3DPC2CZ5A5ZZBYHI5I99YAFW1.pcm

SwiftExplicitDependencyGeneratePcm arm64 /Users/mh/orca/workspaces/sonar-live-audio/build/release/UnsignedDerivedData/ModuleCache.noindex/NearbyInteraction-2XTUBX3DX4XGL1RO79H40ZGXL.pcm

SwiftExplicitDependencyGeneratePcm arm64 /Users/mh/orca/workspaces/sonar-live-audio/build/release/UnsignedDerivedData/ModuleCache.noindex/FileProvider-6HV0O9MCIHOC2K2FF1F16RHCB.pcm

SwiftExplicitDependencyGeneratePcm arm64 /Users/mh/orca/workspaces/sonar-live-audio/build/release/UnsignedDerivedData/ModuleCache.noindex/CoreBluetooth-2R57WJA8ZPOKBVIES5JA6ET1R.pcm

SwiftExplicitDependencyGeneratePcm arm64 /Users/mh/orca/workspaces/sonar-live-audio/build/release/UnsignedDerivedData/ModuleCache.noindex/RelevanceKit-80MMMA2CG3ZNQZBM822V4089B.pcm

SwiftExplicitDependencyGeneratePcm arm64 /Users/mh/orca/workspaces/sonar-live-audio/build/release/UnsignedDerivedData/ModuleCache.noindex/IOSurface-4L6PB7V60KGKFDC2G5NWVW1WT.pcm

SwiftExplicitDependencyGeneratePcm arm64 /Users/mh/orca/workspaces/sonar-live-audio/build/release/UnsignedDerivedData/ModuleCache.noindex/ModelIO-261Y1NRXRZTRLL3ASDTB6MV13.pcm

SwiftExplicitDependencyGeneratePcm arm64 /Users/mh/orca/workspaces/sonar-live-audio/build/release/UnsignedDerivedData/ModuleCache.noindex/CoreHaptics-8ECRM54PDS8V6BQ3V059Y37HL.pcm

SwiftExplicitDependencyGeneratePcm arm64 /Users/mh/orca/workspaces/sonar-live-audio/build/release/UnsignedDerivedData/ModuleCache.noindex/Accessibility-4QS2K5Z3GN4V1NPBL7DMX8TVI.pcm

SwiftExplicitDependencyGeneratePcm arm64 /Users/mh/orca/workspaces/sonar-live-audio/build/release/UnsignedDerivedData/ModuleCache.noindex/AppIntents-2DX1QAXO08YCP1DQLCH7E818O.pcm

SwiftExplicitDependencyGeneratePcm arm64 /Users/mh/orca/workspaces/sonar-live-audio/build/release/UnsignedDerivedData/ModuleCache.noindex/AudioToolbox-NSS8QXJHOU1VIV11KGXOFBBV.pcm

SwiftExplicitDependencyGeneratePcm arm64 /Users/mh/orca/workspaces/sonar-live-audio/build/release/UnsignedDerivedData/ModuleCache.noindex/CoreSpotlight-CM0EN9MQ8649SJG6DYS7O8GOR.pcm

SwiftExplicitDependencyGeneratePcm arm64 /Users/mh/orca/workspaces/sonar-live-audio/build/release/UnsignedDerivedData/ModuleCache.noindex/NaturalLanguage-60WTR8K75D03D4XO5PCZT4V7A.pcm

SwiftExplicitDependencyGeneratePcm arm64 /Users/mh/orca/workspaces/sonar-live-audio/build/release/UnsignedDerivedData/ModuleCache.noindex/CoreTransferable-4RGZ4MV2HQTBCNW0H9H5IMILA.pcm

SwiftExplicitDependencyGeneratePcm arm64 /Users/mh/orca/workspaces/sonar-live-audio/build/release/UnsignedDerivedData/ModuleCache.noindex/CoreLocation-5F8SN77XLNGFPKO0T23WR5FQP.pcm

SwiftExplicitDependencyGeneratePcm arm64 /Users/mh/orca/workspaces/sonar-live-audio/build/release/UnsignedDerivedData/ModuleCache.noindex/UserNotifications-4TW65JI10MBZRM0PPT5OW7D2V.pcm

SwiftExplicitDependencyGeneratePcm arm64 /Users/mh/orca/workspaces/sonar-live-audio/build/release/UnsignedDerivedData/ModuleCache.noindex/AVRouting-3CY0OIRNK5MEAZ43IJCH0PZT5.pcm

SwiftExplicitDependencyGeneratePcm arm64 /Users/mh/orca/workspaces/sonar-live-audio/build/release/UnsignedDerivedData/ModuleCache.noindex/OpenGLES-7TZRL7I8MTF60RKVN6147FZIP.pcm

SwiftExplicitDependencyGeneratePcm arm64 /Users/mh/orca/workspaces/sonar-live-audio/build/release/UnsignedDerivedData/ModuleCache.noindex/MediaAccessibility-EQ1W3N7X6U2DYAD7ODJS4QUP7.pcm

SwiftExplicitDependencyGeneratePcm arm64 /Users/mh/orca/workspaces/sonar-live-audio/build/release/UnsignedDerivedData/ModuleCache.noindex/Metal-1KR5C57731CCVN7MR21VBPCFM.pcm

SwiftExplicitDependencyGeneratePcm arm64 /Users/mh/orca/workspaces/sonar-live-audio/build/release/UnsignedDerivedData/ModuleCache.noindex/AudioUnit-38J880MGWWTUG90NLDPO891R8.pcm

SwiftExplicitDependencyGeneratePcm arm64 /Users/mh/orca/workspaces/sonar-live-audio/build/release/UnsignedDerivedData/ModuleCache.noindex/CoreVideo-DQXTSV7KPZ7BESWBVR3GCDX9H.pcm

SwiftExplicitDependencyGeneratePcm arm64 /Users/mh/orca/workspaces/sonar-live-audio/build/release/UnsignedDerivedData/ModuleCache.noindex/CoreML-D2PT1LRF3WHJ1UOV7ODBDJ7FB.pcm

SwiftExplicitDependencyGeneratePcm arm64 /Users/mh/orca/workspaces/sonar-live-audio/build/release/UnsignedDerivedData/ModuleCache.noindex/CoreMedia-AM05FEI3J584RCDZEDGOI0AMM.pcm

SwiftExplicitDependencyGeneratePcm arm64 /Users/mh/orca/workspaces/sonar-live-audio/build/release/UnsignedDerivedData/ModuleCache.noindex/QuartzCore-5JMI7UWJXRAYXRSW517CTN28Z.pcm

SwiftExplicitDependencyGeneratePcm arm64 /Users/mh/orca/workspaces/sonar-live-audio/build/release/UnsignedDerivedData/ModuleCache.noindex/CoreImage-1DZMH3W5UUNDGTQ9OBUVB5UON.pcm

SwiftExplicitDependencyGeneratePcm arm64 /Users/mh/orca/workspaces/sonar-live-audio/build/release/UnsignedDerivedData/ModuleCache.noindex/Accelerate-748HNCNKEDFDMQ5OIMGKPDF0G.pcm

SwiftExplicitDependencyGeneratePcm arm64 /Users/mh/orca/workspaces/sonar-live-audio/build/release/UnsignedDerivedData/ModuleCache.noindex/SwiftUICore-3IBTAI492OAJ7AWISF4SBKAX0.pcm

SwiftExplicitDependencyGeneratePcm arm64 /Users/mh/orca/workspaces/sonar-live-audio/build/release/UnsignedDerivedData/ModuleCache.noindex/AVFAudio-AL2MYZQYYNKKXJH1IQZBXDJX1.pcm

SwiftExplicitDependencyGeneratePcm arm64 /Users/mh/orca/workspaces/sonar-live-audio/build/release/UnsignedDerivedData/ModuleCache.noindex/Vision-C52UBOFNFRQL15K7POZHD5RI1.pcm

SwiftExplicitDependencyGeneratePcm arm64 /Users/mh/orca/workspaces/sonar-live-audio/build/release/UnsignedDerivedData/ModuleCache.noindex/MediaToolbox-F51N1NL3CLZZPI3ZWINV6VB6F.pcm

SwiftExplicitDependencyGeneratePcm arm64 /Users/mh/orca/workspaces/sonar-live-audio/build/release/UnsignedDerivedData/ModuleCache.noindex/UIKit-1EGE0KCBGGMXGT2UDJS4XYCJH.pcm

SwiftExplicitDependencyGeneratePcm arm64 /Users/mh/orca/workspaces/sonar-live-audio/build/release/UnsignedDerivedData/ModuleCache.noindex/AVFoundation-5BSCP0LR77Z11D69U9WZ9J9DX.pcm

SwiftExplicitDependencyGeneratePcm arm64 /Users/mh/orca/workspaces/sonar-live-audio/build/release/UnsignedDerivedData/ModuleCache.noindex/Speech-6FG42DME5A9WG83XZT41IV8X7.pcm

SwiftExplicitDependencyGeneratePcm arm64 /Users/mh/orca/workspaces/sonar-live-audio/build/release/UnsignedDerivedData/ModuleCache.noindex/ReplayKit-352LX2HDTE0PWF974RA9JDRCA.pcm

SwiftExplicitDependencyGeneratePcm arm64 /Users/mh/orca/workspaces/sonar-live-audio/build/release/UnsignedDerivedData/ModuleCache.noindex/MediaPlayer-66YIO2BHZKDVZ17YS1GAPWK3A.pcm

SwiftExplicitDependencyGeneratePcm arm64 /Users/mh/orca/workspaces/sonar-live-audio/build/release/UnsignedDerivedData/ModuleCache.noindex/MultipeerConnectivity-E52U8DOCQHCHZCZL3ZLQP0J4P.pcm

SwiftExplicitDependencyGeneratePcm arm64 /Users/mh/orca/workspaces/sonar-live-audio/build/release/UnsignedDerivedData/Build/Intermediates.noindex/SwiftExplicitPrecompiledModules/LiveKitWebRTC-19USDRD4FRV8BS43U70FNM0QG.pcm

SwiftExplicitDependencyGeneratePcm arm64 /Users/mh/orca/workspaces/sonar-live-audio/build/release/UnsignedDerivedData/ModuleCache.noindex/SwiftUI-B4HT0UZ7ND0GDYWNAML9XJMDO.pcm

SwiftExplicitDependencyGeneratePcm arm64 /Users/mh/orca/workspaces/sonar-live-audio/build/release/UnsignedDerivedData/ModuleCache.noindex/AVKit-CIIKF62AXO7L2MUL3ZIUXICZ4.pcm

SwiftExplicitDependencyGeneratePcm arm64 /Users/mh/orca/workspaces/sonar-live-audio/build/release/UnsignedDerivedData/ModuleCache.noindex/MetalKit-1COY9Q7H3YLIK08XPZZGRSSJ2.pcm

SwiftExplicitDependencyGeneratePcm arm64 /Users/mh/orca/workspaces/sonar-live-audio/build/release/UnsignedDerivedData/Build/Intermediates.noindex/SwiftExplicitPrecompiledModules/LKObjCHelpers-256ULOB6TR30IRPKEOYZZOD3A.pcm

SwiftCompile normal arm64 Compiling\ AIAvatarBadge.swift,\ AgentConnector.swift,\ AirPodsController.swift,\ AmbientSharing.swift,\ AppState.swift,\ AudioEngine.swift,\ AudioFrame.swift,\ AudioInputControls.swift,\ AudioRouter.swift,\ BatteryManager.swift,\ BluetoothMeshTransport.swift,\ CaptureFrameConformer.swift,\ ConnectionGuideView.swift,\ ConnectionStatusBadge.swift,\ ContextBuffer.swift,\ ConversationBoostToggle.swift,\ DeviceCapabilities.swift,\ DevicesView.swift,\ DistancePublisher.swift,\ DistanceRingView.swift,\ DuplicateVoiceSuppressor.swift,\ FarTransport.swift,\ FrameDeduplicator.swift,\ HapticEngine.swift,\ JitterBuffer.swift,\ KnownPeer.swift,\ KnownPeerStore.swift,\ LatencyBudget.swift,\ ListeningModeDetector.swift,\ LiveDataSheet.swift,\ LivePeerDirectory.swift,\ LiveTranscriptionEngine.swift,\ LocalModelManager.swift,\ LocalRecorder.swift,\ LocalWhisperTranscriber.swift,\ Logger.swift,\ MPQUICTransport.swift,\ MainTabView.swift,\ Metrics.swift,\ MicrophoneMonitor.swift,\ MultipathBonder.swift,\ MusicDucker.swift,\ NIRangingEngine.swift,\ NearTransport.swift,\ NvidiaRivaASRClient.swift,\ OnboardingView.swift,\ OpusCoder.swift,\ PairingService.swift,\ PairingToken.swift,\ PairingTokenGenerator.swift,\ PairingView.swift,\ PermissionsManager.swift,\ PreCaptureBuffer.swift,\ PrivacyMode.swift,\ ProfileManager.swift,\ ProfilePickerView.swift,\ QuestionClassifier.swift,\ RSSIFallback.swift,\ Reachability.swift,\ RecordingPlayerView.swift,\ ReverseSideTone.swift,\ RoomTokenProvider.swift,\ SessionCoordinator.swift,\ SessionView.swift,\ SetListeningModeIntent.swift,\ SettingsView.swift,\ SignalScoreCalculator.swift,\ SimulatorRelayTransport.swift,\ SmartMuteDetector.swift,\ SonarApp.swift,\ SonarDesignSystem.swift,\ SonarLiveActivity.swift,\ SonarTestIdentity.swift,\ SonioxRealtimeTranscriber.swift,\ SonioxSessionGovernor.swift,\ SpatialMixer.swift,\ StartSessionIntent.swift,\ TailscaleDetector.swift,\ TailscaleTransport.swift,\ TransportMultiplexer.swift,\ TransportProtocol.swift,\ VAD.swift,\ WakeWordDetector.swift,\ WaveformView.swift,\ WhisperDetector.swift,\ GeneratedAssetSymbols.swift /Users/mh/orca/workspaces/sonar-live-audio/sonar/UI/AIAvatarBadge.swift /Users/mh/orca/workspaces/sonar-live-audio/sonar/Core/AI/AgentConnector.swift /Users/mh/orca/workspaces/sonar-live-audio/sonar/Core/AirPods/AirPodsController.swift /Users/mh/orca/workspaces/sonar-live-audio/sonar/Core/Audio/AmbientSharing.swift /Users/mh/orca/workspaces/sonar-live-audio/sonar/App/AppState.swift /Users/mh/orca/workspaces/sonar-live-audio/sonar/Core/Audio/AudioEngine.swift /Users/mh/orca/workspaces/sonar-live-audio/sonar/Core/Transport/AudioFrame.swift /Users/mh/orca/workspaces/sonar-live-audio/sonar/UI/AudioInputControls.swift /Users/mh/orca/workspaces/sonar-live-audio/sonar/Core/Audio/AudioRouter.swift /Users/mh/orca/workspaces/sonar-live-audio/sonar/Core/Power/BatteryManager.swift /Users/mh/orca/workspaces/sonar-live-audio/sonar/Core/Transport/BluetoothMeshTransport.swift /Users/mh/orca/workspaces/sonar-live-audio/sonar/Core/Audio/CaptureFrameConformer.swift /Users/mh/orca/workspaces/sonar-live-audio/sonar/UI/ConnectionGuideView.swift /Users/mh/orca/workspaces/sonar-live-audio/sonar/UI/ConnectionStatusBadge.swift /Users/mh/orca/workspaces/sonar-live-audio/sonar/Core/AI/ContextBuffer.swift /Users/mh/orca/workspaces/sonar-live-audio/sonar/Core/AirPods/ConversationBoostToggle.swift /Users/mh/orca/workspaces/sonar-live-audio/sonar/Core/Hardware/DeviceCapabilities.swift /Users/mh/orca/workspaces/sonar-live-audio/sonar/UI/DevicesView.swift /Users/mh/orca/workspaces/sonar-live-audio/sonar/Core/Distance/DistancePublisher.swift /Users/mh/orca/workspaces/sonar-live-audio/sonar/UI/DistanceRingView.swift /Users/mh/orca/workspaces/sonar-live-audio/sonar/Core/Audio/DuplicateVoiceSuppressor.swift /Users/mh/orca/workspaces/sonar-live-audio/sonar/Core/Transport/FarTransport.swift /Users/mh/orca/workspaces/sonar-live-audio/sonar/Core/Transport/FrameDeduplicator.swift /Users/mh/orca/workspaces/sonar-live-audio/sonar/UI/Components/HapticEngine.swift /Users/mh/orca/workspaces/sonar-live-audio/sonar/Core/Transport/JitterBuffer.swift /Users/mh/orca/workspaces/sonar-live-audio/sonar/Core/Storage/KnownPeer.swift /Users/mh/orca/workspaces/sonar-live-audio/sonar/Core/Storage/KnownPeerStore.swift /Users/mh/orca/workspaces/sonar-live-audio/sonar/Core/Utilities/LatencyBudget.swift /Users/mh/orca/workspaces/sonar-live-audio/sonar/Core/AirPods/ListeningModeDetector.swift /Users/mh/orca/workspaces/sonar-live-audio/sonar/UI/LiveDataSheet.swift /Users/mh/orca/workspaces/sonar-live-audio/sonar/Core/Pairing/LivePeerDirectory.swift /Users/mh/orca/workspaces/sonar-live-audio/sonar/Core/Transcription/LiveTranscriptionEngine.swift /Users/mh/orca/workspaces/sonar-live-audio/sonar/Core/Transcription/LocalModelManager.swift /Users/mh/orca/workspaces/sonar-live-audio/sonar/Core/Storage/LocalRecorder.swift /Users/mh/orca/workspaces/sonar-live-audio/sonar/Core/Transcription/LocalWhisperTranscriber.swift /Users/mh/orca/workspaces/sonar-live-audio/sonar/Core/Utilities/Logger.swift /Users/mh/orca/workspaces/sonar-live-audio/sonar/Core/Transport/MPQUICTransport.swift /Users/mh/orca/workspaces/sonar-live-audio/sonar/UI/MainTabView.swift /Users/mh/orca/workspaces/sonar-live-audio/sonar/Core/Utilities/Metrics.swift /Users/mh/orca/workspaces/sonar-live-audio/sonar/Core/Audio/MicrophoneMonitor.swift /Users/mh/orca/workspaces/sonar-live-audio/sonar/Core/Transport/MultipathBonder.swift /Users/mh/orca/workspaces/sonar-live-audio/sonar/Core/Audio/MusicDucker.swift /Users/mh/orca/workspaces/sonar-live-audio/sonar/Core/Distance/NIRangingEngine.swift /Users/mh/orca/workspaces/sonar-live-audio/sonar/Core/Transport/NearTransport.swift /Users/mh/orca/workspaces/sonar-live-audio/sonar/Core/Transcription/NvidiaRivaASRClient.swift /Users/mh/orca/workspaces/sonar-live-audio/sonar/UI/OnboardingView.swift /Users/mh/orca/workspaces/sonar-live-audio/sonar/Core/Audio/OpusCoder.swift /Users/mh/orca/workspaces/sonar-live-audio/sonar/Core/Pairing/PairingService.swift /Users/mh/orca/workspaces/sonar-live-audio/sonar/Core/Pairing/PairingToken.swift /Users/mh/orca/workspaces/sonar-live-audio/sonar/Core/Pairing/PairingTokenGenerator.swift /Users/mh/orca/workspaces/sonar-live-audio/sonar/UI/PairingView.swift /Users/mh/orca/workspaces/sonar-live-audio/sonar/App/PermissionsManager.swift /Users/mh/orca/workspaces/sonar-live-audio/sonar/Core/Audio/PreCaptureBuffer.swift /Users/mh/orca/workspaces/sonar-live-audio/sonar/Core/Privacy/PrivacyMode.swift /Users/mh/orca/workspaces/sonar-live-audio/sonar/Core/Coordinator/ProfileManager.swift /Users/mh/orca/workspaces/sonar-live-audio/sonar/UI/ProfilePickerView.swift /Users/mh/orca/workspaces/sonar-live-audio/sonar/Core/AI/QuestionClassifier.swift /Users/mh/orca/workspaces/sonar-live-audio/sonar/Core/Distance/RSSIFallback.swift /Users/mh/orca/workspaces/sonar-live-audio/sonar/Core/Utilities/Reachability.swift /Users/mh/orca/workspaces/sonar-live-audio/sonar/UI/RecordingPlayerView.swift /Users/mh/orca/workspaces/sonar-live-audio/sonar/Core/Audio/ReverseSideTone.swift /Users/mh/orca/workspaces/sonar-live-audio/sonar/Core/Transport/RoomTokenProvider.swift /Users/mh/orca/workspaces/sonar-live-audio/sonar/Core/Coordinator/SessionCoordinator.swift /Users/mh/orca/workspaces/sonar-live-audio/sonar/UI/SessionView.swift /Users/mh/orca/workspaces/sonar-live-audio/sonar/App/AppIntents/SetListeningModeIntent.swift /Users/mh/orca/workspaces/sonar-live-audio/sonar/UI/SettingsView.swift /Users/mh/orca/workspaces/sonar-live-audio/sonar/Core/Quality/SignalScoreCalculator.swift /Users/mh/orca/workspaces/sonar-live-audio/sonar/Core/Transport/SimulatorRelayTransport.swift /Users/mh/orca/workspaces/sonar-live-audio/sonar/Core/Audio/SmartMuteDetector.swift /Users/mh/orca/workspaces/sonar-live-audio/sonar/App/SonarApp.swift /Users/mh/orca/workspaces/sonar-live-audio/sonar/UI/SonarDesignSystem.swift /Users/mh/orca/workspaces/sonar-live-audio/sonar/UI/Components/SonarLiveActivity.swift /Users/mh/orca/workspaces/sonar-live-audio/sonar/Core/Diagnostics/SonarTestIdentity.swift /Users/mh/orca/workspaces/sonar-live-audio/sonar/Core/Transcription/SonioxRealtimeTranscriber.swift /Users/mh/orca/workspaces/sonar-live-audio/sonar/Core/Transcription/SonioxSessionGovernor.swift /Users/mh/orca/workspaces/sonar-live-audio/sonar/Core/Audio/SpatialMixer.swift /Users/mh/orca/workspaces/sonar-live-audio/sonar/App/AppIntents/StartSessionIntent.swift /Users/mh/orca/workspaces/sonar-live-audio/sonar/Core/Transport/TailscaleDetector.swift /Users/mh/orca/workspaces/sonar-live-audio/sonar/Core/Transport/TailscaleTransport.swift /Users/mh/orca/workspaces/sonar-live-audio/sonar/Core/Transport/TransportMultiplexer.swift /Users/mh/orca/workspaces/sonar-live-audio/sonar/Core/Transport/TransportProtocol.swift /Users/mh/orca/workspaces/sonar-live-audio/sonar/Core/AI/VAD.swift /Users/mh/orca/workspaces/sonar-live-audio/sonar/Core/AI/WakeWordDetector.swift /Users/mh/orca/workspaces/sonar-live-audio/sonar/UI/Components/WaveformView.swift /Users/mh/orca/workspaces/sonar-live-audio/sonar/Core/Audio/WhisperDetector.swift /Users/mh/orca/workspaces/sonar-live-audio/build/release/UnsignedDerivedData/Build/Intermediates.noindex/Sonar.build/Release-iphoneos/Sonar.build/DerivedSources/GeneratedAssetSymbols.swift /Users/mh/orca/workspaces/sonar-live-audio/build/release/UnsignedDerivedData/Build/Products/Release-iphoneos/InternalCollectionsUtilities.swiftmodule/arm64-apple-ios.swiftmodule /Applications/Xcode.app/Contents/Developer/Toolchains/XcodeDefault.xctoolchain/usr/lib/swift/iphoneos/prebuilt-modules/26.5/CoreGraphics.swiftmodule/arm64e-apple-ios.swiftmodule /Users/mh/orca/workspaces/sonar-live-audio/build/release/UnsignedDerivedData/Build/Products/Release-iphoneos/ArgmaxCore.swiftmodule/arm64-apple-ios.swiftmodule /Applications/Xcode.app/Contents/Developer/Toolchains/XcodeDefault.xctoolchain/usr/lib/swift/iphoneos/prebuilt-modules/26.5/TipKit.swiftmodule/arm64e-apple-ios.swiftmodule /Applications/Xcode.app/Contents/Developer/Toolchains/XcodeDefault.xctoolchain/usr/lib/swift/iphoneos/prebuilt-modules/26.5/_DarwinFoundation1.swiftmodule/arm64e-apple-ios.swiftmodule /Applications/Xcode.app/Contents/Developer/Toolchains/XcodeDefault.xctoolchain/usr/lib/swift/iphoneos/prebuilt-modules/26.5/ModelIO.swiftmodule/arm64e-apple-ios.swiftmodule /Applications/Xcode.app/Contents/Developer/Toolchains/XcodeDefault.xctoolchain/usr/lib/swift/iphoneos/prebuilt-modules/26.5/XPC.swiftmodule/arm64e-apple-ios.swiftmodule /Applications/Xcode.app/Contents/Developer/Toolchains/XcodeDefault.xctoolchain/usr/lib/swift/iphoneos/prebuilt-modules/26.5/AVFAudio.swiftmodule/arm64e-apple-ios.swiftmodule /Users/mh/orca/workspaces/sonar-live-audio/build/release/UnsignedDerivedData/Build/Products/Release-iphoneos/WhisperKit.swiftmodule/arm64-apple-ios.swiftmodule /Applications/Xcode.app/Contents/Developer/Toolchains/XcodeDefault.xctoolchain/usr/lib/swift/iphoneos/prebuilt-modules/26.5/Combine.swiftmodule/arm64e-apple-ios.swiftmodule /Applications/Xcode.app/Contents/Developer/Toolchains/XcodeDefault.xctoolchain/usr/lib/swift/iphoneos/prebuilt-modules/26.5/CoreSpotlight.swiftmodule/arm64e-apple-ios.swiftmodule /Applications/Xcode.app/Contents/Developer/Toolchains/XcodeDefault.xctoolchain/usr/lib/swift/iphoneos/prebuilt-modules/26.5/_DarwinFoundation2.swiftmodule/arm64e-apple-ios.swiftmodule /Applications/Xcode.app/Contents/Developer/Toolchains/XcodeDefault.xctoolchain/usr/lib/swift/iphoneos/prebuilt-modules/26.5/CoreMIDI.swiftmodule/arm64e-apple-ios.swiftmodule /Applications/Xcode.app/Contents/Developer/Toolchains/XcodeDefault.xctoolchain/usr/lib/swift/iphoneos/prebuilt-modules/26.5/DeveloperToolsSupport.swiftmodule/arm64e-apple-ios.swiftmodule /Users/mh/orca/workspaces/sonar-live-audio/build/release/UnsignedDerivedData/Build/Products/Release-iphoneos/SwiftProtobuf.swiftmodule/arm64-apple-ios.swiftmodule /Applications/Xcode.app/Contents/Developer/Toolchains/XcodeDefault.xctoolchain/usr/lib/swift/iphoneos/prebuilt-modules/26.5/Accelerate.swiftmodule/arm64e-apple-ios.swiftmodule /Applications/Xcode.app/Contents/Developer/Toolchains/XcodeDefault.xctoolchain/usr/lib/swift/iphoneos/prebuilt-modules/26.5/MediaAccessibility.swiftmodule/arm64e-apple-ios.swiftmodule /Applications/Xcode.app/Contents/Developer/Toolchains/XcodeDefault.xctoolchain/usr/lib/swift/iphoneos/prebuilt-modules/26.5/LightweightCodeRequirements.swiftmodule/arm64e-apple-ios.swiftmodule /Applications/Xcode.app/Contents/Developer/Toolchains/XcodeDefault.xctoolchain/usr/lib/swift/iphoneos/prebuilt-modules/26.5/Vision.swiftmodule/arm64e-apple-ios.swiftmodule /Applications/Xcode.app/Contents/Developer/Toolchains/XcodeDefault.xctoolchain/usr/lib/swift/iphoneos/prebuilt-modules/26.5/simd.swiftmodule/arm64e-apple-ios.swiftmodule /Users/mh/orca/workspaces/sonar-live-audio/build/release/UnsignedDerivedData/Build/Products/Release-iphoneos/Jinja.swiftmodule/arm64-apple-ios.swiftmodule /Users/mh/orca/workspaces/sonar-live-audio/build/release/UnsignedDerivedData/Build/Products/Release-iphoneos/Tokenizers.swiftmodule/arm64-apple-ios.swiftmodule /Applications/Xcode.app/Contents/Developer/Toolchains/XcodeDefault.xctoolchain/usr/lib/swift/iphoneos/prebuilt-modules/26.5/FileProvider.swiftmodule/arm64e-apple-ios.swiftmodule /Users/mh/orca/workspaces/sonar-live-audio/build/release/UnsignedDerivedData/Build/Products/Release-iphoneos/LiveKit.swiftmodule/arm64-apple-ios.swiftmodule /Applications/Xcode.app/Contents/Developer/Toolchains/XcodeDefault.xctoolchain/usr/lib/swift/iphoneos/prebuilt-modules/26.5/CoreTransferable.swiftmodule/arm64e-apple-ios.swiftmodule /Applications/Xcode.app/Contents/Developer/Toolchains/XcodeDefault.xctoolchain/usr/lib/swift/iphoneos/prebuilt-modules/26.5/CoreVideo.swiftmodule/arm64e-apple-ios.swiftmodule /Applications/Xcode.app/Contents/Developer/Toolchains/XcodeDefault.xctoolchain/usr/lib/swift/iphoneos/prebuilt-modules/26.5/LocalAuthentication.swiftmodule/arm64e-apple-ios.swiftmodule /Applications/Xcode.app/Contents/Developer/Toolchains/XcodeDefault.xctoolchain/usr/lib/swift/iphoneos/prebuilt-modules/26.5/SwiftUICore.swiftmodule/arm64e-apple-ios.swiftmodule /Applications/Xcode.app/Contents/Developer/Toolchains/XcodeDefault.xctoolchain/usr/lib/swift/iphoneos/prebuilt-modules/26.5/CoreML.swiftmodule/arm64e-apple-ios.swiftmodule /Applications/Xcode.app/Contents/Developer/Toolchains/XcodeDefault.xctoolchain/usr/lib/swift/iphoneos/prebuilt-modules/26.5/Distributed.swiftmodule/arm64e-apple-ios.swiftmodule /Applications/Xcode.app/Contents/Developer/Toolchains/XcodeDefault.xctoolchain/usr/lib/swift/iphoneos/prebuilt-modules/26.5/ExtensionFoundation.swiftmodule/arm64e-apple-ios.swiftmodule /Applications/Xcode.app/Contents/Developer/Toolchains/XcodeDefault.xctoolchain/usr/lib/swift/iphoneos/prebuilt-modules/26.5/System.swiftmodule/arm64e-apple-ios.swiftmodule /Users/mh/orca/workspaces/sonar-live-audio/build/release/UnsignedDerivedData/Build/Products/Release-iphoneos/OrderedCollections.swiftmodule/arm64-apple-ios.swiftmodule /Applications/Xcode.app/Contents/Developer/Toolchains/XcodeDefault.xctoolchain/usr/lib/swift/iphoneos/prebuilt-modules/26.5/Symbols.swiftmodule/arm64e-apple-ios.swiftmodule /Applications/Xcode.app/Contents/Developer/Toolchains/XcodeDefault.xctoolchain/usr/lib/swift/iphoneos/prebuilt-modules/26.5/ActivityKit.swiftmodule/arm64e-apple-ios.swiftmodule /Applications/Xcode.app/Contents/Developer/Toolchains/XcodeDefault.xctoolchain/usr/lib/swift/iphoneos/prebuilt-modules/26.5/MusicKit.swiftmodule/arm64e-apple-ios.swiftmodule /Applications/Xcode.app/Contents/Developer/Toolchains/XcodeDefault.xctoolchain/usr/lib/swift/iphoneos/prebuilt-modules/26.5/ObjectiveC.swiftmodule/arm64e-apple-ios.swiftmodule /Applications/Xcode.app/Contents/Developer/Toolchains/XcodeDefault.xctoolchain/usr/lib/swift/iphoneos/prebuilt-modules/26.5/NearbyInteraction.swiftmodule/arm64e-apple-ios.swiftmodule /Applications/Xcode.app/Contents/Developer/Toolchains/XcodeDefault.xctoolchain/usr/lib/swift/iphoneos/prebuilt-modules/26.5/os.swiftmodule/arm64e-apple-ios.swiftmodule /Applications/Xcode.app/Contents/Developer/Toolchains/XcodeDefault.xctoolchain/usr/lib/swift/iphoneos/prebuilt-modules/26.5/Dispatch.swiftmodule/arm64e-apple-ios.swiftmodule /Applications/Xcode.app/Contents/Developer/Toolchains/XcodeDefault.xctoolchain/usr/lib/swift/iphoneos/prebuilt-modules/26.5/OSLog.swiftmodule/arm64e-apple-ios.swiftmodule /Applications/Xcode.app/Contents/Developer/Toolchains/XcodeDefault.xctoolchain/usr/lib/swift/iphoneos/prebuilt-modules/26.5/CryptoKit.swiftmodule/arm64e-apple-ios.swiftmodule /Applications/Xcode.app/Contents/Developer/Toolchains/XcodeDefault.xctoolchain/usr/lib/swift/iphoneos/prebuilt-modules/26.5/QuartzCore.swiftmodule/arm64e-apple-ios.swiftmodule /Applications/Xcode.app/Contents/Developer/Toolchains/XcodeDefault.xctoolchain/usr/lib/swift/iphoneos/prebuilt-modules/26.5/Accessibility.swiftmodule/arm64e-apple-ios.swiftmodule /Applications/Xcode.app/Contents/Developer/Toolchains/XcodeDefault.xctoolchain/usr/lib/swift/iphoneos/prebuilt-modules/26.5/DataDetection.swiftmodule/arm64e-apple-ios.swiftmodule /Applications/Xcode.app/Contents/Developer/Toolchains/XcodeDefault.xctoolchain/usr/lib/swift/iphoneos/prebuilt-modules/26.5/Spatial.swiftmodule/arm64e-apple-ios.swiftmodule /Applications/Xcode.app/Contents/Developer/Toolchains/XcodeDefault.xctoolchain/usr/lib/swift/iphoneos/prebuilt-modules/26.5/CoreAudio.swiftmodule/arm64e-apple-ios.swiftmodule /Applications/Xcode.app/Contents/Developer/Toolchains/XcodeDefault.xctoolchain/usr/lib/swift/iphoneos/prebuilt-modules/26.5/CoreFoundation.swiftmodule/arm64e-apple-ios.swiftmodule /Applications/Xcode.app/Contents/Developer/Toolchains/XcodeDefault.xctoolchain/usr/lib/swift/iphoneos/prebuilt-modules/26.5/Synchronization.swiftmodule/arm64e-apple-ios.swiftmodule /Applications/Xcode.app/Contents/Developer/Toolchains/XcodeDefault.xctoolchain/usr/lib/swift/iphoneos/prebuilt-modules/26.5/Observation.swiftmodule/arm64e-apple-ios.swiftmodule /Applications/Xcode.app/Contents/Developer/Toolchains/XcodeDefault.xctoolchain/usr/lib/swift/iphoneos/prebuilt-modules/26.5/NaturalLanguage.swiftmodule/arm64e-apple-ios.swiftmodule /Users/mh/orca/workspaces/sonar-live-audio/build/release/UnsignedDerivedData/Build/Products/Release-iphoneos/Hub.swiftmodule/arm64-apple-ios.swiftmodule /Users/mh/orca/workspaces/sonar-live-audio/build/release/UnsignedDerivedData/Build/Products/Release-iphoneos/LiveKitUniFFI.swiftmodule/arm64-apple-ios.swiftmodule /Applications/Xcode.app/Contents/Developer/Toolchains/XcodeDefault.xctoolchain/usr/lib/swift/iphoneos/prebuilt-modules/26.5/Speech.swiftmodule/arm64e-apple-ios.swiftmodule /Applications/Xcode.app/Contents/Developer/Toolchains/XcodeDefault.xctoolchain/usr/lib/swift/iphoneos/prebuilt-modules/26.5/UIKit.swiftmodule/arm64e-apple-ios.swiftmodule /Applications/Xcode.app/Contents/Developer/Toolchains/XcodeDefault.xctoolchain/usr/lib/swift/iphoneos/prebuilt-modules/26.5/MetalKit.swiftmodule/arm64e-apple-ios.swiftmodule /Applications/Xcode.app/Contents/Developer/Toolchains/XcodeDefault.xctoolchain/usr/lib/swift/iphoneos/prebuilt-modules/26.5/_DarwinFoundation3.swiftmodule/arm64e-apple-ios.swiftmodule /Applications/Xcode.app/Contents/Developer/Toolchains/XcodeDefault.xctoolchain/usr/lib/swift/iphoneos/prebuilt-modules/26.5/_Builtin_float.swiftmodule/arm64e-apple-ios.swiftmodule /Users/mh/orca/workspaces/sonar-live-audio/build/release/UnsignedDerivedData/Build/Products/Release-iphoneos/Crypto.swiftmodule/arm64-apple-ios.swiftmodule /Applications/Xcode.app/Contents/Developer/Toolchains/XcodeDefault.xctoolchain/usr/lib/swift/iphoneos/prebuilt-modules/26.5/CoreData.swiftmodule/arm64e-apple-ios.swiftmodule /Applications/Xcode.app/Contents/Developer/Toolchains/XcodeDefault.xctoolchain/usr/lib/swift/iphoneos/prebuilt-modules/26.5/Network.swiftmodule/arm64e-apple-ios.swiftmodule /Applications/Xcode.app/Contents/Developer/Toolchains/XcodeDefault.xctoolchain/usr/lib/swift/iphoneos/prebuilt-modules/26.5/AppIntents.swiftmodule/arm64e-apple-ios.swiftmodule /Applications/Xcode.app/Contents/Developer/Toolchains/XcodeDefault.xctoolchain/usr/lib/swift/iphoneos/prebuilt-modules/26.5/CoreText.swiftmodule/arm64e-apple-ios.swiftmodule /Applications/Xcode.app/Contents/Developer/Toolchains/XcodeDefault.xctoolchain/usr/lib/swift/iphoneos/prebuilt-modules/26.5/RelevanceKit.swiftmodule/arm64e-apple-ios.swiftmodule /Applications/Xcode.app/Contents/Developer/Toolchains/XcodeDefault.xctoolchain/usr/lib/swift/iphoneos/prebuilt-modules/26.5/_Concurrency.swiftmodule/arm64e-apple-ios.swiftmodule /Applications/Xcode.app/Contents/Developer/Toolchains/XcodeDefault.xctoolchain/usr/lib/swift/iphoneos/prebuilt-modules/26.5/Foundation.swiftmodule/arm64e-apple-ios.swiftmodule /Applications/Xcode.app/Contents/Developer/Toolchains/XcodeDefault.xctoolchain/usr/lib/swift/iphoneos/prebuilt-modules/26.5/CoreMedia.swiftmodule/arm64e-apple-ios.swiftmodule /Applications/Xcode.app/Contents/Developer/Toolchains/XcodeDefault.xctoolchain/usr/lib/swift/iphoneos/prebuilt-modules/26.5/Swift.swiftmodule/arm64e-apple-ios.swiftmodule /Applications/Xcode.app/Contents/Developer/Toolchains/XcodeDefault.xctoolchain/usr/lib/swift/iphoneos/prebuilt-modules/26.5/Darwin.swiftmodule/arm64e-apple-ios.swiftmodule /Applications/Xcode.app/Contents/Developer/Toolchains/XcodeDefault.xctoolchain/usr/lib/swift/iphoneos/prebuilt-modules/26.5/Metal.swiftmodule/arm64e-apple-ios.swiftmodule /Applications/Xcode.app/Contents/Developer/Toolchains/XcodeDefault.xctoolchain/usr/lib/swift/iphoneos/prebuilt-modules/26.5/AVKit.swiftmodule/arm64e-apple-ios.swiftmodule /Applications/Xcode.app/Contents/Developer/Toolchains/XcodeDefault.xctoolchain/usr/lib/swift/iphoneos/prebuilt-modules/26.5/UniformTypeIdentifiers.swiftmodule/arm64e-apple-ios.swiftmodule /Applications/Xcode.app/Contents/Developer/Toolchains/XcodeDefault.xctoolchain/usr/lib/swift/iphoneos/prebuilt-modules/26.5/_StringProcessing.swiftmodule/arm64e-apple-ios.swiftmodule /Applications/Xcode.app/Contents/Developer/Toolchains/XcodeDefault.xctoolchain/usr/lib/swift/iphoneos/prebuilt-modules/26.5/CoreImage.swiftmodule/arm64e-apple-ios.swiftmodule /Applications/Xcode.app/Contents/Developer/Toolchains/XcodeDefault.xctoolchain/usr/lib/swift/iphoneos/prebuilt-modules/26.5/_AVKit_SwiftUI.swiftmodule/arm64e-apple-ios.swiftmodule /Applications/Xcode.app/Contents/Developer/Toolchains/XcodeDefault.xctoolchain/usr/lib/swift/iphoneos/prebuilt-modules/26.5/AudioToolbox.swiftmodule/arm64e-apple-ios.swiftmodule /Applications/Xcode.app/Contents/Developer/Toolchains/XcodeDefault.xctoolchain/usr/lib/swift/iphoneos/prebuilt-modules/26.5/CoreLocation.swiftmodule/arm64e-apple-ios.swiftmodule /Applications/Xcode.app/Contents/Developer/Toolchains/XcodeDefault.xctoolchain/usr/lib/swift/iphoneos/prebuilt-modules/26.5/SwiftUI.swiftmodule/arm64e-apple-ios.swiftmodule /Applications/Xcode.app/Contents/Developer/Toolchains/XcodeDefault.xctoolchain/usr/lib/swift/iphoneos/prebuilt-modules/26.5/MediaPlayer.swiftmodule/arm64e-apple-ios.swiftmodule /Applications/Xcode.app/Contents/Developer/Toolchains/XcodeDefault.xctoolchain/usr/lib/swift/iphoneos/prebuilt-modules/26.5/AVFoundation.swiftmodule/arm64e-apple-ios.swiftmodule /Users/mh/orca/workspaces/sonar-live-audio/build/release/UnsignedDerivedData/ModuleCache.noindex/MachO-4WJI8WVZ642ZJ337RCFQJ7LGI.pcm /Users/mh/orca/workspaces/sonar-live-audio/build/release/UnsignedDerivedData/ModuleCache.noindex/_Builtin_intrinsics-BDOXI5JUR0SU30V7UPXVMACOW.pcm /Users/mh/orca/workspaces/sonar-live-audio/build/release/UnsignedDerivedData/ModuleCache.noindex/Security-F3DAM0Q9UAIRPOKTTELE7TT8L.pcm /Users/mh/orca/workspaces/sonar-live-audio/build/release/UnsignedDerivedData/ModuleCache.noindex/Network-101TF4NN7IRVNMUJT0C26XQ9H.pcm /Users/mh/orca/workspaces/sonar-live-audio/build/release/UnsignedDerivedData/ModuleCache.noindex/MediaPlayer-66YIO2BHZKDVZ17YS1GAPWK3A.pcm /Users/mh/orca/workspaces/sonar-live-audio/build/release/UnsignedDerivedData/ModuleCache.noindex/AudioToolbox-NSS8QXJHOU1VIV11KGXOFBBV.pcm /Users/mh/orca/workspaces/sonar-live-audio/build/release/UnsignedDerivedData/ModuleCache.noindex/CoreHaptics-8ECRM54PDS8V6BQ3V059Y37HL.pcm /Users/mh/orca/workspaces/sonar-live-audio/build/release/UnsignedDerivedData/ModuleCache.noindex/AVKit-CIIKF62AXO7L2MUL3ZIUXICZ4.pcm /Users/mh/orca/workspaces/sonar-live-audio/build/release/UnsignedDerivedData/Build/Intermediates.noindex/SwiftExplicitPrecompiledModules/LKObjCHelpers-256ULOB6TR30IRPKEOYZZOD3A.pcm /Users/mh/orca/workspaces/sonar-live-audio/build/release/UnsignedDerivedData/ModuleCache.noindex/UniformTypeIdentifiers-AWZP9NIMTXFB8IEFOA36FL6SM.pcm /Users/mh/orca/workspaces/sonar-live-audio/build/release/UnsignedDerivedData/ModuleCache.noindex/RelevanceKit-80MMMA2CG3ZNQZBM822V4089B.pcm /Users/mh/orca/workspaces/sonar-live-audio/build/release/UnsignedDerivedData/ModuleCache.noindex/_Builtin_float-1O1PMH3AZUTUW7T9APLRGQ7KZ.pcm /Users/mh/orca/workspaces/sonar-live-audio/build/release/UnsignedDerivedData/ModuleCache.noindex/CoreML-D2PT1LRF3WHJ1UOV7ODBDJ7FB.pcm /Users/mh/orca/workspaces/sonar-live-audio/build/release/UnsignedDerivedData/ModuleCache.noindex/AVFoundation-5BSCP0LR77Z11D69U9WZ9J9DX.pcm /Users/mh/orca/workspaces/sonar-live-audio/build/release/UnsignedDerivedData/ModuleCache.noindex/dnssd-BEQ4332V7OJN30RBMP7JCVWYR.pcm /Users/mh/orca/workspaces/sonar-live-audio/build/release/UnsignedDerivedData/ModuleCache.noindex/Darwin-7043SBT8XEVCD1V8KZOXF8I0Q.pcm /Users/mh/orca/workspaces/sonar-live-audio/build/release/UnsignedDerivedData/ModuleCache.noindex/OSLog-1QXEQZC5VFTMRPYKM3TTL73CF.pcm /Users/mh/orca/workspaces/sonar-live-audio/build/release/UnsignedDerivedData/ModuleCache.noindex/CoreAudioTypes-1ZTVTO37DX6YNMSLMMR8QMRIH.pcm /Users/mh/orca/workspaces/sonar-live-audio/build/release/UnsignedDerivedData/ModuleCache.noindex/SwiftUI-B4HT0UZ7ND0GDYWNAML9XJMDO.pcm /Users/mh/orca/workspaces/sonar-live-audio/build/release/UnsignedDerivedData/ModuleCache.noindex/_LocationEssentials-5NAT9SKZ5T0RJAYL369DNGE3H.pcm /Users/mh/orca/workspaces/sonar-live-audio/build/release/UnsignedDerivedData/ModuleCache.noindex/Accessibility-4QS2K5Z3GN4V1NPBL7DMX8TVI.pcm /Users/mh/orca/workspaces/sonar-live-audio/build/release/UnsignedDerivedData/ModuleCache.noindex/CoreVideo-DQXTSV7KPZ7BESWBVR3GCDX9H.pcm /Users/mh/orca/workspaces/sonar-live-audio/build/release/UnsignedDerivedData/ModuleCache.noindex/XPC-61G4AZTMHJ7KL10NHCA9FJ6YX.pcm /Users/mh/orca/workspaces/sonar-live-audio/build/release/UnsignedDerivedData/ModuleCache.noindex/ModelIO-261Y1NRXRZTRLL3ASDTB6MV13.pcm /Users/mh/orca/workspaces/sonar-live-audio/build/release/UnsignedDerivedData/ModuleCache.noindex/_Builtin_stdatomic-1PVHWLGP42FWJMMKDW6G1ST6J.pcm /Users/mh/orca/workspaces/sonar-live-audio/build/release/UnsignedDerivedData/ModuleCache.noindex/ptrcheck-CIJNQS5O440L34KWJ0KC6G8TN.pcm /Users/mh/orca/workspaces/sonar-live-audio/build/release/UnsignedDerivedData/ModuleCache.noindex/NearbyInteraction-2XTUBX3DX4XGL1RO79H40ZGXL.pcm /Users/mh/orca/workspaces/sonar-live-audio/build/release/UnsignedDerivedData/ModuleCache.noindex/Dispatch-BTPTOSK82CARUD1EXJGIT1PYD.pcm /Users/mh/orca/workspaces/sonar-live-audio/build/release/UnsignedDerivedData/ModuleCache.noindex/Speech-6FG42DME5A9WG83XZT41IV8X7.pcm /Users/mh/orca/workspaces/sonar-live-audio/build/release/UnsignedDerivedData/ModuleCache.noindex/AVFAudio-AL2MYZQYYNKKXJH1IQZBXDJX1.pcm /Users/mh/orca/workspaces/sonar-live-audio/build/release/UnsignedDerivedData/Build/Intermediates.noindex/SwiftExplicitPrecompiledModules/RustLiveKitUniFFI-5UT3WMZ6ZH1CBZ7Z96HFEWO7I.pcm /Users/mh/orca/workspaces/sonar-live-audio/build/release/UnsignedDerivedData/ModuleCache.noindex/os_object-CL0OEBN2C7YFSVTLRGRY1434W.pcm /Users/mh/orca/workspaces/sonar-live-audio/build/release/UnsignedDerivedData/ModuleCache.noindex/_Builtin_inttypes-8EQSS84I5U7WQ264TA6BON8ZP.pcm /Users/mh/orca/workspaces/sonar-live-audio/build/release/UnsignedDerivedData/ModuleCache.noindex/CoreLocation-5F8SN77XLNGFPKO0T23WR5FQP.pcm /Users/mh/orca/workspaces/sonar-live-audio/build/release/UnsignedDerivedData/ModuleCache.noindex/_Builtin_stdarg-5DNFLOCVMLPHA2JFF5GLRIN0Y.pcm /Users/mh/orca/workspaces/sonar-live-audio/build/release/UnsignedDerivedData/ModuleCache.noindex/CoreGraphics-DWH1J875D2SCYXWMAASS0OOS7.pcm /Users/mh/orca/workspaces/sonar-live-audio/build/release/UnsignedDerivedData/ModuleCache.noindex/NaturalLanguage-60WTR8K75D03D4XO5PCZT4V7A.pcm /Users/mh/orca/workspaces/sonar-live-audio/build/release/UnsignedDerivedData/ModuleCache.noindex/_DarwinFoundation2-5XCVHH446U4YZ5VV7RH3SIXP4.pcm /Users/mh/orca/workspaces/sonar-live-audio/build/release/UnsignedDerivedData/ModuleCache.noindex/os_workgroup-ENO9CDPO0LO7OOY1LMR1VBWD2.pcm /Users/mh/orca/workspaces/sonar-live-audio/build/release/UnsignedDerivedData/ModuleCache.noindex/_Builtin_stdbool-BY12QBPC6EFG2DK8MT5S5UMIQ.pcm /Users/mh/orca/workspaces/sonar-live-audio/build/release/UnsignedDerivedData/ModuleCache.noindex/os-CL1N0WGWC03DCXZNYM3KE7SOM.pcm /Users/mh/orca/workspaces/sonar-live-audio/build/release/UnsignedDerivedData/ModuleCache.noindex/UserNotifications-4TW65JI10MBZRM0PPT5OW7D2V.pcm /Users/mh/orca/workspaces/sonar-live-audio/build/release/UnsignedDerivedData/ModuleCache.noindex/OpenGLES-7TZRL7I8MTF60RKVN6147FZIP.pcm /Users/mh/orca/workspaces/sonar-live-audio/build/release/UnsignedDerivedData/ModuleCache.noindex/simd-CWOAC2A3BNZQ3IQOTGKU2PNG1.pcm /Users/mh/orca/workspaces/sonar-live-audio/build/release/UnsignedDerivedData/ModuleCache.noindex/CoreTransferable-4RGZ4MV2HQTBCNW0H9H5IMILA.pcm /Users/mh/orca/workspaces/sonar-live-audio/build/release/UnsignedDerivedData/ModuleCache.noindex/CoreSpotlight-CM0EN9MQ8649SJG6DYS7O8GOR.pcm /Users/mh/orca/workspaces/sonar-live-audio/build/release/UnsignedDerivedData/ModuleCache.noindex/CoreData-CEQ9AZ3PH5MHZHPODQZLUJT02.pcm /Users/mh/orca/workspaces/sonar-live-audio/build/release/UnsignedDerivedData/ModuleCache.noindex/CFNetwork-8AHNZ9I4JY2N7PGL15B25POTI.pcm /Users/mh/orca/workspaces/sonar-live-audio/build/release/UnsignedDerivedData/ModuleCache.noindex/CoreMIDI-7S50QB5CUSX76XE01PVCU5P63.pcm /Users/mh/orca/workspaces/sonar-live-audio/build/release/UnsignedDerivedData/ModuleCache.noindex/SwiftShims-5AZXFPU0HSBLZZO54L6323ENK.pcm /Users/mh/orca/workspaces/sonar-live-audio/build/release/UnsignedDerivedData/ModuleCache.noindex/MediaAccessibility-EQ1W3N7X6U2DYAD7ODJS4QUP7.pcm /Users/mh/orca/workspaces/sonar-live-audio/build/release/UnsignedDerivedData/ModuleCache.noindex/ReplayKit-352LX2HDTE0PWF974RA9JDRCA.pcm /Users/mh/orca/workspaces/sonar-live-audio/build/release/UnsignedDerivedData/ModuleCache.noindex/CoreServices-6TM1K5ZEWNOBWPAXIEV4F2LF7.pcm /Users/mh/orca/workspaces/sonar-live-audio/build/release/UnsignedDerivedData/ModuleCache.noindex/ptrauth-5ZSDHWWQI5A50KOCYG3HLO39U.pcm /Users/mh/orca/workspaces/sonar-live-audio/build/release/UnsignedDerivedData/ModuleCache.noindex/Symbols-3DPC2CZ5A5ZZBYHI5I99YAFW1.pcm /Users/mh/orca/workspaces/sonar-live-audio/build/release/UnsignedDerivedData/ModuleCache.noindex/sys_types-EYTSBDGZWJG8ZW4ELGKCFOEQR.pcm /Users/mh/orca/workspaces/sonar-live-audio/build/release/UnsignedDerivedData/ModuleCache.noindex/CoreImage-1DZMH3W5UUNDGTQ9OBUVB5UON.pcm /Users/mh/orca/workspaces/sonar-live-audio/build/release/UnsignedDerivedData/ModuleCache.noindex/Spatial-1GFF4B0O9BISX73JJAW4P5KC1.pcm /Users/mh/orca/workspaces/sonar-live-audio/build/release/UnsignedDerivedData/ModuleCache.noindex/QuartzCore-5JMI7UWJXRAYXRSW517CTN28Z.pcm /Users/mh/orca/workspaces/sonar-live-audio/build/release/UnsignedDerivedData/ModuleCache.noindex/Foundation-BJI1OI91E5S24708DKX3D5WQZ.pcm /Users/mh/orca/workspaces/sonar-live-audio/build/release/UnsignedDerivedData/ModuleCache.noindex/IOSurface-4L6PB7V60KGKFDC2G5NWVW1WT.pcm /Users/mh/orca/workspaces/sonar-live-audio/build/release/UnsignedDerivedData/ModuleCache.noindex/ObjectiveC-2AQB04Y6JDYLFWM22BVYD7HD2.pcm /Users/mh/orca/workspaces/sonar-live-audio/build/release/UnsignedDerivedData/ModuleCache.noindex/Metal-1KR5C57731CCVN7MR21VBPCFM.pcm /Users/mh/orca/workspaces/sonar-live-audio/build/release/UnsignedDerivedData/ModuleCache.noindex/AudioUnit-38J880MGWWTUG90NLDPO891R8.pcm /Users/mh/orca/workspaces/sonar-live-audio/build/release/UnsignedDerivedData/ModuleCache.noindex/LocalAuthentication-1J4QKF1WFFL0O9EPXZLS6KSFM.pcm /Users/mh/orca/workspaces/sonar-live-audio/build/release/UnsignedDerivedData/ModuleCache.noindex/_Builtin_tgmath-2S25Z7NMMGKPS7EJ96PJ6BIP2.pcm /Users/mh/orca/workspaces/sonar-live-audio/build/release/UnsignedDerivedData/ModuleCache.noindex/ExtensionFoundation-H8I424ECQARUR0Y1AZH29K5Q.pcm /Users/mh/orca/workspaces/sonar-live-audio/build/release/UnsignedDerivedData/ModuleCache.noindex/_AvailabilityInternal-DCLX2W4GG9F03ZQ758KE4LRJJ.pcm /Users/mh/orca/workspaces/sonar-live-audio/build/release/UnsignedDerivedData/ModuleCache.noindex/AVRouting-3CY0OIRNK5MEAZ43IJCH0PZT5.pcm /Users/mh/orca/workspaces/sonar-live-audio/build/release/UnsignedDerivedData/ModuleCache.noindex/CoreAudio-9T5NMZ9X8C8B74RMS5G1U3AVT.pcm /Users/mh/orca/workspaces/sonar-live-audio/build/release/UnsignedDerivedData/ModuleCache.noindex/AppIntents-2DX1QAXO08YCP1DQLCH7E818O.pcm /Users/mh/orca/workspaces/sonar-live-audio/build/release/UnsignedDerivedData/ModuleCache.noindex/FileProvider-6HV0O9MCIHOC2K2FF1F16RHCB.pcm /Users/mh/orca/workspaces/sonar-live-audio/build/release/UnsignedDerivedData/ModuleCache.noindex/_DarwinFoundation1-7AAZHJJP5D6794344COV54H8I.pcm /Users/mh/orca/workspaces/sonar-live-audio/build/release/UnsignedDerivedData/ModuleCache.noindex/ActivityKit-48RXNI49KYZ6H8M68HC2Z89UD.pcm /Users/mh/orca/workspaces/sonar-live-audio/build/release/UnsignedDerivedData/ModuleCache.noindex/UIKit-1EGE0KCBGGMXGT2UDJS4XYCJH.pcm /Users/mh/orca/workspaces/sonar-live-audio/build/release/UnsignedDerivedData/ModuleCache.noindex/CoreFoundation-SAHAVNAC3AN7EREA571KU3MZ.pcm /Users/mh/orca/workspaces/sonar-live-audio/build/release/UnsignedDerivedData/ModuleCache.noindex/CoreMedia-AM05FEI3J584RCDZEDGOI0AMM.pcm /Users/mh/orca/workspaces/sonar-live-audio/build/release/UnsignedDerivedData/ModuleCache.noindex/_SwiftConcurrencyShims-4GMVCMSZURF4CI7XBD0DJ2LMW.pcm /Users/mh/orca/workspaces/sonar-live-audio/build/release/UnsignedDerivedData/ModuleCache.noindex/ImageIO-CT504175MN1BOX18GVZA01A6F.pcm /Users/mh/orca/workspaces/sonar-live-audio/build/release/UnsignedDerivedData/ModuleCache.noindex/_Builtin_limits-71ANT66TUQQ4CXG14A01X554L.pcm /Users/mh/orca/workspaces/sonar-live-audio/build/release/UnsignedDerivedData/ModuleCache.noindex/SwiftUICore-3IBTAI492OAJ7AWISF4SBKAX0.pcm /Users/mh/orca/workspaces/sonar-live-audio/build/release/UnsignedDerivedData/Build/Intermediates.noindex/SwiftExplicitPrecompiledModules/yyjson-8O81EBNO5PR6ARMUL2LFAEQ1W.pcm /Users/mh/orca/workspaces/sonar-live-audio/build/release/UnsignedDerivedData/Build/Intermediates.noindex/SwiftExplicitPrecompiledModules/LiveKitWebRTC-19USDRD4FRV8BS43U70FNM0QG.pcm /Users/mh/orca/workspaces/sonar-live-audio/build/release/UnsignedDerivedData/ModuleCache.noindex/CoreText-5O8QWOHQE9JWFBTZ0OFQD04GZ.pcm /Users/mh/orca/workspaces/sonar-live-audio/build/release/UnsignedDerivedData/ModuleCache.noindex/DeveloperToolsSupport-BOSO6976B89PIYYWGAZM8IT2G.pcm /Users/mh/orca/workspaces/sonar-live-audio/build/release/UnsignedDerivedData/ModuleCache.noindex/_Builtin_stddef-DSQ8IHR64ROOKL9DNQYCSZ69W.pcm /Users/mh/orca/workspaces/sonar-live-audio/build/release/UnsignedDerivedData/ModuleCache.noindex/MetalKit-1COY9Q7H3YLIK08XPZZGRSSJ2.pcm /Users/mh/orca/workspaces/sonar-live-audio/build/release/UnsignedDerivedData/ModuleCache.noindex/MultipeerConnectivity-E52U8DOCQHCHZCZL3ZLQP0J4P.pcm /Users/mh/orca/workspaces/sonar-live-audio/build/release/UnsignedDerivedData/ModuleCache.noindex/DataDetection-5UQO2OZUMD041J32WKH5HASVY.pcm /Users/mh/orca/workspaces/sonar-live-audio/build/release/UnsignedDerivedData/ModuleCache.noindex/Vision-C52UBOFNFRQL15K7POZHD5RI1.pcm /Users/mh/orca/workspaces/sonar-live-audio/build/release/UnsignedDerivedData/ModuleCache.noindex/CoreBluetooth-2R57WJA8ZPOKBVIES5JA6ET1R.pcm /Users/mh/orca/workspaces/sonar-live-audio/build/release/UnsignedDerivedData/ModuleCache.noindex/Accelerate-748HNCNKEDFDMQ5OIMGKPDF0G.pcm /Users/mh/orca/workspaces/sonar-live-audio/build/release/UnsignedDerivedData/ModuleCache.noindex/_DarwinFoundation3-F29RH7H843Q2H86IE4ZDGZ79S.pcm /Users/mh/orca/workspaces/sonar-live-audio/build/release/UnsignedDerivedData/ModuleCache.noindex/UIUtilities-60TBRWLA7E07IV9KJBXAK2HYL.pcm /Users/mh/orca/workspaces/sonar-live-audio/build/release/UnsignedDerivedData/ModuleCache.noindex/MediaToolbox-F51N1NL3CLZZPI3ZWINV6VB6F.pcm /Users/mh/orca/workspaces/sonar-live-audio/build/release/UnsignedDerivedData/ModuleCache.noindex/_Builtin_stdint-BFX5Q2YPSIN1Q71MDIIW74963.pcm /Users/mh/orca/workspaces/sonar-live-audio/build/release/UnsignedDerivedData/Build/Intermediates.noindex/Sonar.build/Release-iphoneos/Sonar.build/Objects-normal/arm64/Sonar-dependencies-1.json (in target 'Sonar' from project 'Sonar')
CompileSwift normal arm64 (in target 'Sonar' from project 'Sonar')
    cd /Users/mh/orca/workspaces/sonar-live-audio
    
/Users/mh/orca/workspaces/sonar-live-audio/sonar/Core/Audio/AmbientSharing.swift:20:19: warning: call to main actor-isolated instance method 'stop()' in a synchronous nonisolated context
            self?.stop()
                  ^
/Users/mh/orca/workspaces/sonar-live-audio/sonar/Core/Audio/AmbientSharing.swift:24:10: note: calls to instance method 'stop()' from outside of its actor context are implicitly asynchronous
    func stop() {
         ^
/Users/mh/orca/workspaces/sonar-live-audio/sonar/Core/Audio/AudioEngine.swift:60:14: warning: 'allowBluetooth' was deprecated in iOS 8.0: renamed to 'AVAudioSession.CategoryOptions.allowBluetoothHFP'
            .allowBluetooth,
             ^
/Users/mh/orca/workspaces/sonar-live-audio/sonar/Core/Audio/AudioEngine.swift:60:14: note: use 'AVAudioSession.CategoryOptions.allowBluetoothHFP' instead
            .allowBluetooth,
             ^~~~~~~~~~~~~~
             AVAudioSession.CategoryOptions.allowBluetoothHFP
/Users/mh/orca/workspaces/sonar-live-audio/sonar/Core/Audio/AudioEngine.swift:219:19: warning: call to main actor-isolated instance method 'handleInterruption' in a synchronous nonisolated context
            self?.handleInterruption(note)
                  ^
/Users/mh/orca/workspaces/sonar-live-audio/sonar/Core/Audio/AudioEngine.swift:238:18: note: calls to instance method 'handleInterruption' from outside of its actor context are implicitly asynchronous
    private func handleInterruption(_ note: Notification) {
                 ^
/Users/mh/orca/workspaces/sonar-live-audio/sonar/Core/Audio/AudioEngine.swift:226:19: warning: call to main actor-isolated instance method 'handleRouteChange' in a synchronous nonisolated context
            self?.handleRouteChange(note)
                  ^
/Users/mh/orca/workspaces/sonar-live-audio/sonar/Core/Audio/AudioEngine.swift:260:18: note: calls to instance method 'handleRouteChange' from outside of its actor context are implicitly asynchronous
    private func handleRouteChange(_ note: Notification) {
                 ^
/Users/mh/orca/workspaces/sonar-live-audio/sonar/Core/Transport/BluetoothMeshTransport.swift:10:17: warning: stored property 'connectedSubject' of 'Sendable'-conforming class 'BluetoothMeshTransport' has non-Sendable type 'CurrentValueSubject<Bool, Never>'; this is an error in the Swift 6 language mode
    private let connectedSubject = CurrentValueSubject<Bool, Never>(false)
                ^
Combine.CurrentValueSubject:2:20: note: generic class 'CurrentValueSubject' does not conform to the 'Sendable' protocol
final public class CurrentValueSubject<Output, Failure> : Subject where Failure : Error {
                   ^
/Users/mh/orca/workspaces/sonar-live-audio/sonar/Core/Transport/BluetoothMeshTransport.swift:1:1: warning: add '@preconcurrency' to suppress 'Sendable'-related warnings from module 'Combine'
import Combine
^
@preconcurrency 
/Users/mh/orca/workspaces/sonar-live-audio/sonar/Core/Transport/BluetoothMeshTransport.swift:11:17: warning: stored property 'inboundSubject' of 'Sendable'-conforming class 'BluetoothMeshTransport' has non-Sendable type 'PassthroughSubject<AudioFrame, Never>'; this is an error in the Swift 6 language mode
    private let inboundSubject = PassthroughSubject<AudioFrame, Never>()
                ^
Combine.PassthroughSubject:2:20: note: generic class 'PassthroughSubject' does not conform to the 'Sendable' protocol
final public class PassthroughSubject<Output, Failure> : Subject where Failure : Error {
                   ^
/Users/mh/orca/workspaces/sonar-live-audio/sonar/Core/Transport/BluetoothMeshTransport.swift:12:17: warning: stored property 'liveSubject' of 'Sendable'-conforming class 'BluetoothMeshTransport' has non-Sendable type 'CurrentValueSubject<Array<BluetoothMeshTransport.LiveBLEPeer>, Never>'; this is an error in the Swift 6 language mode
    private let liveSubject = CurrentValueSubject<[LiveBLEPeer], Never>([])
                ^
Combine.CurrentValueSubject:2:20: note: generic class 'CurrentValueSubject' does not conform to the 'Sendable' protocol
final public class CurrentValueSubject<Output, Failure> : Subject where Failure : Error {
                   ^
/Users/mh/orca/workspaces/sonar-live-audio/sonar/Core/Transport/BluetoothMeshTransport.swift:34:17: warning: stored property 'discoveredPeripheralCache' of 'Sendable'-conforming class 'BluetoothMeshTransport' is mutable; this is an error in the Swift 6 language mode
    private var discoveredPeripheralCache: [String: LiveBLEPeer] = [:]
                ^
/Users/mh/orca/workspaces/sonar-live-audio/sonar/Core/Transport/FarTransport.swift:12:27: warning: conformance of 'FarTransport' to protocol 'Transport' crosses into main actor-isolated code and can cause data races; this is an error in the Swift 6 language mode
final class FarTransport: Transport, BondedPath {
                          ^
/Users/mh/orca/workspaces/sonar-live-audio/sonar/Core/Transport/FarTransport.swift:12:27: note: isolate this conformance to the main actor with '@MainActor'
final class FarTransport: Transport, BondedPath {
                          ^
                          @MainActor 
/Users/mh/orca/workspaces/sonar-live-audio/sonar/Core/Transport/FarTransport.swift:12:27: note: turn data races into runtime errors with '@preconcurrency'
final class FarTransport: Transport, BondedPath {
                          ^
                          @preconcurrency 
/Users/mh/orca/workspaces/sonar-live-audio/sonar/Core/Transport/FarTransport.swift:34:9: note: main actor-isolated property 'isConnected' cannot satisfy nonisolated requirement
    var isConnected: AnyPublisher<Bool, Never> {
        ^
/Users/mh/orca/workspaces/sonar-live-audio/sonar/Core/Transport/FarTransport.swift:38:9: note: main actor-isolated property 'inboundPCMFrames' cannot satisfy nonisolated requirement
    var inboundPCMFrames: AnyPublisher<AVAudioPCMBuffer, Never> {
        ^
/Users/mh/orca/workspaces/sonar-live-audio/sonar/Core/Transport/FarTransport.swift:46:9: note: main actor-isolated property 'qualityScore' cannot satisfy nonisolated requirement
    var qualityScore: AnyPublisher<Double, Never> {
        ^
/Users/mh/orca/workspaces/sonar-live-audio/sonar/Core/Transport/FarTransport.swift:12:38: warning: conformance of 'FarTransport' to protocol 'BondedPath' crosses into main actor-isolated code and can cause data races; this is an error in the Swift 6 language mode
final class FarTransport: Transport, BondedPath {
                                     ^
/Users/mh/orca/workspaces/sonar-live-audio/sonar/Core/Transport/FarTransport.swift:12:38: note: isolate this conformance to the main actor with '@MainActor'
final class FarTransport: Transport, BondedPath {
                                     ^
                                     @MainActor 
/Users/mh/orca/workspaces/sonar-live-audio/sonar/Core/Transport/FarTransport.swift:12:38: note: turn data races into runtime errors with '@preconcurrency'
final class FarTransport: Transport, BondedPath {
                                     ^
                                     @preconcurrency 
/Users/mh/orca/workspaces/sonar-live-audio/sonar/Core/Transport/FarTransport.swift:34:9: note: main actor-isolated property 'isConnected' cannot satisfy nonisolated requirement
    var isConnected: AnyPublisher<Bool, Never> {
        ^
/Users/mh/orca/workspaces/sonar-live-audio/sonar/Core/Transport/FarTransport.swift:42:9: note: main actor-isolated property 'inboundFrames' cannot satisfy nonisolated requirement
    var inboundFrames: AnyPublisher<AudioFrame, Never> {
        ^
/Users/mh/orca/workspaces/sonar-live-audio/sonar/Core/Transport/FarTransport.swift:25:9: note: main actor-isolated property 'estimatedCostPerByte' cannot satisfy nonisolated requirement
    var estimatedCostPerByte: Double {
        ^
/Users/mh/orca/workspaces/sonar-live-audio/sonar/Core/Transcription/LocalWhisperTranscriber.swift:103:48: warning: capture of 'self' with non-Sendable type 'WhisperKitBufferedTranscriber' in a '@Sendable' closure
                    DispatchQueue.main.async { self.onSegment(text) }
                                               ^
/Users/mh/orca/workspaces/sonar-live-audio/sonar/Core/Transcription/LocalWhisperTranscriber.swift:41:25: note: class 'WhisperKitBufferedTranscriber' does not conform to the 'Sendable' protocol
    private final class WhisperKitBufferedTranscriber: LocalTranscribing {
                        ^
/Users/mh/orca/workspaces/sonar-live-audio/sonar/Core/Transport/MPQUICTransport.swift:12:17: warning: stored property 'connectedSubject' of 'Sendable'-conforming class 'MPQUICTransport' has non-Sendable type 'CurrentValueSubject<Bool, Never>'; this is an error in the Swift 6 language mode
    private let connectedSubject = CurrentValueSubject<Bool, Never>(false)
                ^
Combine.CurrentValueSubject:2:20: note: generic class 'CurrentValueSubject' does not conform to the 'Sendable' protocol
final public class CurrentValueSubject<Output, Failure> : Subject where Failure : Error {
                   ^
/Users/mh/orca/workspaces/sonar-live-audio/sonar/Core/Transport/MPQUICTransport.swift:1:1: warning: add '@preconcurrency' to suppress 'Sendable'-related warnings from module 'Combine'
import Combine
^
@preconcurrency 
/Users/mh/orca/workspaces/sonar-live-audio/sonar/Core/Transport/MPQUICTransport.swift:13:17: warning: stored property 'inboundSubject' of 'Sendable'-conforming class 'MPQUICTransport' has non-Sendable type 'PassthroughSubject<AudioFrame, Never>'; this is an error in the Swift 6 language mode
    private let inboundSubject = PassthroughSubject<AudioFrame, Never>()
                ^
Combine.PassthroughSubject:2:20: note: generic class 'PassthroughSubject' does not conform to the 'Sendable' protocol
final public class PassthroughSubject<Output, Failure> : Subject where Failure : Error {
                   ^
/Users/mh/orca/workspaces/sonar-live-audio/sonar/Core/Transport/MPQUICTransport.swift:28:17: warning: stored property 'connection' of 'Sendable'-conforming class 'MPQUICTransport' is mutable; this is an error in the Swift 6 language mode
    private var connection: NWConnection?
                ^
/Users/mh/orca/workspaces/sonar-live-audio/sonar/Core/Transport/NearTransport.swift:23:17: warning: stored property 'connectedSubject' of 'Sendable'-conforming class 'NearTransport' has non-Sendable type 'CurrentValueSubject<Bool, Never>'; this is an error in the Swift 6 language mode
    private let connectedSubject = CurrentValueSubject<Bool, Never>(false)
                ^
Combine.CurrentValueSubject:2:20: note: generic class 'CurrentValueSubject' does not conform to the 'Sendable' protocol
final public class CurrentValueSubject<Output, Failure> : Subject where Failure : Error {
                   ^
/Users/mh/orca/workspaces/sonar-live-audio/sonar/Core/Transport/NearTransport.swift:2:1: warning: add '@preconcurrency' to suppress 'Sendable'-related warnings from module 'Combine'
import Combine
^
@preconcurrency 
/Users/mh/orca/workspaces/sonar-live-audio/sonar/Core/Transport/NearTransport.swift:24:17: warning: stored property 'inboundPCMSubject' of 'Sendable'-conforming class 'NearTransport' has non-Sendable type 'PassthroughSubject<AVAudioPCMBuffer, Never>'; this is an error in the Swift 6 language mode
    private let inboundPCMSubject = PassthroughSubject<AVAudioPCMBuffer, Never>()
                ^
Combine.PassthroughSubject:2:20: note: generic class 'PassthroughSubject' does not conform to the 'Sendable' protocol
final public class PassthroughSubject<Output, Failure> : Subject where Failure : Error {
                   ^
/Users/mh/orca/workspaces/sonar-live-audio/sonar/Core/Transport/NearTransport.swift:25:17: warning: stored property 'inboundFrameSubject' of 'Sendable'-conforming class 'NearTransport' has non-Sendable type 'PassthroughSubject<AudioFrame, Never>'; this is an error in the Swift 6 language mode
    private let inboundFrameSubject = PassthroughSubject<AudioFrame, Never>()
                ^
Combine.PassthroughSubject:2:20: note: generic class 'PassthroughSubject' does not conform to the 'Sendable' protocol
final public class PassthroughSubject<Output, Failure> : Subject where Failure : Error {
                   ^
/Users/mh/orca/workspaces/sonar-live-audio/sonar/Core/Transport/NearTransport.swift:26:17: warning: stored property 'qualitySubject' of 'Sendable'-conforming class 'NearTransport' has non-Sendable type 'CurrentValueSubject<Double, Never>'; this is an error in the Swift 6 language mode
    private let qualitySubject = CurrentValueSubject<Double, Never>(0)
                ^
Combine.CurrentValueSubject:2:20: note: generic class 'CurrentValueSubject' does not conform to the 'Sendable' protocol
final public class CurrentValueSubject<Output, Failure> : Subject where Failure : Error {
                   ^
/Users/mh/orca/workspaces/sonar-live-audio/sonar/Core/Transport/NearTransport.swift:27:17: warning: stored property 'liveSubject' of 'Sendable'-conforming class 'NearTransport' has non-Sendable type 'CurrentValueSubject<Array<NearTransport.LiveMPCPeer>, Never>'; this is an error in the Swift 6 language mode
    private let liveSubject = CurrentValueSubject<[LiveMPCPeer], Never>([])
                ^
Combine.CurrentValueSubject:2:20: note: generic class 'CurrentValueSubject' does not conform to the 'Sendable' protocol
final public class CurrentValueSubject<Output, Failure> : Subject where Failure : Error {
                   ^
/Users/mh/orca/workspaces/sonar-live-audio/sonar/Core/Transport/NearTransport.swift:65:9: warning: stored property 'onReceivedNIToken' of 'Sendable'-conforming class 'NearTransport' is mutable; this is an error in the Swift 6 language mode
    var onReceivedNIToken: ((NIDiscoveryToken) -> Void)?
        ^
/Users/mh/orca/workspaces/sonar-live-audio/sonar/Core/Transport/SimulatorRelayTransport.swift:31:38: warning: conformance of 'SimulatorRelayTransport' to protocol 'Transport' crosses into main actor-isolated code and can cause data races; this is an error in the Swift 6 language mode
final class SimulatorRelayTransport: Transport, BondedPath {
                                     ^
/Users/mh/orca/workspaces/sonar-live-audio/sonar/Core/Transport/SimulatorRelayTransport.swift:31:38: note: isolate this conformance to the main actor with '@MainActor'
final class SimulatorRelayTransport: Transport, BondedPath {
                                     ^
                                     @MainActor 
/Users/mh/orca/workspaces/sonar-live-audio/sonar/Core/Transport/SimulatorRelayTransport.swift:31:38: note: turn data races into runtime errors with '@preconcurrency'
final class SimulatorRelayTransport: Transport, BondedPath {
                                     ^
                                     @preconcurrency 
/Users/mh/orca/workspaces/sonar-live-audio/sonar/Core/Transport/SimulatorRelayTransport.swift:51:9: note: main actor-isolated property 'isConnected' cannot satisfy nonisolated requirement
    var isConnected: AnyPublisher<Bool, Never> {
        ^
/Users/mh/orca/workspaces/sonar-live-audio/sonar/Core/Transport/SimulatorRelayTransport.swift:55:9: note: main actor-isolated property 'inboundPCMFrames' cannot satisfy nonisolated requirement
    var inboundPCMFrames: AnyPublisher<AVAudioPCMBuffer, Never> {
        ^
/Users/mh/orca/workspaces/sonar-live-audio/sonar/Core/Transport/SimulatorRelayTransport.swift:63:9: note: main actor-isolated property 'qualityScore' cannot satisfy nonisolated requirement
    var qualityScore: AnyPublisher<Double, Never> {
        ^
/Users/mh/orca/workspaces/sonar-live-audio/sonar/Core/Transport/SimulatorRelayTransport.swift:31:49: warning: conformance of 'SimulatorRelayTransport' to protocol 'BondedPath' crosses into main actor-isolated code and can cause data races; this is an error in the Swift 6 language mode
final class SimulatorRelayTransport: Transport, BondedPath {
                                                ^
/Users/mh/orca/workspaces/sonar-live-audio/sonar/Core/Transport/SimulatorRelayTransport.swift:31:49: note: isolate this conformance to the main actor with '@MainActor'
final class SimulatorRelayTransport: Transport, BondedPath {
                                                ^
                                                @MainActor 
/Users/mh/orca/workspaces/sonar-live-audio/sonar/Core/Transport/SimulatorRelayTransport.swift:31:49: note: turn data races into runtime errors with '@preconcurrency'
final class SimulatorRelayTransport: Transport, BondedPath {
                                                ^
                                                @preconcurrency 
/Users/mh/orca/workspaces/sonar-live-audio/sonar/Core/Transport/SimulatorRelayTransport.swift:51:9: note: main actor-isolated property 'isConnected' cannot satisfy nonisolated requirement
    var isConnected: AnyPublisher<Bool, Never> {
        ^
/Users/mh/orca/workspaces/sonar-live-audio/sonar/Core/Transport/SimulatorRelayTransport.swift:59:9: note: main actor-isolated property 'inboundFrames' cannot satisfy nonisolated requirement
    var inboundFrames: AnyPublisher<AudioFrame, Never> {
        ^
/Users/mh/orca/workspaces/sonar-live-audio/sonar/Core/Transport/TailscaleTransport.swift:21:17: warning: stored property 'connectedSubject' of 'Sendable'-conforming class 'TailscaleTransport' has non-Sendable type 'CurrentValueSubject<Bool, Never>'; this is an error in the Swift 6 language mode
    private let connectedSubject = CurrentValueSubject<Bool, Never>(false)
                ^
Combine.CurrentValueSubject:2:20: note: generic class 'CurrentValueSubject' does not conform to the 'Sendable' protocol
final public class CurrentValueSubject<Output, Failure> : Subject where Failure : Error {
                   ^
/Users/mh/orca/workspaces/sonar-live-audio/sonar/Core/Transport/TailscaleTransport.swift:1:1: warning: add '@preconcurrency' to suppress 'Sendable'-related warnings from module 'Combine'
import Combine
^
@preconcurrency 
/Users/mh/orca/workspaces/sonar-live-audio/sonar/Core/Transport/TailscaleTransport.swift:22:17: warning: stored property 'inboundSubject' of 'Sendable'-conforming class 'TailscaleTransport' has non-Sendable type 'PassthroughSubject<AudioFrame, Never>'; this is an error in the Swift 6 language mode
    private let inboundSubject = PassthroughSubject<AudioFrame, Never>()
                ^
Combine.PassthroughSubject:2:20: note: generic class 'PassthroughSubject' does not conform to the 'Sendable' protocol
final public class PassthroughSubject<Output, Failure> : Subject where Failure : Error {
                   ^
/Users/mh/orca/workspaces/sonar-live-audio/sonar/Core/Transport/TailscaleTransport.swift:34:17: warning: stored property 'listener' of 'Sendable'-conforming class 'TailscaleTransport' is mutable; this is an error in the Swift 6 language mode
    private var listener: NWListener?
                ^

LinkAssetCatalog /Users/mh/orca/workspaces/sonar-live-audio/sonar/Resources/Assets.xcassets (in target 'Sonar' from project 'Sonar')
    cd /Users/mh/orca/workspaces/sonar-live-audio
    builtin-linkAssetCatalog --thinned /Users/mh/orca/workspaces/sonar-live-audio/build/release/UnsignedDerivedData/Build/Intermediates.noindex/Sonar.build/Release-iphoneos/Sonar.build/assetcatalog_output/thinned --thinned-dependencies /Users/mh/orca/workspaces/sonar-live-audio/build/release/UnsignedDerivedData/Build/Intermediates.noindex/Sonar.build/Release-iphoneos/Sonar.build/assetcatalog_dependencies_thinned --thinned-info-plist-content /Users/mh/orca/workspaces/sonar-live-audio/build/release/UnsignedDerivedData/Build/Intermediates.noindex/Sonar.build/Release-iphoneos/Sonar.build/assetcatalog_generated_info.plist_thinned --unthinned /Users/mh/orca/workspaces/sonar-live-audio/build/release/UnsignedDerivedData/Build/Intermediates.noindex/Sonar.build/Release-iphoneos/Sonar.build/assetcatalog_output/unthinned --unthinned-dependencies /Users/mh/orca/workspaces/sonar-live-audio/build/release/UnsignedDerivedData/Build/Intermediates.noindex/Sonar.build/Release-iphoneos/Sonar.build/assetcatalog_dependencies_unthinned --unthinned-info-plist-content /Users/mh/orca/workspaces/sonar-live-audio/build/release/UnsignedDerivedData/Build/Intermediates.noindex/Sonar.build/Release-iphoneos/Sonar.build/assetcatalog_generated_info.plist_unthinned --output /Users/mh/orca/workspaces/sonar-live-audio/build/release/UnsignedDerivedData/Build/Products/Release-iphoneos/Sonar.app --plist-output /Users/mh/orca/workspaces/sonar-live-audio/build/release/UnsignedDerivedData/Build/Intermediates.noindex/Sonar.build/Release-iphoneos/Sonar.build/assetcatalog_generated_info.plist
note: Emplaced /Users/mh/orca/workspaces/sonar-live-audio/build/release/UnsignedDerivedData/Build/Products/Release-iphoneos/Sonar.app/Assets.car (in target 'Sonar' from project 'Sonar')
note: Emplaced /Users/mh/orca/workspaces/sonar-live-audio/build/release/UnsignedDerivedData/Build/Products/Release-iphoneos/Sonar.app/AppIcon76x76@2x~ipad.png (in target 'Sonar' from project 'Sonar')
note: Emplaced /Users/mh/orca/workspaces/sonar-live-audio/build/release/UnsignedDerivedData/Build/Products/Release-iphoneos/Sonar.app/AppIcon60x60@2x.png (in target 'Sonar' from project 'Sonar')

ProcessInfoPlistFile /Users/mh/orca/workspaces/sonar-live-audio/build/release/UnsignedDerivedData/Build/Products/Release-iphoneos/Sonar.app/Info.plist /Users/mh/orca/workspaces/sonar-live-audio/sonar/Resources/Info.plist (in target 'Sonar' from project 'Sonar')
    cd /Users/mh/orca/workspaces/sonar-live-audio
    builtin-infoPlistUtility /Users/mh/orca/workspaces/sonar-live-audio/sonar/Resources/Info.plist -producttype com.apple.product-type.application -genpkginfo /Users/mh/orca/workspaces/sonar-live-audio/build/release/UnsignedDerivedData/Build/Products/Release-iphoneos/Sonar.app/PkgInfo -expandbuildsettings -format binary -platform iphoneos -additionalcontentfile /Users/mh/orca/workspaces/sonar-live-audio/build/release/UnsignedDerivedData/Build/Intermediates.noindex/Sonar.build/Release-iphoneos/Sonar.build/assetcatalog_generated_info.plist -scanforprivacyfile /Users/mh/orca/workspaces/sonar-live-audio/build/release/UnsignedDerivedData/Build/Products/Release-iphoneos/Sonar.app/Frameworks/LiveKitWebRTC.framework -scanforprivacyfile /Users/mh/orca/workspaces/sonar-live-audio/build/release/UnsignedDerivedData/Build/Products/Release-iphoneos/Sonar.app/LiveKit_LiveKit.bundle -scanforprivacyfile /Users/mh/orca/workspaces/sonar-live-audio/build/release/UnsignedDerivedData/Build/Products/Release-iphoneos/Sonar.app/SwiftProtobuf_SwiftProtobuf.bundle -scanforprivacyfile /Users/mh/orca/workspaces/sonar-live-audio/build/release/UnsignedDerivedData/Build/Products/Release-iphoneos/Sonar.app/swift-crypto_Crypto.bundle -scanforprivacyfile /Users/mh/orca/workspaces/sonar-live-audio/build/release/UnsignedDerivedData/Build/Products/Release-iphoneos/Sonar.app/swift-transformers_Hub.bundle -requiredArchitecture arm64 -o /Users/mh/orca/workspaces/sonar-live-audio/build/release/UnsignedDerivedData/Build/Products/Release-iphoneos/Sonar.app/Info.plist

SwiftDriverJobDiscovery normal arm64 Compiling AIAvatarBadge.swift, AgentConnector.swift, AirPodsController.swift, AmbientSharing.swift, AppState.swift, AudioEngine.swift, AudioFrame.swift, AudioInputControls.swift, AudioRouter.swift, BatteryManager.swift, BluetoothMeshTransport.swift, CaptureFrameConformer.swift, ConnectionGuideView.swift, ConnectionStatusBadge.swift, ContextBuffer.swift, ConversationBoostToggle.swift, DeviceCapabilities.swift, DevicesView.swift, DistancePublisher.swift, DistanceRingView.swift, DuplicateVoiceSuppressor.swift, FarTransport.swift, FrameDeduplicator.swift, HapticEngine.swift, JitterBuffer.swift, KnownPeer.swift, KnownPeerStore.swift, LatencyBudget.swift, ListeningModeDetector.swift, LiveDataSheet.swift, LivePeerDirectory.swift, LiveTranscriptionEngine.swift, LocalModelManager.swift, LocalRecorder.swift, LocalWhisperTranscriber.swift, Logger.swift, MPQUICTransport.swift, MainTabView.swift, Metrics.swift, MicrophoneMonitor.swift, MultipathBonder.swift, MusicDucker.swift, NIRangingEngine.swift, NearTransport.swift, NvidiaRivaASRClient.swift, OnboardingView.swift, OpusCoder.swift, PairingService.swift, PairingToken.swift, PairingTokenGenerator.swift, PairingView.swift, PermissionsManager.swift, PreCaptureBuffer.swift, PrivacyMode.swift, ProfileManager.swift, ProfilePickerView.swift, QuestionClassifier.swift, RSSIFallback.swift, Reachability.swift, RecordingPlayerView.swift, ReverseSideTone.swift, RoomTokenProvider.swift, SessionCoordinator.swift, SessionView.swift, SetListeningModeIntent.swift, SettingsView.swift, SignalScoreCalculator.swift, SimulatorRelayTransport.swift, SmartMuteDetector.swift, SonarApp.swift, SonarDesignSystem.swift, SonarLiveActivity.swift, SonarTestIdentity.swift, SonioxRealtimeTranscriber.swift, SonioxSessionGovernor.swift, SpatialMixer.swift, StartSessionIntent.swift, TailscaleDetector.swift, TailscaleTransport.swift, TransportMultiplexer.swift, TransportProtocol.swift, VAD.swift, WakeWordDetector.swift, WaveformView.swift, WhisperDetector.swift, GeneratedAssetSymbols.swift (in target 'Sonar' from project 'Sonar')

SwiftDriver\ Compilation\ Requirements Sonar normal arm64 com.apple.xcode.tools.swift.compiler (in target 'Sonar' from project 'Sonar')
    cd /Users/mh/orca/workspaces/sonar-live-audio
    builtin-Swift-Compilation-Requirements -- /Applications/Xcode.app/Contents/Developer/Toolchains/XcodeDefault.xctoolchain/usr/bin/swiftc -module-name Sonar -O -whole-module-optimization @/Users/mh/orca/workspaces/sonar-live-audio/build/release/UnsignedDerivedData/Build/Intermediates.noindex/Sonar.build/Release-iphoneos/Sonar.build/Objects-normal/arm64/Sonar.SwiftFileList -Xcc -fmodule-map-file\=/Users/mh/orca/workspaces/sonar-live-audio/build/release/UnsignedDerivedData/Build/Intermediates.noindex/GeneratedModuleMaps-iphoneos/LKObjCHelpers.modulemap -Xcc -fmodule-map-file\=/Users/mh/orca/workspaces/sonar-live-audio/build/release/UnsignedDerivedData/Build/Intermediates.noindex/GeneratedModuleMaps-iphoneos/yyjson.modulemap -enable-bare-slash-regex -enable-experimental-feature DebugDescriptionMacro -sdk /Applications/Xcode.app/Contents/Developer/Platforms/iPhoneOS.platform/Developer/SDKs/iPhoneOS26.5.sdk -target arm64-apple-ios18.0 -g -module-cache-path /Users/mh/orca/workspaces/sonar-live-audio/build/release/UnsignedDerivedData/ModuleCache.noindex -Xfrontend -serialize-debugging-options -swift-version 5 -I /Users/mh/orca/workspaces/sonar-live-audio/build/release/UnsignedDerivedData/Build/Products/Release-iphoneos -F /Users/mh/orca/workspaces/sonar-live-audio/build/release/UnsignedDerivedData/Build/Products/Release-iphoneos/PackageFrameworks -F /Users/mh/orca/workspaces/sonar-live-audio/build/release/UnsignedDerivedData/Build/Products/Release-iphoneos/PackageFrameworks -F /Users/mh/orca/workspaces/sonar-live-audio/build/release/UnsignedDerivedData/Build/Products/Release-iphoneos/PackageFrameworks -F /Users/mh/orca/workspaces/sonar-live-audio/build/release/UnsignedDerivedData/Build/Products/Release-iphoneos/PackageFrameworks -F /Users/mh/orca/workspaces/sonar-live-audio/build/release/UnsignedDerivedData/Build/Products/Release-iphoneos/PackageFrameworks -F /Users/mh/orca/workspaces/sonar-live-audio/build/release/UnsignedDerivedData/Build/Products/Release-iphoneos/PackageFrameworks -F /Users/mh/orca/workspaces/sonar-live-audio/build/release/UnsignedDerivedData/Build/Products/Release-iphoneos/PackageFrameworks -F /Users/mh/orca/workspaces/sonar-live-audio/build/release/UnsignedDerivedData/Build/Products/Release-iphoneos/PackageFrameworks -F /Users/mh/orca/workspaces/sonar-live-audio/build/release/UnsignedDerivedData/Build/Products/Release-iphoneos/PackageFrameworks -F /Users/mh/orca/workspaces/sonar-live-audio/build/release/UnsignedDerivedData/Build/Products/Release-iphoneos/PackageFrameworks -F /Users/mh/orca/workspaces/sonar-live-audio/build/release/UnsignedDerivedData/Build/Products/Release-iphoneos/PackageFrameworks -F /Users/mh/orca/workspaces/sonar-live-audio/build/release/UnsignedDerivedData/Build/Products/Release-iphoneos/PackageFrameworks -F /Users/mh/orca/workspaces/sonar-live-audio/build/release/UnsignedDerivedData/Build/Products/Release-iphoneos/PackageFrameworks -F /Users/mh/orca/workspaces/sonar-live-audio/build/release/UnsignedDerivedData/Build/Products/Release-iphoneos -c -num-threads 14 -Xcc -ivfsstatcache -Xcc /Users/mh/orca/workspaces/sonar-live-audio/build/release/UnsignedDerivedData/SDKStatCaches.noindex/iphoneos26.5-23F81a-32daed1954a7d5dd0789fcaf2a9bb78b.sdkstatcache -output-file-map /Users/mh/orca/workspaces/sonar-live-audio/build/release/UnsignedDerivedData/Build/Intermediates.noindex/Sonar.build/Release-iphoneos/Sonar.build/Objects-normal/arm64/Sonar-OutputFileMap.json -use-frontend-parseable-output -save-temps -no-color-diagnostics -explicit-module-build -module-cache-path /Users/mh/orca/workspaces/sonar-live-audio/build/release/UnsignedDerivedData/Build/Intermediates.noindex/SwiftExplicitPrecompiledModules -clang-scanner-module-cache-path /Users/mh/orca/workspaces/sonar-live-audio/build/release/UnsignedDerivedData/ModuleCache.noindex -sdk-module-cache-path /Users/mh/orca/workspaces/sonar-live-audio/build/release/UnsignedDerivedData/ModuleCache.noindex -serialize-diagnostics -emit-dependencies -emit-module -emit-module-path /Users/mh/orca/workspaces/sonar-live-audio/build/release/UnsignedDerivedData/Build/Intermediates.noindex/Sonar.build/Release-iphoneos/Sonar.build/Objects-normal/arm64/Sonar.swiftmodule -validate-clang-modules-once -clang-build-session-file /Users/mh/orca/workspaces/sonar-live-audio/build/release/UnsignedDerivedData/ModuleCache.noindex/Session.modulevalidation -Xcc -I/Users/mh/orca/workspaces/sonar-live-audio/build/release/UnsignedDerivedData/Build/Intermediates.noindex/Sonar.build/Release-iphoneos/Sonar.build/swift-overrides.hmap -emit-const-values -Xfrontend -const-gather-protocols-file -Xfrontend /Users/mh/orca/workspaces/sonar-live-audio/build/release/UnsignedDerivedData/Build/Intermediates.noindex/Sonar.build/Release-iphoneos/Sonar.build/Objects-normal/arm64/Sonar_const_extract_protocols.json -Xcc -iquote -Xcc /Users/mh/orca/workspaces/sonar-live-audio/build/release/UnsignedDerivedData/Build/Intermediates.noindex/Sonar.build/Release-iphoneos/Sonar.build/Sonar-generated-files.hmap -Xcc -I/Users/mh/orca/workspaces/sonar-live-audio/build/release/UnsignedDerivedData/Build/Intermediates.noindex/Sonar.build/Release-iphoneos/Sonar.build/Sonar-own-target-headers.hmap -Xcc -I/Users/mh/orca/workspaces/sonar-live-audio/build/release/UnsignedDerivedData/Build/Intermediates.noindex/Sonar.build/Release-iphoneos/Sonar.build/Sonar-all-non-framework-target-headers.hmap -Xcc -ivfsoverlay -Xcc /Users/mh/orca/workspaces/sonar-live-audio/build/release/UnsignedDerivedData/Build/Intermediates.noindex/Sonar.build/Release-iphoneos/Sonar-db34dd30bb8c7f546ae4ba4641eb9b62-VFS-iphoneos/all-product-headers.yaml -Xcc -iquote -Xcc /Users/mh/orca/workspaces/sonar-live-audio/build/release/UnsignedDerivedData/Build/Intermediates.noindex/Sonar.build/Release-iphoneos/Sonar.build/Sonar-project-headers.hmap -Xcc -I/Users/mh/orca/workspaces/sonar-live-audio/build/release/UnsignedDerivedData/SourcePackages/checkouts/client-sdk-swift/Sources/LKObjCHelpers/include -Xcc -I/Users/mh/orca/workspaces/sonar-live-audio/build/release/UnsignedDerivedData/SourcePackages/checkouts/yyjson/src -Xcc -I/Users/mh/orca/workspaces/sonar-live-audio/build/release/UnsignedDerivedData/Build/Products/Release-iphoneos/include -Xcc -I/Users/mh/orca/workspaces/sonar-live-audio/build/release/UnsignedDerivedData/Build/Intermediates.noindex/Sonar.build/Release-iphoneos/Sonar.build/DerivedSources-normal/arm64 -Xcc -I/Users/mh/orca/workspaces/sonar-live-audio/build/release/UnsignedDerivedData/Build/Intermediates.noindex/Sonar.build/Release-iphoneos/Sonar.build/DerivedSources/arm64 -Xcc -I/Users/mh/orca/workspaces/sonar-live-audio/build/release/UnsignedDerivedData/Build/Intermediates.noindex/Sonar.build/Release-iphoneos/Sonar.build/DerivedSources -emit-objc-header -emit-objc-header-path /Users/mh/orca/workspaces/sonar-live-audio/build/release/UnsignedDerivedData/Build/Intermediates.noindex/Sonar.build/Release-iphoneos/Sonar.build/Objects-normal/arm64/Sonar-Swift.h -working-directory /Users/mh/orca/workspaces/sonar-live-audio -no-emit-module-separately-wmo

SwiftMergeGeneratedHeaders /Users/mh/orca/workspaces/sonar-live-audio/build/release/UnsignedDerivedData/Build/Intermediates.noindex/Sonar.build/Release-iphoneos/Sonar.build/DerivedSources/Sonar-Swift.h /Users/mh/orca/workspaces/sonar-live-audio/build/release/UnsignedDerivedData/Build/Intermediates.noindex/Sonar.build/Release-iphoneos/Sonar.build/Objects-normal/arm64/Sonar-Swift.h (in target 'Sonar' from project 'Sonar')
    cd /Users/mh/orca/workspaces/sonar-live-audio
    builtin-swiftHeaderTool -arch arm64 /Users/mh/orca/workspaces/sonar-live-audio/build/release/UnsignedDerivedData/Build/Intermediates.noindex/Sonar.build/Release-iphoneos/Sonar.build/Objects-normal/arm64/Sonar-Swift.h -o /Users/mh/orca/workspaces/sonar-live-audio/build/release/UnsignedDerivedData/Build/Intermediates.noindex/Sonar.build/Release-iphoneos/Sonar.build/DerivedSources/Sonar-Swift.h

Copy /Users/mh/orca/workspaces/sonar-live-audio/build/release/UnsignedDerivedData/Build/Products/Release-iphoneos/Sonar.swiftmodule/arm64-apple-ios.swiftdoc /Users/mh/orca/workspaces/sonar-live-audio/build/release/UnsignedDerivedData/Build/Intermediates.noindex/Sonar.build/Release-iphoneos/Sonar.build/Objects-normal/arm64/Sonar.swiftdoc (in target 'Sonar' from project 'Sonar')
    cd /Users/mh/orca/workspaces/sonar-live-audio
    builtin-copy -exclude .DS_Store -exclude CVS -exclude .svn -exclude .git -exclude .hg -resolve-src-symlinks -rename /Users/mh/orca/workspaces/sonar-live-audio/build/release/UnsignedDerivedData/Build/Intermediates.noindex/Sonar.build/Release-iphoneos/Sonar.build/Objects-normal/arm64/Sonar.swiftdoc /Users/mh/orca/workspaces/sonar-live-audio/build/release/UnsignedDerivedData/Build/Products/Release-iphoneos/Sonar.swiftmodule/arm64-apple-ios.swiftdoc

Copy /Users/mh/orca/workspaces/sonar-live-audio/build/release/UnsignedDerivedData/Build/Products/Release-iphoneos/Sonar.swiftmodule/arm64-apple-ios.abi.json /Users/mh/orca/workspaces/sonar-live-audio/build/release/UnsignedDerivedData/Build/Intermediates.noindex/Sonar.build/Release-iphoneos/Sonar.build/Objects-normal/arm64/Sonar.abi.json (in target 'Sonar' from project 'Sonar')
    cd /Users/mh/orca/workspaces/sonar-live-audio
    builtin-copy -exclude .DS_Store -exclude CVS -exclude .svn -exclude .git -exclude .hg -resolve-src-symlinks -rename /Users/mh/orca/workspaces/sonar-live-audio/build/release/UnsignedDerivedData/Build/Intermediates.noindex/Sonar.build/Release-iphoneos/Sonar.build/Objects-normal/arm64/Sonar.abi.json /Users/mh/orca/workspaces/sonar-live-audio/build/release/UnsignedDerivedData/Build/Products/Release-iphoneos/Sonar.swiftmodule/arm64-apple-ios.abi.json

Copy /Users/mh/orca/workspaces/sonar-live-audio/build/release/UnsignedDerivedData/Build/Products/Release-iphoneos/Sonar.swiftmodule/arm64-apple-ios.swiftmodule /Users/mh/orca/workspaces/sonar-live-audio/build/release/UnsignedDerivedData/Build/Intermediates.noindex/Sonar.build/Release-iphoneos/Sonar.build/Objects-normal/arm64/Sonar.swiftmodule (in target 'Sonar' from project 'Sonar')
    cd /Users/mh/orca/workspaces/sonar-live-audio
    builtin-copy -exclude .DS_Store -exclude CVS -exclude .svn -exclude .git -exclude .hg -resolve-src-symlinks -rename /Users/mh/orca/workspaces/sonar-live-audio/build/release/UnsignedDerivedData/Build/Intermediates.noindex/Sonar.build/Release-iphoneos/Sonar.build/Objects-normal/arm64/Sonar.swiftmodule /Users/mh/orca/workspaces/sonar-live-audio/build/release/UnsignedDerivedData/Build/Products/Release-iphoneos/Sonar.swiftmodule/arm64-apple-ios.swiftmodule

Copy /Users/mh/orca/workspaces/sonar-live-audio/build/release/UnsignedDerivedData/Build/Products/Release-iphoneos/Sonar.swiftmodule/Project/arm64-apple-ios.swiftsourceinfo /Users/mh/orca/workspaces/sonar-live-audio/build/release/UnsignedDerivedData/Build/Intermediates.noindex/Sonar.build/Release-iphoneos/Sonar.build/Objects-normal/arm64/Sonar.swiftsourceinfo (in target 'Sonar' from project 'Sonar')
    cd /Users/mh/orca/workspaces/sonar-live-audio
    builtin-copy -exclude .DS_Store -exclude CVS -exclude .svn -exclude .git -exclude .hg -resolve-src-symlinks -rename /Users/mh/orca/workspaces/sonar-live-audio/build/release/UnsignedDerivedData/Build/Intermediates.noindex/Sonar.build/Release-iphoneos/Sonar.build/Objects-normal/arm64/Sonar.swiftsourceinfo /Users/mh/orca/workspaces/sonar-live-audio/build/release/UnsignedDerivedData/Build/Products/Release-iphoneos/Sonar.swiftmodule/Project/arm64-apple-ios.swiftsourceinfo

Ld /Users/mh/orca/workspaces/sonar-live-audio/build/release/UnsignedDerivedData/Build/Products/Release-iphoneos/Sonar.app/Sonar normal (in target 'Sonar' from project 'Sonar')
    cd /Users/mh/orca/workspaces/sonar-live-audio
    /Applications/Xcode.app/Contents/Developer/Toolchains/XcodeDefault.xctoolchain/usr/bin/clang -Xlinker -reproducible -target arm64-apple-ios18.0 -isysroot /Applications/Xcode.app/Contents/Developer/Platforms/iPhoneOS.platform/Developer/SDKs/iPhoneOS26.5.sdk -Os -L/Users/mh/orca/workspaces/sonar-live-audio/build/release/UnsignedDerivedData/Build/Intermediates.noindex/EagerLinkingTBDs/Release-iphoneos -L/Users/mh/orca/workspaces/sonar-live-audio/build/release/UnsignedDerivedData/Build/Products/Release-iphoneos -F/Users/mh/orca/workspaces/sonar-live-audio/build/release/UnsignedDerivedData/Build/Intermediates.noindex/EagerLinkingTBDs/Release-iphoneos -F/Users/mh/orca/workspaces/sonar-live-audio/build/release/UnsignedDerivedData/Build/Products/Release-iphoneos/PackageFrameworks -F/Users/mh/orca/workspaces/sonar-live-audio/build/release/UnsignedDerivedData/Build/Products/Release-iphoneos/PackageFrameworks -F/Users/mh/orca/workspaces/sonar-live-audio/build/release/UnsignedDerivedData/Build/Products/Release-iphoneos/PackageFrameworks -F/Users/mh/orca/workspaces/sonar-live-audio/build/release/UnsignedDerivedData/Build/Products/Release-iphoneos/PackageFrameworks -F/Users/mh/orca/workspaces/sonar-live-audio/build/release/UnsignedDerivedData/Build/Products/Release-iphoneos/PackageFrameworks -F/Users/mh/orca/workspaces/sonar-live-audio/build/release/UnsignedDerivedData/Build/Products/Release-iphoneos/PackageFrameworks -F/Users/mh/orca/workspaces/sonar-live-audio/build/release/UnsignedDerivedData/Build/Products/Release-iphoneos/PackageFrameworks -F/Users/mh/orca/workspaces/sonar-live-audio/build/release/UnsignedDerivedData/Build/Products/Release-iphoneos/PackageFrameworks -F/Users/mh/orca/workspaces/sonar-live-audio/build/release/UnsignedDerivedData/Build/Products/Release-iphoneos/PackageFrameworks -F/Users/mh/orca/workspaces/sonar-live-audio/build/release/UnsignedDerivedData/Build/Products/Release-iphoneos/PackageFrameworks -F/Users/mh/orca/workspaces/sonar-live-audio/build/release/UnsignedDerivedData/Build/Products/Release-iphoneos/PackageFrameworks -F/Users/mh/orca/workspaces/sonar-live-audio/build/release/UnsignedDerivedData/Build/Products/Release-iphoneos/PackageFrameworks -F/Users/mh/orca/workspaces/sonar-live-audio/build/release/UnsignedDerivedData/Build/Products/Release-iphoneos/PackageFrameworks -F/Users/mh/orca/workspaces/sonar-live-audio/build/release/UnsignedDerivedData/Build/Products/Release-iphoneos -filelist /Users/mh/orca/workspaces/sonar-live-audio/build/release/UnsignedDerivedData/Build/Intermediates.noindex/Sonar.build/Release-iphoneos/Sonar.build/Objects-normal/arm64/Sonar.LinkFileList -Xlinker -rpath -Xlinker /usr/lib/swift -Xlinker -rpath -Xlinker @executable_path/Frameworks -Xlinker -dead_strip -Xlinker -object_path_lto -Xlinker /Users/mh/orca/workspaces/sonar-live-audio/build/release/UnsignedDerivedData/Build/Intermediates.noindex/Sonar.build/Release-iphoneos/Sonar.build/Objects-normal/arm64/Sonar_lto.o -Xlinker -dependency_info -Xlinker /Users/mh/orca/workspaces/sonar-live-audio/build/release/UnsignedDerivedData/Build/Intermediates.noindex/Sonar.build/Release-iphoneos/Sonar.build/Objects-normal/arm64/Sonar_dependency_info.dat -fobjc-link-runtime -L/Applications/Xcode.app/Contents/Developer/Toolchains/XcodeDefault.xctoolchain/usr/lib/swift/iphoneos -L/usr/lib/swift -Xlinker -add_ast_path -Xlinker /Users/mh/orca/workspaces/sonar-live-audio/build/release/UnsignedDerivedData/Build/Intermediates.noindex/Sonar.build/Release-iphoneos/Sonar.build/Objects-normal/arm64/Sonar.swiftmodule @/Users/mh/orca/workspaces/sonar-live-audio/build/release/UnsignedDerivedData/Build/Intermediates.noindex/Sonar.build/Release-iphoneos/Sonar.build/Objects-normal/arm64/Sonar-linker-args.resp -Wl,-no_warn_duplicate_libraries -Wl,-no_warn_duplicate_libraries -Wl,-no_warn_duplicate_libraries -Wl,-no_warn_duplicate_libraries -Wl,-no_warn_duplicate_libraries -Wl,-no_warn_duplicate_libraries -Wl,-no_warn_duplicate_libraries -Wl,-no_warn_duplicate_libraries -Wl,-no_warn_duplicate_libraries -Wl,-no_warn_duplicate_libraries -Wl,-no_warn_duplicate_libraries -Wl,-no_warn_duplicate_libraries -Wl,-no_warn_duplicate_libraries -framework LiveKitWebRTC -framework LiveKitWebRTC -llivekit_uniffi -o /Users/mh/orca/workspaces/sonar-live-audio/build/release/UnsignedDerivedData/Build/Products/Release-iphoneos/Sonar.app/Sonar -Xlinker -add_ast_path -Xlinker /Users/mh/orca/workspaces/sonar-live-audio/build/release/UnsignedDerivedData/Build/Intermediates.noindex/LiveKit.build/Release-iphoneos/LiveKit.build/Objects-normal/arm64/LiveKit.swiftmodule @/Users/mh/orca/workspaces/sonar-live-audio/build/release/UnsignedDerivedData/Build/Intermediates.noindex/LiveKit.build/Release-iphoneos/LiveKit.build/Objects-normal/arm64/LiveKit-linker-args.resp -Xlinker -add_ast_path -Xlinker /Users/mh/orca/workspaces/sonar-live-audio/build/release/UnsignedDerivedData/Build/Intermediates.noindex/LiveKitUniFFI.build/Release-iphoneos/LiveKitUniFFI.build/Objects-normal/arm64/LiveKitUniFFI.swiftmodule @/Users/mh/orca/workspaces/sonar-live-audio/build/release/UnsignedDerivedData/Build/Intermediates.noindex/LiveKitUniFFI.build/Release-iphoneos/LiveKitUniFFI.build/Objects-normal/arm64/LiveKitUniFFI-linker-args.resp -Xlinker -add_ast_path -Xlinker /Users/mh/orca/workspaces/sonar-live-audio/build/release/UnsignedDerivedData/Build/Intermediates.noindex/SwiftProtobuf.build/Release-iphoneos/SwiftProtobuf.build/Objects-normal/arm64/SwiftProtobuf.swiftmodule @/Users/mh/orca/workspaces/sonar-live-audio/build/release/UnsignedDerivedData/Build/Intermediates.noindex/SwiftProtobuf.build/Release-iphoneos/SwiftProtobuf.build/Objects-normal/arm64/SwiftProtobuf-linker-args.resp -Xlinker -add_ast_path -Xlinker /Users/mh/orca/workspaces/sonar-live-audio/build/release/UnsignedDerivedData/Build/Intermediates.noindex/whisperkit.build/Release-iphoneos/WhisperKit.build/Objects-normal/arm64/WhisperKit.swiftmodule @/Users/mh/orca/workspaces/sonar-live-audio/build/release/UnsignedDerivedData/Build/Intermediates.noindex/whisperkit.build/Release-iphoneos/WhisperKit.build/Objects-normal/arm64/WhisperKit-linker-args.resp -Xlinker -add_ast_path -Xlinker /Users/mh/orca/workspaces/sonar-live-audio/build/release/UnsignedDerivedData/Build/Intermediates.noindex/swift-transformers.build/Release-iphoneos/Hub.build/Objects-normal/arm64/Hub.swiftmodule @/Users/mh/orca/workspaces/sonar-live-audio/build/release/UnsignedDerivedData/Build/Intermediates.noindex/swift-transformers.build/Release-iphoneos/Hub.build/Objects-normal/arm64/Hub-linker-args.resp -Xlinker -add_ast_path -Xlinker /Users/mh/orca/workspaces/sonar-live-audio/build/release/UnsignedDerivedData/Build/Intermediates.noindex/Jinja.build/Release-iphoneos/Jinja.build/Objects-normal/arm64/Jinja.swiftmodule @/Users/mh/orca/workspaces/sonar-live-audio/build/release/UnsignedDerivedData/Build/Intermediates.noindex/Jinja.build/Release-iphoneos/Jinja.build/Objects-normal/arm64/Jinja-linker-args.resp -Xlinker -add_ast_path -Xlinker /Users/mh/orca/workspaces/sonar-live-audio/build/release/UnsignedDerivedData/Build/Intermediates.noindex/swift-collections.build/Release-iphoneos/OrderedCollections.build/Objects-normal/arm64/OrderedCollections.swiftmodule @/Users/mh/orca/workspaces/sonar-live-audio/build/release/UnsignedDerivedData/Build/Intermediates.noindex/swift-collections.build/Release-iphoneos/OrderedCollections.build/Objects-normal/arm64/OrderedCollections-linker-args.resp -Xlinker -add_ast_path -Xlinker /Users/mh/orca/workspaces/sonar-live-audio/build/release/UnsignedDerivedData/Build/Intermediates.noindex/swift-collections.build/Release-iphoneos/InternalCollectionsUtilities.build/Objects-normal/arm64/InternalCollectionsUtilities.swiftmodule @/Users/mh/orca/workspaces/sonar-live-audio/build/release/UnsignedDerivedData/Build/Intermediates.noindex/swift-collections.build/Release-iphoneos/InternalCollectionsUtilities.build/Objects-normal/arm64/InternalCollectionsUtilities-linker-args.resp -Xlinker -add_ast_path -Xlinker /Users/mh/orca/workspaces/sonar-live-audio/build/release/UnsignedDerivedData/Build/Intermediates.noindex/swift-crypto.build/Release-iphoneos/Crypto.build/Objects-normal/arm64/Crypto.swiftmodule @/Users/mh/orca/workspaces/sonar-live-audio/build/release/UnsignedDerivedData/Build/Intermediates.noindex/swift-crypto.build/Release-iphoneos/Crypto.build/Objects-normal/arm64/Crypto-linker-args.resp -Xlinker -add_ast_path -Xlinker /Users/mh/orca/workspaces/sonar-live-audio/build/release/UnsignedDerivedData/Build/Intermediates.noindex/whisperkit.build/Release-iphoneos/ArgmaxCore.build/Objects-normal/arm64/ArgmaxCore.swiftmodule @/Users/mh/orca/workspaces/sonar-live-audio/build/release/UnsignedDerivedData/Build/Intermediates.noindex/whisperkit.build/Release-iphoneos/ArgmaxCore.build/Objects-normal/arm64/ArgmaxCore-linker-args.resp -Xlinker -add_ast_path -Xlinker /Users/mh/orca/workspaces/sonar-live-audio/build/release/UnsignedDerivedData/Build/Intermediates.noindex/swift-transformers.build/Release-iphoneos/Tokenizers.build/Objects-normal/arm64/Tokenizers.swiftmodule @/Users/mh/orca/workspaces/sonar-live-audio/build/release/UnsignedDerivedData/Build/Intermediates.noindex/swift-transformers.build/Release-iphoneos/Tokenizers.build/Objects-normal/arm64/Tokenizers-linker-args.resp

CopySwiftLibs /Users/mh/orca/workspaces/sonar-live-audio/build/release/UnsignedDerivedData/Build/Products/Release-iphoneos/Sonar.app (in target 'Sonar' from project 'Sonar')
    cd /Users/mh/orca/workspaces/sonar-live-audio
    builtin-swiftStdLibTool --copy --verbose --scan-executable /Users/mh/orca/workspaces/sonar-live-audio/build/release/UnsignedDerivedData/Build/Products/Release-iphoneos/Sonar.app/Sonar --scan-folder /Users/mh/orca/workspaces/sonar-live-audio/build/release/UnsignedDerivedData/Build/Products/Release-iphoneos/Sonar.app/Frameworks --scan-folder /Users/mh/orca/workspaces/sonar-live-audio/build/release/UnsignedDerivedData/Build/Products/Release-iphoneos/Sonar.app/PlugIns --scan-folder /Users/mh/orca/workspaces/sonar-live-audio/build/release/UnsignedDerivedData/Build/Products/Release-iphoneos/Sonar.app/SystemExtensions --scan-folder /Users/mh/orca/workspaces/sonar-live-audio/build/release/UnsignedDerivedData/Build/Products/Release-iphoneos/Sonar.app/Extensions --platform iphoneos --toolchain /Applications/Xcode.app/Contents/Developer/Toolchains/XcodeDefault.xctoolchain --destination /Users/mh/orca/workspaces/sonar-live-audio/build/release/UnsignedDerivedData/Build/Products/Release-iphoneos/Sonar.app/Frameworks --strip-bitcode --strip-bitcode-tool /Applications/Xcode.app/Contents/Developer/Toolchains/XcodeDefault.xctoolchain/usr/bin/bitcode_strip --emit-dependency-info /Users/mh/orca/workspaces/sonar-live-audio/build/release/UnsignedDerivedData/Build/Intermediates.noindex/Sonar.build/Release-iphoneos/Sonar.build/SwiftStdLibToolInputDependencies.dep --filter-for-swift-os --back-deploy-swift-span
Ignoring --strip-bitcode because --sign was not passed

ExtractAppIntentsMetadata (in target 'Sonar' from project 'Sonar')
    cd /Users/mh/orca/workspaces/sonar-live-audio
    /Applications/Xcode.app/Contents/Developer/Toolchains/XcodeDefault.xctoolchain/usr/bin/appintentsmetadataprocessor --toolchain-dir /Applications/Xcode.app/Contents/Developer/Toolchains/XcodeDefault.xctoolchain --module-name Sonar --sdk-root /Applications/Xcode.app/Contents/Developer/Platforms/iPhoneOS.platform/Developer/SDKs/iPhoneOS26.5.sdk --xcode-version 17F113 --platform-family iOS --deployment-target 18.0 --bundle-identifier app.sonar.ios --output /Users/mh/orca/workspaces/sonar-live-audio/build/release/UnsignedDerivedData/Build/Products/Release-iphoneos/Sonar.app --target-triple arm64-apple-ios18.0 --binary-file /Users/mh/orca/workspaces/sonar-live-audio/build/release/UnsignedDerivedData/Build/Products/Release-iphoneos/Sonar.app/Sonar --dependency-file /Users/mh/orca/workspaces/sonar-live-audio/build/release/UnsignedDerivedData/Build/Intermediates.noindex/Sonar.build/Release-iphoneos/Sonar.build/Objects-normal/arm64/Sonar_dependency_info.dat --stringsdata-file /Users/mh/orca/workspaces/sonar-live-audio/build/release/UnsignedDerivedData/Build/Intermediates.noindex/Sonar.build/Release-iphoneos/Sonar.build/Objects-normal/arm64/ExtractedAppShortcutsMetadata.stringsdata --source-file-list /Users/mh/orca/workspaces/sonar-live-audio/build/release/UnsignedDerivedData/Build/Intermediates.noindex/Sonar.build/Release-iphoneos/Sonar.build/Objects-normal/arm64/Sonar.SwiftFileList --metadata-file-list /Users/mh/orca/workspaces/sonar-live-audio/build/release/UnsignedDerivedData/Build/Intermediates.noindex/Sonar.build/Release-iphoneos/Sonar.build/Sonar.DependencyMetadataFileList --static-metadata-file-list /Users/mh/orca/workspaces/sonar-live-audio/build/release/UnsignedDerivedData/Build/Intermediates.noindex/Sonar.build/Release-iphoneos/Sonar.build/Sonar.DependencyStaticMetadataFileList --swift-const-vals-list /Users/mh/orca/workspaces/sonar-live-audio/build/release/UnsignedDerivedData/Build/Intermediates.noindex/Sonar.build/Release-iphoneos/Sonar.build/Objects-normal/arm64/Sonar.SwiftConstValuesFileList --compile-time-extraction --deployment-aware-processing --validate-assistant-intents --no-app-shortcuts-localization
2026-08-10 00:29:23.942 appintentsmetadataprocessor[76571:2295502] Starting appintentsmetadataprocessor export
2026-08-10 00:29:23.969 appintentsmetadataprocessor[76571:2295502] Writing Metadata.appintents
2026-08-10 00:29:23.969 appintentsmetadataprocessor[76571:2295502] Metadata root: /Users/mh/orca/workspaces/sonar-live-audio/build/release/UnsignedDerivedData/Build/Products/Release-iphoneos/Sonar.app/Metadata.appintents

GenerateDSYMFile /Users/mh/orca/workspaces/sonar-live-audio/build/release/UnsignedDerivedData/Build/Products/Release-iphoneos/Sonar.app.dSYM /Users/mh/orca/workspaces/sonar-live-audio/build/release/UnsignedDerivedData/Build/Products/Release-iphoneos/Sonar.app/Sonar (in target 'Sonar' from project 'Sonar')
    cd /Users/mh/orca/workspaces/sonar-live-audio
    /Applications/Xcode.app/Contents/Developer/Toolchains/XcodeDefault.xctoolchain/usr/bin/dsymutil /Users/mh/orca/workspaces/sonar-live-audio/build/release/UnsignedDerivedData/Build/Products/Release-iphoneos/Sonar.app/Sonar -o /Users/mh/orca/workspaces/sonar-live-audio/build/release/UnsignedDerivedData/Build/Products/Release-iphoneos/Sonar.app.dSYM

AppIntentsSSUTraining (in target 'Sonar' from project 'Sonar')
    cd /Users/mh/orca/workspaces/sonar-live-audio
    /Applications/Xcode.app/Contents/Developer/Toolchains/XcodeDefault.xctoolchain/usr/bin/appintentsnltrainingprocessor --infoplist-path /Users/mh/orca/workspaces/sonar-live-audio/build/release/UnsignedDerivedData/Build/Products/Release-iphoneos/Sonar.app/Info.plist --temp-dir-path /Users/mh/orca/workspaces/sonar-live-audio/build/release/UnsignedDerivedData/Build/Intermediates.noindex/Sonar.build/Release-iphoneos/Sonar.build/ssu --bundle-id app.sonar.ios --product-path /Users/mh/orca/workspaces/sonar-live-audio/build/release/UnsignedDerivedData/Build/Products/Release-iphoneos/Sonar.app --extracted-metadata-path /Users/mh/orca/workspaces/sonar-live-audio/build/release/UnsignedDerivedData/Build/Products/Release-iphoneos/Sonar.app/Metadata.appintents --metadata-file-list /Users/mh/orca/workspaces/sonar-live-audio/build/release/UnsignedDerivedData/Build/Intermediates.noindex/Sonar.build/Release-iphoneos/Sonar.build/Sonar.DependencyMetadataFileList --source-file /Users/mh/orca/workspaces/sonar-live-audio/build/release/UnsignedDerivedData/Build/Products/Release-iphoneos/Sonar.app/Info.plist --archive-ssu-assets
2026-08-10 00:29:23.992 appintentsnltrainingprocessor[76574:2295508] Parsing options for appintentsnltrainingprocessor
2026-08-10 00:29:23.992 appintentsnltrainingprocessor[76574:2295508] Starting AppIntents SSU YAML Generation
2026-08-10 00:29:24.003 appintentsnltrainingprocessor[76574:2295508] No AppShortcuts found - Skipping.

RegisterExecutionPolicyException /Users/mh/orca/workspaces/sonar-live-audio/build/release/UnsignedDerivedData/Build/Products/Release-iphoneos/Sonar.app (in target 'Sonar' from project 'Sonar')
    cd /Users/mh/orca/workspaces/sonar-live-audio
    builtin-RegisterExecutionPolicyException /Users/mh/orca/workspaces/sonar-live-audio/build/release/UnsignedDerivedData/Build/Products/Release-iphoneos/Sonar.app

Validate /Users/mh/orca/workspaces/sonar-live-audio/build/release/UnsignedDerivedData/Build/Products/Release-iphoneos/Sonar.app (in target 'Sonar' from project 'Sonar')
    cd /Users/mh/orca/workspaces/sonar-live-audio
    builtin-validationUtility /Users/mh/orca/workspaces/sonar-live-audio/build/release/UnsignedDerivedData/Build/Products/Release-iphoneos/Sonar.app -shallow-bundle -infoplist-subpath Info.plist

Touch /Users/mh/orca/workspaces/sonar-live-audio/build/release/UnsignedDerivedData/Build/Products/Release-iphoneos/Sonar.app (in target 'Sonar' from project 'Sonar')
    cd /Users/mh/orca/workspaces/sonar-live-audio
    /usr/bin/touch -c /Users/mh/orca/workspaces/sonar-live-audio/build/release/UnsignedDerivedData/Build/Products/Release-iphoneos/Sonar.app

** BUILD SUCCEEDED **

build/release/UnsignedIPA/Sonar-unsigned.ipa
